test (18)	Set up job	﻿2026-08-20T02:24:12.5394562Z Current runner version: '2.336.0'
test (18)	Set up job	2026-08-20T02:24:12.5420177Z ##[group]Runner Image Provisioner
test (18)	Set up job	2026-08-20T02:24:12.5421064Z Hosted Compute Agent
test (18)	Set up job	2026-08-20T02:24:12.5421817Z Version: 20260729.566
test (18)	Set up job	2026-08-20T02:24:12.5422458Z Commit: cf7153fe6e25b664e8693c24944bf2b00355d109
test (18)	Set up job	2026-08-20T02:24:12.5423156Z Build Date: 2026-07-29T19:17:02Z
test (18)	Set up job	2026-08-20T02:24:12.5423985Z Worker ID: {9b56c13e-0b14-4a52-ad2a-e698529fa4b2}
test (18)	Set up job	2026-08-20T02:24:12.5425064Z Azure Region: westus
test (18)	Set up job	2026-08-20T02:24:12.5425728Z ##[endgroup]
test (18)	Set up job	2026-08-20T02:24:12.5427627Z ##[group]Operating System
test (18)	Set up job	2026-08-20T02:24:12.5428299Z Ubuntu
test (18)	Set up job	2026-08-20T02:24:12.5428898Z 24.04.4
test (18)	Set up job	2026-08-20T02:24:12.5429413Z LTS
test (18)	Set up job	2026-08-20T02:24:12.5430022Z ##[endgroup]
test (18)	Set up job	2026-08-20T02:24:12.5430584Z ##[group]Runner Image
test (18)	Set up job	2026-08-20T02:24:12.5431178Z Image: ubuntu-24.04
test (18)	Set up job	2026-08-20T02:24:12.5431781Z Version: 20260816.277.1
test (18)	Set up job	2026-08-20T02:24:12.5432839Z Included Software: https://github.com/actions/runner-images/blob/ubuntu24/20260816.277/images/ubuntu/Ubuntu2404-Readme.md
test (18)	Set up job	2026-08-20T02:24:12.5435036Z Image Release: https://github.com/actions/runner-images/releases/tag/ubuntu24%2F20260816.277
test (18)	Set up job	2026-08-20T02:24:12.5436026Z ##[endgroup]
test (18)	Set up job	2026-08-20T02:24:12.5437645Z ##[group]GITHUB_TOKEN Permissions
test (18)	Set up job	2026-08-20T02:24:12.5439792Z Contents: read
test (18)	Set up job	2026-08-20T02:24:12.5440517Z Metadata: read
test (18)	Set up job	2026-08-20T02:24:12.5441079Z Packages: read
test (18)	Set up job	2026-08-20T02:24:12.5441611Z ##[endgroup]
test (18)	Set up job	2026-08-20T02:24:12.5443714Z Secret source: Actions
test (18)	Set up job	2026-08-20T02:24:12.5445265Z Prepare workflow directory
test (18)	Set up job	2026-08-20T02:24:12.5809484Z Prepare all required actions
test (18)	Set up job	2026-08-20T02:24:12.5884615Z Getting action download info
test (18)	Set up job	2026-08-20T02:24:12.9408766Z Download action repository 'actions/checkout@v4' (SHA:11d5960a326750d5838078e36cf38b85af677262)
test (18)	Set up job	2026-08-20T02:24:13.0443428Z Download action repository 'actions/setup-node@v4' (SHA:49933ea5288caeca8642d1e84afbd3f7d6820020)
test (18)	Set up job	2026-08-20T02:24:13.2834611Z Complete job name: test (18)
test (18)	Run actions/checkout@v4	﻿2026-08-20T02:24:13.3593951Z Node 20 is being deprecated. This workflow is running with Node 24 by default. If you need to temporarily use Node 20, you can set the ACTIONS_ALLOW_USE_UNSECURE_NODE_VERSION=true environment variable. For more information see: https://github.blog/changelog/2025-09-19-deprecation-of-node-20-on-github-actions-runners/
test (18)	Run actions/checkout@v4	2026-08-20T02:24:13.3602664Z ##[group]Run actions/checkout@v4
test (18)	Run actions/checkout@v4	2026-08-20T02:24:13.3603414Z with:
test (18)	Run actions/checkout@v4	2026-08-20T02:24:13.3603871Z   repository: trmnmc/aphorism-cli
test (18)	Run actions/checkout@v4	2026-08-20T02:24:13.3608055Z   token: ***
test (18)	Run actions/checkout@v4	2026-08-20T02:24:13.3608494Z   ssh-strict: true
test (18)	Run actions/checkout@v4	2026-08-20T02:24:13.3608927Z   ssh-user: git
test (18)	Run actions/checkout@v4	2026-08-20T02:24:13.3609380Z   persist-credentials: true
test (18)	Run actions/checkout@v4	2026-08-20T02:24:13.3609869Z   clean: true
test (18)	Run actions/checkout@v4	2026-08-20T02:24:13.3610312Z   sparse-checkout-cone-mode: true
test (18)	Run actions/checkout@v4	2026-08-20T02:24:13.3610828Z   fetch-depth: 1
test (18)	Run actions/checkout@v4	2026-08-20T02:24:13.3611248Z   fetch-tags: false
test (18)	Run actions/checkout@v4	2026-08-20T02:24:13.3611683Z   show-progress: true
test (18)	Run actions/checkout@v4	2026-08-20T02:24:13.3612117Z   lfs: false
test (18)	Run actions/checkout@v4	2026-08-20T02:24:13.3612513Z   submodules: false
test (18)	Run actions/checkout@v4	2026-08-20T02:24:13.3612994Z   set-safe-directory: true
test (18)	Run actions/checkout@v4	2026-08-20T02:24:13.3613502Z   allow-unsafe-pr-checkout: false
test (18)	Run actions/checkout@v4	2026-08-20T02:24:13.3614446Z ##[endgroup]
test (18)	Run actions/checkout@v4	2026-08-20T02:24:13.4651539Z Syncing repository: trmnmc/aphorism-cli
test (18)	Run actions/checkout@v4	2026-08-20T02:24:13.4654056Z ##[group]Getting Git version info
test (18)	Run actions/checkout@v4	2026-08-20T02:24:13.4655571Z Working directory is '/home/runner/work/aphorism-cli/aphorism-cli'
test (18)	Run actions/checkout@v4	2026-08-20T02:24:13.4657322Z [command]/usr/bin/git version
test (18)	Run actions/checkout@v4	2026-08-20T02:24:13.4731072Z git version 2.55.0
test (18)	Run actions/checkout@v4	2026-08-20T02:24:13.4788918Z ##[endgroup]
test (18)	Run actions/checkout@v4	2026-08-20T02:24:13.4802237Z Temporarily overriding HOME='/home/runner/work/_temp/c30c9d5f-d319-49b3-b790-02610d96a5e0' before making global git config changes
test (18)	Run actions/checkout@v4	2026-08-20T02:24:13.4804891Z Adding repository directory to the temporary git global config as a safe directory
test (18)	Run actions/checkout@v4	2026-08-20T02:24:13.4808240Z [command]/usr/bin/git config --global --add safe.directory /home/runner/work/aphorism-cli/aphorism-cli
test (18)	Run actions/checkout@v4	2026-08-20T02:24:13.4860194Z Deleting the contents of '/home/runner/work/aphorism-cli/aphorism-cli'
test (18)	Run actions/checkout@v4	2026-08-20T02:24:13.4863937Z ##[group]Initializing the repository
test (18)	Run actions/checkout@v4	2026-08-20T02:24:13.4868661Z [command]/usr/bin/git init /home/runner/work/aphorism-cli/aphorism-cli
test (18)	Run actions/checkout@v4	2026-08-20T02:24:13.4976091Z hint: Using 'master' as the name for the initial branch. This default branch name
test (18)	Run actions/checkout@v4	2026-08-20T02:24:13.4977764Z hint: will change to "main" in Git 3.0. To configure the initial branch name
test (18)	Run actions/checkout@v4	2026-08-20T02:24:13.4979288Z hint: to use in all of your new repositories, which will suppress this warning,
test (18)	Run actions/checkout@v4	2026-08-20T02:24:13.4980793Z hint: call:
test (18)	Run actions/checkout@v4	2026-08-20T02:24:13.4981489Z hint:
test (18)	Run actions/checkout@v4	2026-08-20T02:24:13.4982303Z hint: 	git config --global init.defaultBranch <name>
test (18)	Run actions/checkout@v4	2026-08-20T02:24:13.4983325Z hint:
test (18)	Run actions/checkout@v4	2026-08-20T02:24:13.4984422Z hint: Names commonly chosen instead of 'master' are 'main', 'trunk' and
test (18)	Run actions/checkout@v4	2026-08-20T02:24:13.4985986Z hint: 'development'. The just-created branch can be renamed via this command:
test (18)	Run actions/checkout@v4	2026-08-20T02:24:13.4987260Z hint:
test (18)	Run actions/checkout@v4	2026-08-20T02:24:13.4987913Z hint: 	git branch -m <name>
test (18)	Run actions/checkout@v4	2026-08-20T02:24:13.4988921Z hint:
test (18)	Run actions/checkout@v4	2026-08-20T02:24:13.4990067Z hint: Disable this message with "git config set advice.defaultBranchName false"
test (18)	Run actions/checkout@v4	2026-08-20T02:24:13.4991984Z Initialized empty Git repository in /home/runner/work/aphorism-cli/aphorism-cli/.git/
test (18)	Run actions/checkout@v4	2026-08-20T02:24:13.4995796Z [command]/usr/bin/git remote add origin https://github.com/trmnmc/aphorism-cli
test (18)	Run actions/checkout@v4	2026-08-20T02:24:13.5039071Z ##[endgroup]
test (18)	Run actions/checkout@v4	2026-08-20T02:24:13.5040450Z ##[group]Disabling automatic garbage collection
test (18)	Run actions/checkout@v4	2026-08-20T02:24:13.5044404Z [command]/usr/bin/git config --local gc.auto 0
test (18)	Run actions/checkout@v4	2026-08-20T02:24:13.5096071Z ##[endgroup]
test (18)	Run actions/checkout@v4	2026-08-20T02:24:13.5097821Z ##[group]Setting up auth
test (18)	Run actions/checkout@v4	2026-08-20T02:24:13.5105100Z [command]/usr/bin/git config --local --name-only --get-regexp core\.sshCommand
test (18)	Run actions/checkout@v4	2026-08-20T02:24:13.5148958Z [command]/usr/bin/git submodule foreach --recursive sh -c "git config --local --name-only --get-regexp 'core\.sshCommand' && git config --local --unset-all 'core.sshCommand' || :"
test (18)	Run actions/checkout@v4	2026-08-20T02:24:13.5515316Z [command]/usr/bin/git config --local --name-only --get-regexp http\.https\:\/\/github\.com\/\.extraheader
test (18)	Run actions/checkout@v4	2026-08-20T02:24:13.5556800Z [command]/usr/bin/git submodule foreach --recursive sh -c "git config --local --name-only --get-regexp 'http\.https\:\/\/github\.com\/\.extraheader' && git config --local --unset-all 'http.https://github.com/.extraheader' || :"
test (18)	Run actions/checkout@v4	2026-08-20T02:24:13.5793064Z [command]/usr/bin/git config --local --name-only --get-regexp ^includeIf\.gitdir:
test (18)	Run actions/checkout@v4	2026-08-20T02:24:13.5830055Z [command]/usr/bin/git submodule foreach --recursive git config --local --show-origin --name-only --get-regexp remote.origin.url
test (18)	Run actions/checkout@v4	2026-08-20T02:24:13.6066196Z [command]/usr/bin/git config --local http.https://github.com/.extraheader AUTHORIZATION: basic ***
test (18)	Run actions/checkout@v4	2026-08-20T02:24:13.6112605Z ##[endgroup]
test (18)	Run actions/checkout@v4	2026-08-20T02:24:13.6113797Z ##[group]Fetching the repository
test (18)	Run actions/checkout@v4	2026-08-20T02:24:13.6127391Z [command]/usr/bin/git -c protocol.version=2 fetch --no-tags --prune --no-recurse-submodules --depth=1 origin +0c2ed406944495f5539975d13c63e42744012540:refs/remotes/origin/master
test (18)	Run actions/checkout@v4	2026-08-20T02:24:14.4274600Z From https://github.com/trmnmc/aphorism-cli
test (18)	Run actions/checkout@v4	2026-08-20T02:24:14.4277043Z  * [new ref]         0c2ed406944495f5539975d13c63e42744012540 -> origin/master
test (18)	Run actions/checkout@v4	2026-08-20T02:24:14.4300270Z ##[endgroup]
test (18)	Run actions/checkout@v4	2026-08-20T02:24:14.4302116Z ##[group]Determining the checkout info
test (18)	Run actions/checkout@v4	2026-08-20T02:24:14.4304342Z ##[endgroup]
test (18)	Run actions/checkout@v4	2026-08-20T02:24:14.4305389Z [command]/usr/bin/git sparse-checkout disable
test (18)	Run actions/checkout@v4	2026-08-20T02:24:14.4346932Z [command]/usr/bin/git config --local --unset-all extensions.worktreeConfig
test (18)	Run actions/checkout@v4	2026-08-20T02:24:14.4387077Z ##[group]Checking out the ref
test (18)	Run actions/checkout@v4	2026-08-20T02:24:14.4394697Z [command]/usr/bin/git checkout --progress --force -B master refs/remotes/origin/master
test (18)	Run actions/checkout@v4	2026-08-20T02:24:14.5242348Z Reset branch 'master'
test (18)	Run actions/checkout@v4	2026-08-20T02:24:14.5249533Z branch 'master' set up to track 'origin/master'.
test (18)	Run actions/checkout@v4	2026-08-20T02:24:14.5257723Z ##[endgroup]
test (18)	Run actions/checkout@v4	2026-08-20T02:24:14.5304600Z [command]/usr/bin/git log -1 --format=%H
test (18)	Run actions/checkout@v4	2026-08-20T02:24:14.5331193Z 0c2ed406944495f5539975d13c63e42744012540
test (18)	Run actions/setup-node@v4	﻿2026-08-20T02:24:14.5719123Z Node 20 is being deprecated. This workflow is running with Node 24 by default. If you need to temporarily use Node 20, you can set the ACTIONS_ALLOW_USE_UNSECURE_NODE_VERSION=true environment variable. For more information see: https://github.blog/changelog/2025-09-19-deprecation-of-node-20-on-github-actions-runners/
test (18)	Run actions/setup-node@v4	2026-08-20T02:24:14.5725441Z ##[group]Run actions/setup-node@v4
test (18)	Run actions/setup-node@v4	2026-08-20T02:24:14.5726656Z with:
test (18)	Run actions/setup-node@v4	2026-08-20T02:24:14.5727584Z   node-version: 18
test (18)	Run actions/setup-node@v4	2026-08-20T02:24:14.5728592Z   always-auth: false
test (18)	Run actions/setup-node@v4	2026-08-20T02:24:14.5729625Z   check-latest: false
test (18)	Run actions/setup-node@v4	2026-08-20T02:24:14.5739634Z   token: ***
test (18)	Run actions/setup-node@v4	2026-08-20T02:24:14.5740637Z ##[endgroup]
test (18)	Run actions/setup-node@v4	2026-08-20T02:24:14.7157503Z Attempting to download 18...
test (18)	Run actions/setup-node@v4	2026-08-20T02:24:14.7263615Z (node:2193) [DEP0040] DeprecationWarning: The `punycode` module is deprecated. Please use a userland alternative instead.
test (18)	Run actions/setup-node@v4	2026-08-20T02:24:14.7268437Z (Use `node --trace-deprecation ...` to show where the warning was created)
test (18)	Run actions/setup-node@v4	2026-08-20T02:24:15.5005686Z Acquiring 18.20.8 - x64 from https://github.com/actions/node-versions/releases/download/18.20.8-14110393767/node-18.20.8-linux-x64.tar.gz
test (18)	Run actions/setup-node@v4	2026-08-20T02:24:15.9229941Z Extracting ...
test (18)	Run actions/setup-node@v4	2026-08-20T02:24:15.9349100Z [command]/usr/bin/tar xz --strip 1 --warning=no-unknown-keyword --overwrite -C /home/runner/work/_temp/d09048a8-7b66-481e-9809-3d27003843d5 -f /home/runner/work/_temp/532e14b7-f611-48e3-adb6-b07744a2af77
test (18)	Run actions/setup-node@v4	2026-08-20T02:24:16.9007943Z Adding to the cache ...
test (18)	Run actions/setup-node@v4	2026-08-20T02:24:18.6851195Z ##[group]Environment details
test (18)	Run actions/setup-node@v4	2026-08-20T02:24:18.9161488Z node: v18.20.8
test (18)	Run actions/setup-node@v4	2026-08-20T02:24:18.9162029Z npm: 10.8.2
test (18)	Run actions/setup-node@v4	2026-08-20T02:24:18.9162265Z yarn: 1.22.22
test (18)	Run actions/setup-node@v4	2026-08-20T02:24:18.9163160Z ##[endgroup]
test (18)	Run node --test test/*.test.js	﻿2026-08-20T02:24:18.9344556Z ##[group]Run node --test test/*.test.js
test (18)	Run node --test test/*.test.js	2026-08-20T02:24:18.9345013Z [36;1mnode --test test/*.test.js[0m
test (18)	Run node --test test/*.test.js	2026-08-20T02:24:18.9388431Z shell: /usr/bin/bash -e {0}
test (18)	Run node --test test/*.test.js	2026-08-20T02:24:18.9388743Z ##[endgroup]
test (18)	Run node --test test/*.test.js	2026-08-20T02:24:18.9941899Z TAP version 13
test (18)	Run node --test test/*.test.js	2026-08-20T02:24:19.0605410Z # Subtest: zero args: no error, no filters set
test (18)	Run node --test test/*.test.js	2026-08-20T02:24:19.0629518Z ok 1 - zero args: no error, no filters set
test (18)	Run node --test test/*.test.js	2026-08-20T02:24:19.0655081Z   ---
test (18)	Run node --test test/*.test.js	2026-08-20T02:24:19.0655742Z   duration_ms: 2.227311
test (18)	Run node --test test/*.test.js	2026-08-20T02:24:19.0656270Z   ...
test (18)	Run node --test test/*.test.js	2026-08-20T02:24:19.0656839Z # Subtest: --author <name> sets author string
test (18)	Run node --test test/*.test.js	2026-08-20T02:24:19.0657501Z ok 2 - --author <name> sets author string
test (18)	Run node --test test/*.test.js	2026-08-20T02:24:19.0657976Z   ---
test (18)	Run node --test test/*.test.js	2026-08-20T02:24:19.0658334Z   duration_ms: 0.342652
test (18)	Run node --test test/*.test.js	2026-08-20T02:24:19.0658733Z   ...
test (18)	Run node --test test/*.test.js	2026-08-20T02:24:19.0659361Z # Subtest: --author=<name> equals form sets author string
test (18)	Run node --test test/*.test.js	2026-08-20T02:24:19.0660218Z ok 3 - --author=<name> equals form sets author string
test (18)	Run node --test test/*.test.js	2026-08-20T02:24:19.0660776Z   ---
test (18)	Run node --test test/*.test.js	2026-08-20T02:24:19.0661152Z   duration_ms: 0.168656
test (18)	Run node --test test/*.test.js	2026-08-20T02:24:19.0661658Z   ...
test (18)	Run node --test test/*.test.js	2026-08-20T02:24:19.0662136Z # Subtest: --tag <tag> sets tag string
test (18)	Run node --test test/*.test.js	2026-08-20T02:24:19.0662726Z ok 4 - --tag <tag> sets tag string
test (18)	Run node --test test/*.test.js	2026-08-20T02:24:19.0663174Z   ---
test (18)	Run node --test test/*.test.js	2026-08-20T02:24:19.0663537Z   duration_ms: 1.693541
test (18)	Run node --test test/*.test.js	2026-08-20T02:24:19.0663924Z   ...
test (18)	Run node --test test/*.test.js	2026-08-20T02:24:19.0664764Z # Subtest: --tag=<tag> equals form sets tag string
test (18)	Run node --test test/*.test.js	2026-08-20T02:24:19.0665587Z ok 5 - --tag=<tag> equals form sets tag string
test (18)	Run node --test test/*.test.js	2026-08-20T02:24:19.0666113Z   ---
test (18)	Run node --test test/*.test.js	2026-08-20T02:24:19.0666480Z   duration_ms: 0.19719
test (18)	Run node --test test/*.test.js	2026-08-20T02:24:19.0666871Z   ...
test (18)	Run node --test test/*.test.js	2026-08-20T02:24:19.0667490Z # Subtest: combined --author X --tag Y sets both
test (18)	Run node --test test/*.test.js	2026-08-20T02:24:19.0668201Z ok 6 - combined --author X --tag Y sets both
test (18)	Run node --test test/*.test.js	2026-08-20T02:24:19.0668699Z   ---
test (18)	Run node --test test/*.test.js	2026-08-20T02:24:19.0669058Z   duration_ms: 0.182812
test (18)	Run node --test test/*.test.js	2026-08-20T02:24:19.0669477Z   ...
test (18)	Run node --test test/*.test.js	2026-08-20T02:24:19.0669981Z # Subtest: --seed <n> parses as a number
test (18)	Run node --test test/*.test.js	2026-08-20T02:24:19.0670612Z ok 7 - --seed <n> parses as a number
test (18)	Run node --test test/*.test.js	2026-08-20T02:24:19.0671115Z   ---
test (18)	Run node --test test/*.test.js	2026-08-20T02:24:19.0671478Z   duration_ms: 0.260819
test (18)	Run node --test test/*.test.js	2026-08-20T02:24:19.0671861Z   ...
test (18)	Run node --test test/*.test.js	2026-08-20T02:24:19.0672427Z # Subtest: --seed=<n> equals form parses as a number
test (18)	Run node --test test/*.test.js	2026-08-20T02:24:19.0673288Z ok 8 - --seed=<n> equals form parses as a number
test (18)	Run node --test test/*.test.js	2026-08-20T02:24:19.0711121Z   ---
test (18)	Run node --test test/*.test.js	2026-08-20T02:24:19.0716052Z   duration_ms: 0.201487
test (18)	Run node --test test/*.test.js	2026-08-20T02:24:19.0716761Z   ...
test (18)	Run node --test test/*.test.js	2026-08-20T02:24:19.0718248Z # Subtest: --seed <n> accepts a negative number
test (18)	Run node --test test/*.test.js	2026-08-20T02:24:19.0719253Z ok 9 - --seed <n> accepts a negative number
test (18)	Run node --test test/*.test.js	2026-08-20T02:24:19.0720044Z   ---
test (18)	Run node --test test/*.test.js	2026-08-20T02:24:19.0720636Z   duration_ms: 0.406301
test (18)	Run node --test test/*.test.js	2026-08-20T02:24:19.0721230Z   ...
test (18)	Run node --test test/*.test.js	2026-08-20T02:24:19.0722070Z # Subtest: --seed=<n> equals form accepts a negative number
test (18)	Run node --test test/*.test.js	2026-08-20T02:24:19.0723169Z ok 10 - --seed=<n> equals form accepts a negative number
test (18)	Run node --test test/*.test.js	2026-08-20T02:24:19.0724320Z   ---
test (18)	Run node --test test/*.test.js	2026-08-20T02:24:19.0725029Z   duration_ms: 0.3526
test (18)	Run node --test test/*.test.js	2026-08-20T02:24:19.0725703Z   ...
test (18)	Run node --test test/*.test.js	2026-08-20T02:24:19.0726480Z # Subtest: non-numeric --seed is a usage error
test (18)	Run node --test test/*.test.js	2026-08-20T02:24:19.0727487Z ok 11 - non-numeric --seed is a usage error
test (18)	Run node --test test/*.test.js	2026-08-20T02:24:19.0728232Z   ---
test (18)	Run node --test test/*.test.js	2026-08-20T02:24:19.0728840Z   duration_ms: 0.375734
test (18)	Run node --test test/*.test.js	2026-08-20T02:24:19.0729474Z   ...
test (18)	Run node --test test/*.test.js	2026-08-20T02:24:19.0730311Z # Subtest: non-numeric --seed= equals form is a usage error
test (18)	Run node --test test/*.test.js	2026-08-20T02:24:19.0731452Z ok 12 - non-numeric --seed= equals form is a usage error
test (18)	Run node --test test/*.test.js	2026-08-20T02:24:19.0732379Z   ---
test (18)	Run node --test test/*.test.js	2026-08-20T02:24:19.0732969Z   duration_ms: 0.246802
test (18)	Run node --test test/*.test.js	2026-08-20T02:24:19.0733588Z   ...
test (18)	Run node --test test/*.test.js	2026-08-20T02:24:19.0734506Z # Subtest: --list sets list: true
test (18)	Run node --test test/*.test.js	2026-08-20T02:24:19.0735363Z ok 13 - --list sets list: true
test (18)	Run node --test test/*.test.js	2026-08-20T02:24:19.0736040Z   ---
test (18)	Run node --test test/*.test.js	2026-08-20T02:24:19.0736643Z   duration_ms: 0.160731
test (18)	Run node --test test/*.test.js	2026-08-20T02:24:19.0737260Z   ...
test (18)	Run node --test test/*.test.js	2026-08-20T02:24:19.0737959Z # Subtest: --json sets json: true
test (18)	Run node --test test/*.test.js	2026-08-20T02:24:19.0738778Z ok 14 - --json sets json: true
test (18)	Run node --test test/*.test.js	2026-08-20T02:24:19.0739454Z   ---
test (18)	Run node --test test/*.test.js	2026-08-20T02:24:19.0740047Z   duration_ms: 0.294362
test (18)	Run node --test test/*.test.js	2026-08-20T02:24:19.0740665Z   ...
test (18)	Run node --test test/*.test.js	2026-08-20T02:24:19.0741350Z # Subtest: --help sets help: true
test (18)	Run node --test test/*.test.js	2026-08-20T02:24:19.0742615Z ok 15 - --help sets help: true
test (18)	Run node --test test/*.test.js	2026-08-20T02:24:19.0743288Z   ---
test (18)	Run node --test test/*.test.js	2026-08-20T02:24:19.0743901Z   duration_ms: 0.167905
test (18)	Run node --test test/*.test.js	2026-08-20T02:24:19.0774856Z   ...
test (18)	Run node --test test/*.test.js	2026-08-20T02:24:19.0775354Z # Subtest: -h sets help: true
test (18)	Run node --test test/*.test.js	2026-08-20T02:24:19.0775868Z ok 16 - -h sets help: true
test (18)	Run node --test test/*.test.js	2026-08-20T02:24:19.0776279Z   ---
test (18)	Run node --test test/*.test.js	2026-08-20T02:24:19.0776615Z   duration_ms: 0.206216
test (18)	Run node --test test/*.test.js	2026-08-20T02:24:19.0777006Z   ...
test (18)	Run node --test test/*.test.js	2026-08-20T02:24:19.0777480Z # Subtest: unknown flag is a usage error
test (18)	Run node --test test/*.test.js	2026-08-20T02:24:19.0778088Z ok 17 - unknown flag is a usage error
test (18)	Run node --test test/*.test.js	2026-08-20T02:24:19.0778546Z   ---
test (18)	Run node --test test/*.test.js	2026-08-20T02:24:19.0778886Z   duration_ms: 0.30957
test (18)	Run node --test test/*.test.js	2026-08-20T02:24:19.0824651Z   ...
test (18)	Run node --test test/*.test.js	2026-08-20T02:24:19.0825322Z # Subtest: unknown short flag is a usage error
test (18)	Run node --test test/*.test.js	2026-08-20T02:24:19.0826088Z ok 18 - unknown short flag is a usage error
test (18)	Run node --test test/*.test.js	2026-08-20T02:24:19.0826629Z   ---
test (18)	Run node --test test/*.test.js	2026-08-20T02:24:19.0827059Z   duration_ms: 0.319959
test (18)	Run node --test test/*.test.js	2026-08-20T02:24:19.0827493Z   ...
test (18)	Run node --test test/*.test.js	2026-08-20T02:24:19.0828195Z # Subtest: --author missing value at end of argv is a usage error
test (18)	Run node --test test/*.test.js	2026-08-20T02:24:19.0829234Z ok 19 - --author missing value at end of argv is a usage error
test (18)	Run node --test test/*.test.js	2026-08-20T02:24:19.0829942Z   ---
test (18)	Run node --test test/*.test.js	2026-08-20T02:24:19.0830341Z   duration_ms: 0.213991
test (18)	Run node --test test/*.test.js	2026-08-20T02:24:19.0830795Z   ...
test (18)	Run node --test test/*.test.js	2026-08-20T02:24:19.0831849Z # Subtest: --tag missing value because next token is another flag is a usage error
test (18)	Run node --test test/*.test.js	2026-08-20T02:24:19.0833307Z ok 20 - --tag missing value because next token is another flag is a usage error
test (18)	Run node --test test/*.test.js	2026-08-20T02:24:19.0834316Z   ---
test (18)	Run node --test test/*.test.js	2026-08-20T02:24:19.0834755Z   duration_ms: 0.278792
test (18)	Run node --test test/*.test.js	2026-08-20T02:24:19.0835259Z   ...
test (18)	Run node --test test/*.test.js	2026-08-20T02:24:19.0836107Z # Subtest: --seed missing value at end of argv is a usage error
test (18)	Run node --test test/*.test.js	2026-08-20T02:24:19.0837235Z ok 21 - --seed missing value at end of argv is a usage error
test (18)	Run node --test test/*.test.js	2026-08-20T02:24:19.0837848Z   ---
test (18)	Run node --test test/*.test.js	2026-08-20T02:24:19.0838197Z   duration_ms: 0.152876
test (18)	Run node --test test/*.test.js	2026-08-20T02:24:19.0838742Z   ...
test (18)	Run node --test test/*.test.js	2026-08-20T02:24:19.0839394Z # Subtest: --author= with empty value is a usage error
test (18)	Run node --test test/*.test.js	2026-08-20T02:24:19.0840199Z ok 22 - --author= with empty value is a usage error
test (18)	Run node --test test/*.test.js	2026-08-20T02:24:19.0840724Z   ---
test (18)	Run node --test test/*.test.js	2026-08-20T02:24:19.0840950Z   duration_ms: 0.134502
test (18)	Run node --test test/*.test.js	2026-08-20T02:24:19.0841186Z   ...
test (18)	Run node --test test/*.test.js	2026-08-20T02:24:19.0841584Z # Subtest: a bare positional argument (not a flag) is a usage error
test (18)	Run node --test test/*.test.js	2026-08-20T02:24:19.0842145Z ok 23 - a bare positional argument (not a flag) is a usage error
test (18)	Run node --test test/*.test.js	2026-08-20T02:24:19.0842720Z   ---
test (18)	Run node --test test/*.test.js	2026-08-20T02:24:19.0842937Z   duration_ms: 0.094326
test (18)	Run node --test test/*.test.js	2026-08-20T02:24:19.0843166Z   ...
test (18)	Run node --test test/*.test.js	2026-08-20T02:24:19.0843496Z # Subtest: parseArgs never throws on malformed input
test (18)	Run node --test test/*.test.js	2026-08-20T02:24:19.0843924Z ok 24 - parseArgs never throws on malformed input
test (18)	Run node --test test/*.test.js	2026-08-20T02:24:19.0845014Z   ---
test (18)	Run node --test test/*.test.js	2026-08-20T02:24:19.0845533Z   duration_ms: 0.337853
test (18)	Run node --test test/*.test.js	2026-08-20T02:24:19.0845927Z   ...
test (18)	Run node --test test/*.test.js	2026-08-20T02:24:19.0846562Z # Subtest: absent options are undefined/false, never null
test (18)	Run node --test test/*.test.js	2026-08-20T02:24:19.0847297Z ok 25 - absent options are undefined/false, never null
test (18)	Run node --test test/*.test.js	2026-08-20T02:24:19.0847804Z   ---
test (18)	Run node --test test/*.test.js	2026-08-20T02:24:19.0848136Z   duration_ms: 0.12813
test (18)	Run node --test test/*.test.js	2026-08-20T02:24:19.0848482Z   ...
test (18)	Run node --test test/*.test.js	2026-08-20T02:24:19.0849056Z # Subtest: HELP is a non-empty string mentioning every flag name
test (18)	Run node --test test/*.test.js	2026-08-20T02:24:19.0849859Z ok 26 - HELP is a non-empty string mentioning every flag name
test (18)	Run node --test test/*.test.js	2026-08-20T02:24:19.0850491Z   ---
test (18)	Run node --test test/*.test.js	2026-08-20T02:24:19.0885062Z   duration_ms: 1.153419
test (18)	Run node --test test/*.test.js	2026-08-20T02:24:19.0885765Z   ...
test (18)	Run node --test test/*.test.js	2026-08-20T02:24:19.0886855Z # Subtest: HELP fits comfortably on one 24-line terminal screen
test (18)	Run node --test test/*.test.js	2026-08-20T02:24:19.0888130Z ok 27 - HELP fits comfortably on one 24-line terminal screen
test (18)	Run node --test test/*.test.js	2026-08-20T02:24:19.0888941Z   ---
test (18)	Run node --test test/*.test.js	2026-08-20T02:24:19.0889560Z   duration_ms: 0.138429
test (18)	Run node --test test/*.test.js	2026-08-20T02:24:19.0890199Z   ...
test (18)	Run node --test test/*.test.js	2026-08-20T02:24:19.0891243Z # Subtest: --seed Infinity / --seed -Infinity parse to numbers, not a usage error
test (18)	Run node --test test/*.test.js	2026-08-20T02:24:19.0892602Z ok 28 - --seed Infinity / --seed -Infinity parse to numbers, not a usage error
test (18)	Run node --test test/*.test.js	2026-08-20T02:24:19.0893559Z   ---
test (18)	Run node --test test/*.test.js	2026-08-20T02:24:19.0894425Z   duration_ms: 0.181239
test (18)	Run node --test test/*.test.js	2026-08-20T02:24:19.0895104Z   ...
test (18)	Run node --test test/*.test.js	2026-08-20T02:24:22.1316410Z # Subtest: bare invocation prints one attributed aphorism and exits 0
test (18)	Run node --test test/*.test.js	2026-08-20T02:24:22.1335597Z ok 29 - bare invocation prints one attributed aphorism and exits 0
test (18)	Run node --test test/*.test.js	2026-08-20T02:24:22.1375002Z   ---
test (18)	Run node --test test/*.test.js	2026-08-20T02:24:22.1414999Z   duration_ms: 42.578417
test (18)	Run node --test test/*.test.js	2026-08-20T02:24:22.1425161Z   ...
test (18)	Run node --test test/*.test.js	2026-08-20T02:24:22.1426121Z # Subtest: --seed is deterministic across separate processes
test (18)	Run node --test test/*.test.js	2026-08-20T02:24:22.1426989Z ok 30 - --seed is deterministic across separate processes
test (18)	Run node --test test/*.test.js	2026-08-20T02:24:22.1427561Z   ---
test (18)	Run node --test test/*.test.js	2026-08-20T02:24:22.1427896Z   duration_ms: 93.296209
test (18)	Run node --test test/*.test.js	2026-08-20T02:24:22.1428274Z   ...
test (18)	Run node --test test/*.test.js	2026-08-20T02:24:22.1428858Z # Subtest: different seeds do not all collapse to one aphorism
test (18)	Run node --test test/*.test.js	2026-08-20T02:24:22.1429615Z ok 31 - different seeds do not all collapse to one aphorism
test (18)	Run node --test test/*.test.js	2026-08-20T02:24:22.1429943Z   ---
test (18)	Run node --test test/*.test.js	2026-08-20T02:24:22.1430159Z   duration_ms: 459.729799
test (18)	Run node --test test/*.test.js	2026-08-20T02:24:22.1430397Z   ...
test (18)	Run node --test test/*.test.js	2026-08-20T02:24:22.1430949Z # Subtest: --json emits a single-line JSON object with text/author/tags
test (18)	Run node --test test/*.test.js	2026-08-20T02:24:22.1431986Z ok 32 - --json emits a single-line JSON object with text/author/tags
test (18)	Run node --test test/*.test.js	2026-08-20T02:24:22.1432647Z   ---
test (18)	Run node --test test/*.test.js	2026-08-20T02:24:22.1433005Z   duration_ms: 31.805442
test (18)	Run node --test test/*.test.js	2026-08-20T02:24:22.1433415Z   ...
test (18)	Run node --test test/*.test.js	2026-08-20T02:24:22.1433973Z # Subtest: --list prints every entry in the filtered set
test (18)	Run node --test test/*.test.js	2026-08-20T02:24:22.1435132Z ok 33 - --list prints every entry in the filtered set
test (18)	Run node --test test/*.test.js	2026-08-20T02:24:22.1435701Z   ---
test (18)	Run node --test test/*.test.js	2026-08-20T02:24:22.1436049Z   duration_ms: 30.675377
test (18)	Run node --test test/*.test.js	2026-08-20T02:24:22.1436445Z   ...
test (18)	Run node --test test/*.test.js	2026-08-20T02:24:22.1436962Z # Subtest: --help prints usage to stdout and exits 0
test (18)	Run node --test test/*.test.js	2026-08-20T02:24:22.1437671Z ok 34 - --help prints usage to stdout and exits 0
test (18)	Run node --test test/*.test.js	2026-08-20T02:24:22.1438188Z   ---
test (18)	Run node --test test/*.test.js	2026-08-20T02:24:22.1438527Z   duration_ms: 31.227842
test (18)	Run node --test test/*.test.js	2026-08-20T02:24:22.1439042Z   ...
test (18)	Run node --test test/*.test.js	2026-08-20T02:24:22.1439694Z # Subtest: no match exits 1 with stderr only and zero bytes on stdout
test (18)	Run node --test test/*.test.js	2026-08-20T02:24:22.1440608Z ok 35 - no match exits 1 with stderr only and zero bytes on stdout
test (18)	Run node --test test/*.test.js	2026-08-20T02:24:22.1441198Z   ---
test (18)	Run node --test test/*.test.js	2026-08-20T02:24:22.1441553Z   duration_ms: 30.748221
test (18)	Run node --test test/*.test.js	2026-08-20T02:24:22.1441939Z   ...
test (18)	Run node --test test/*.test.js	2026-08-20T02:24:22.1442543Z # Subtest: unknown flag is a usage error, exit 2, stdout clean
test (18)	Run node --test test/*.test.js	2026-08-20T02:24:22.1443384Z ok 36 - unknown flag is a usage error, exit 2, stdout clean
test (18)	Run node --test test/*.test.js	2026-08-20T02:24:22.1443946Z   ---
test (18)	Run node --test test/*.test.js	2026-08-20T02:24:22.1444652Z   duration_ms: 42.338898
test (18)	Run node --test test/*.test.js	2026-08-20T02:24:22.1445084Z   ...
test (18)	Run node --test test/*.test.js	2026-08-20T02:24:22.1446032Z # Subtest: non-numeric seed is a usage error, exit 2
test (18)	Run node --test test/*.test.js	2026-08-20T02:24:22.1446777Z ok 37 - non-numeric seed is a usage error, exit 2
test (18)	Run node --test test/*.test.js	2026-08-20T02:24:22.1447306Z   ---
test (18)	Run node --test test/*.test.js	2026-08-20T02:24:22.1447650Z   duration_ms: 41.852908
test (18)	Run node --test test/*.test.js	2026-08-20T02:24:22.1448031Z   ...
test (18)	Run node --test test/*.test.js	2026-08-20T02:24:22.1474857Z # Subtest: author filter is case-insensitive and narrows the list
test (18)	Run node --test test/*.test.js	2026-08-20T02:24:22.1475790Z ok 38 - author filter is case-insensitive and narrows the list
test (18)	Run node --test test/*.test.js	2026-08-20T02:24:22.1476160Z   ---
test (18)	Run node --test test/*.test.js	2026-08-20T02:24:22.1476385Z   duration_ms: 93.788258
test (18)	Run node --test test/*.test.js	2026-08-20T02:24:22.1476623Z   ...
test (18)	Run node --test test/*.test.js	2026-08-20T02:24:22.1477232Z # Subtest: output is pipe-safe — no ANSI escapes when not a TTY
test (18)	Run node --test test/*.test.js	2026-08-20T02:24:22.1477811Z ok 39 - output is pipe-safe — no ANSI escapes when not a TTY
test (18)	Run node --test test/*.test.js	2026-08-20T02:24:22.1478132Z   ---
test (18)	Run node --test test/*.test.js	2026-08-20T02:24:22.1478330Z   duration_ms: 31.073776
test (18)	Run node --test test/*.test.js	2026-08-20T02:24:22.1478547Z   ...
test (18)	Run node --test test/*.test.js	2026-08-20T02:24:22.1479008Z # Subtest: --tag matches membership, not substring containment
test (18)	Run node --test test/*.test.js	2026-08-20T02:24:22.1479967Z ok 40 - --tag matches membership, not substring containment
test (18)	Run node --test test/*.test.js	2026-08-20T02:24:22.1480630Z   ---
test (18)	Run node --test test/*.test.js	2026-08-20T02:24:22.1481037Z   duration_ms: 61.479405
test (18)	Run node --test test/*.test.js	2026-08-20T02:24:22.1481464Z   ...
test (18)	Run node --test test/*.test.js	2026-08-20T02:24:22.1482178Z # Subtest: --list prints exactly one line per matching entry, no drops
test (18)	Run node --test test/*.test.js	2026-08-20T02:24:22.1483133Z ok 41 - --list prints exactly one line per matching entry, no drops
test (18)	Run node --test test/*.test.js	2026-08-20T02:24:22.1483727Z   ---
test (18)	Run node --test test/*.test.js	2026-08-20T02:24:22.1484280Z   duration_ms: 30.51818
test (18)	Run node --test test/*.test.js	2026-08-20T02:24:22.1484669Z   ...
test (18)	Run node --test test/*.test.js	2026-08-20T02:24:22.1485308Z # Subtest: --list preserves corpus order (first and last line match)
test (18)	Run node --test test/*.test.js	2026-08-20T02:24:22.1486223Z ok 42 - --list preserves corpus order (first and last line match)
test (18)	Run node --test test/*.test.js	2026-08-20T02:24:22.1487108Z   ---
test (18)	Run node --test test/*.test.js	2026-08-20T02:24:22.1487439Z   duration_ms: 29.91747
test (18)	Run node --test test/*.test.js	2026-08-20T02:24:22.1487805Z   ...
test (18)	Run node --test test/*.test.js	2026-08-20T02:24:22.1488425Z # Subtest: --json output is exactly one line, never pretty-printed
test (18)	Run node --test test/*.test.js	2026-08-20T02:24:22.1489308Z ok 43 - --json output is exactly one line, never pretty-printed
test (18)	Run node --test test/*.test.js	2026-08-20T02:24:22.1489884Z   ---
test (18)	Run node --test test/*.test.js	2026-08-20T02:24:22.1490218Z   duration_ms: 29.659522
test (18)	Run node --test test/*.test.js	2026-08-20T02:24:22.1490588Z   ...
test (18)	Run node --test test/*.test.js	2026-08-20T02:24:22.1491397Z # Subtest: --list --json emits newline-delimited JSON, one object per line, in corpus order
test (18)	Run node --test test/*.test.js	2026-08-20T02:24:22.1492694Z ok 44 - --list --json emits newline-delimited JSON, one object per line, in corpus order
test (18)	Run node --test test/*.test.js	2026-08-20T02:24:22.1493413Z   ---
test (18)	Run node --test test/*.test.js	2026-08-20T02:24:22.1493731Z   duration_ms: 30.9159
test (18)	Run node --test test/*.test.js	2026-08-20T02:24:22.1494286Z   ...
test (18)	Run node --test test/*.test.js	2026-08-20T02:24:22.1495315Z # Subtest: --json composes with --seed: the seeded JSON pick is reproducible AND is the same entry as the plain-text pick
test (18)	Run node --test test/*.test.js	2026-08-20T02:24:22.1496968Z ok 45 - --json composes with --seed: the seeded JSON pick is reproducible AND is the same entry as the plain-text pick
test (18)	Run node --test test/*.test.js	2026-08-20T02:24:22.1497840Z   ---
test (18)	Run node --test test/*.test.js	2026-08-20T02:24:22.1498164Z   duration_ms: 532.444593
test (18)	Run node --test test/*.test.js	2026-08-20T02:24:22.1498542Z   ...
test (18)	Run node --test test/*.test.js	2026-08-20T02:24:22.1499432Z # Subtest: --json composes with the filter flags: the JSON pick is always a member of the FILTERED set
test (18)	Run node --test test/*.test.js	2026-08-20T02:24:22.1500850Z ok 46 - --json composes with the filter flags: the JSON pick is always a member of the FILTERED set
test (18)	Run node --test test/*.test.js	2026-08-20T02:24:22.1501692Z   ---
test (18)	Run node --test test/*.test.js	2026-08-20T02:24:22.1502065Z   duration_ms: 729.346411
test (18)	Run node --test test/*.test.js	2026-08-20T02:24:22.1502488Z   ...
test (18)	Run node --test test/*.test.js	2026-08-20T02:24:22.1503369Z # Subtest: --list accepts a valid --seed and IGNORES it: output is byte-identical across seeds
test (18)	Run node --test test/*.test.js	2026-08-20T02:24:22.1504970Z ok 47 - --list accepts a valid --seed and IGNORES it: output is byte-identical across seeds
test (18)	Run node --test test/*.test.js	2026-08-20T02:24:22.1505791Z   ---
test (18)	Run node --test test/*.test.js	2026-08-20T02:24:22.1506154Z   duration_ms: 296.9971
test (18)	Run node --test test/*.test.js	2026-08-20T02:24:22.1506560Z   ...
test (18)	Run node --test test/*.test.js	2026-08-20T02:24:22.1507453Z # Subtest: --list --seed abc is a usage error, exit 2, stdout empty, stderr carries the diagnostic
test (18)	Run node --test test/*.test.js	2026-08-20T02:24:22.1508810Z ok 48 - --list --seed abc is a usage error, exit 2, stdout empty, stderr carries the diagnostic
test (18)	Run node --test test/*.test.js	2026-08-20T02:24:22.1509632Z   ---
test (18)	Run node --test test/*.test.js	2026-08-20T02:24:22.1510011Z   duration_ms: 29.975146
test (18)	Run node --test test/*.test.js	2026-08-20T02:24:22.1510420Z   ...
test (18)	Run node --test test/*.test.js	2026-08-20T02:24:22.1511443Z # Subtest: --seed abc --list (erroring flag BEFORE --list) is still a usage error, exit 2, stdout empty
test (18)	Run node --test test/*.test.js	2026-08-20T02:24:22.1513177Z ok 49 - --seed abc --list (erroring flag BEFORE --list) is still a usage error, exit 2, stdout empty
test (18)	Run node --test test/*.test.js	2026-08-20T02:24:22.1514026Z   ---
test (18)	Run node --test test/*.test.js	2026-08-20T02:24:22.1514647Z   duration_ms: 30.498856
test (18)	Run node --test test/*.test.js	2026-08-20T02:24:22.1515061Z   ...
test (18)	Run node --test test/*.test.js	2026-08-20T02:24:22.1515833Z # Subtest: --list --seed=  (empty seed value) is a usage error, exit 2, stdout empty
test (18)	Run node --test test/*.test.js	2026-08-20T02:24:22.1516996Z ok 50 - --list --seed=  (empty seed value) is a usage error, exit 2, stdout empty
test (18)	Run node --test test/*.test.js	2026-08-20T02:24:22.1517743Z   ---
test (18)	Run node --test test/*.test.js	2026-08-20T02:24:22.1518127Z   duration_ms: 29.840356
test (18)	Run node --test test/*.test.js	2026-08-20T02:24:22.1518532Z   ...
test (18)	Run node --test test/*.test.js	2026-08-20T02:24:22.1519426Z # Subtest: --list --seed "   " (whitespace-only seed value) is a usage error, exit 2, stdout empty
test (18)	Run node --test test/*.test.js	2026-08-20T02:24:22.1520752Z ok 51 - --list --seed "   " (whitespace-only seed value) is a usage error, exit 2, stdout empty
test (18)	Run node --test test/*.test.js	2026-08-20T02:24:22.1521658Z   ---
test (18)	Run node --test test/*.test.js	2026-08-20T02:24:22.1522130Z   duration_ms: 30.371057
test (18)	Run node --test test/*.test.js	2026-08-20T02:24:22.1522580Z   ...
test (18)	Run node --test test/*.test.js	2026-08-20T02:24:22.1524430Z # Subtest: --list --nosuchflag (unknown flag) is a usage error, exit 2, stdout empty — --list does not swallow it
test (18)	Run node --test test/*.test.js	2026-08-20T02:24:22.1526369Z ok 52 - --list --nosuchflag (unknown flag) is a usage error, exit 2, stdout empty — --list does not swallow it
test (18)	Run node --test test/*.test.js	2026-08-20T02:24:22.1527293Z   ---
test (18)	Run node --test test/*.test.js	2026-08-20T02:24:22.1527689Z   duration_ms: 30.018177
test (18)	Run node --test test/*.test.js	2026-08-20T02:24:22.1528179Z   ...
test (18)	Run node --test test/*.test.js	2026-08-20T02:24:22.1529138Z # Subtest: --nosuchflag --list (unknown flag BEFORE --list) is still a usage error, exit 2, stdout empty
test (18)	Run node --test test/*.test.js	2026-08-20T02:24:22.1530603Z ok 53 - --nosuchflag --list (unknown flag BEFORE --list) is still a usage error, exit 2, stdout empty
test (18)	Run node --test test/*.test.js	2026-08-20T02:24:22.1531751Z   ---
test (18)	Run node --test test/*.test.js	2026-08-20T02:24:22.1532121Z   duration_ms: 29.840093
test (18)	Run node --test test/*.test.js	2026-08-20T02:24:22.1532541Z   ...
test (18)	Run node --test test/*.test.js	2026-08-20T02:24:22.1533534Z # Subtest: plain single-pick output is TWO lines: text, newline, four-space indent, EM DASH, space, author
test (18)	Run node --test test/*.test.js	2026-08-20T02:24:22.1535317Z ok 54 - plain single-pick output is TWO lines: text, newline, four-space indent, EM DASH, space, author
test (18)	Run node --test test/*.test.js	2026-08-20T02:24:22.1536215Z   ---
test (18)	Run node --test test/*.test.js	2026-08-20T02:24:22.1536594Z   duration_ms: 31.138784
test (18)	Run node --test test/*.test.js	2026-08-20T02:24:22.1537047Z   ...
test (18)	Run node --test test/*.test.js	2026-08-20T02:24:22.1537963Z # Subtest: --seed Infinity and --seed -Infinity (typed as CLI strings) are accepted and deterministic
test (18)	Run node --test test/*.test.js	2026-08-20T02:24:22.1539238Z ok 55 - --seed Infinity and --seed -Infinity (typed as CLI strings) are accepted and deterministic
test (18)	Run node --test test/*.test.js	2026-08-20T02:24:22.1539967Z   ---
test (18)	Run node --test test/*.test.js	2026-08-20T02:24:22.1540272Z   duration_ms: 118.955551
test (18)	Run node --test test/*.test.js	2026-08-20T02:24:22.1540615Z   ...
test (18)	Run node --test test/*.test.js	2026-08-20T02:24:22.1541383Z # Subtest: --list with a filter that matches nothing is STILL exit 1, stderr only, stdout empty
test (18)	Run node --test test/*.test.js	2026-08-20T02:24:22.1542531Z ok 56 - --list with a filter that matches nothing is STILL exit 1, stderr only, stdout empty
test (18)	Run node --test test/*.test.js	2026-08-20T02:24:22.1543344Z   ---
test (18)	Run node --test test/*.test.js	2026-08-20T02:24:22.1543719Z   duration_ms: 60.072561
test (18)	Run node --test test/*.test.js	2026-08-20T02:24:22.1544364Z   ...
test (18)	Run node --test test/*.test.js	2026-08-20T02:24:22.1545548Z # Subtest: --tag "" (bare empty-string value) matches nothing: whole-tag equality against the literal "" is not a filter no-op
test (18)	Run node --test test/*.test.js	2026-08-20T02:24:22.1547299Z ok 57 - --tag "" (bare empty-string value) matches nothing: whole-tag equality against the literal "" is not a filter no-op
test (18)	Run node --test test/*.test.js	2026-08-20T02:24:22.1548305Z   ---
test (18)	Run node --test test/*.test.js	2026-08-20T02:24:22.1548655Z   duration_ms: 29.970788
test (18)	Run node --test test/*.test.js	2026-08-20T02:24:22.1549066Z   ...
test (18)	Run node --test test/*.test.js	2026-08-20T02:24:22.1592904Z # Subtest: --list | true: exits quietly, zero stderr, no crash banner
test (18)	Run node --test test/*.test.js	2026-08-20T02:24:22.1593855Z ok 58 - --list | true: exits quietly, zero stderr, no crash banner
test (18)	Run node --test test/*.test.js	2026-08-20T02:24:22.1594630Z   ---
test (18)	Run node --test test/*.test.js	2026-08-20T02:24:22.1594993Z   duration_ms: 63.150423
test (18)	Run node --test test/*.test.js	2026-08-20T02:24:22.1595375Z   ...
test (18)	Run node --test test/*.test.js	2026-08-20T02:24:22.1596019Z # Subtest: | true (no --list, single aphorism): exits quietly, zero stderr
test (18)	Run node --test test/*.test.js	2026-08-20T02:24:22.1596949Z ok 59 - | true (no --list, single aphorism): exits quietly, zero stderr
test (18)	Run node --test test/*.test.js	2026-08-20T02:24:22.1597531Z   ---
test (18)	Run node --test test/*.test.js	2026-08-20T02:24:22.1597848Z   duration_ms: 44.96875
test (18)	Run node --test test/*.test.js	2026-08-20T02:24:22.1598200Z   ...
test (18)	Run node --test test/*.test.js	2026-08-20T02:24:22.1599097Z # Subtest: --list | head -0: exits quietly, zero stderr, no crash banner
test (18)	Run node --test test/*.test.js	2026-08-20T02:24:22.1600016Z ok 60 - --list | head -0: exits quietly, zero stderr, no crash banner
test (18)	Run node --test test/*.test.js	2026-08-20T02:24:22.1600586Z   ---
test (18)	Run node --test test/*.test.js	2026-08-20T02:24:22.1600904Z   duration_ms: 46.835264
test (18)	Run node --test test/*.test.js	2026-08-20T02:24:22.1601267Z   ...
test (18)	Run node --test test/*.test.js	2026-08-20T02:24:22.1601949Z # Subtest: --list | /nonexistent-cmd-xyz: no crash banner from the CLI itself
test (18)	Run node --test test/*.test.js	2026-08-20T02:24:22.1602939Z ok 61 - --list | /nonexistent-cmd-xyz: no crash banner from the CLI itself
test (18)	Run node --test test/*.test.js	2026-08-20T02:24:22.1603555Z   ---
test (18)	Run node --test test/*.test.js	2026-08-20T02:24:22.1603874Z   duration_ms: 47.163146
test (18)	Run node --test test/*.test.js	2026-08-20T02:24:22.1604503Z   ...
test (18)	Run node --test test/*.test.js	2026-08-20T02:24:22.1605293Z # Subtest: non-EPIPE stdout write failure: reported, not silent, not exit 1, no stack trace
test (18)	Run node --test test/*.test.js	2026-08-20T02:24:22.1606480Z ok 62 - non-EPIPE stdout write failure: reported, not silent, not exit 1, no stack trace
test (18)	Run node --test test/*.test.js	2026-08-20T02:24:22.1614743Z   ---
test (18)	Run node --test test/*.test.js	2026-08-20T02:24:22.1615266Z   duration_ms: 33.67066
test (18)	Run node --test test/*.test.js	2026-08-20T02:24:22.1615774Z   ...
test (18)	Run node --test test/*.test.js	2026-08-20T02:24:22.1616647Z # Subtest: usage error survives a closed stderr reader: still exits 2, not clobbered to 1
test (18)	Run node --test test/*.test.js	2026-08-20T02:24:22.1618050Z ok 63 - usage error survives a closed stderr reader: still exits 2, not clobbered to 1
test (18)	Run node --test test/*.test.js	2026-08-20T02:24:22.1618970Z   ---
test (18)	Run node --test test/*.test.js	2026-08-20T02:24:22.1619459Z   duration_ms: 122.130984
test (18)	Run node --test test/*.test.js	2026-08-20T02:24:22.1619986Z   ...
test (18)	Run node --test test/*.test.js	2026-08-20T02:24:22.1620889Z # Subtest: no-match exit code survives a closed stderr reader: still exits 1, not misreported
test (18)	Run node --test test/*.test.js	2026-08-20T02:24:22.1622194Z ok 64 - no-match exit code survives a closed stderr reader: still exits 1, not misreported
test (18)	Run node --test test/*.test.js	2026-08-20T02:24:22.1623428Z   ---
test (18)	Run node --test test/*.test.js	2026-08-20T02:24:22.1623963Z   duration_ms: 104.647694
test (18)	Run node --test test/*.test.js	2026-08-20T02:24:22.1624775Z   ...
test (18)	Run node --test test/*.test.js	2026-08-20T02:24:22.1625776Z # Subtest: non-EPIPE stderr write failure: not silent, not the earned exit code, no stack trace
test (18)	Run node --test test/*.test.js	2026-08-20T02:24:22.1627251Z ok 65 - non-EPIPE stderr write failure: not silent, not the earned exit code, no stack trace
test (18)	Run node --test test/*.test.js	2026-08-20T02:24:22.1628152Z   ---
test (18)	Run node --test test/*.test.js	2026-08-20T02:24:22.1628546Z   duration_ms: 44.01603
test (18)	Run node --test test/*.test.js	2026-08-20T02:24:22.1629072Z   ...
test (18)	Run node --test test/*.test.js	2026-08-20T02:24:22.1629711Z # Subtest: control: --list | head -1 stays completely clean
test (18)	Run node --test test/*.test.js	2026-08-20T02:24:22.1664973Z ok 66 - control: --list | head -1 stays completely clean
test (18)	Run node --test test/*.test.js	2026-08-20T02:24:22.1684781Z   ---
test (18)	Run node --test test/*.test.js	2026-08-20T02:24:22.1712554Z   duration_ms: 32.78675
test (18)	Run node --test test/*.test.js	2026-08-20T02:24:22.1713101Z   ...
test (18)	Run node --test test/*.test.js	2026-08-20T02:24:22.1713757Z # Subtest: control: --list | head -5 stays completely clean
test (18)	Run node --test test/*.test.js	2026-08-20T02:24:22.1714831Z ok 67 - control: --list | head -5 stays completely clean
test (18)	Run node --test test/*.test.js	2026-08-20T02:24:22.1715379Z   ---
test (18)	Run node --test test/*.test.js	2026-08-20T02:24:22.1715725Z   duration_ms: 31.668757
test (18)	Run node --test test/*.test.js	2026-08-20T02:24:22.1716124Z   ...
test (18)	Run node --test test/*.test.js	2026-08-20T02:24:22.1716705Z # Subtest: control: --list | sed 1q stays completely clean
test (18)	Run node --test test/*.test.js	2026-08-20T02:24:22.1717489Z ok 68 - control: --list | sed 1q stays completely clean
test (18)	Run node --test test/*.test.js	2026-08-20T02:24:22.1718020Z   ---
test (18)	Run node --test test/*.test.js	2026-08-20T02:24:22.1718350Z   duration_ms: 31.600757
test (18)	Run node --test test/*.test.js	2026-08-20T02:24:22.1718722Z   ...
test (18)	Run node --test test/*.test.js	2026-08-20T02:24:22.1719301Z # Subtest: control: --list | grep -q . stays completely clean
test (18)	Run node --test test/*.test.js	2026-08-20T02:24:22.1720119Z ok 69 - control: --list | grep -q . stays completely clean
test (18)	Run node --test test/*.test.js	2026-08-20T02:24:22.1720664Z   ---
test (18)	Run node --test test/*.test.js	2026-08-20T02:24:22.1720999Z   duration_ms: 31.924939
test (18)	Run node --test test/*.test.js	2026-08-20T02:24:22.1721373Z   ...
test (18)	Run node --test test/*.test.js	2026-08-20T02:24:22.1721901Z # Subtest: control: | wc -l stays completely clean
test (18)	Run node --test test/*.test.js	2026-08-20T02:24:22.1722610Z ok 70 - control: | wc -l stays completely clean
test (18)	Run node --test test/*.test.js	2026-08-20T02:24:22.1723126Z   ---
test (18)	Run node --test test/*.test.js	2026-08-20T02:24:22.1723462Z   duration_ms: 31.949122
test (18)	Run node --test test/*.test.js	2026-08-20T02:24:22.1723840Z   ...
test (18)	Run node --test test/*.test.js	2026-08-20T02:24:22.1724781Z # Subtest: control: --list --json | head -2 stays completely clean
test (18)	Run node --test test/*.test.js	2026-08-20T02:24:22.1725707Z ok 71 - control: --list --json | head -2 stays completely clean
test (18)	Run node --test test/*.test.js	2026-08-20T02:24:22.1726287Z   ---
test (18)	Run node --test test/*.test.js	2026-08-20T02:24:22.1726631Z   duration_ms: 34.58707
test (18)	Run node --test test/*.test.js	2026-08-20T02:24:22.1727003Z   ...
test (18)	Run node --test test/*.test.js	2026-08-20T02:24:22.1727679Z # Subtest: control: exit 1 / exit 2 stderr messages and codes are unchanged
test (18)	Run node --test test/*.test.js	2026-08-20T02:24:22.1728671Z ok 72 - control: exit 1 / exit 2 stderr messages and codes are unchanged
test (18)	Run node --test test/*.test.js	2026-08-20T02:24:22.1729544Z   ---
test (18)	Run node --test test/*.test.js	2026-08-20T02:24:22.1729912Z   duration_ms: 83.248242
test (18)	Run node --test test/*.test.js	2026-08-20T02:24:22.1730408Z   ...
test (18)	Run node --test test/*.test.js	2026-08-20T02:24:22.1730897Z # Subtest: control: a normal (non-full) stdout target still exits 0 with empty stderr
test (18)	Run node --test test/*.test.js	2026-08-20T02:24:22.1731549Z ok 73 - control: a normal (non-full) stdout target still exits 0 with empty stderr
test (18)	Run node --test test/*.test.js	2026-08-20T02:24:22.1731948Z   ---
test (18)	Run node --test test/*.test.js	2026-08-20T02:24:22.1732156Z   duration_ms: 64.319853
test (18)	Run node --test test/*.test.js	2026-08-20T02:24:22.1732384Z   ...
test (18)	Run node --test test/*.test.js	2026-08-20T02:24:22.1732654Z # Subtest: README tags must exist in corpus
test (18)	Run node --test test/*.test.js	2026-08-20T02:24:22.1733022Z ok 74 - README tags must exist in corpus
test (18)	Run node --test test/*.test.js	2026-08-20T02:24:22.1733304Z   ---
test (18)	Run node --test test/*.test.js	2026-08-20T02:24:22.1733504Z   duration_ms: 2.749257
test (18)	Run node --test test/*.test.js	2026-08-20T02:24:22.1733722Z   ...
test (18)	Run node --test test/*.test.js	2026-08-20T02:24:22.1734002Z # Subtest: README tag counts must match corpus
test (18)	Run node --test test/*.test.js	2026-08-20T02:24:22.1734796Z ok 75 - README tag counts must match corpus
test (18)	Run node --test test/*.test.js	2026-08-20T02:24:22.1735312Z   ---
test (18)	Run node --test test/*.test.js	2026-08-20T02:24:22.1735531Z   duration_ms: 0.442649
test (18)	Run node --test test/*.test.js	2026-08-20T02:24:22.1735772Z   ...
test (18)	Run node --test test/*.test.js	2026-08-20T02:24:22.1736356Z # Subtest: README must state total unique tags correctly
test (18)	Run node --test test/*.test.js	2026-08-20T02:24:22.1736942Z ok 76 - README must state total unique tags correctly
test (18)	Run node --test test/*.test.js	2026-08-20T02:24:22.1737251Z   ---
test (18)	Run node --test test/*.test.js	2026-08-20T02:24:22.1737455Z   duration_ms: 0.342821
test (18)	Run node --test test/*.test.js	2026-08-20T02:24:22.1737667Z   ...
test (18)	Run node --test test/*.test.js	2026-08-20T02:24:22.1738009Z # Subtest: README must correctly describe single-entry tag count
test (18)	Run node --test test/*.test.js	2026-08-20T02:24:22.1738490Z ok 77 - README must correctly describe single-entry tag count
test (18)	Run node --test test/*.test.js	2026-08-20T02:24:22.1738820Z   ---
test (18)	Run node --test test/*.test.js	2026-08-20T02:24:22.1739016Z   duration_ms: 0.324377
test (18)	Run node --test test/*.test.js	2026-08-20T02:24:22.1739240Z   ...
test (18)	Run node --test test/*.test.js	2026-08-20T02:24:22.1739718Z # Subtest: README must list all single-entry tags
test (18)	Run node --test test/*.test.js	2026-08-20T02:24:22.1740104Z ok 78 - README must list all single-entry tags
test (18)	Run node --test test/*.test.js	2026-08-20T02:24:22.1740391Z   ---
test (18)	Run node --test test/*.test.js	2026-08-20T02:24:22.1740587Z   duration_ms: 0.422721
test (18)	Run node --test test/*.test.js	2026-08-20T02:24:22.1740802Z   ...
test (18)	Run node --test test/*.test.js	2026-08-20T02:24:22.1741501Z # Subtest: README Tag vocabulary section carries a tag+entry sentence with a single-entry marker (token co-occurrence guard, not a meaning check)
test (18)	Run node --test test/*.test.js	2026-08-20T02:24:22.1742602Z ok 79 - README Tag vocabulary section carries a tag+entry sentence with a single-entry marker (token co-occurrence guard, not a meaning check)
test (18)	Run node --test test/*.test.js	2026-08-20T02:24:22.1743192Z   ---
test (18)	Run node --test test/*.test.js	2026-08-20T02:24:22.1743385Z   duration_ms: 0.816268
test (18)	Run node --test test/*.test.js	2026-08-20T02:24:22.1743598Z   ...
test (18)	Run node --test test/*.test.js	2026-08-20T02:24:22.1745245Z # Subtest: extractBandTablesFromReadme tolerates a prose sentence between a band heading and its table (T-025), without mis-attaching a table when the real one is missing
test (18)	Run node --test test/*.test.js	2026-08-20T02:24:22.1747765Z ok 80 - extractBandTablesFromReadme tolerates a prose sentence between a band heading and its table (T-025), without mis-attaching a table when the real one is missing
test (18)	Run node --test test/*.test.js	2026-08-20T02:24:22.1749097Z   ---
test (18)	Run node --test test/*.test.js	2026-08-20T02:24:22.1749448Z   duration_ms: 1.361138
test (18)	Run node --test test/*.test.js	2026-08-20T02:24:22.1749848Z   ...
test (18)	Run node --test test/*.test.js	2026-08-20T02:24:22.1750655Z # Subtest: extractBandTablesFromReadme does not let a band-shaped PROSE line steal a real heading's table (T-039)
test (18)	Run node --test test/*.test.js	2026-08-20T02:24:22.1751597Z ok 81 - extractBandTablesFromReadme does not let a band-shaped PROSE line steal a real heading's table (T-039)
test (18)	Run node --test test/*.test.js	2026-08-20T02:24:22.1752113Z   ---
test (18)	Run node --test test/*.test.js	2026-08-20T02:24:22.1752320Z   duration_ms: 0.424064
test (18)	Run node --test test/*.test.js	2026-08-20T02:24:22.1752544Z   ...
test (18)	Run node --test test/*.test.js	2026-08-20T02:24:22.1753073Z # Subtest: extractBandTablesFromReadme does not read a fenced example block as a second, real band table
test (18)	Run node --test test/*.test.js	2026-08-20T02:24:22.1753876Z ok 82 - extractBandTablesFromReadme does not read a fenced example block as a second, real band table
test (18)	Run node --test test/*.test.js	2026-08-20T02:24:22.1754817Z   ---
test (18)	Run node --test test/*.test.js	2026-08-20T02:24:22.1755169Z   duration_ms: 0.188463
test (18)	Run node --test test/*.test.js	2026-08-20T02:24:22.1755607Z   ...
test (18)	Run node --test test/*.test.js	2026-08-20T02:24:22.1757263Z # Subtest: extractBandTablesFromReadme's recognised bands account for every structural `| Tag | Count |` table -- a table under an unrecognised heading shape is a loud mismatch, not a silent miss
test (18)	Run node --test test/*.test.js	2026-08-20T02:24:22.1759889Z ok 83 - extractBandTablesFromReadme's recognised bands account for every structural `| Tag | Count |` table -- a table under an unrecognised heading shape is a loud mismatch, not a silent miss
test (18)	Run node --test test/*.test.js	2026-08-20T02:24:22.1761467Z   ---
test (18)	Run node --test test/*.test.js	2026-08-20T02:24:22.1761793Z   duration_ms: 0.423073
test (18)	Run node --test test/*.test.js	2026-08-20T02:24:22.1762151Z   ...
test (18)	Run node --test test/*.test.js	2026-08-20T02:24:22.1763522Z # Subtest: every `| Tag | Count |` table in the real README Tag vocabulary section is a recognised band table (no table may hide under an unrecognised heading shape)
test (18)	Run node --test test/*.test.js	2026-08-20T02:24:22.1776325Z ok 84 - every `| Tag | Count |` table in the real README Tag vocabulary section is a recognised band table (no table may hide under an unrecognised heading shape)
test (18)	Run node --test test/*.test.js	2026-08-20T02:24:22.1777495Z   ---
test (18)	Run node --test test/*.test.js	2026-08-20T02:24:22.1777839Z   duration_ms: 1.667553
test (18)	Run node --test test/*.test.js	2026-08-20T02:24:22.1778246Z   ...
test (18)	Run node --test test/*.test.js	2026-08-20T02:24:22.1779232Z # Subtest: every band table in README Tag vocabulary contains exactly the corpus tags whose count fits that band
test (18)	Run node --test test/*.test.js	2026-08-20T02:24:22.1780761Z ok 85 - every band table in README Tag vocabulary contains exactly the corpus tags whose count fits that band
test (18)	Run node --test test/*.test.js	2026-08-20T02:24:22.1781617Z   ---
test (18)	Run node --test test/*.test.js	2026-08-20T02:24:22.1781966Z   duration_ms: 0.484427
test (18)	Run node --test test/*.test.js	2026-08-20T02:24:22.1782337Z   ...
test (18)	Run node --test test/*.test.js	2026-08-20T02:24:22.1783466Z # Subtest: every corpus tag appearing on 2+ entries must have a row in some band table (no band table may be deleted wholesale) (T-019)
test (18)	Run node --test test/*.test.js	2026-08-20T02:24:22.1785529Z ok 86 - every corpus tag appearing on 2+ entries must have a row in some band table (no band table may be deleted wholesale) (T-019)
test (18)	Run node --test test/*.test.js	2026-08-20T02:24:22.1786508Z   ---
test (18)	Run node --test test/*.test.js	2026-08-20T02:24:22.1786844Z   duration_ms: 0.306755
test (18)	Run node --test test/*.test.js	2026-08-20T02:24:22.1787219Z   ...
test (18)	Run node --test test/*.test.js	2026-08-20T02:24:22.1788521Z # Subtest: extractBandTablesFromReadme derives a band's row count purely from its table, ignoring decoy "N tags" phrases in the heading line (T-024b)
test (18)	Run node --test test/*.test.js	2026-08-20T02:24:22.1790884Z ok 87 - extractBandTablesFromReadme derives a band's row count purely from its table, ignoring decoy "N tags" phrases in the heading line (T-024b)
test (18)	Run node --test test/*.test.js	2026-08-20T02:24:22.1792061Z   ---
test (18)	Run node --test test/*.test.js	2026-08-20T02:24:22.1792394Z   duration_ms: 0.278922
test (18)	Run node --test test/*.test.js	2026-08-20T02:24:22.1792764Z   ...
test (18)	Run node --test test/*.test.js	2026-08-20T02:24:22.1793621Z # Subtest: README opening sentence must state correct multi-entry and single-entry tag counts
test (18)	Run node --test test/*.test.js	2026-08-20T02:24:22.1795089Z ok 88 - README opening sentence must state correct multi-entry and single-entry tag counts
test (18)	Run node --test test/*.test.js	2026-08-20T02:24:22.1795582Z   ---
test (18)	Run node --test test/*.test.js	2026-08-20T02:24:22.1795793Z   duration_ms: 0.536124
test (18)	Run node --test test/*.test.js	2026-08-20T02:24:22.1796012Z   ...
test (18)	Run node --test test/*.test.js	2026-08-20T02:24:22.1796503Z # Subtest: README Tag vocabulary section must contain no unrecognised count-claim digits (J-5)
test (18)	Run node --test test/*.test.js	2026-08-20T02:24:22.1797229Z ok 89 - README Tag vocabulary section must contain no unrecognised count-claim digits (J-5)
test (18)	Run node --test test/*.test.js	2026-08-20T02:24:22.1797672Z   ---
test (18)	Run node --test test/*.test.js	2026-08-20T02:24:22.1797892Z   duration_ms: 1.807975
test (18)	Run node --test test/*.test.js	2026-08-20T02:24:22.1798113Z   ...
test (18)	Run node --test test/*.test.js	2026-08-20T02:24:22.1798656Z # Subtest: README Attribution table "Entries ranked" count must match corpus.length and the triage doc (C1)
test (18)	Run node --test test/*.test.js	2026-08-20T02:24:22.1799474Z ok 90 - README Attribution table "Entries ranked" count must match corpus.length and the triage doc (C1)
test (18)	Run node --test test/*.test.js	2026-08-20T02:24:22.1799949Z   ---
test (18)	Run node --test test/*.test.js	2026-08-20T02:24:22.1800152Z   duration_ms: 1.716324
test (18)	Run node --test test/*.test.js	2026-08-20T02:24:22.1800368Z   ...
test (18)	Run node --test test/*.test.js	2026-08-20T02:24:22.1800837Z # Subtest: README Attribution table "Rated HIGH risk" count must match the triage doc table (C2)
test (18)	Run node --test test/*.test.js	2026-08-20T02:24:22.1801544Z ok 91 - README Attribution table "Rated HIGH risk" count must match the triage doc table (C2)
test (18)	Run node --test test/*.test.js	2026-08-20T02:24:22.1801975Z   ---
test (18)	Run node --test test/*.test.js	2026-08-20T02:24:22.1802177Z   duration_ms: 0.694089
test (18)	Run node --test test/*.test.js	2026-08-20T02:24:22.1802387Z   ...
test (18)	Run node --test test/*.test.js	2026-08-20T02:24:22.1802861Z # Subtest: README Attribution section must contain no digit runs outside the counts table (C7)
test (18)	Run node --test test/*.test.js	2026-08-20T02:24:22.1803567Z ok 92 - README Attribution section must contain no digit runs outside the counts table (C7)
test (18)	Run node --test test/*.test.js	2026-08-20T02:24:22.1803997Z   ---
test (18)	Run node --test test/*.test.js	2026-08-20T02:24:22.1804477Z   duration_ms: 0.438191
test (18)	Run node --test test/*.test.js	2026-08-20T02:24:22.1804705Z   ...
test (18)	Run node --test test/*.test.js	2026-08-20T02:24:22.1805051Z # Subtest: README Layout section paths must exist on disk (C6)
test (18)	Run node --test test/*.test.js	2026-08-20T02:24:22.1805532Z ok 93 - README Layout section paths must exist on disk (C6)
test (18)	Run node --test test/*.test.js	2026-08-20T02:24:22.1805848Z   ---
test (18)	Run node --test test/*.test.js	2026-08-20T02:24:22.1806245Z   duration_ms: 0.620291
test (18)	Run node --test test/*.test.js	2026-08-20T02:24:22.1806458Z   ...
test (18)	Run node --test test/*.test.js	2026-08-20T02:24:22.1807031Z # Subtest: getListBehaviourSection tolerates a reformatted "--list behaviour" heading with no backticks (T-021)
test (18)	Run node --test test/*.test.js	2026-08-20T02:24:22.1807949Z ok 94 - getListBehaviourSection tolerates a reformatted "--list behaviour" heading with no backticks (T-021)
test (18)	Run node --test test/*.test.js	2026-08-20T02:24:22.1808515Z   ---
test (18)	Run node --test test/*.test.js	2026-08-20T02:24:22.1808734Z   duration_ms: 0.413113
test (18)	Run node --test test/*.test.js	2026-08-20T02:24:22.1808968Z   ...
test (18)	Run node --test test/*.test.js	2026-08-20T02:24:22.1809770Z # Subtest: getListBehaviourSection still fails on a SEPARATOR MISMATCH (not a heading-parse error) when a reformatted heading's literal is mutated (T-021)
test (18)	Run node --test test/*.test.js	2026-08-20T02:24:22.1811056Z ok 95 - getListBehaviourSection still fails on a SEPARATOR MISMATCH (not a heading-parse error) when a reformatted heading's literal is mutated (T-021)
test (18)	Run node --test test/*.test.js	2026-08-20T02:24:22.1811734Z   ---
test (18)	Run node --test test/*.test.js	2026-08-20T02:24:22.1811951Z   duration_ms: 0.305182
test (18)	Run node --test test/*.test.js	2026-08-20T02:24:22.1812206Z   ...
test (18)	Run node --test test/*.test.js	2026-08-20T02:24:22.1812913Z # Subtest: getListBehaviourSection reports ambiguity loudly instead of taking the first of two qualifying headings (T-021)
test (18)	Run node --test test/*.test.js	2026-08-20T02:24:22.1813962Z ok 96 - getListBehaviourSection reports ambiguity loudly instead of taking the first of two qualifying headings (T-021)
test (18)	Run node --test test/*.test.js	2026-08-20T02:24:22.1814909Z   ---
test (18)	Run node --test test/*.test.js	2026-08-20T02:24:22.1815158Z   duration_ms: 1.095602
test (18)	Run node --test test/*.test.js	2026-08-20T02:24:22.1815417Z   ...
test (18)	Run node --test test/*.test.js	2026-08-20T02:24:22.1816008Z # Subtest: getListBehaviourSection does not let "--list-only" satisfy the standalone `--list` token (T-021)
test (18)	Run node --test test/*.test.js	2026-08-20T02:24:22.1816955Z ok 97 - getListBehaviourSection does not let "--list-only" satisfy the standalone `--list` token (T-021)
test (18)	Run node --test test/*.test.js	2026-08-20T02:24:22.1817713Z   ---
test (18)	Run node --test test/*.test.js	2026-08-20T02:24:22.1817952Z   duration_ms: 0.232656
test (18)	Run node --test test/*.test.js	2026-08-20T02:24:22.1818207Z   ...
test (18)	Run node --test test/*.test.js	2026-08-20T02:24:22.1818904Z # Subtest: getListBehaviourSection tolerates the American spelling "behavior" in the heading (T-027)
test (18)	Run node --test test/*.test.js	2026-08-20T02:24:22.1820111Z ok 98 - getListBehaviourSection tolerates the American spelling "behavior" in the heading (T-027)
test (18)	Run node --test test/*.test.js	2026-08-20T02:24:22.1820618Z   ---
test (18)	Run node --test test/*.test.js	2026-08-20T02:24:22.1820840Z   duration_ms: 0.170078
test (18)	Run node --test test/*.test.js	2026-08-20T02:24:22.1821055Z   ...
test (18)	Run node --test test/*.test.js	2026-08-20T02:24:22.1821826Z # Subtest: getListBehaviourSection still fails on a SEPARATOR MISMATCH (not a heading-parse error) under an American-spelled heading (T-027)
test (18)	Run node --test test/*.test.js	2026-08-20T02:24:22.1823670Z ok 99 - getListBehaviourSection still fails on a SEPARATOR MISMATCH (not a heading-parse error) under an American-spelled heading (T-027)
test (18)	Run node --test test/*.test.js	2026-08-20T02:24:22.1824719Z   ---
test (18)	Run node --test test/*.test.js	2026-08-20T02:24:22.1824942Z   duration_ms: 0.200505
test (18)	Run node --test test/*.test.js	2026-08-20T02:24:22.1825164Z   ...
test (18)	Run node --test test/*.test.js	2026-08-20T02:24:22.1825659Z # Subtest: README `--list` format literal matches the shipped binary's actual --list output (T-017)
test (18)	Run node --test test/*.test.js	2026-08-20T02:24:22.1826414Z ok 100 - README `--list` format literal matches the shipped binary's actual --list output (T-017)
test (18)	Run node --test test/*.test.js	2026-08-20T02:24:22.1826851Z   ---
test (18)	Run node --test test/*.test.js	2026-08-20T02:24:22.1827045Z   duration_ms: 32.836042
test (18)	Run node --test test/*.test.js	2026-08-20T02:24:22.1827268Z   ...
test (18)	Run node --test test/*.test.js	2026-08-20T02:24:22.1827795Z # Subtest: README `--author` matching section must state the correct count of distinct corpus authors (Q-8)
test (18)	Run node --test test/*.test.js	2026-08-20T02:24:22.1828597Z ok 101 - README `--author` matching section must state the correct count of distinct corpus authors (Q-8)
test (18)	Run node --test test/*.test.js	2026-08-20T02:24:22.1829055Z   ---
test (18)	Run node --test test/*.test.js	2026-08-20T02:24:22.1829308Z   duration_ms: 0.39505
test (18)	Run node --test test/*.test.js	2026-08-20T02:24:22.1829703Z   ...
test (18)	Run node --test test/*.test.js	2026-08-20T02:24:22.1830160Z # Subtest: corpus has at least 40 entries
test (18)	Run node --test test/*.test.js	2026-08-20T02:24:22.1830514Z ok 102 - corpus has at least 40 entries
test (18)	Run node --test test/*.test.js	2026-08-20T02:24:22.1830783Z   ---
test (18)	Run node --test test/*.test.js	2026-08-20T02:24:22.1830980Z   duration_ms: 1.92767
test (18)	Run node --test test/*.test.js	2026-08-20T02:24:22.1831191Z   ...
test (18)	Run node --test test/*.test.js	2026-08-20T02:24:22.1831641Z # Subtest: every corpus entry has non-empty text, non-empty author, and an array of tags
test (18)	Run node --test test/*.test.js	2026-08-20T02:24:22.1832310Z ok 103 - every corpus entry has non-empty text, non-empty author, and an array of tags
test (18)	Run node --test test/*.test.js	2026-08-20T02:24:22.1832714Z   ---
test (18)	Run node --test test/*.test.js	2026-08-20T02:24:22.1832908Z   duration_ms: 0.599783
test (18)	Run node --test test/*.test.js	2026-08-20T02:24:22.1833288Z   ...
test (18)	Run node --test test/*.test.js	2026-08-20T02:24:22.1833779Z # Subtest: filter: author match is case-insensitive
test (18)	Run node --test test/*.test.js	2026-08-20T02:24:22.1835125Z ok 104 - filter: author match is case-insensitive
test (18)	Run node --test test/*.test.js	2026-08-20T02:24:22.1835631Z   ---
test (18)	Run node --test test/*.test.js	2026-08-20T02:24:22.1858648Z   duration_ms: 0.850873
test (18)	Run node --test test/*.test.js	2026-08-20T02:24:22.1859049Z   ...
test (18)	Run node --test test/*.test.js	2026-08-20T02:24:22.1859531Z # Subtest: filter: tag match is case-insensitive
test (18)	Run node --test test/*.test.js	2026-08-20T02:24:22.1860185Z ok 105 - filter: tag match is case-insensitive
test (18)	Run node --test test/*.test.js	2026-08-20T02:24:22.1860494Z   ---
test (18)	Run node --test test/*.test.js	2026-08-20T02:24:22.1860698Z   duration_ms: 0.404096
test (18)	Run node --test test/*.test.js	2026-08-20T02:24:22.1860914Z   ...
test (18)	Run node --test test/*.test.js	2026-08-20T02:24:22.1861345Z # Subtest: filter: author and tag together narrow to the intersection (AND)
test (18)	Run node --test test/*.test.js	2026-08-20T02:24:22.1861954Z ok 106 - filter: author and tag together narrow to the intersection (AND)
test (18)	Run node --test test/*.test.js	2026-08-20T02:24:22.1862322Z   ---
test (18)	Run node --test test/*.test.js	2026-08-20T02:24:22.1862523Z   duration_ms: 0.465532
test (18)	Run node --test test/*.test.js	2026-08-20T02:24:22.1862743Z   ...
test (18)	Run node --test test/*.test.js	2026-08-20T02:24:22.1863072Z # Subtest: filter: undefined/absent options do not filter
test (18)	Run node --test test/*.test.js	2026-08-20T02:24:22.1863527Z ok 107 - filter: undefined/absent options do not filter
test (18)	Run node --test test/*.test.js	2026-08-20T02:24:22.1863850Z   ---
test (18)	Run node --test test/*.test.js	2026-08-20T02:24:22.1864286Z   duration_ms: 0.358071
test (18)	Run node --test test/*.test.js	2026-08-20T02:24:22.1864632Z   ...
test (18)	Run node --test test/*.test.js	2026-08-20T02:24:22.1865065Z # Subtest: pick: same seed over the same candidates always returns the same element
test (18)	Run node --test test/*.test.js	2026-08-20T02:24:22.1865690Z ok 108 - pick: same seed over the same candidates always returns the same element
test (18)	Run node --test test/*.test.js	2026-08-20T02:24:22.1866087Z   ---
test (18)	Run node --test test/*.test.js	2026-08-20T02:24:22.1866281Z   duration_ms: 0.609652
test (18)	Run node --test test/*.test.js	2026-08-20T02:24:22.1866494Z   ...
test (18)	Run node --test test/*.test.js	2026-08-20T02:24:22.1866856Z # Subtest: pick: different seeds generally produce different results
test (18)	Run node --test test/*.test.js	2026-08-20T02:24:22.1867387Z ok 109 - pick: different seeds generally produce different results
test (18)	Run node --test test/*.test.js	2026-08-20T02:24:22.1867925Z   ---
test (18)	Run node --test test/*.test.js	2026-08-20T02:24:22.1868123Z   duration_ms: 0.473356
test (18)	Run node --test test/*.test.js	2026-08-20T02:24:22.1868340Z   ...
test (18)	Run node --test test/*.test.js	2026-08-20T02:24:22.1868692Z # Subtest: pick: undefined seed picks a valid member (random mode)
test (18)	Run node --test test/*.test.js	2026-08-20T02:24:22.1869195Z ok 110 - pick: undefined seed picks a valid member (random mode)
test (18)	Run node --test test/*.test.js	2026-08-20T02:24:22.1869525Z   ---
test (18)	Run node --test test/*.test.js	2026-08-20T02:24:22.1869721Z   duration_ms: 0.126657
test (18)	Run node --test test/*.test.js	2026-08-20T02:24:22.1869936Z   ...
test (18)	Run node --test test/*.test.js	2026-08-20T02:24:22.1870336Z # Subtest: pick: null seed also triggers random mode and returns a valid member
test (18)	Run node --test test/*.test.js	2026-08-20T02:24:22.1870925Z ok 111 - pick: null seed also triggers random mode and returns a valid member
test (18)	Run node --test test/*.test.js	2026-08-20T02:24:22.1871295Z   ---
test (18)	Run node --test test/*.test.js	2026-08-20T02:24:22.1871492Z   duration_ms: 0.24034
test (18)	Run node --test test/*.test.js	2026-08-20T02:24:22.1871709Z   ...
test (18)	Run node --test test/*.test.js	2026-08-20T02:24:22.1872037Z # Subtest: pick: throws RangeError on empty candidates array
test (18)	Run node --test test/*.test.js	2026-08-20T02:24:22.1872510Z ok 112 - pick: throws RangeError on empty candidates array
test (18)	Run node --test test/*.test.js	2026-08-20T02:24:22.1872831Z   ---
test (18)	Run node --test test/*.test.js	2026-08-20T02:24:22.1873056Z   duration_ms: 0.495437
test (18)	Run node --test test/*.test.js	2026-08-20T02:24:22.1873272Z   ...
test (18)	Run node --test test/*.test.js	2026-08-20T02:24:22.1873650Z # Subtest: pick: Infinity seed is deterministic and returns a valid member
test (18)	Run node --test test/*.test.js	2026-08-20T02:24:22.1874464Z ok 113 - pick: Infinity seed is deterministic and returns a valid member
test (18)	Run node --test test/*.test.js	2026-08-20T02:24:22.1874847Z   ---
test (18)	Run node --test test/*.test.js	2026-08-20T02:24:22.1875046Z   duration_ms: 0.162774
test (18)	Run node --test test/*.test.js	2026-08-20T02:24:22.1875267Z   ...
test (18)	Run node --test test/*.test.js	2026-08-20T02:24:22.1875658Z # Subtest: pick: -Infinity seed is deterministic and returns a valid member
test (18)	Run node --test test/*.test.js	2026-08-20T02:24:22.1876225Z ok 114 - pick: -Infinity seed is deterministic and returns a valid member
test (18)	Run node --test test/*.test.js	2026-08-20T02:24:22.1876588Z   ---
test (18)	Run node --test test/*.test.js	2026-08-20T02:24:22.1876791Z   duration_ms: 0.150853
test (18)	Run node --test test/*.test.js	2026-08-20T02:24:22.1877008Z   ...
test (18)	Run node --test test/*.test.js	2026-08-20T02:24:22.1877416Z # Subtest: pick: NaN seed still uses the random branch and returns a valid member
test (18)	Run node --test test/*.test.js	2026-08-20T02:24:22.1878008Z ok 115 - pick: NaN seed still uses the random branch and returns a valid member
test (18)	Run node --test test/*.test.js	2026-08-20T02:24:22.1878383Z   ---
test (18)	Run node --test test/*.test.js	2026-08-20T02:24:22.1878577Z   duration_ms: 0.103414
test (18)	Run node --test test/*.test.js	2026-08-20T02:24:22.1878809Z   ...
test (18)	Run node --test test/*.test.js	2026-08-20T02:24:22.1879217Z # Subtest: pick: finite seed determinism is unchanged by the non-finite-seed fix
test (18)	Run node --test test/*.test.js	2026-08-20T02:24:22.1879813Z ok 116 - pick: finite seed determinism is unchanged by the non-finite-seed fix
test (18)	Run node --test test/*.test.js	2026-08-20T02:24:22.1880185Z   ---
test (18)	Run node --test test/*.test.js	2026-08-20T02:24:22.1880372Z   duration_ms: 0.233116
test (18)	Run node --test test/*.test.js	2026-08-20T02:24:22.1880585Z   ...
test (18)	Run node --test test/*.test.js	2026-08-20T02:24:22.1881084Z # Subtest: pick: every candidate is REACHABLE by an unseeded draw
test (18)	Run node --test test/*.test.js	2026-08-20T02:24:22.1881579Z ok 117 - pick: every candidate is REACHABLE by an unseeded draw
test (18)	Run node --test test/*.test.js	2026-08-20T02:24:22.1881905Z   ---
test (18)	Run node --test test/*.test.js	2026-08-20T02:24:22.1882099Z   duration_ms: 2.307971
test (18)	Run node --test test/*.test.js	2026-08-20T02:24:22.1882317Z   ...
test (18)	Run node --test test/*.test.js	2026-08-20T02:24:22.1882760Z # Subtest: pick: unseeded draws split the interval EQUALLY across candidates (uniform)
test (18)	Run node --test test/*.test.js	2026-08-20T02:24:22.1883415Z ok 118 - pick: unseeded draws split the interval EQUALLY across candidates (uniform)
test (18)	Run node --test test/*.test.js	2026-08-20T02:24:22.1883814Z   ---
test (18)	Run node --test test/*.test.js	2026-08-20T02:24:22.1884007Z   duration_ms: 1.112653
test (18)	Run node --test test/*.test.js	2026-08-20T02:24:22.1884542Z   ...
test (18)	Run node --test test/*.test.js	2026-08-20T02:24:22.1885010Z # Subtest: pick: single-element candidates always returns that element regardless of seed
test (18)	Run node --test test/*.test.js	2026-08-20T02:24:22.1885696Z ok 119 - pick: single-element candidates always returns that element regardless of seed
test (18)	Run node --test test/*.test.js	2026-08-20T02:24:22.1886113Z   ---
test (18)	Run node --test test/*.test.js	2026-08-20T02:24:22.1886308Z   duration_ms: 0.22942
test (18)	Run node --test test/*.test.js	2026-08-20T02:24:22.1886522Z   ...
test (18)	Run node --test test/*.test.js	2026-08-20T02:24:22.1886715Z 1..119
test (18)	Run node --test test/*.test.js	2026-08-20T02:24:22.1886902Z # tests 119
test (18)	Run node --test test/*.test.js	2026-08-20T02:24:22.1887102Z # suites 0
test (18)	Run node --test test/*.test.js	2026-08-20T02:24:22.1887313Z # pass 119
test (18)	Run node --test test/*.test.js	2026-08-20T02:24:22.1887504Z # fail 0
test (18)	Run node --test test/*.test.js	2026-08-20T02:24:22.1887698Z # cancelled 0
test (18)	Run node --test test/*.test.js	2026-08-20T02:24:22.1887909Z # skipped 0
test (18)	Run node --test test/*.test.js	2026-08-20T02:24:22.1888097Z # todo 0
test (18)	Run node --test test/*.test.js	2026-08-20T02:24:22.1888309Z # duration_ms 3184.443808
test (18)	Coverage report (informational, not a gate)	﻿2026-08-20T02:24:22.1943677Z ##[group]Run node --test --experimental-test-coverage test/*.test.js \
test (18)	Coverage report (informational, not a gate)	2026-08-20T02:24:22.1944557Z [36;1mnode --test --experimental-test-coverage test/*.test.js \[0m
test (18)	Coverage report (informational, not a gate)	2026-08-20T02:24:22.1945338Z [36;1m  || echo "NOTE: --experimental-test-coverage exited non-zero on Node 18 (see output above). This step is informational only and does not affect job status."[0m
test (18)	Coverage report (informational, not a gate)	2026-08-20T02:24:22.1984565Z shell: /usr/bin/bash -e {0}
test (18)	Coverage report (informational, not a gate)	2026-08-20T02:24:22.1984822Z ##[endgroup]
test (18)	Coverage report (informational, not a gate)	2026-08-20T02:24:22.2556135Z TAP version 13
test (18)	Coverage report (informational, not a gate)	2026-08-20T02:24:22.3281649Z # Subtest: zero args: no error, no filters set
test (18)	Coverage report (informational, not a gate)	2026-08-20T02:24:22.3283339Z ok 1 - zero args: no error, no filters set
test (18)	Coverage report (informational, not a gate)	2026-08-20T02:24:22.3314978Z   ---
test (18)	Coverage report (informational, not a gate)	2026-08-20T02:24:22.3340472Z   duration_ms: 3.28979
test (18)	Coverage report (informational, not a gate)	2026-08-20T02:24:22.3341188Z   ...
test (18)	Coverage report (informational, not a gate)	2026-08-20T02:24:22.3341968Z # Subtest: --author <name> sets author string
test (18)	Coverage report (informational, not a gate)	2026-08-20T02:24:22.3342861Z ok 2 - --author <name> sets author string
test (18)	Coverage report (informational, not a gate)	2026-08-20T02:24:22.3343565Z   ---
test (18)	Coverage report (informational, not a gate)	2026-08-20T02:24:22.3344363Z   duration_ms: 0.27778
test (18)	Coverage report (informational, not a gate)	2026-08-20T02:24:22.3345029Z   ...
test (18)	Coverage report (informational, not a gate)	2026-08-20T02:24:22.3345775Z # Subtest: --author=<name> equals form sets author string
test (18)	Coverage report (informational, not a gate)	2026-08-20T02:24:22.3346716Z ok 3 - --author=<name> equals form sets author string
test (18)	Coverage report (informational, not a gate)	2026-08-20T02:24:22.3347466Z   ---
test (18)	Coverage report (informational, not a gate)	2026-08-20T02:24:22.3347993Z   duration_ms: 0.24579
test (18)	Coverage report (informational, not a gate)	2026-08-20T02:24:22.3348540Z   ...
test (18)	Coverage report (informational, not a gate)	2026-08-20T02:24:22.3349151Z # Subtest: --tag <tag> sets tag string
test (18)	Coverage report (informational, not a gate)	2026-08-20T02:24:22.3349932Z ok 4 - --tag <tag> sets tag string
test (18)	Coverage report (informational, not a gate)	2026-08-20T02:24:22.3350543Z   ---
test (18)	Coverage report (informational, not a gate)	2026-08-20T02:24:22.3351092Z   duration_ms: 0.222256
test (18)	Coverage report (informational, not a gate)	2026-08-20T02:24:22.3351671Z   ...
test (18)	Coverage report (informational, not a gate)	2026-08-20T02:24:22.3352382Z # Subtest: --tag=<tag> equals form sets tag string
test (18)	Coverage report (informational, not a gate)	2026-08-20T02:24:22.3353285Z ok 5 - --tag=<tag> equals form sets tag string
test (18)	Coverage report (informational, not a gate)	2026-08-20T02:24:22.3353992Z   ---
test (18)	Coverage report (informational, not a gate)	2026-08-20T02:24:22.3354987Z   duration_ms: 0.185787
test (18)	Coverage report (informational, not a gate)	2026-08-20T02:24:22.3380712Z   ...
test (18)	Coverage report (informational, not a gate)	2026-08-20T02:24:22.3381549Z # Subtest: combined --author X --tag Y sets both
test (18)	Coverage report (informational, not a gate)	2026-08-20T02:24:22.3382438Z ok 6 - combined --author X --tag Y sets both
test (18)	Coverage report (informational, not a gate)	2026-08-20T02:24:22.3383154Z   ---
test (18)	Coverage report (informational, not a gate)	2026-08-20T02:24:22.3383712Z   duration_ms: 0.216435
test (18)	Coverage report (informational, not a gate)	2026-08-20T02:24:22.3384662Z   ...
test (18)	Coverage report (informational, not a gate)	2026-08-20T02:24:22.3385321Z # Subtest: --seed <n> parses as a number
test (18)	Coverage report (informational, not a gate)	2026-08-20T02:24:22.3386106Z ok 7 - --seed <n> parses as a number
test (18)	Coverage report (informational, not a gate)	2026-08-20T02:24:22.3386846Z   ---
test (18)	Coverage report (informational, not a gate)	2026-08-20T02:24:22.3387403Z   duration_ms: 0.24567
test (18)	Coverage report (informational, not a gate)	2026-08-20T02:24:22.3388097Z   ...
test (18)	Coverage report (informational, not a gate)	2026-08-20T02:24:22.3388952Z # Subtest: --seed=<n> equals form parses as a number
test (18)	Coverage report (informational, not a gate)	2026-08-20T02:24:22.3389982Z ok 8 - --seed=<n> equals form parses as a number
test (18)	Coverage report (informational, not a gate)	2026-08-20T02:24:22.3390757Z   ---
test (18)	Coverage report (informational, not a gate)	2026-08-20T02:24:22.3391359Z   duration_ms: 0.190757
test (18)	Coverage report (informational, not a gate)	2026-08-20T02:24:22.3391992Z   ...
test (18)	Coverage report (informational, not a gate)	2026-08-20T02:24:22.3393224Z # Subtest: --seed <n> accepts a negative number
test (18)	Coverage report (informational, not a gate)	2026-08-20T02:24:22.3394587Z ok 9 - --seed <n> accepts a negative number
test (18)	Coverage report (informational, not a gate)	2026-08-20T02:24:22.3395372Z   ---
test (18)	Coverage report (informational, not a gate)	2026-08-20T02:24:22.3395966Z   duration_ms: 0.212017
test (18)	Coverage report (informational, not a gate)	2026-08-20T02:24:22.3396588Z   ...
test (18)	Coverage report (informational, not a gate)	2026-08-20T02:24:22.3397441Z # Subtest: --seed=<n> equals form accepts a negative number
test (18)	Coverage report (informational, not a gate)	2026-08-20T02:24:22.3398550Z ok 10 - --seed=<n> equals form accepts a negative number
test (18)	Coverage report (informational, not a gate)	2026-08-20T02:24:22.3399351Z   ---
test (18)	Coverage report (informational, not a gate)	2026-08-20T02:24:22.3399962Z   duration_ms: 0.181219
test (18)	Coverage report (informational, not a gate)	2026-08-20T02:24:22.3400527Z   ...
test (18)	Coverage report (informational, not a gate)	2026-08-20T02:24:22.3401275Z # Subtest: non-numeric --seed is a usage error
test (18)	Coverage report (informational, not a gate)	2026-08-20T02:24:22.3402221Z ok 11 - non-numeric --seed is a usage error
test (18)	Coverage report (informational, not a gate)	2026-08-20T02:24:22.3402980Z   ---
test (18)	Coverage report (informational, not a gate)	2026-08-20T02:24:22.3403588Z   duration_ms: 0.349675
test (18)	Coverage report (informational, not a gate)	2026-08-20T02:24:22.3404451Z   ...
test (18)	Coverage report (informational, not a gate)	2026-08-20T02:24:22.3405302Z # Subtest: non-numeric --seed= equals form is a usage error
test (18)	Coverage report (informational, not a gate)	2026-08-20T02:24:22.3406406Z ok 12 - non-numeric --seed= equals form is a usage error
test (18)	Coverage report (informational, not a gate)	2026-08-20T02:24:22.3407239Z   ---
test (18)	Coverage report (informational, not a gate)	2026-08-20T02:24:22.3407817Z   duration_ms: 0.330979
test (18)	Coverage report (informational, not a gate)	2026-08-20T02:24:22.3408427Z   ...
test (18)	Coverage report (informational, not a gate)	2026-08-20T02:24:22.3409106Z # Subtest: --list sets list: true
test (18)	Coverage report (informational, not a gate)	2026-08-20T02:24:22.3409909Z ok 13 - --list sets list: true
test (18)	Coverage report (informational, not a gate)	2026-08-20T02:24:22.3410575Z   ---
test (18)	Coverage report (informational, not a gate)	2026-08-20T02:24:22.3411156Z   duration_ms: 0.178575
test (18)	Coverage report (informational, not a gate)	2026-08-20T02:24:22.3411790Z   ...
test (18)	Coverage report (informational, not a gate)	2026-08-20T02:24:22.3423635Z # Subtest: --json sets json: true
test (18)	Coverage report (informational, not a gate)	2026-08-20T02:24:22.3425231Z ok 14 - --json sets json: true
test (18)	Coverage report (informational, not a gate)	2026-08-20T02:24:22.3426404Z   ---
test (18)	Coverage report (informational, not a gate)	2026-08-20T02:24:22.3426945Z   duration_ms: 0.172002
test (18)	Coverage report (informational, not a gate)	2026-08-20T02:24:22.3427612Z   ...
test (18)	Coverage report (informational, not a gate)	2026-08-20T02:24:22.3429242Z # Subtest: --help sets help: true
test (18)	Coverage report (informational, not a gate)	2026-08-20T02:24:22.3431047Z ok 15 - --help sets help: true
test (18)	Coverage report (informational, not a gate)	2026-08-20T02:24:22.3432101Z   ---
test (18)	Coverage report (informational, not a gate)	2026-08-20T02:24:22.3432641Z   duration_ms: 0.216255
test (18)	Coverage report (informational, not a gate)	2026-08-20T02:24:22.3433252Z   ...
test (18)	Coverage report (informational, not a gate)	2026-08-20T02:24:22.3434532Z # Subtest: -h sets help: true
test (18)	Coverage report (informational, not a gate)	2026-08-20T02:24:22.3437442Z ok 16 - -h sets help: true
test (18)	Coverage report (informational, not a gate)	2026-08-20T02:24:22.3438527Z   ---
test (18)	Coverage report (informational, not a gate)	2026-08-20T02:24:22.3439108Z   duration_ms: 0.167063
test (18)	Coverage report (informational, not a gate)	2026-08-20T02:24:22.3439741Z   ...
test (18)	Coverage report (informational, not a gate)	2026-08-20T02:24:22.3440763Z # Subtest: unknown flag is a usage error
test (18)	Coverage report (informational, not a gate)	2026-08-20T02:24:22.3442427Z ok 17 - unknown flag is a usage error
test (18)	Coverage report (informational, not a gate)	2026-08-20T02:24:22.3445069Z   ---
test (18)	Coverage report (informational, not a gate)	2026-08-20T02:24:22.3445657Z   duration_ms: 0.238497
test (18)	Coverage report (informational, not a gate)	2026-08-20T02:24:22.3446310Z   ...
test (18)	Coverage report (informational, not a gate)	2026-08-20T02:24:22.3473429Z # Subtest: unknown short flag is a usage error
test (18)	Coverage report (informational, not a gate)	2026-08-20T02:24:22.3485065Z ok 18 - unknown short flag is a usage error
test (18)	Coverage report (informational, not a gate)	2026-08-20T02:24:22.3503359Z   ---
test (18)	Coverage report (informational, not a gate)	2026-08-20T02:24:22.3504015Z   duration_ms: 0.158467
test (18)	Coverage report (informational, not a gate)	2026-08-20T02:24:22.3504858Z   ...
test (18)	Coverage report (informational, not a gate)	2026-08-20T02:24:22.3505735Z # Subtest: --author missing value at end of argv is a usage error
test (18)	Coverage report (informational, not a gate)	2026-08-20T02:24:22.3506937Z ok 19 - --author missing value at end of argv is a usage error
test (18)	Coverage report (informational, not a gate)	2026-08-20T02:24:22.3530737Z   ---
test (18)	Coverage report (informational, not a gate)	2026-08-20T02:24:22.3584347Z   duration_ms: 0.243697
test (18)	Coverage report (informational, not a gate)	2026-08-20T02:24:22.3601714Z   ...
test (18)	Coverage report (informational, not a gate)	2026-08-20T02:24:22.3602780Z # Subtest: --tag missing value because next token is another flag is a usage error
test (18)	Coverage report (informational, not a gate)	2026-08-20T02:24:22.3604400Z ok 20 - --tag missing value because next token is another flag is a usage error
test (18)	Coverage report (informational, not a gate)	2026-08-20T02:24:22.3605321Z   ---
test (18)	Coverage report (informational, not a gate)	2026-08-20T02:24:22.3605867Z   duration_ms: 0.193703
test (18)	Coverage report (informational, not a gate)	2026-08-20T02:24:22.3606441Z   ...
test (18)	Coverage report (informational, not a gate)	2026-08-20T02:24:22.3607242Z # Subtest: --seed missing value at end of argv is a usage error
test (18)	Coverage report (informational, not a gate)	2026-08-20T02:24:22.3608317Z ok 21 - --seed missing value at end of argv is a usage error
test (18)	Coverage report (informational, not a gate)	2026-08-20T02:24:22.3609108Z   ---
test (18)	Coverage report (informational, not a gate)	2026-08-20T02:24:22.3609651Z   duration_ms: 0.184064
test (18)	Coverage report (informational, not a gate)	2026-08-20T02:24:22.3610234Z   ...
test (18)	Coverage report (informational, not a gate)	2026-08-20T02:24:22.3610963Z # Subtest: --author= with empty value is a usage error
test (18)	Coverage report (informational, not a gate)	2026-08-20T02:24:22.3611896Z ok 22 - --author= with empty value is a usage error
test (18)	Coverage report (informational, not a gate)	2026-08-20T02:24:22.3612622Z   ---
test (18)	Coverage report (informational, not a gate)	2026-08-20T02:24:22.3613172Z   duration_ms: 0.156964
test (18)	Coverage report (informational, not a gate)	2026-08-20T02:24:22.3613923Z   ...
test (18)	Coverage report (informational, not a gate)	2026-08-20T02:24:22.3615121Z # Subtest: a bare positional argument (not a flag) is a usage error
test (18)	Coverage report (informational, not a gate)	2026-08-20T02:24:22.3616340Z ok 23 - a bare positional argument (not a flag) is a usage error
test (18)	Coverage report (informational, not a gate)	2026-08-20T02:24:22.3617614Z   ---
test (18)	Coverage report (informational, not a gate)	2026-08-20T02:24:22.3618234Z   duration_ms: 0.148929
test (18)	Coverage report (informational, not a gate)	2026-08-20T02:24:22.3618917Z   ...
test (18)	Coverage report (informational, not a gate)	2026-08-20T02:24:22.3619734Z # Subtest: parseArgs never throws on malformed input
test (18)	Coverage report (informational, not a gate)	2026-08-20T02:24:22.3620789Z ok 24 - parseArgs never throws on malformed input
test (18)	Coverage report (informational, not a gate)	2026-08-20T02:24:22.3621627Z   ---
test (18)	Coverage report (informational, not a gate)	2026-08-20T02:24:22.3622238Z   duration_ms: 0.450163
test (18)	Coverage report (informational, not a gate)	2026-08-20T02:24:22.3622912Z   ...
test (18)	Coverage report (informational, not a gate)	2026-08-20T02:24:22.3623744Z # Subtest: absent options are undefined/false, never null
test (18)	Coverage report (informational, not a gate)	2026-08-20T02:24:22.3625086Z ok 25 - absent options are undefined/false, never null
test (18)	Coverage report (informational, not a gate)	2026-08-20T02:24:22.3625928Z   ---
test (18)	Coverage report (informational, not a gate)	2026-08-20T02:24:22.3626565Z   duration_ms: 0.200736
test (18)	Coverage report (informational, not a gate)	2026-08-20T02:24:22.3627261Z   ...
test (18)	Coverage report (informational, not a gate)	2026-08-20T02:24:22.3628177Z # Subtest: HELP is a non-empty string mentioning every flag name
test (18)	Coverage report (informational, not a gate)	2026-08-20T02:24:22.3635367Z ok 26 - HELP is a non-empty string mentioning every flag name
test (18)	Coverage report (informational, not a gate)	2026-08-20T02:24:22.3636221Z   ---
test (18)	Coverage report (informational, not a gate)	2026-08-20T02:24:22.3636792Z   duration_ms: 0.285384
test (18)	Coverage report (informational, not a gate)	2026-08-20T02:24:22.3637388Z   ...
test (18)	Coverage report (informational, not a gate)	2026-08-20T02:24:22.3638271Z # Subtest: HELP fits comfortably on one 24-line terminal screen
test (18)	Coverage report (informational, not a gate)	2026-08-20T02:24:22.3639405Z ok 27 - HELP fits comfortably on one 24-line terminal screen
test (18)	Coverage report (informational, not a gate)	2026-08-20T02:24:22.3640301Z   ---
test (18)	Coverage report (informational, not a gate)	2026-08-20T02:24:22.3640938Z   duration_ms: 0.179256
test (18)	Coverage report (informational, not a gate)	2026-08-20T02:24:22.3641597Z   ...
test (18)	Coverage report (informational, not a gate)	2026-08-20T02:24:22.3642610Z # Subtest: --seed Infinity / --seed -Infinity parse to numbers, not a usage error
test (18)	Coverage report (informational, not a gate)	2026-08-20T02:24:22.3644595Z ok 28 - --seed Infinity / --seed -Infinity parse to numbers, not a usage error
test (18)	Coverage report (informational, not a gate)	2026-08-20T02:24:22.3645583Z   ---
test (18)	Coverage report (informational, not a gate)	2026-08-20T02:24:22.3646159Z   duration_ms: 0.222216
test (18)	Coverage report (informational, not a gate)	2026-08-20T02:24:22.3646744Z   ...
test (18)	Coverage report (informational, not a gate)	2026-08-20T02:24:26.3282151Z # Subtest: bare invocation prints one attributed aphorism and exits 0
test (18)	Coverage report (informational, not a gate)	2026-08-20T02:24:26.3283788Z ok 29 - bare invocation prints one attributed aphorism and exits 0
test (18)	Coverage report (informational, not a gate)	2026-08-20T02:24:26.3284821Z   ---
test (18)	Coverage report (informational, not a gate)	2026-08-20T02:24:26.3285123Z   duration_ms: 54.024265
test (18)	Coverage report (informational, not a gate)	2026-08-20T02:24:26.3285425Z   ...
test (18)	Coverage report (informational, not a gate)	2026-08-20T02:24:26.3288029Z # Subtest: --seed is deterministic across separate processes
test (18)	Coverage report (informational, not a gate)	2026-08-20T02:24:26.3290507Z ok 30 - --seed is deterministic across separate processes
test (18)	Coverage report (informational, not a gate)	2026-08-20T02:24:26.3292683Z   ---
test (18)	Coverage report (informational, not a gate)	2026-08-20T02:24:26.3292995Z   duration_ms: 93.124678
test (18)	Coverage report (informational, not a gate)	2026-08-20T02:24:26.3293289Z   ...
test (18)	Coverage report (informational, not a gate)	2026-08-20T02:24:26.3298062Z # Subtest: different seeds do not all collapse to one aphorism
test (18)	Coverage report (informational, not a gate)	2026-08-20T02:24:26.3300533Z ok 31 - different seeds do not all collapse to one aphorism
test (18)	Coverage report (informational, not a gate)	2026-08-20T02:24:26.3301534Z   ---
test (18)	Coverage report (informational, not a gate)	2026-08-20T02:24:26.3301899Z   duration_ms: 622.479603
test (18)	Coverage report (informational, not a gate)	2026-08-20T02:24:26.3302306Z   ...
test (18)	Coverage report (informational, not a gate)	2026-08-20T02:24:26.3305508Z # Subtest: --json emits a single-line JSON object with text/author/tags
test (18)	Coverage report (informational, not a gate)	2026-08-20T02:24:26.3307036Z ok 32 - --json emits a single-line JSON object with text/author/tags
test (18)	Coverage report (informational, not a gate)	2026-08-20T02:24:26.3307854Z   ---
test (18)	Coverage report (informational, not a gate)	2026-08-20T02:24:26.3308206Z   duration_ms: 42.163206
test (18)	Coverage report (informational, not a gate)	2026-08-20T02:24:26.3308583Z   ...
test (18)	Coverage report (informational, not a gate)	2026-08-20T02:24:26.3311573Z # Subtest: --list prints every entry in the filtered set
test (18)	Coverage report (informational, not a gate)	2026-08-20T02:24:26.3313306Z ok 33 - --list prints every entry in the filtered set
test (18)	Coverage report (informational, not a gate)	2026-08-20T02:24:26.3314018Z   ---
test (18)	Coverage report (informational, not a gate)	2026-08-20T02:24:26.3314630Z   duration_ms: 50.182133
test (18)	Coverage report (informational, not a gate)	2026-08-20T02:24:26.3315025Z   ...
test (18)	Coverage report (informational, not a gate)	2026-08-20T02:24:26.3318030Z # Subtest: --help prints usage to stdout and exits 0
test (18)	Coverage report (informational, not a gate)	2026-08-20T02:24:26.3337658Z ok 34 - --help prints usage to stdout and exits 0
test (18)	Coverage report (informational, not a gate)	2026-08-20T02:24:26.3346380Z   ---
test (18)	Coverage report (informational, not a gate)	2026-08-20T02:24:26.3374699Z   duration_ms: 42.025959
test (18)	Coverage report (informational, not a gate)	2026-08-20T02:24:26.3394605Z   ...
test (18)	Coverage report (informational, not a gate)	2026-08-20T02:24:26.3395325Z # Subtest: no match exits 1 with stderr only and zero bytes on stdout
test (18)	Coverage report (informational, not a gate)	2026-08-20T02:24:26.3396266Z ok 35 - no match exits 1 with stderr only and zero bytes on stdout
test (18)	Coverage report (informational, not a gate)	2026-08-20T02:24:26.3397087Z   ---
test (18)	Coverage report (informational, not a gate)	2026-08-20T02:24:26.3397441Z   duration_ms: 40.914997
test (18)	Coverage report (informational, not a gate)	2026-08-20T02:24:26.3397855Z   ...
test (18)	Coverage report (informational, not a gate)	2026-08-20T02:24:26.3398479Z # Subtest: unknown flag is a usage error, exit 2, stdout clean
test (18)	Coverage report (informational, not a gate)	2026-08-20T02:24:26.3399349Z ok 36 - unknown flag is a usage error, exit 2, stdout clean
test (18)	Coverage report (informational, not a gate)	2026-08-20T02:24:26.3399932Z   ---
test (18)	Coverage report (informational, not a gate)	2026-08-20T02:24:26.3400292Z   duration_ms: 40.798453
test (18)	Coverage report (informational, not a gate)	2026-08-20T02:24:26.3401097Z   ...
test (18)	Coverage report (informational, not a gate)	2026-08-20T02:24:26.3401659Z # Subtest: non-numeric seed is a usage error, exit 2
test (18)	Coverage report (informational, not a gate)	2026-08-20T02:24:26.3402485Z ok 37 - non-numeric seed is a usage error, exit 2
test (18)	Coverage report (informational, not a gate)	2026-08-20T02:24:26.3403025Z   ---
test (18)	Coverage report (informational, not a gate)	2026-08-20T02:24:26.3418667Z   duration_ms: 40.618752
test (18)	Coverage report (informational, not a gate)	2026-08-20T02:24:26.3419263Z   ...
test (18)	Coverage report (informational, not a gate)	2026-08-20T02:24:26.3420021Z # Subtest: author filter is case-insensitive and narrows the list
test (18)	Coverage report (informational, not a gate)	2026-08-20T02:24:26.3420991Z ok 38 - author filter is case-insensitive and narrows the list
test (18)	Coverage report (informational, not a gate)	2026-08-20T02:24:26.3421541Z   ---
test (18)	Coverage report (informational, not a gate)	2026-08-20T02:24:26.3421989Z   duration_ms: 85.175804
test (18)	Coverage report (informational, not a gate)	2026-08-20T02:24:26.3422494Z   ...
test (18)	Coverage report (informational, not a gate)	2026-08-20T02:24:26.3423373Z # Subtest: output is pipe-safe — no ANSI escapes when not a TTY
test (18)	Coverage report (informational, not a gate)	2026-08-20T02:24:26.3424497Z ok 39 - output is pipe-safe — no ANSI escapes when not a TTY
test (18)	Coverage report (informational, not a gate)	2026-08-20T02:24:26.3425258Z   ---
test (18)	Coverage report (informational, not a gate)	2026-08-20T02:24:26.3435405Z   duration_ms: 41.085559
test (18)	Coverage report (informational, not a gate)	2026-08-20T02:24:26.3436127Z   ...
test (18)	Coverage report (informational, not a gate)	2026-08-20T02:24:26.3437220Z # Subtest: --tag matches membership, not substring containment
test (18)	Coverage report (informational, not a gate)	2026-08-20T02:24:26.3438596Z ok 40 - --tag matches membership, not substring containment
test (18)	Coverage report (informational, not a gate)	2026-08-20T02:24:26.3439391Z   ---
test (18)	Coverage report (informational, not a gate)	2026-08-20T02:24:26.3439949Z   duration_ms: 78.586088
test (18)	Coverage report (informational, not a gate)	2026-08-20T02:24:26.3440552Z   ...
test (18)	Coverage report (informational, not a gate)	2026-08-20T02:24:26.3441413Z # Subtest: --list prints exactly one line per matching entry, no drops
test (18)	Coverage report (informational, not a gate)	2026-08-20T02:24:26.3442564Z ok 41 - --list prints exactly one line per matching entry, no drops
test (18)	Coverage report (informational, not a gate)	2026-08-20T02:24:26.3443671Z   ---
test (18)	Coverage report (informational, not a gate)	2026-08-20T02:24:26.3444488Z   duration_ms: 40.125852
test (18)	Coverage report (informational, not a gate)	2026-08-20T02:24:26.3445216Z   ...
test (18)	Coverage report (informational, not a gate)	2026-08-20T02:24:26.3446314Z # Subtest: --list preserves corpus order (first and last line match)
test (18)	Coverage report (informational, not a gate)	2026-08-20T02:24:26.3447517Z ok 42 - --list preserves corpus order (first and last line match)
test (18)	Coverage report (informational, not a gate)	2026-08-20T02:24:26.3448404Z   ---
test (18)	Coverage report (informational, not a gate)	2026-08-20T02:24:26.3448969Z   duration_ms: 41.112618
test (18)	Coverage report (informational, not a gate)	2026-08-20T02:24:26.3449555Z   ...
test (18)	Coverage report (informational, not a gate)	2026-08-20T02:24:26.3450428Z # Subtest: --json output is exactly one line, never pretty-printed
test (18)	Coverage report (informational, not a gate)	2026-08-20T02:24:26.3451585Z ok 43 - --json output is exactly one line, never pretty-printed
test (18)	Coverage report (informational, not a gate)	2026-08-20T02:24:26.3452406Z   ---
test (18)	Coverage report (informational, not a gate)	2026-08-20T02:24:26.3452954Z   duration_ms: 40.418761
test (18)	Coverage report (informational, not a gate)	2026-08-20T02:24:26.3453594Z   ...
test (18)	Coverage report (informational, not a gate)	2026-08-20T02:24:26.3454945Z # Subtest: --list --json emits newline-delimited JSON, one object per line, in corpus order
test (18)	Coverage report (informational, not a gate)	2026-08-20T02:24:26.3456536Z ok 44 - --list --json emits newline-delimited JSON, one object per line, in corpus order
test (18)	Coverage report (informational, not a gate)	2026-08-20T02:24:26.3457636Z   ---
test (18)	Coverage report (informational, not a gate)	2026-08-20T02:24:26.3458234Z   duration_ms: 41.261731
test (18)	Coverage report (informational, not a gate)	2026-08-20T02:24:26.3458842Z   ...
test (18)	Coverage report (informational, not a gate)	2026-08-20T02:24:26.3460152Z # Subtest: --json composes with --seed: the seeded JSON pick is reproducible AND is the same entry as the plain-text pick
test (18)	Coverage report (informational, not a gate)	2026-08-20T02:24:26.3462125Z ok 45 - --json composes with --seed: the seeded JSON pick is reproducible AND is the same entry as the plain-text pick
test (18)	Coverage report (informational, not a gate)	2026-08-20T02:24:26.3463356Z   ---
test (18)	Coverage report (informational, not a gate)	2026-08-20T02:24:26.3463936Z   duration_ms: 714.649213
test (18)	Coverage report (informational, not a gate)	2026-08-20T02:24:26.3464842Z   ...
test (18)	Coverage report (informational, not a gate)	2026-08-20T02:24:26.3466016Z # Subtest: --json composes with the filter flags: the JSON pick is always a member of the FILTERED set
test (18)	Coverage report (informational, not a gate)	2026-08-20T02:24:26.3467425Z ok 46 - --json composes with the filter flags: the JSON pick is always a member of the FILTERED set
test (18)	Coverage report (informational, not a gate)	2026-08-20T02:24:26.3468162Z   ---
test (18)	Coverage report (informational, not a gate)	2026-08-20T02:24:26.3468776Z   duration_ms: 955.766417
test (18)	Coverage report (informational, not a gate)	2026-08-20T02:24:26.3469436Z   ...
test (18)	Coverage report (informational, not a gate)	2026-08-20T02:24:26.3470670Z # Subtest: --list accepts a valid --seed and IGNORES it: output is byte-identical across seeds
test (18)	Coverage report (informational, not a gate)	2026-08-20T02:24:26.3472308Z ok 47 - --list accepts a valid --seed and IGNORES it: output is byte-identical across seeds
test (18)	Coverage report (informational, not a gate)	2026-08-20T02:24:26.3473492Z   ---
test (18)	Coverage report (informational, not a gate)	2026-08-20T02:24:26.3474395Z   duration_ms: 397.734138
test (18)	Coverage report (informational, not a gate)	2026-08-20T02:24:26.3475156Z   ...
test (18)	Coverage report (informational, not a gate)	2026-08-20T02:24:26.3476279Z # Subtest: --list --seed abc is a usage error, exit 2, stdout empty, stderr carries the diagnostic
test (18)	Coverage report (informational, not a gate)	2026-08-20T02:24:26.3477901Z ok 48 - --list --seed abc is a usage error, exit 2, stdout empty, stderr carries the diagnostic
test (18)	Coverage report (informational, not a gate)	2026-08-20T02:24:26.3478875Z   ---
test (18)	Coverage report (informational, not a gate)	2026-08-20T02:24:26.3479474Z   duration_ms: 39.769106
test (18)	Coverage report (informational, not a gate)	2026-08-20T02:24:26.3480122Z   ...
test (18)	Coverage report (informational, not a gate)	2026-08-20T02:24:26.3481659Z # Subtest: --seed abc --list (erroring flag BEFORE --list) is still a usage error, exit 2, stdout empty
test (18)	Coverage report (informational, not a gate)	2026-08-20T02:24:26.3483392Z ok 49 - --seed abc --list (erroring flag BEFORE --list) is still a usage error, exit 2, stdout empty
test (18)	Coverage report (informational, not a gate)	2026-08-20T02:24:26.3484762Z   ---
test (18)	Coverage report (informational, not a gate)	2026-08-20T02:24:26.3485382Z   duration_ms: 39.470192
test (18)	Coverage report (informational, not a gate)	2026-08-20T02:24:26.3486041Z   ...
test (18)	Coverage report (informational, not a gate)	2026-08-20T02:24:26.3487064Z # Subtest: --list --seed=  (empty seed value) is a usage error, exit 2, stdout empty
test (18)	Coverage report (informational, not a gate)	2026-08-20T02:24:26.3488458Z ok 50 - --list --seed=  (empty seed value) is a usage error, exit 2, stdout empty
test (18)	Coverage report (informational, not a gate)	2026-08-20T02:24:26.3489418Z   ---
test (18)	Coverage report (informational, not a gate)	2026-08-20T02:24:26.3490011Z   duration_ms: 39.201072
test (18)	Coverage report (informational, not a gate)	2026-08-20T02:24:26.3490666Z   ...
test (18)	Coverage report (informational, not a gate)	2026-08-20T02:24:26.3491793Z # Subtest: --list --seed "   " (whitespace-only seed value) is a usage error, exit 2, stdout empty
test (18)	Coverage report (informational, not a gate)	2026-08-20T02:24:26.3493421Z ok 51 - --list --seed "   " (whitespace-only seed value) is a usage error, exit 2, stdout empty
test (18)	Coverage report (informational, not a gate)	2026-08-20T02:24:26.3494729Z   ---
test (18)	Coverage report (informational, not a gate)	2026-08-20T02:24:26.3495357Z   duration_ms: 39.37805
test (18)	Coverage report (informational, not a gate)	2026-08-20T02:24:26.3496008Z   ...
test (18)	Coverage report (informational, not a gate)	2026-08-20T02:24:26.3497518Z # Subtest: --list --nosuchflag (unknown flag) is a usage error, exit 2, stdout empty — --list does not swallow it
test (18)	Coverage report (informational, not a gate)	2026-08-20T02:24:26.3499811Z ok 52 - --list --nosuchflag (unknown flag) is a usage error, exit 2, stdout empty — --list does not swallow it
test (18)	Coverage report (informational, not a gate)	2026-08-20T02:24:26.3501281Z   ---
test (18)	Coverage report (informational, not a gate)	2026-08-20T02:24:26.3501863Z   duration_ms: 39.396246
test (18)	Coverage report (informational, not a gate)	2026-08-20T02:24:26.3502490Z   ...
test (18)	Coverage report (informational, not a gate)	2026-08-20T02:24:26.3503778Z # Subtest: --nosuchflag --list (unknown flag BEFORE --list) is still a usage error, exit 2, stdout empty
test (18)	Coverage report (informational, not a gate)	2026-08-20T02:24:26.3505521Z ok 53 - --nosuchflag --list (unknown flag BEFORE --list) is still a usage error, exit 2, stdout empty
test (18)	Coverage report (informational, not a gate)	2026-08-20T02:24:26.3506318Z   ---
test (18)	Coverage report (informational, not a gate)	2026-08-20T02:24:26.3506644Z   duration_ms: 39.768783
test (18)	Coverage report (informational, not a gate)	2026-08-20T02:24:26.3507010Z   ...
test (18)	Coverage report (informational, not a gate)	2026-08-20T02:24:26.3507913Z # Subtest: plain single-pick output is TWO lines: text, newline, four-space indent, EM DASH, space, author
test (18)	Coverage report (informational, not a gate)	2026-08-20T02:24:26.3509309Z ok 54 - plain single-pick output is TWO lines: text, newline, four-space indent, EM DASH, space, author
test (18)	Coverage report (informational, not a gate)	2026-08-20T02:24:26.3510080Z   ---
test (18)	Coverage report (informational, not a gate)	2026-08-20T02:24:26.3510407Z   duration_ms: 40.268129
test (18)	Coverage report (informational, not a gate)	2026-08-20T02:24:26.3510778Z   ...
test (18)	Coverage report (informational, not a gate)	2026-08-20T02:24:26.3511338Z # Subtest: --seed Infinity and --seed -Infinity (typed as CLI strings) are accepted and deterministic
test (18)	Coverage report (informational, not a gate)	2026-08-20T02:24:26.3512099Z ok 55 - --seed Infinity and --seed -Infinity (typed as CLI strings) are accepted and deterministic
test (18)	Coverage report (informational, not a gate)	2026-08-20T02:24:26.3512543Z   ---
test (18)	Coverage report (informational, not a gate)	2026-08-20T02:24:26.3512739Z   duration_ms: 161.048629
test (18)	Coverage report (informational, not a gate)	2026-08-20T02:24:26.3512960Z   ...
test (18)	Coverage report (informational, not a gate)	2026-08-20T02:24:26.3513435Z # Subtest: --list with a filter that matches nothing is STILL exit 1, stderr only, stdout empty
test (18)	Coverage report (informational, not a gate)	2026-08-20T02:24:26.3514482Z ok 56 - --list with a filter that matches nothing is STILL exit 1, stderr only, stdout empty
test (18)	Coverage report (informational, not a gate)	2026-08-20T02:24:26.3515169Z   ---
test (18)	Coverage report (informational, not a gate)	2026-08-20T02:24:26.3515455Z   duration_ms: 79.390032
test (18)	Coverage report (informational, not a gate)	2026-08-20T02:24:26.3515698Z   ...
test (18)	Coverage report (informational, not a gate)	2026-08-20T02:24:26.3516309Z # Subtest: --tag "" (bare empty-string value) matches nothing: whole-tag equality against the literal "" is not a filter no-op
test (18)	Coverage report (informational, not a gate)	2026-08-20T02:24:26.3517235Z ok 57 - --tag "" (bare empty-string value) matches nothing: whole-tag equality against the literal "" is not a filter no-op
test (18)	Coverage report (informational, not a gate)	2026-08-20T02:24:26.3517746Z   ---
test (18)	Coverage report (informational, not a gate)	2026-08-20T02:24:26.3517935Z   duration_ms: 39.527171
test (18)	Coverage report (informational, not a gate)	2026-08-20T02:24:26.3518154Z   ...
test (18)	Coverage report (informational, not a gate)	2026-08-20T02:24:26.5211585Z # Subtest: --list | true: exits quietly, zero stderr, no crash banner
test (18)	Coverage report (informational, not a gate)	2026-08-20T02:24:26.5212648Z ok 58 - --list | true: exits quietly, zero stderr, no crash banner
test (18)	Coverage report (informational, not a gate)	2026-08-20T02:24:26.5213586Z   ---
test (18)	Coverage report (informational, not a gate)	2026-08-20T02:24:26.5213862Z   duration_ms: 69.49206
test (18)	Coverage report (informational, not a gate)	2026-08-20T02:24:26.5214560Z   ...
test (18)	Coverage report (informational, not a gate)	2026-08-20T02:24:26.5216070Z # Subtest: | true (no --list, single aphorism): exits quietly, zero stderr
test (18)	Coverage report (informational, not a gate)	2026-08-20T02:24:26.5217685Z ok 59 - | true (no --list, single aphorism): exits quietly, zero stderr
test (18)	Coverage report (informational, not a gate)	2026-08-20T02:24:26.5218471Z   ---
test (18)	Coverage report (informational, not a gate)	2026-08-20T02:24:26.5218894Z   duration_ms: 62.861517
test (18)	Coverage report (informational, not a gate)	2026-08-20T02:24:26.5219692Z   ...
test (18)	Coverage report (informational, not a gate)	2026-08-20T02:24:26.5220444Z # Subtest: --list | head -0: exits quietly, zero stderr, no crash banner
test (18)	Coverage report (informational, not a gate)	2026-08-20T02:24:26.5221603Z ok 60 - --list | head -0: exits quietly, zero stderr, no crash banner
test (18)	Coverage report (informational, not a gate)	2026-08-20T02:24:26.5222290Z   ---
test (18)	Coverage report (informational, not a gate)	2026-08-20T02:24:26.5222674Z   duration_ms: 45.702158
test (18)	Coverage report (informational, not a gate)	2026-08-20T02:24:26.5223109Z   ...
test (18)	Coverage report (informational, not a gate)	2026-08-20T02:24:26.5224367Z # Subtest: --list | /nonexistent-cmd-xyz: no crash banner from the CLI itself
test (18)	Coverage report (informational, not a gate)	2026-08-20T02:24:26.5225863Z ok 61 - --list | /nonexistent-cmd-xyz: no crash banner from the CLI itself
test (18)	Coverage report (informational, not a gate)	2026-08-20T02:24:26.5226608Z   ---
test (18)	Coverage report (informational, not a gate)	2026-08-20T02:24:26.5226989Z   duration_ms: 62.034612
test (18)	Coverage report (informational, not a gate)	2026-08-20T02:24:26.5227422Z   ...
test (18)	Coverage report (informational, not a gate)	2026-08-20T02:24:26.5228540Z # Subtest: non-EPIPE stdout write failure: reported, not silent, not exit 1, no stack trace
test (18)	Coverage report (informational, not a gate)	2026-08-20T02:24:26.5229843Z ok 62 - non-EPIPE stdout write failure: reported, not silent, not exit 1, no stack trace
test (18)	Coverage report (informational, not a gate)	2026-08-20T02:24:26.5230549Z   ---
test (18)	Coverage report (informational, not a gate)	2026-08-20T02:24:26.5230864Z   duration_ms: 56.344743
test (18)	Coverage report (informational, not a gate)	2026-08-20T02:24:26.5231233Z   ...
test (18)	Coverage report (informational, not a gate)	2026-08-20T02:24:26.5232106Z # Subtest: usage error survives a closed stderr reader: still exits 2, not clobbered to 1
test (18)	Coverage report (informational, not a gate)	2026-08-20T02:24:26.5233506Z ok 63 - usage error survives a closed stderr reader: still exits 2, not clobbered to 1
test (18)	Coverage report (informational, not a gate)	2026-08-20T02:24:26.5234361Z   ---
test (18)	Coverage report (informational, not a gate)	2026-08-20T02:24:26.5234689Z   duration_ms: 158.734794
test (18)	Coverage report (informational, not a gate)	2026-08-20T02:24:26.5235062Z   ...
test (18)	Coverage report (informational, not a gate)	2026-08-20T02:24:26.5236420Z # Subtest: no-match exit code survives a closed stderr reader: still exits 1, not misreported
test (18)	Coverage report (informational, not a gate)	2026-08-20T02:24:26.5237639Z ok 64 - no-match exit code survives a closed stderr reader: still exits 1, not misreported
test (18)	Coverage report (informational, not a gate)	2026-08-20T02:24:26.5238353Z   ---
test (18)	Coverage report (informational, not a gate)	2026-08-20T02:24:26.5238671Z   duration_ms: 134.388931
test (18)	Coverage report (informational, not a gate)	2026-08-20T02:24:26.5239064Z   ...
test (18)	Coverage report (informational, not a gate)	2026-08-20T02:24:26.5265313Z # Subtest: non-EPIPE stderr write failure: not silent, not the earned exit code, no stack trace
test (18)	Coverage report (informational, not a gate)	2026-08-20T02:24:26.5269568Z ok 65 - non-EPIPE stderr write failure: not silent, not the earned exit code, no stack trace
test (18)	Coverage report (informational, not a gate)	2026-08-20T02:24:26.5270681Z   ---
test (18)	Coverage report (informational, not a gate)	2026-08-20T02:24:26.5271301Z   duration_ms: 59.046379
test (18)	Coverage report (informational, not a gate)	2026-08-20T02:24:26.5271747Z   ...
test (18)	Coverage report (informational, not a gate)	2026-08-20T02:24:26.5272378Z # Subtest: control: --list | head -1 stays completely clean
test (18)	Coverage report (informational, not a gate)	2026-08-20T02:24:26.5273220Z ok 66 - control: --list | head -1 stays completely clean
test (18)	Coverage report (informational, not a gate)	2026-08-20T02:24:26.5273783Z   ---
test (18)	Coverage report (informational, not a gate)	2026-08-20T02:24:26.5274376Z   duration_ms: 41.887681
test (18)	Coverage report (informational, not a gate)	2026-08-20T02:24:26.5274876Z   ...
test (18)	Coverage report (informational, not a gate)	2026-08-20T02:24:26.5275477Z # Subtest: control: --list | head -5 stays completely clean
test (18)	Coverage report (informational, not a gate)	2026-08-20T02:24:26.5276324Z ok 67 - control: --list | head -5 stays completely clean
test (18)	Coverage report (informational, not a gate)	2026-08-20T02:24:26.5276880Z   ---
test (18)	Coverage report (informational, not a gate)	2026-08-20T02:24:26.5277228Z   duration_ms: 42.344599
test (18)	Coverage report (informational, not a gate)	2026-08-20T02:24:26.5277621Z   ...
test (18)	Coverage report (informational, not a gate)	2026-08-20T02:24:26.5278196Z # Subtest: control: --list | sed 1q stays completely clean
test (18)	Coverage report (informational, not a gate)	2026-08-20T02:24:26.5278992Z ok 68 - control: --list | sed 1q stays completely clean
test (18)	Coverage report (informational, not a gate)	2026-08-20T02:24:26.5279543Z   ---
test (18)	Coverage report (informational, not a gate)	2026-08-20T02:24:26.5279894Z   duration_ms: 41.879165
test (18)	Coverage report (informational, not a gate)	2026-08-20T02:24:26.5280284Z   ...
test (18)	Coverage report (informational, not a gate)	2026-08-20T02:24:26.5280903Z # Subtest: control: --list | grep -q . stays completely clean
test (18)	Coverage report (informational, not a gate)	2026-08-20T02:24:26.5281749Z ok 69 - control: --list | grep -q . stays completely clean
test (18)	Coverage report (informational, not a gate)	2026-08-20T02:24:26.5282320Z   ---
test (18)	Coverage report (informational, not a gate)	2026-08-20T02:24:26.5282670Z   duration_ms: 41.857682
test (18)	Coverage report (informational, not a gate)	2026-08-20T02:24:26.5283076Z   ...
test (18)	Coverage report (informational, not a gate)	2026-08-20T02:24:26.5283609Z # Subtest: control: | wc -l stays completely clean
test (18)	Coverage report (informational, not a gate)	2026-08-20T02:24:26.5284557Z ok 70 - control: | wc -l stays completely clean
test (18)	Coverage report (informational, not a gate)	2026-08-20T02:24:26.5285085Z   ---
test (18)	Coverage report (informational, not a gate)	2026-08-20T02:24:26.5285433Z   duration_ms: 42.775235
test (18)	Coverage report (informational, not a gate)	2026-08-20T02:24:26.5285823Z   ...
test (18)	Coverage report (informational, not a gate)	2026-08-20T02:24:26.5286484Z # Subtest: control: --list --json | head -2 stays completely clean
test (18)	Coverage report (informational, not a gate)	2026-08-20T02:24:26.5287419Z ok 71 - control: --list --json | head -2 stays completely clean
test (18)	Coverage report (informational, not a gate)	2026-08-20T02:24:26.5288027Z   ---
test (18)	Coverage report (informational, not a gate)	2026-08-20T02:24:26.5288386Z   duration_ms: 42.870418
test (18)	Coverage report (informational, not a gate)	2026-08-20T02:24:26.5288782Z   ...
test (18)	Coverage report (informational, not a gate)	2026-08-20T02:24:26.5289480Z # Subtest: control: exit 1 / exit 2 stderr messages and codes are unchanged
test (18)	Coverage report (informational, not a gate)	2026-08-20T02:24:26.5290536Z ok 72 - control: exit 1 / exit 2 stderr messages and codes are unchanged
test (18)	Coverage report (informational, not a gate)	2026-08-20T02:24:26.5291484Z   ---
test (18)	Coverage report (informational, not a gate)	2026-08-20T02:24:26.5291835Z   duration_ms: 81.357795
test (18)	Coverage report (informational, not a gate)	2026-08-20T02:24:26.5292234Z   ...
test (18)	Coverage report (informational, not a gate)	2026-08-20T02:24:26.5293004Z # Subtest: control: a normal (non-full) stdout target still exits 0 with empty stderr
test (18)	Coverage report (informational, not a gate)	2026-08-20T02:24:26.5311735Z ok 73 - control: a normal (non-full) stdout target still exits 0 with empty stderr
test (18)	Coverage report (informational, not a gate)	2026-08-20T02:24:26.5312695Z   ---
test (18)	Coverage report (informational, not a gate)	2026-08-20T02:24:26.5313096Z   duration_ms: 81.899419
test (18)	Coverage report (informational, not a gate)	2026-08-20T02:24:26.5313498Z   ...
test (18)	Coverage report (informational, not a gate)	2026-08-20T02:24:26.5314000Z # Subtest: README tags must exist in corpus
test (18)	Coverage report (informational, not a gate)	2026-08-20T02:24:26.5314871Z ok 74 - README tags must exist in corpus
test (18)	Coverage report (informational, not a gate)	2026-08-20T02:24:26.5315371Z   ---
test (18)	Coverage report (informational, not a gate)	2026-08-20T02:24:26.5315739Z   duration_ms: 2.781448
test (18)	Coverage report (informational, not a gate)	2026-08-20T02:24:26.5316132Z   ...
test (18)	Coverage report (informational, not a gate)	2026-08-20T02:24:26.5316640Z # Subtest: README tag counts must match corpus
test (18)	Coverage report (informational, not a gate)	2026-08-20T02:24:26.5317319Z ok 75 - README tag counts must match corpus
test (18)	Coverage report (informational, not a gate)	2026-08-20T02:24:26.5317815Z   ---
test (18)	Coverage report (informational, not a gate)	2026-08-20T02:24:26.5318163Z   duration_ms: 0.686576
test (18)	Coverage report (informational, not a gate)	2026-08-20T02:24:26.5318583Z   ...
test (18)	Coverage report (informational, not a gate)	2026-08-20T02:24:26.5319145Z # Subtest: README must state total unique tags correctly
test (18)	Coverage report (informational, not a gate)	2026-08-20T02:24:26.5319937Z ok 76 - README must state total unique tags correctly
test (18)	Coverage report (informational, not a gate)	2026-08-20T02:24:26.5320482Z   ---
test (18)	Coverage report (informational, not a gate)	2026-08-20T02:24:26.5320826Z   duration_ms: 0.468828
test (18)	Coverage report (informational, not a gate)	2026-08-20T02:24:26.5321221Z   ...
test (18)	Coverage report (informational, not a gate)	2026-08-20T02:24:26.5321895Z # Subtest: README must correctly describe single-entry tag count
test (18)	Coverage report (informational, not a gate)	2026-08-20T02:24:26.5323094Z ok 77 - README must correctly describe single-entry tag count
test (18)	Coverage report (informational, not a gate)	2026-08-20T02:24:26.5323692Z   ---
test (18)	Coverage report (informational, not a gate)	2026-08-20T02:24:26.5324359Z   duration_ms: 0.460742
test (18)	Coverage report (informational, not a gate)	2026-08-20T02:24:26.5324766Z   ...
test (18)	Coverage report (informational, not a gate)	2026-08-20T02:24:26.5325297Z # Subtest: README must list all single-entry tags
test (18)	Coverage report (informational, not a gate)	2026-08-20T02:24:26.5326008Z ok 78 - README must list all single-entry tags
test (18)	Coverage report (informational, not a gate)	2026-08-20T02:24:26.5326517Z   ---
test (18)	Coverage report (informational, not a gate)	2026-08-20T02:24:26.5326860Z   duration_ms: 0.453199
test (18)	Coverage report (informational, not a gate)	2026-08-20T02:24:26.5327247Z   ...
test (18)	Coverage report (informational, not a gate)	2026-08-20T02:24:26.5328535Z # Subtest: README Tag vocabulary section carries a tag+entry sentence with a single-entry marker (token co-occurrence guard, not a meaning check)
test (18)	Coverage report (informational, not a gate)	2026-08-20T02:24:26.5330602Z ok 79 - README Tag vocabulary section carries a tag+entry sentence with a single-entry marker (token co-occurrence guard, not a meaning check)
test (18)	Coverage report (informational, not a gate)	2026-08-20T02:24:26.5331772Z   ---
test (18)	Coverage report (informational, not a gate)	2026-08-20T02:24:26.5332121Z   duration_ms: 2.125069
test (18)	Coverage report (informational, not a gate)	2026-08-20T02:24:26.5332501Z   ...
test (18)	Coverage report (informational, not a gate)	2026-08-20T02:24:26.5334005Z # Subtest: extractBandTablesFromReadme tolerates a prose sentence between a band heading and its table (T-025), without mis-attaching a table when the real one is missing
test (18)	Coverage report (informational, not a gate)	2026-08-20T02:24:26.5336642Z ok 80 - extractBandTablesFromReadme tolerates a prose sentence between a band heading and its table (T-025), without mis-attaching a table when the real one is missing
test (18)	Coverage report (informational, not a gate)	2026-08-20T02:24:26.5337372Z   ---
test (18)	Coverage report (informational, not a gate)	2026-08-20T02:24:26.5337571Z   duration_ms: 2.064505
test (18)	Coverage report (informational, not a gate)	2026-08-20T02:24:26.5337780Z   ...
test (18)	Coverage report (informational, not a gate)	2026-08-20T02:24:26.5338353Z # Subtest: extractBandTablesFromReadme does not let a band-shaped PROSE line steal a real heading's table (T-039)
test (18)	Coverage report (informational, not a gate)	2026-08-20T02:24:26.5339233Z ok 81 - extractBandTablesFromReadme does not let a band-shaped PROSE line steal a real heading's table (T-039)
test (18)	Coverage report (informational, not a gate)	2026-08-20T02:24:26.5339726Z   ---
test (18)	Coverage report (informational, not a gate)	2026-08-20T02:24:26.5339913Z   duration_ms: 0.270016
test (18)	Coverage report (informational, not a gate)	2026-08-20T02:24:26.5340120Z   ...
test (18)	Coverage report (informational, not a gate)	2026-08-20T02:24:26.5340633Z # Subtest: extractBandTablesFromReadme does not read a fenced example block as a second, real band table
test (18)	Coverage report (informational, not a gate)	2026-08-20T02:24:26.5341444Z ok 82 - extractBandTablesFromReadme does not read a fenced example block as a second, real band table
test (18)	Coverage report (informational, not a gate)	2026-08-20T02:24:26.5341905Z   ---
test (18)	Coverage report (informational, not a gate)	2026-08-20T02:24:26.5342092Z   duration_ms: 0.33661
test (18)	Coverage report (informational, not a gate)	2026-08-20T02:24:26.5342299Z   ...
test (18)	Coverage report (informational, not a gate)	2026-08-20T02:24:26.5343194Z # Subtest: extractBandTablesFromReadme's recognised bands account for every structural `| Tag | Count |` table -- a table under an unrecognised heading shape is a loud mismatch, not a silent miss
test (18)	Coverage report (informational, not a gate)	2026-08-20T02:24:26.5345507Z ok 83 - extractBandTablesFromReadme's recognised bands account for every structural `| Tag | Count |` table -- a table under an unrecognised heading shape is a loud mismatch, not a silent miss
test (18)	Coverage report (informational, not a gate)	2026-08-20T02:24:26.5347118Z   ---
test (18)	Coverage report (informational, not a gate)	2026-08-20T02:24:26.5347439Z   duration_ms: 0.442179
test (18)	Coverage report (informational, not a gate)	2026-08-20T02:24:26.5347814Z   ...
test (18)	Coverage report (informational, not a gate)	2026-08-20T02:24:26.5349140Z # Subtest: every `| Tag | Count |` table in the real README Tag vocabulary section is a recognised band table (no table may hide under an unrecognised heading shape)
test (18)	Coverage report (informational, not a gate)	2026-08-20T02:24:26.5351375Z ok 84 - every `| Tag | Count |` table in the real README Tag vocabulary section is a recognised band table (no table may hide under an unrecognised heading shape)
test (18)	Coverage report (informational, not a gate)	2026-08-20T02:24:26.5352560Z   ---
test (18)	Coverage report (informational, not a gate)	2026-08-20T02:24:26.5352928Z   duration_ms: 0.861403
test (18)	Coverage report (informational, not a gate)	2026-08-20T02:24:26.5353316Z   ...
test (18)	Coverage report (informational, not a gate)	2026-08-20T02:24:26.5354541Z # Subtest: every band table in README Tag vocabulary contains exactly the corpus tags whose count fits that band
test (18)	Coverage report (informational, not a gate)	2026-08-20T02:24:26.5356124Z ok 85 - every band table in README Tag vocabulary contains exactly the corpus tags whose count fits that band
test (18)	Coverage report (informational, not a gate)	2026-08-20T02:24:26.5357021Z   ---
test (18)	Coverage report (informational, not a gate)	2026-08-20T02:24:26.5357399Z   duration_ms: 0.572292
test (18)	Coverage report (informational, not a gate)	2026-08-20T02:24:26.5357784Z   ...
test (18)	Coverage report (informational, not a gate)	2026-08-20T02:24:26.5358963Z # Subtest: every corpus tag appearing on 2+ entries must have a row in some band table (no band table may be deleted wholesale) (T-019)
test (18)	Coverage report (informational, not a gate)	2026-08-20T02:24:26.5360819Z ok 86 - every corpus tag appearing on 2+ entries must have a row in some band table (no band table may be deleted wholesale) (T-019)
test (18)	Coverage report (informational, not a gate)	2026-08-20T02:24:26.5362173Z   ---
test (18)	Coverage report (informational, not a gate)	2026-08-20T02:24:26.5362535Z   duration_ms: 0.473948
test (18)	Coverage report (informational, not a gate)	2026-08-20T02:24:26.5362924Z   ...
test (18)	Coverage report (informational, not a gate)	2026-08-20T02:24:26.5364448Z # Subtest: extractBandTablesFromReadme derives a band's row count purely from its table, ignoring decoy "N tags" phrases in the heading line (T-024b)
test (18)	Coverage report (informational, not a gate)	2026-08-20T02:24:26.5366609Z ok 87 - extractBandTablesFromReadme derives a band's row count purely from its table, ignoring decoy "N tags" phrases in the heading line (T-024b)
test (18)	Coverage report (informational, not a gate)	2026-08-20T02:24:26.5367750Z   ---
test (18)	Coverage report (informational, not a gate)	2026-08-20T02:24:26.5368111Z   duration_ms: 0.265537
test (18)	Coverage report (informational, not a gate)	2026-08-20T02:24:26.5368492Z   ...
test (18)	Coverage report (informational, not a gate)	2026-08-20T02:24:26.5369525Z # Subtest: README opening sentence must state correct multi-entry and single-entry tag counts
test (18)	Coverage report (informational, not a gate)	2026-08-20T02:24:26.5371017Z ok 88 - README opening sentence must state correct multi-entry and single-entry tag counts
test (18)	Coverage report (informational, not a gate)	2026-08-20T02:24:26.5372181Z   ---
test (18)	Coverage report (informational, not a gate)	2026-08-20T02:24:26.5372792Z   duration_ms: 0.715089
test (18)	Coverage report (informational, not a gate)	2026-08-20T02:24:26.5373351Z   ...
test (18)	Coverage report (informational, not a gate)	2026-08-20T02:24:26.5374809Z # Subtest: README Tag vocabulary section must contain no unrecognised count-claim digits (J-5)
test (18)	Coverage report (informational, not a gate)	2026-08-20T02:24:26.5376372Z ok 89 - README Tag vocabulary section must contain no unrecognised count-claim digits (J-5)
test (18)	Coverage report (informational, not a gate)	2026-08-20T02:24:26.5377472Z   ---
test (18)	Coverage report (informational, not a gate)	2026-08-20T02:24:26.5378064Z   duration_ms: 1.809608
test (18)	Coverage report (informational, not a gate)	2026-08-20T02:24:26.5378625Z   ...
test (18)	Coverage report (informational, not a gate)	2026-08-20T02:24:26.5379879Z # Subtest: README Attribution table "Entries ranked" count must match corpus.length and the triage doc (C1)
test (18)	Coverage report (informational, not a gate)	2026-08-20T02:24:26.5381591Z ok 90 - README Attribution table "Entries ranked" count must match corpus.length and the triage doc (C1)
test (18)	Coverage report (informational, not a gate)	2026-08-20T02:24:26.5396233Z   ---
test (18)	Coverage report (informational, not a gate)	2026-08-20T02:24:26.5396684Z   duration_ms: 1.992741
test (18)	Coverage report (informational, not a gate)	2026-08-20T02:24:26.5397098Z   ...
test (18)	Coverage report (informational, not a gate)	2026-08-20T02:24:26.5398000Z # Subtest: README Attribution table "Rated HIGH risk" count must match the triage doc table (C2)
test (18)	Coverage report (informational, not a gate)	2026-08-20T02:24:26.5399359Z ok 91 - README Attribution table "Rated HIGH risk" count must match the triage doc table (C2)
test (18)	Coverage report (informational, not a gate)	2026-08-20T02:24:26.5400153Z   ---
test (18)	Coverage report (informational, not a gate)	2026-08-20T02:24:26.5400526Z   duration_ms: 0.770594
test (18)	Coverage report (informational, not a gate)	2026-08-20T02:24:26.5400988Z   ...
test (18)	Coverage report (informational, not a gate)	2026-08-20T02:24:26.5401856Z # Subtest: README Attribution section must contain no digit runs outside the counts table (C7)
test (18)	Coverage report (informational, not a gate)	2026-08-20T02:24:26.5403210Z ok 92 - README Attribution section must contain no digit runs outside the counts table (C7)
test (18)	Coverage report (informational, not a gate)	2026-08-20T02:24:26.5404009Z   ---
test (18)	Coverage report (informational, not a gate)	2026-08-20T02:24:26.5404560Z   duration_ms: 0.595375
test (18)	Coverage report (informational, not a gate)	2026-08-20T02:24:26.5404948Z   ...
test (18)	Coverage report (informational, not a gate)	2026-08-20T02:24:26.5405563Z # Subtest: README Layout section paths must exist on disk (C6)
test (18)	Coverage report (informational, not a gate)	2026-08-20T02:24:26.5406432Z ok 93 - README Layout section paths must exist on disk (C6)
test (18)	Coverage report (informational, not a gate)	2026-08-20T02:24:26.5407276Z   ---
test (18)	Coverage report (informational, not a gate)	2026-08-20T02:24:26.5407636Z   duration_ms: 0.922838
test (18)	Coverage report (informational, not a gate)	2026-08-20T02:24:26.5408015Z   ...
test (18)	Coverage report (informational, not a gate)	2026-08-20T02:24:26.5409061Z # Subtest: getListBehaviourSection tolerates a reformatted "--list behaviour" heading with no backticks (T-021)
test (18)	Coverage report (informational, not a gate)	2026-08-20T02:24:26.5410710Z ok 94 - getListBehaviourSection tolerates a reformatted "--list behaviour" heading with no backticks (T-021)
test (18)	Coverage report (informational, not a gate)	2026-08-20T02:24:26.5411650Z   ---
test (18)	Coverage report (informational, not a gate)	2026-08-20T02:24:26.5411997Z   duration_ms: 1.422844
test (18)	Coverage report (informational, not a gate)	2026-08-20T02:24:26.5412390Z   ...
test (18)	Coverage report (informational, not a gate)	2026-08-20T02:24:26.5413791Z # Subtest: getListBehaviourSection still fails on a SEPARATOR MISMATCH (not a heading-parse error) when a reformatted heading's literal is mutated (T-021)
test (18)	Coverage report (informational, not a gate)	2026-08-20T02:24:26.5416323Z ok 95 - getListBehaviourSection still fails on a SEPARATOR MISMATCH (not a heading-parse error) when a reformatted heading's literal is mutated (T-021)
test (18)	Coverage report (informational, not a gate)	2026-08-20T02:24:26.5417523Z   ---
test (18)	Coverage report (informational, not a gate)	2026-08-20T02:24:26.5417885Z   duration_ms: 0.497181
test (18)	Coverage report (informational, not a gate)	2026-08-20T02:24:26.5418270Z   ...
test (18)	Coverage report (informational, not a gate)	2026-08-20T02:24:26.5419417Z # Subtest: getListBehaviourSection reports ambiguity loudly instead of taking the first of two qualifying headings (T-021)
test (18)	Coverage report (informational, not a gate)	2026-08-20T02:24:26.5421201Z ok 96 - getListBehaviourSection reports ambiguity loudly instead of taking the first of two qualifying headings (T-021)
test (18)	Coverage report (informational, not a gate)	2026-08-20T02:24:26.5422189Z   ---
test (18)	Coverage report (informational, not a gate)	2026-08-20T02:24:26.5422625Z   duration_ms: 1.659216
test (18)	Coverage report (informational, not a gate)	2026-08-20T02:24:26.5423396Z   ...
test (18)	Coverage report (informational, not a gate)	2026-08-20T02:24:26.5424706Z # Subtest: getListBehaviourSection does not let "--list-only" satisfy the standalone `--list` token (T-021)
test (18)	Coverage report (informational, not a gate)	2026-08-20T02:24:26.5426256Z ok 97 - getListBehaviourSection does not let "--list-only" satisfy the standalone `--list` token (T-021)
test (18)	Coverage report (informational, not a gate)	2026-08-20T02:24:26.5427130Z   ---
test (18)	Coverage report (informational, not a gate)	2026-08-20T02:24:26.5427476Z   duration_ms: 0.43757
test (18)	Coverage report (informational, not a gate)	2026-08-20T02:24:26.5427866Z   ...
test (18)	Coverage report (informational, not a gate)	2026-08-20T02:24:26.5428815Z # Subtest: getListBehaviourSection tolerates the American spelling "behavior" in the heading (T-027)
test (18)	Coverage report (informational, not a gate)	2026-08-20T02:24:26.5430360Z ok 98 - getListBehaviourSection tolerates the American spelling "behavior" in the heading (T-027)
test (18)	Coverage report (informational, not a gate)	2026-08-20T02:24:26.5430893Z   ---
test (18)	Coverage report (informational, not a gate)	2026-08-20T02:24:26.5431095Z   duration_ms: 0.191468
test (18)	Coverage report (informational, not a gate)	2026-08-20T02:24:26.5431354Z   ...
test (18)	Coverage report (informational, not a gate)	2026-08-20T02:24:26.5432054Z # Subtest: getListBehaviourSection still fails on a SEPARATOR MISMATCH (not a heading-parse error) under an American-spelled heading (T-027)
test (18)	Coverage report (informational, not a gate)	2026-08-20T02:24:26.5433142Z ok 99 - getListBehaviourSection still fails on a SEPARATOR MISMATCH (not a heading-parse error) under an American-spelled heading (T-027)
test (18)	Coverage report (informational, not a gate)	2026-08-20T02:24:26.5433729Z   ---
test (18)	Coverage report (informational, not a gate)	2026-08-20T02:24:26.5433922Z   duration_ms: 0.282439
test (18)	Coverage report (informational, not a gate)	2026-08-20T02:24:26.5434689Z   ...
test (18)	Coverage report (informational, not a gate)	2026-08-20T02:24:26.5435662Z # Subtest: README `--list` format literal matches the shipped binary's actual --list output (T-017)
test (18)	Coverage report (informational, not a gate)	2026-08-20T02:24:26.5437076Z ok 100 - README `--list` format literal matches the shipped binary's actual --list output (T-017)
test (18)	Coverage report (informational, not a gate)	2026-08-20T02:24:26.5437892Z   ---
test (18)	Coverage report (informational, not a gate)	2026-08-20T02:24:26.5438251Z   duration_ms: 46.202074
test (18)	Coverage report (informational, not a gate)	2026-08-20T02:24:26.5438647Z   ...
test (18)	Coverage report (informational, not a gate)	2026-08-20T02:24:26.5439752Z # Subtest: README `--author` matching section must state the correct count of distinct corpus authors (Q-8)
test (18)	Coverage report (informational, not a gate)	2026-08-20T02:24:26.5441309Z ok 101 - README `--author` matching section must state the correct count of distinct corpus authors (Q-8)
test (18)	Coverage report (informational, not a gate)	2026-08-20T02:24:26.5442183Z   ---
test (18)	Coverage report (informational, not a gate)	2026-08-20T02:24:26.5442535Z   duration_ms: 0.490078
test (18)	Coverage report (informational, not a gate)	2026-08-20T02:24:26.5442926Z   ...
test (18)	Coverage report (informational, not a gate)	2026-08-20T02:24:26.5443403Z # Subtest: corpus has at least 40 entries
test (18)	Coverage report (informational, not a gate)	2026-08-20T02:24:26.5444029Z ok 102 - corpus has at least 40 entries
test (18)	Coverage report (informational, not a gate)	2026-08-20T02:24:26.5444769Z   ---
test (18)	Coverage report (informational, not a gate)	2026-08-20T02:24:26.5445115Z   duration_ms: 2.241767
test (18)	Coverage report (informational, not a gate)	2026-08-20T02:24:26.5445491Z   ...
test (18)	Coverage report (informational, not a gate)	2026-08-20T02:24:26.5446291Z # Subtest: every corpus entry has non-empty text, non-empty author, and an array of tags
test (18)	Coverage report (informational, not a gate)	2026-08-20T02:24:26.5447519Z ok 103 - every corpus entry has non-empty text, non-empty author, and an array of tags
test (18)	Coverage report (informational, not a gate)	2026-08-20T02:24:26.5448270Z   ---
test (18)	Coverage report (informational, not a gate)	2026-08-20T02:24:26.5448631Z   duration_ms: 0.35777
test (18)	Coverage report (informational, not a gate)	2026-08-20T02:24:26.5449016Z   ...
test (18)	Coverage report (informational, not a gate)	2026-08-20T02:24:26.5449547Z # Subtest: filter: author match is case-insensitive
test (18)	Coverage report (informational, not a gate)	2026-08-20T02:24:26.5450578Z ok 104 - filter: author match is case-insensitive
test (18)	Coverage report (informational, not a gate)	2026-08-20T02:24:26.5451111Z   ---
test (18)	Coverage report (informational, not a gate)	2026-08-20T02:24:26.5451459Z   duration_ms: 0.921496
test (18)	Coverage report (informational, not a gate)	2026-08-20T02:24:26.5451842Z   ...
test (18)	Coverage report (informational, not a gate)	2026-08-20T02:24:26.5452356Z # Subtest: filter: tag match is case-insensitive
test (18)	Coverage report (informational, not a gate)	2026-08-20T02:24:26.5453057Z ok 105 - filter: tag match is case-insensitive
test (18)	Coverage report (informational, not a gate)	2026-08-20T02:24:26.5453581Z   ---
test (18)	Coverage report (informational, not a gate)	2026-08-20T02:24:26.5453927Z   duration_ms: 0.26177
test (18)	Coverage report (informational, not a gate)	2026-08-20T02:24:26.5454536Z   ...
test (18)	Coverage report (informational, not a gate)	2026-08-20T02:24:26.5455250Z # Subtest: filter: author and tag together narrow to the intersection (AND)
test (18)	Coverage report (informational, not a gate)	2026-08-20T02:24:26.5456328Z ok 106 - filter: author and tag together narrow to the intersection (AND)
test (18)	Coverage report (informational, not a gate)	2026-08-20T02:24:26.5456998Z   ---
test (18)	Coverage report (informational, not a gate)	2026-08-20T02:24:26.5457347Z   duration_ms: 0.317905
test (18)	Coverage report (informational, not a gate)	2026-08-20T02:24:26.5457740Z   ...
test (18)	Coverage report (informational, not a gate)	2026-08-20T02:24:26.5458325Z # Subtest: filter: undefined/absent options do not filter
test (18)	Coverage report (informational, not a gate)	2026-08-20T02:24:26.5459147Z ok 107 - filter: undefined/absent options do not filter
test (18)	Coverage report (informational, not a gate)	2026-08-20T02:24:26.5459780Z   ---
test (18)	Coverage report (informational, not a gate)	2026-08-20T02:24:26.5460140Z   duration_ms: 0.184445
test (18)	Coverage report (informational, not a gate)	2026-08-20T02:24:26.5460534Z   ...
test (18)	Coverage report (informational, not a gate)	2026-08-20T02:24:26.5461299Z # Subtest: pick: same seed over the same candidates always returns the same element
test (18)	Coverage report (informational, not a gate)	2026-08-20T02:24:26.5462455Z ok 108 - pick: same seed over the same candidates always returns the same element
test (18)	Coverage report (informational, not a gate)	2026-08-20T02:24:26.5463155Z   ---
test (18)	Coverage report (informational, not a gate)	2026-08-20T02:24:26.5463734Z   duration_ms: 0.333895
test (18)	Coverage report (informational, not a gate)	2026-08-20T02:24:26.5464360Z   ...
test (18)	Coverage report (informational, not a gate)	2026-08-20T02:24:26.5465044Z # Subtest: pick: different seeds generally produce different results
test (18)	Coverage report (informational, not a gate)	2026-08-20T02:24:26.5466014Z ok 109 - pick: different seeds generally produce different results
test (18)	Coverage report (informational, not a gate)	2026-08-20T02:24:26.5466666Z   ---
test (18)	Coverage report (informational, not a gate)	2026-08-20T02:24:26.5467002Z   duration_ms: 0.217717
test (18)	Coverage report (informational, not a gate)	2026-08-20T02:24:26.5467385Z   ...
test (18)	Coverage report (informational, not a gate)	2026-08-20T02:24:26.5468104Z # Subtest: pick: undefined seed picks a valid member (random mode)
test (18)	Coverage report (informational, not a gate)	2026-08-20T02:24:26.5469085Z ok 110 - pick: undefined seed picks a valid member (random mode)
test (18)	Coverage report (informational, not a gate)	2026-08-20T02:24:26.5469707Z   ---
test (18)	Coverage report (informational, not a gate)	2026-08-20T02:24:26.5470055Z   duration_ms: 0.111379
test (18)	Coverage report (informational, not a gate)	2026-08-20T02:24:26.5470418Z   ...
test (18)	Coverage report (informational, not a gate)	2026-08-20T02:24:26.5471169Z # Subtest: pick: null seed also triggers random mode and returns a valid member
test (18)	Coverage report (informational, not a gate)	2026-08-20T02:24:26.5472316Z ok 111 - pick: null seed also triggers random mode and returns a valid member
test (18)	Coverage report (informational, not a gate)	2026-08-20T02:24:26.5473035Z   ---
test (18)	Coverage report (informational, not a gate)	2026-08-20T02:24:26.5473397Z   duration_ms: 0.172673
test (18)	Coverage report (informational, not a gate)	2026-08-20T02:24:26.5473799Z   ...
test (18)	Coverage report (informational, not a gate)	2026-08-20T02:24:26.5474675Z # Subtest: pick: throws RangeError on empty candidates array
test (18)	Coverage report (informational, not a gate)	2026-08-20T02:24:26.5475562Z ok 112 - pick: throws RangeError on empty candidates array
test (18)	Coverage report (informational, not a gate)	2026-08-20T02:24:26.5476156Z   ---
test (18)	Coverage report (informational, not a gate)	2026-08-20T02:24:26.5476525Z   duration_ms: 0.469629
test (18)	Coverage report (informational, not a gate)	2026-08-20T02:24:26.5476915Z   ...
test (18)	Coverage report (informational, not a gate)	2026-08-20T02:24:26.5477629Z # Subtest: pick: Infinity seed is deterministic and returns a valid member
test (18)	Coverage report (informational, not a gate)	2026-08-20T02:24:26.5478699Z ok 113 - pick: Infinity seed is deterministic and returns a valid member
test (18)	Coverage report (informational, not a gate)	2026-08-20T02:24:26.5479378Z   ---
test (18)	Coverage report (informational, not a gate)	2026-08-20T02:24:26.5479746Z   duration_ms: 1.013337
test (18)	Coverage report (informational, not a gate)	2026-08-20T02:24:26.5480156Z   ...
test (18)	Coverage report (informational, not a gate)	2026-08-20T02:24:26.5480853Z # Subtest: pick: -Infinity seed is deterministic and returns a valid member
test (18)	Coverage report (informational, not a gate)	2026-08-20T02:24:26.5481868Z ok 114 - pick: -Infinity seed is deterministic and returns a valid member
test (18)	Coverage report (informational, not a gate)	2026-08-20T02:24:26.5482506Z   ---
test (18)	Coverage report (informational, not a gate)	2026-08-20T02:24:26.5482826Z   duration_ms: 0.17093
test (18)	Coverage report (informational, not a gate)	2026-08-20T02:24:26.5483179Z   ...
test (18)	Coverage report (informational, not a gate)	2026-08-20T02:24:26.5483889Z # Subtest: pick: NaN seed still uses the random branch and returns a valid member
test (18)	Coverage report (informational, not a gate)	2026-08-20T02:24:26.5485242Z ok 115 - pick: NaN seed still uses the random branch and returns a valid member
test (18)	Coverage report (informational, not a gate)	2026-08-20T02:24:26.5485905Z   ---
test (18)	Coverage report (informational, not a gate)	2026-08-20T02:24:26.5486225Z   duration_ms: 0.113613
test (18)	Coverage report (informational, not a gate)	2026-08-20T02:24:26.5486585Z   ...
test (18)	Coverage report (informational, not a gate)	2026-08-20T02:24:26.5487295Z # Subtest: pick: finite seed determinism is unchanged by the non-finite-seed fix
test (18)	Coverage report (informational, not a gate)	2026-08-20T02:24:26.5488370Z ok 116 - pick: finite seed determinism is unchanged by the non-finite-seed fix
test (18)	Coverage report (informational, not a gate)	2026-08-20T02:24:26.5489012Z   ---
test (18)	Coverage report (informational, not a gate)	2026-08-20T02:24:26.5489329Z   duration_ms: 0.140382
test (18)	Coverage report (informational, not a gate)	2026-08-20T02:24:26.5489918Z   ...
test (18)	Coverage report (informational, not a gate)	2026-08-20T02:24:26.5490516Z # Subtest: pick: every candidate is REACHABLE by an unseeded draw
test (18)	Coverage report (informational, not a gate)	2026-08-20T02:24:26.5491380Z ok 117 - pick: every candidate is REACHABLE by an unseeded draw
test (18)	Coverage report (informational, not a gate)	2026-08-20T02:24:26.5491818Z   ---
test (18)	Coverage report (informational, not a gate)	2026-08-20T02:24:26.5492010Z   duration_ms: 1.681248
test (18)	Coverage report (informational, not a gate)	2026-08-20T02:24:26.5492218Z   ...
test (18)	Coverage report (informational, not a gate)	2026-08-20T02:24:26.5492643Z # Subtest: pick: unseeded draws split the interval EQUALLY across candidates (uniform)
test (18)	Coverage report (informational, not a gate)	2026-08-20T02:24:26.5493279Z ok 118 - pick: unseeded draws split the interval EQUALLY across candidates (uniform)
test (18)	Coverage report (informational, not a gate)	2026-08-20T02:24:26.5493664Z   ---
test (18)	Coverage report (informational, not a gate)	2026-08-20T02:24:26.5493845Z   duration_ms: 1.202241
test (18)	Coverage report (informational, not a gate)	2026-08-20T02:24:26.5494046Z   ...
test (18)	Coverage report (informational, not a gate)	2026-08-20T02:24:26.5494722Z # Subtest: pick: single-element candidates always returns that element regardless of seed
test (18)	Coverage report (informational, not a gate)	2026-08-20T02:24:26.5495409Z ok 119 - pick: single-element candidates always returns that element regardless of seed
test (18)	Coverage report (informational, not a gate)	2026-08-20T02:24:26.5495815Z   ---
test (18)	Coverage report (informational, not a gate)	2026-08-20T02:24:26.5496000Z   duration_ms: 0.135634
test (18)	Coverage report (informational, not a gate)	2026-08-20T02:24:26.5496206Z   ...
test (18)	Coverage report (informational, not a gate)	2026-08-20T02:24:26.5496375Z 1..119
test (18)	Coverage report (informational, not a gate)	2026-08-20T02:24:26.5496551Z # tests 119
test (18)	Coverage report (informational, not a gate)	2026-08-20T02:24:26.5496732Z # suites 0
test (18)	Coverage report (informational, not a gate)	2026-08-20T02:24:26.5496918Z # pass 119
test (18)	Coverage report (informational, not a gate)	2026-08-20T02:24:26.5497093Z # fail 0
test (18)	Coverage report (informational, not a gate)	2026-08-20T02:24:26.5497273Z # cancelled 0
test (18)	Coverage report (informational, not a gate)	2026-08-20T02:24:26.5497465Z # skipped 0
test (18)	Coverage report (informational, not a gate)	2026-08-20T02:24:26.5497646Z # todo 0
test (18)	Coverage report (informational, not a gate)	2026-08-20T02:24:26.5497849Z # duration_ms 4138.804752
test (18)	Coverage report (informational, not a gate)	2026-08-20T02:24:26.5498285Z # start of coverage report
test (18)	Coverage report (informational, not a gate)	2026-08-20T02:24:26.5498621Z # file | line % | branch % | funcs % | uncovered lines
test (18)	Coverage report (informational, not a gate)	2026-08-20T02:24:26.5498990Z # bin/aphorism.js | 100.00 | 85.71 | 100.00 | 
test (18)	Coverage report (informational, not a gate)	2026-08-20T02:24:26.5499324Z # src/args.js | 100.00 | 100.00 | 100.00 | 
test (18)	Coverage report (informational, not a gate)	2026-08-20T02:24:26.5499647Z # src/corpus.js | 100.00 | 100.00 | 100.00 | 
test (18)	Coverage report (informational, not a gate)	2026-08-20T02:24:26.5499969Z # src/select.js | 100.00 | 100.00 | 100.00 | 
test (18)	Coverage report (informational, not a gate)	2026-08-20T02:24:26.5500309Z # test/args.test.js | 100.00 | 100.00 | 100.00 | 
test (18)	Coverage report (informational, not a gate)	2026-08-20T02:24:26.5500661Z # test/cli.test.js | 100.00 | 100.00 | 100.00 | 
test (18)	Coverage report (informational, not a gate)	2026-08-20T02:24:26.5501107Z # test/pipe.test.js | 96.73 | 83.33 | 100.00 | 50, 51, 89, 90, 91, 163, 164, 165
test (18)	Coverage report (informational, not a gate)	2026-08-20T02:24:26.5502085Z # test/readme-tags.test.js | 98.71 | 86.81 | 96.15 | 125, 126, 146, 147, 156, 157, 531, 532, 534, 535, 549, 550, 551, 552, 1324, 1325, 1674, 1675, 1874, 1875, 1876, 1877, 1878, 1879, 1880, 1881, 1882, 1883, 1884
test (18)	Coverage report (informational, not a gate)	2026-08-20T02:24:26.5502826Z # test/select.test.js | 100.00 | 97.92 | 100.00 | 
test (18)	Coverage report (informational, not a gate)	2026-08-20T02:24:26.5503173Z # all files | 99.11 | 92.57 | 98.61 |
test (18)	Coverage report (informational, not a gate)	2026-08-20T02:24:26.5503443Z # end of coverage report
test (18)	Post Run actions/setup-node@v4	﻿2026-08-20T02:24:26.5728350Z Node 20 is being deprecated. This workflow is running with Node 24 by default. If you need to temporarily use Node 20, you can set the ACTIONS_ALLOW_USE_UNSECURE_NODE_VERSION=true environment variable. For more information see: https://github.blog/changelog/2025-09-19-deprecation-of-node-20-on-github-actions-runners/
test (18)	Post Run actions/setup-node@v4	2026-08-20T02:24:26.5729591Z Post job cleanup.
test (18)	Post Run actions/setup-node@v4	2026-08-20T02:24:26.6995372Z (node:4048) [DEP0040] DeprecationWarning: The `punycode` module is deprecated. Please use a userland alternative instead.
test (18)	Post Run actions/setup-node@v4	2026-08-20T02:24:26.6996584Z (Use `node --trace-deprecation ...` to show where the warning was created)
test (18)	Post Run actions/checkout@v4	﻿2026-08-20T02:24:26.7232222Z Node 20 is being deprecated. This workflow is running with Node 24 by default. If you need to temporarily use Node 20, you can set the ACTIONS_ALLOW_USE_UNSECURE_NODE_VERSION=true environment variable. For more information see: https://github.blog/changelog/2025-09-19-deprecation-of-node-20-on-github-actions-runners/
test (18)	Post Run actions/checkout@v4	2026-08-20T02:24:26.7234563Z Post job cleanup.
test (18)	Post Run actions/checkout@v4	2026-08-20T02:24:26.8138744Z [command]/usr/bin/git version
test (18)	Post Run actions/checkout@v4	2026-08-20T02:24:26.8180881Z git version 2.55.0
test (18)	Post Run actions/checkout@v4	2026-08-20T02:24:26.8259547Z Temporarily overriding HOME='/home/runner/work/_temp/fcf9450c-77be-45ca-95db-2258f12e4469' before making global git config changes
test (18)	Post Run actions/checkout@v4	2026-08-20T02:24:26.8261349Z Adding repository directory to the temporary git global config as a safe directory
test (18)	Post Run actions/checkout@v4	2026-08-20T02:24:26.8274777Z [command]/usr/bin/git config --global --add safe.directory /home/runner/work/aphorism-cli/aphorism-cli
test (18)	Post Run actions/checkout@v4	2026-08-20T02:24:26.8307656Z [command]/usr/bin/git config --local --name-only --get-regexp core\.sshCommand
test (18)	Post Run actions/checkout@v4	2026-08-20T02:24:26.8344580Z [command]/usr/bin/git submodule foreach --recursive sh -c "git config --local --name-only --get-regexp 'core\.sshCommand' && git config --local --unset-all 'core.sshCommand' || :"
test (18)	Post Run actions/checkout@v4	2026-08-20T02:24:26.8647923Z [command]/usr/bin/git config --local --name-only --get-regexp http\.https\:\/\/github\.com\/\.extraheader
test (18)	Post Run actions/checkout@v4	2026-08-20T02:24:26.8700660Z http.https://github.com/.extraheader
test (18)	Post Run actions/checkout@v4	2026-08-20T02:24:26.8722020Z [command]/usr/bin/git config --local --unset-all http.https://github.com/.extraheader
test (18)	Post Run actions/checkout@v4	2026-08-20T02:24:26.8765862Z [command]/usr/bin/git submodule foreach --recursive sh -c "git config --local --name-only --get-regexp 'http\.https\:\/\/github\.com\/\.extraheader' && git config --local --unset-all 'http.https://github.com/.extraheader' || :"
test (18)	Post Run actions/checkout@v4	2026-08-20T02:24:26.9081842Z [command]/usr/bin/git config --local --name-only --get-regexp ^includeIf\.gitdir:
test (18)	Post Run actions/checkout@v4	2026-08-20T02:24:26.9167180Z [command]/usr/bin/git submodule foreach --recursive git config --local --show-origin --name-only --get-regexp remote.origin.url
test (18)	Complete job	﻿2026-08-20T02:24:26.9622451Z Cleaning up orphan processes
test (18)	Complete job	2026-08-20T02:24:26.9948157Z ##[warning]Node.js 20 is deprecated. The following actions target Node.js 20 but are being forced to run on Node.js 24: actions/checkout@v4, actions/setup-node@v4. For more information see: https://github.blog/changelog/2025-09-19-deprecation-of-node-20-on-github-actions-runners/
test (20)	Set up job	﻿2026-08-20T02:24:12.1243898Z Current runner version: '2.336.0'
test (20)	Set up job	2026-08-20T02:24:12.1272028Z ##[group]Runner Image Provisioner
test (20)	Set up job	2026-08-20T02:24:12.1273393Z Hosted Compute Agent
test (20)	Set up job	2026-08-20T02:24:12.1274342Z Version: 20260729.566
test (20)	Set up job	2026-08-20T02:24:12.1275347Z Commit: cf7153fe6e25b664e8693c24944bf2b00355d109
test (20)	Set up job	2026-08-20T02:24:12.1276274Z Build Date: 2026-07-29T19:17:02Z
test (20)	Set up job	2026-08-20T02:24:12.1277235Z Worker ID: {7263360e-be79-49ab-adcb-88a9c9409fc1}
test (20)	Set up job	2026-08-20T02:24:12.1278000Z Azure Region: centralus
test (20)	Set up job	2026-08-20T02:24:12.1278928Z ##[endgroup]
test (20)	Set up job	2026-08-20T02:24:12.1281057Z ##[group]Operating System
test (20)	Set up job	2026-08-20T02:24:12.1281978Z Ubuntu
test (20)	Set up job	2026-08-20T02:24:12.1282933Z 24.04.4
test (20)	Set up job	2026-08-20T02:24:12.1283734Z LTS
test (20)	Set up job	2026-08-20T02:24:12.1284264Z ##[endgroup]
test (20)	Set up job	2026-08-20T02:24:12.1284956Z ##[group]Runner Image
test (20)	Set up job	2026-08-20T02:24:12.1285602Z Image: ubuntu-24.04
test (20)	Set up job	2026-08-20T02:24:12.1286300Z Version: 20260810.271.1
test (20)	Set up job	2026-08-20T02:24:12.1287394Z Included Software: https://github.com/actions/runner-images/blob/ubuntu24/20260810.271/images/ubuntu/Ubuntu2404-Readme.md
test (20)	Set up job	2026-08-20T02:24:12.1289509Z Image Release: https://github.com/actions/runner-images/releases/tag/ubuntu24%2F20260810.271
test (20)	Set up job	2026-08-20T02:24:12.1290603Z ##[endgroup]
test (20)	Set up job	2026-08-20T02:24:12.1292294Z ##[group]GITHUB_TOKEN Permissions
test (20)	Set up job	2026-08-20T02:24:12.1294578Z Contents: read
test (20)	Set up job	2026-08-20T02:24:12.1295360Z Metadata: read
test (20)	Set up job	2026-08-20T02:24:12.1295960Z Packages: read
test (20)	Set up job	2026-08-20T02:24:12.1296524Z ##[endgroup]
test (20)	Set up job	2026-08-20T02:24:12.1298950Z Secret source: Actions
test (20)	Set up job	2026-08-20T02:24:12.1300330Z Prepare workflow directory
test (20)	Set up job	2026-08-20T02:24:12.1632740Z Prepare all required actions
test (20)	Set up job	2026-08-20T02:24:12.1680603Z Getting action download info
test (20)	Set up job	2026-08-20T02:24:12.4139186Z Download action repository 'actions/checkout@v4' (SHA:11d5960a326750d5838078e36cf38b85af677262)
test (20)	Set up job	2026-08-20T02:24:12.5594793Z Download action repository 'actions/setup-node@v4' (SHA:49933ea5288caeca8642d1e84afbd3f7d6820020)
test (20)	Set up job	2026-08-20T02:24:12.7485789Z Complete job name: test (20)
test (20)	Run actions/checkout@v4	﻿2026-08-20T02:24:12.8209872Z Node 20 is being deprecated. This workflow is running with Node 24 by default. If you need to temporarily use Node 20, you can set the ACTIONS_ALLOW_USE_UNSECURE_NODE_VERSION=true environment variable. For more information see: https://github.blog/changelog/2025-09-19-deprecation-of-node-20-on-github-actions-runners/
test (20)	Run actions/checkout@v4	2026-08-20T02:24:12.8218967Z ##[group]Run actions/checkout@v4
test (20)	Run actions/checkout@v4	2026-08-20T02:24:12.8219692Z with:
test (20)	Run actions/checkout@v4	2026-08-20T02:24:12.8220159Z   repository: trmnmc/aphorism-cli
test (20)	Run actions/checkout@v4	2026-08-20T02:24:12.8223868Z   token: ***
test (20)	Run actions/checkout@v4	2026-08-20T02:24:12.8224318Z   ssh-strict: true
test (20)	Run actions/checkout@v4	2026-08-20T02:24:12.8224773Z   ssh-user: git
test (20)	Run actions/checkout@v4	2026-08-20T02:24:12.8225234Z   persist-credentials: true
test (20)	Run actions/checkout@v4	2026-08-20T02:24:12.8225737Z   clean: true
test (20)	Run actions/checkout@v4	2026-08-20T02:24:12.8226190Z   sparse-checkout-cone-mode: true
test (20)	Run actions/checkout@v4	2026-08-20T02:24:12.8226721Z   fetch-depth: 1
test (20)	Run actions/checkout@v4	2026-08-20T02:24:12.8227161Z   fetch-tags: false
test (20)	Run actions/checkout@v4	2026-08-20T02:24:12.8227607Z   show-progress: true
test (20)	Run actions/checkout@v4	2026-08-20T02:24:12.8228059Z   lfs: false
test (20)	Run actions/checkout@v4	2026-08-20T02:24:12.8228681Z   submodules: false
test (20)	Run actions/checkout@v4	2026-08-20T02:24:12.8229200Z   set-safe-directory: true
test (20)	Run actions/checkout@v4	2026-08-20T02:24:12.8229725Z   allow-unsafe-pr-checkout: false
test (20)	Run actions/checkout@v4	2026-08-20T02:24:12.8230437Z ##[endgroup]
test (20)	Run actions/checkout@v4	2026-08-20T02:24:12.9301120Z Syncing repository: trmnmc/aphorism-cli
test (20)	Run actions/checkout@v4	2026-08-20T02:24:12.9303589Z ##[group]Getting Git version info
test (20)	Run actions/checkout@v4	2026-08-20T02:24:12.9304766Z Working directory is '/home/runner/work/aphorism-cli/aphorism-cli'
test (20)	Run actions/checkout@v4	2026-08-20T02:24:12.9306392Z [command]/usr/bin/git version
test (20)	Run actions/checkout@v4	2026-08-20T02:24:12.9316787Z git version 2.54.0
test (20)	Run actions/checkout@v4	2026-08-20T02:24:12.9338174Z ##[endgroup]
test (20)	Run actions/checkout@v4	2026-08-20T02:24:12.9352640Z Temporarily overriding HOME='/home/runner/work/_temp/600a3a04-19db-4064-8cb7-f141a256d5e3' before making global git config changes
test (20)	Run actions/checkout@v4	2026-08-20T02:24:12.9354430Z Adding repository directory to the temporary git global config as a safe directory
test (20)	Run actions/checkout@v4	2026-08-20T02:24:12.9368247Z [command]/usr/bin/git config --global --add safe.directory /home/runner/work/aphorism-cli/aphorism-cli
test (20)	Run actions/checkout@v4	2026-08-20T02:24:12.9405391Z Deleting the contents of '/home/runner/work/aphorism-cli/aphorism-cli'
test (20)	Run actions/checkout@v4	2026-08-20T02:24:12.9409042Z ##[group]Initializing the repository
test (20)	Run actions/checkout@v4	2026-08-20T02:24:12.9415074Z [command]/usr/bin/git init /home/runner/work/aphorism-cli/aphorism-cli
test (20)	Run actions/checkout@v4	2026-08-20T02:24:12.9494646Z hint: Using 'master' as the name for the initial branch. This default branch name
test (20)	Run actions/checkout@v4	2026-08-20T02:24:12.9496050Z hint: will change to "main" in Git 3.0. To configure the initial branch name
test (20)	Run actions/checkout@v4	2026-08-20T02:24:12.9497296Z hint: to use in all of your new repositories, which will suppress this warning,
test (20)	Run actions/checkout@v4	2026-08-20T02:24:12.9498244Z hint: call:
test (20)	Run actions/checkout@v4	2026-08-20T02:24:12.9499299Z hint:
test (20)	Run actions/checkout@v4	2026-08-20T02:24:12.9500163Z hint: 	git config --global init.defaultBranch <name>
test (20)	Run actions/checkout@v4	2026-08-20T02:24:12.9501007Z hint:
test (20)	Run actions/checkout@v4	2026-08-20T02:24:12.9501945Z hint: Names commonly chosen instead of 'master' are 'main', 'trunk' and
test (20)	Run actions/checkout@v4	2026-08-20T02:24:12.9503178Z hint: 'development'. The just-created branch can be renamed via this command:
test (20)	Run actions/checkout@v4	2026-08-20T02:24:12.9504115Z hint:
test (20)	Run actions/checkout@v4	2026-08-20T02:24:12.9504818Z hint: 	git branch -m <name>
test (20)	Run actions/checkout@v4	2026-08-20T02:24:12.9505557Z hint:
test (20)	Run actions/checkout@v4	2026-08-20T02:24:12.9506513Z hint: Disable this message with "git config set advice.defaultBranchName false"
test (20)	Run actions/checkout@v4	2026-08-20T02:24:12.9512458Z Initialized empty Git repository in /home/runner/work/aphorism-cli/aphorism-cli/.git/
test (20)	Run actions/checkout@v4	2026-08-20T02:24:12.9530697Z [command]/usr/bin/git remote add origin https://github.com/trmnmc/aphorism-cli
test (20)	Run actions/checkout@v4	2026-08-20T02:24:12.9565501Z ##[endgroup]
test (20)	Run actions/checkout@v4	2026-08-20T02:24:12.9566495Z ##[group]Disabling automatic garbage collection
test (20)	Run actions/checkout@v4	2026-08-20T02:24:12.9569055Z [command]/usr/bin/git config --local gc.auto 0
test (20)	Run actions/checkout@v4	2026-08-20T02:24:12.9601137Z ##[endgroup]
test (20)	Run actions/checkout@v4	2026-08-20T02:24:12.9602244Z ##[group]Setting up auth
test (20)	Run actions/checkout@v4	2026-08-20T02:24:12.9608212Z [command]/usr/bin/git config --local --name-only --get-regexp core\.sshCommand
test (20)	Run actions/checkout@v4	2026-08-20T02:24:12.9644397Z [command]/usr/bin/git submodule foreach --recursive sh -c "git config --local --name-only --get-regexp 'core\.sshCommand' && git config --local --unset-all 'core.sshCommand' || :"
test (20)	Run actions/checkout@v4	2026-08-20T02:24:12.9984332Z [command]/usr/bin/git config --local --name-only --get-regexp http\.https\:\/\/github\.com\/\.extraheader
test (20)	Run actions/checkout@v4	2026-08-20T02:24:13.0025518Z [command]/usr/bin/git submodule foreach --recursive sh -c "git config --local --name-only --get-regexp 'http\.https\:\/\/github\.com\/\.extraheader' && git config --local --unset-all 'http.https://github.com/.extraheader' || :"
test (20)	Run actions/checkout@v4	2026-08-20T02:24:13.0281917Z [command]/usr/bin/git config --local --name-only --get-regexp ^includeIf\.gitdir:
test (20)	Run actions/checkout@v4	2026-08-20T02:24:13.0321153Z [command]/usr/bin/git submodule foreach --recursive git config --local --show-origin --name-only --get-regexp remote.origin.url
test (20)	Run actions/checkout@v4	2026-08-20T02:24:13.0560732Z [command]/usr/bin/git config --local http.https://github.com/.extraheader AUTHORIZATION: basic ***
test (20)	Run actions/checkout@v4	2026-08-20T02:24:13.0602026Z ##[endgroup]
test (20)	Run actions/checkout@v4	2026-08-20T02:24:13.0603190Z ##[group]Fetching the repository
test (20)	Run actions/checkout@v4	2026-08-20T02:24:13.0611873Z [command]/usr/bin/git -c protocol.version=2 fetch --no-tags --prune --no-recurse-submodules --depth=1 origin +0c2ed406944495f5539975d13c63e42744012540:refs/remotes/origin/master
test (20)	Run actions/checkout@v4	2026-08-20T02:24:14.1154144Z From https://github.com/trmnmc/aphorism-cli
test (20)	Run actions/checkout@v4	2026-08-20T02:24:14.1157095Z  * [new ref]         0c2ed406944495f5539975d13c63e42744012540 -> origin/master
test (20)	Run actions/checkout@v4	2026-08-20T02:24:14.1187567Z ##[endgroup]
test (20)	Run actions/checkout@v4	2026-08-20T02:24:14.1189169Z ##[group]Determining the checkout info
test (20)	Run actions/checkout@v4	2026-08-20T02:24:14.1190899Z ##[endgroup]
test (20)	Run actions/checkout@v4	2026-08-20T02:24:14.1195955Z [command]/usr/bin/git sparse-checkout disable
test (20)	Run actions/checkout@v4	2026-08-20T02:24:14.1512260Z [command]/usr/bin/git config --local --unset-all extensions.worktreeConfig
test (20)	Run actions/checkout@v4	2026-08-20T02:24:14.1554842Z ##[group]Checking out the ref
test (20)	Run actions/checkout@v4	2026-08-20T02:24:14.1559198Z [command]/usr/bin/git checkout --progress --force -B master refs/remotes/origin/master
test (20)	Run actions/checkout@v4	2026-08-20T02:24:14.3095544Z Reset branch 'master'
test (20)	Run actions/checkout@v4	2026-08-20T02:24:14.3100547Z branch 'master' set up to track 'origin/master'.
test (20)	Run actions/checkout@v4	2026-08-20T02:24:14.3111033Z ##[endgroup]
test (20)	Run actions/checkout@v4	2026-08-20T02:24:14.3564692Z [command]/usr/bin/git log -1 --format=%H
test (20)	Run actions/checkout@v4	2026-08-20T02:24:14.3591177Z 0c2ed406944495f5539975d13c63e42744012540
test (20)	Run actions/setup-node@v4	﻿2026-08-20T02:24:14.3890831Z Node 20 is being deprecated. This workflow is running with Node 24 by default. If you need to temporarily use Node 20, you can set the ACTIONS_ALLOW_USE_UNSECURE_NODE_VERSION=true environment variable. For more information see: https://github.blog/changelog/2025-09-19-deprecation-of-node-20-on-github-actions-runners/
test (20)	Run actions/setup-node@v4	2026-08-20T02:24:14.3892912Z ##[group]Run actions/setup-node@v4
test (20)	Run actions/setup-node@v4	2026-08-20T02:24:14.3893235Z with:
test (20)	Run actions/setup-node@v4	2026-08-20T02:24:14.3893499Z   node-version: 20
test (20)	Run actions/setup-node@v4	2026-08-20T02:24:14.3893776Z   always-auth: false
test (20)	Run actions/setup-node@v4	2026-08-20T02:24:14.3894051Z   check-latest: false
test (20)	Run actions/setup-node@v4	2026-08-20T02:24:14.3896363Z   token: ***
test (20)	Run actions/setup-node@v4	2026-08-20T02:24:14.3896618Z ##[endgroup]
test (20)	Run actions/setup-node@v4	2026-08-20T02:24:14.6006419Z Attempting to download 20...
test (20)	Run actions/setup-node@v4	2026-08-20T02:24:14.6159043Z (node:2300) [DEP0040] DeprecationWarning: The `punycode` module is deprecated. Please use a userland alternative instead.
test (20)	Run actions/setup-node@v4	2026-08-20T02:24:14.6160288Z (Use `node --trace-deprecation ...` to show where the warning was created)
test (20)	Run actions/setup-node@v4	2026-08-20T02:24:15.3150052Z Acquiring 20.20.2 - x64 from https://github.com/actions/node-versions/releases/download/20.20.2-23521894959/node-20.20.2-linux-x64.tar.gz
test (20)	Run actions/setup-node@v4	2026-08-20T02:24:15.8420170Z Extracting ...
test (20)	Run actions/setup-node@v4	2026-08-20T02:24:15.8538069Z [command]/usr/bin/tar xz --strip 1 --warning=no-unknown-keyword --overwrite -C /home/runner/work/_temp/53935714-3a6c-44c9-b172-bd0e7d74d19b -f /home/runner/work/_temp/8a1ec00b-26aa-4bb3-b8ba-c7855ba1e4c2
test (20)	Run actions/setup-node@v4	2026-08-20T02:24:16.9527398Z Adding to the cache ...
test (20)	Run actions/setup-node@v4	2026-08-20T02:24:18.4770286Z ##[group]Environment details
test (20)	Run actions/setup-node@v4	2026-08-20T02:24:18.6955990Z node: v20.20.2
test (20)	Run actions/setup-node@v4	2026-08-20T02:24:18.6956564Z npm: 10.8.2
test (20)	Run actions/setup-node@v4	2026-08-20T02:24:18.7033097Z yarn: 1.22.22
test (20)	Run actions/setup-node@v4	2026-08-20T02:24:18.7043589Z ##[endgroup]
test (20)	Run node --test test/*.test.js	﻿2026-08-20T02:24:18.7142004Z ##[group]Run node --test test/*.test.js
test (20)	Run node --test test/*.test.js	2026-08-20T02:24:18.7142444Z [36;1mnode --test test/*.test.js[0m
test (20)	Run node --test test/*.test.js	2026-08-20T02:24:18.7189294Z shell: /usr/bin/bash -e {0}
test (20)	Run node --test test/*.test.js	2026-08-20T02:24:18.7189612Z ##[endgroup]
test (20)	Run node --test test/*.test.js	2026-08-20T02:24:18.7717833Z TAP version 13
test (20)	Run node --test test/*.test.js	2026-08-20T02:24:18.8280234Z # Subtest: zero args: no error, no filters set
test (20)	Run node --test test/*.test.js	2026-08-20T02:24:18.8319761Z ok 1 - zero args: no error, no filters set
test (20)	Run node --test test/*.test.js	2026-08-20T02:24:18.8377858Z   ---
test (20)	Run node --test test/*.test.js	2026-08-20T02:24:18.8406723Z   duration_ms: 1.836802
test (20)	Run node --test test/*.test.js	2026-08-20T02:24:18.8407746Z   ...
test (20)	Run node --test test/*.test.js	2026-08-20T02:24:18.8488349Z # Subtest: --author <name> sets author string
test (20)	Run node --test test/*.test.js	2026-08-20T02:24:18.8524029Z ok 2 - --author <name> sets author string
test (20)	Run node --test test/*.test.js	2026-08-20T02:24:18.8524839Z   ---
test (20)	Run node --test test/*.test.js	2026-08-20T02:24:18.8525421Z   duration_ms: 0.218716
test (20)	Run node --test test/*.test.js	2026-08-20T02:24:18.8526000Z   ...
test (20)	Run node --test test/*.test.js	2026-08-20T02:24:18.8526863Z # Subtest: --author=<name> equals form sets author string
test (20)	Run node --test test/*.test.js	2026-08-20T02:24:18.8527860Z ok 3 - --author=<name> equals form sets author string
test (20)	Run node --test test/*.test.js	2026-08-20T02:24:18.8528809Z   ---
test (20)	Run node --test test/*.test.js	2026-08-20T02:24:18.8529368Z   duration_ms: 0.286537
test (20)	Run node --test test/*.test.js	2026-08-20T02:24:18.8530071Z   ...
test (20)	Run node --test test/*.test.js	2026-08-20T02:24:18.8530703Z # Subtest: --tag <tag> sets tag string
test (20)	Run node --test test/*.test.js	2026-08-20T02:24:18.8531474Z ok 4 - --tag <tag> sets tag string
test (20)	Run node --test test/*.test.js	2026-08-20T02:24:18.8532108Z   ---
test (20)	Run node --test test/*.test.js	2026-08-20T02:24:18.8532634Z   duration_ms: 0.208522
test (20)	Run node --test test/*.test.js	2026-08-20T02:24:18.8533195Z   ...
test (20)	Run node --test test/*.test.js	2026-08-20T02:24:18.8534025Z # Subtest: --tag=<tag> equals form sets tag string
test (20)	Run node --test test/*.test.js	2026-08-20T02:24:18.8534954Z ok 5 - --tag=<tag> equals form sets tag string
test (20)	Run node --test test/*.test.js	2026-08-20T02:24:18.8535633Z   ---
test (20)	Run node --test test/*.test.js	2026-08-20T02:24:18.8536160Z   duration_ms: 1.718285
test (20)	Run node --test test/*.test.js	2026-08-20T02:24:18.8536731Z   ...
test (20)	Run node --test test/*.test.js	2026-08-20T02:24:18.8537455Z # Subtest: combined --author X --tag Y sets both
test (20)	Run node --test test/*.test.js	2026-08-20T02:24:18.8538281Z ok 6 - combined --author X --tag Y sets both
test (20)	Run node --test test/*.test.js	2026-08-20T02:24:18.8539199Z   ---
test (20)	Run node --test test/*.test.js	2026-08-20T02:24:18.8539743Z   duration_ms: 0.198776
test (20)	Run node --test test/*.test.js	2026-08-20T02:24:18.8540301Z   ...
test (20)	Run node --test test/*.test.js	2026-08-20T02:24:18.8540933Z # Subtest: --seed <n> parses as a number
test (20)	Run node --test test/*.test.js	2026-08-20T02:24:18.8541705Z ok 7 - --seed <n> parses as a number
test (20)	Run node --test test/*.test.js	2026-08-20T02:24:18.8542364Z   ---
test (20)	Run node --test test/*.test.js	2026-08-20T02:24:18.8542915Z   duration_ms: 0.273849
test (20)	Run node --test test/*.test.js	2026-08-20T02:24:18.8543494Z   ...
test (20)	Run node --test test/*.test.js	2026-08-20T02:24:18.8544193Z # Subtest: --seed=<n> equals form parses as a number
test (20)	Run node --test test/*.test.js	2026-08-20T02:24:18.8545083Z ok 8 - --seed=<n> equals form parses as a number
test (20)	Run node --test test/*.test.js	2026-08-20T02:24:18.8545761Z   ---
test (20)	Run node --test test/*.test.js	2026-08-20T02:24:18.8546289Z   duration_ms: 0.216733
test (20)	Run node --test test/*.test.js	2026-08-20T02:24:18.8546856Z   ...
test (20)	Run node --test test/*.test.js	2026-08-20T02:24:18.8548081Z # Subtest: --seed <n> accepts a negative number
test (20)	Run node --test test/*.test.js	2026-08-20T02:24:18.8549113Z ok 9 - --seed <n> accepts a negative number
test (20)	Run node --test test/*.test.js	2026-08-20T02:24:18.8549780Z   ---
test (20)	Run node --test test/*.test.js	2026-08-20T02:24:18.8550308Z   duration_ms: 0.306628
test (20)	Run node --test test/*.test.js	2026-08-20T02:24:18.8550859Z   ...
test (20)	Run node --test test/*.test.js	2026-08-20T02:24:18.8551594Z # Subtest: --seed=<n> equals form accepts a negative number
test (20)	Run node --test test/*.test.js	2026-08-20T02:24:18.8552555Z ok 10 - --seed=<n> equals form accepts a negative number
test (20)	Run node --test test/*.test.js	2026-08-20T02:24:18.8553288Z   ---
test (20)	Run node --test test/*.test.js	2026-08-20T02:24:18.8553827Z   duration_ms: 0.376623
test (20)	Run node --test test/*.test.js	2026-08-20T02:24:18.8554394Z   ...
test (20)	Run node --test test/*.test.js	2026-08-20T02:24:18.8555070Z # Subtest: non-numeric --seed is a usage error
test (20)	Run node --test test/*.test.js	2026-08-20T02:24:18.8555925Z ok 11 - non-numeric --seed is a usage error
test (20)	Run node --test test/*.test.js	2026-08-20T02:24:18.8556595Z   ---
test (20)	Run node --test test/*.test.js	2026-08-20T02:24:18.8557135Z   duration_ms: 0.374158
test (20)	Run node --test test/*.test.js	2026-08-20T02:24:18.8557711Z   ...
test (20)	Run node --test test/*.test.js	2026-08-20T02:24:18.8558655Z # Subtest: non-numeric --seed= equals form is a usage error
test (20)	Run node --test test/*.test.js	2026-08-20T02:24:18.8559756Z ok 12 - non-numeric --seed= equals form is a usage error
test (20)	Run node --test test/*.test.js	2026-08-20T02:24:18.8560659Z   ---
test (20)	Run node --test test/*.test.js	2026-08-20T02:24:18.8561187Z   duration_ms: 0.259608
test (20)	Run node --test test/*.test.js	2026-08-20T02:24:18.8561745Z   ...
test (20)	Run node --test test/*.test.js	2026-08-20T02:24:18.8562349Z # Subtest: --list sets list: true
test (20)	Run node --test test/*.test.js	2026-08-20T02:24:18.8563054Z ok 13 - --list sets list: true
test (20)	Run node --test test/*.test.js	2026-08-20T02:24:18.8563672Z   ---
test (20)	Run node --test test/*.test.js	2026-08-20T02:24:18.8564196Z   duration_ms: 0.202332
test (20)	Run node --test test/*.test.js	2026-08-20T02:24:18.8564762Z   ...
test (20)	Run node --test test/*.test.js	2026-08-20T02:24:18.8565584Z # Subtest: --json sets json: true
test (20)	Run node --test test/*.test.js	2026-08-20T02:24:18.8566318Z ok 14 - --json sets json: true
test (20)	Run node --test test/*.test.js	2026-08-20T02:24:18.8566920Z   ---
test (20)	Run node --test test/*.test.js	2026-08-20T02:24:18.8567437Z   duration_ms: 0.257254
test (20)	Run node --test test/*.test.js	2026-08-20T02:24:18.8568064Z   ...
test (20)	Run node --test test/*.test.js	2026-08-20T02:24:18.8568865Z # Subtest: --help sets help: true
test (20)	Run node --test test/*.test.js	2026-08-20T02:24:18.8570079Z ok 15 - --help sets help: true
test (20)	Run node --test test/*.test.js	2026-08-20T02:24:18.8570767Z   ---
test (20)	Run node --test test/*.test.js	2026-08-20T02:24:18.8571361Z   duration_ms: 0.188091
test (20)	Run node --test test/*.test.js	2026-08-20T02:24:18.8571956Z   ...
test (20)	Run node --test test/*.test.js	2026-08-20T02:24:18.8572585Z # Subtest: -h sets help: true
test (20)	Run node --test test/*.test.js	2026-08-20T02:24:18.8573300Z ok 16 - -h sets help: true
test (20)	Run node --test test/*.test.js	2026-08-20T02:24:18.8573946Z   ---
test (20)	Run node --test test/*.test.js	2026-08-20T02:24:18.8574540Z   duration_ms: 0.29481
test (20)	Run node --test test/*.test.js	2026-08-20T02:24:18.8575189Z   ...
test (20)	Run node --test test/*.test.js	2026-08-20T02:24:18.8575956Z # Subtest: unknown flag is a usage error
test (20)	Run node --test test/*.test.js	2026-08-20T02:24:18.8576914Z ok 17 - unknown flag is a usage error
test (20)	Run node --test test/*.test.js	2026-08-20T02:24:18.8577654Z   ---
test (20)	Run node --test test/*.test.js	2026-08-20T02:24:18.8578571Z   duration_ms: 0.247439
test (20)	Run node --test test/*.test.js	2026-08-20T02:24:18.8579255Z   ...
test (20)	Run node --test test/*.test.js	2026-08-20T02:24:18.8580038Z # Subtest: unknown short flag is a usage error
test (20)	Run node --test test/*.test.js	2026-08-20T02:24:18.8581123Z ok 18 - unknown short flag is a usage error
test (20)	Run node --test test/*.test.js	2026-08-20T02:24:18.8581905Z   ---
test (20)	Run node --test test/*.test.js	2026-08-20T02:24:18.8582490Z   duration_ms: 0.323844
test (20)	Run node --test test/*.test.js	2026-08-20T02:24:18.8583056Z   ...
test (20)	Run node --test test/*.test.js	2026-08-20T02:24:18.8583824Z # Subtest: --author missing value at end of argv is a usage error
test (20)	Run node --test test/*.test.js	2026-08-20T02:24:18.8584855Z ok 19 - --author missing value at end of argv is a usage error
test (20)	Run node --test test/*.test.js	2026-08-20T02:24:18.8585598Z   ---
test (20)	Run node --test test/*.test.js	2026-08-20T02:24:18.8586136Z   duration_ms: 0.223704
test (20)	Run node --test test/*.test.js	2026-08-20T02:24:18.8586695Z   ...
test (20)	Run node --test test/*.test.js	2026-08-20T02:24:18.8587595Z # Subtest: --tag missing value because next token is another flag is a usage error
test (20)	Run node --test test/*.test.js	2026-08-20T02:24:18.8588994Z ok 20 - --tag missing value because next token is another flag is a usage error
test (20)	Run node --test test/*.test.js	2026-08-20T02:24:18.8589824Z   ---
test (20)	Run node --test test/*.test.js	2026-08-20T02:24:18.8590357Z   duration_ms: 0.221521
test (20)	Run node --test test/*.test.js	2026-08-20T02:24:18.8590920Z   ...
test (20)	Run node --test test/*.test.js	2026-08-20T02:24:18.8591683Z # Subtest: --seed missing value at end of argv is a usage error
test (20)	Run node --test test/*.test.js	2026-08-20T02:24:18.8592674Z ok 21 - --seed missing value at end of argv is a usage error
test (20)	Run node --test test/*.test.js	2026-08-20T02:24:18.8593406Z   ---
test (20)	Run node --test test/*.test.js	2026-08-20T02:24:18.8593932Z   duration_ms: 0.203504
test (20)	Run node --test test/*.test.js	2026-08-20T02:24:18.8594494Z   ...
test (20)	Run node --test test/*.test.js	2026-08-20T02:24:18.8595206Z # Subtest: --author= with empty value is a usage error
test (20)	Run node --test test/*.test.js	2026-08-20T02:24:18.8596107Z ok 22 - --author= with empty value is a usage error
test (20)	Run node --test test/*.test.js	2026-08-20T02:24:18.8596804Z   ---
test (20)	Run node --test test/*.test.js	2026-08-20T02:24:18.8597335Z   duration_ms: 0.112238
test (20)	Run node --test test/*.test.js	2026-08-20T02:24:18.8597886Z   ...
test (20)	Run node --test test/*.test.js	2026-08-20T02:24:18.8598838Z # Subtest: a bare positional argument (not a flag) is a usage error
test (20)	Run node --test test/*.test.js	2026-08-20T02:24:18.8599990Z ok 23 - a bare positional argument (not a flag) is a usage error
test (20)	Run node --test test/*.test.js	2026-08-20T02:24:18.8601076Z   ---
test (20)	Run node --test test/*.test.js	2026-08-20T02:24:18.8601600Z   duration_ms: 0.094301
test (20)	Run node --test test/*.test.js	2026-08-20T02:24:18.8602154Z   ...
test (20)	Run node --test test/*.test.js	2026-08-20T02:24:18.8602845Z # Subtest: parseArgs never throws on malformed input
test (20)	Run node --test test/*.test.js	2026-08-20T02:24:18.8603717Z ok 24 - parseArgs never throws on malformed input
test (20)	Run node --test test/*.test.js	2026-08-20T02:24:18.8604418Z   ---
test (20)	Run node --test test/*.test.js	2026-08-20T02:24:18.8604977Z   duration_ms: 0.378215
test (20)	Run node --test test/*.test.js	2026-08-20T02:24:18.8605565Z   ...
test (20)	Run node --test test/*.test.js	2026-08-20T02:24:18.8615331Z # Subtest: absent options are undefined/false, never null
test (20)	Run node --test test/*.test.js	2026-08-20T02:24:18.8616432Z ok 25 - absent options are undefined/false, never null
test (20)	Run node --test test/*.test.js	2026-08-20T02:24:18.8617219Z   ---
test (20)	Run node --test test/*.test.js	2026-08-20T02:24:18.8617803Z   duration_ms: 2.229178
test (20)	Run node --test test/*.test.js	2026-08-20T02:24:18.8618640Z   ...
test (20)	Run node --test test/*.test.js	2026-08-20T02:24:18.8619531Z # Subtest: HELP is a non-empty string mentioning every flag name
test (20)	Run node --test test/*.test.js	2026-08-20T02:24:18.8620576Z ok 26 - HELP is a non-empty string mentioning every flag name
test (20)	Run node --test test/*.test.js	2026-08-20T02:24:18.8621338Z   ---
test (20)	Run node --test test/*.test.js	2026-08-20T02:24:18.8621884Z   duration_ms: 0.247018
test (20)	Run node --test test/*.test.js	2026-08-20T02:24:18.8622459Z   ...
test (20)	Run node --test test/*.test.js	2026-08-20T02:24:18.8623437Z # Subtest: HELP fits comfortably on one 24-line terminal screen
test (20)	Run node --test test/*.test.js	2026-08-20T02:24:18.8624611Z ok 27 - HELP fits comfortably on one 24-line terminal screen
test (20)	Run node --test test/*.test.js	2026-08-20T02:24:18.8625422Z   ---
test (20)	Run node --test test/*.test.js	2026-08-20T02:24:18.8626006Z   duration_ms: 0.179729
test (20)	Run node --test test/*.test.js	2026-08-20T02:24:18.8634998Z   ...
test (20)	Run node --test test/*.test.js	2026-08-20T02:24:18.8636041Z # Subtest: --seed Infinity / --seed -Infinity parse to numbers, not a usage error
test (20)	Run node --test test/*.test.js	2026-08-20T02:24:18.8637374Z ok 28 - --seed Infinity / --seed -Infinity parse to numbers, not a usage error
test (20)	Run node --test test/*.test.js	2026-08-20T02:24:18.8638312Z   ---
test (20)	Run node --test test/*.test.js	2026-08-20T02:24:18.8639097Z   duration_ms: 0.197716
test (20)	Run node --test test/*.test.js	2026-08-20T02:24:18.8639668Z   ...
test (20)	Run node --test test/*.test.js	2026-08-20T02:24:21.6647704Z # Subtest: bare invocation prints one attributed aphorism and exits 0
test (20)	Run node --test test/*.test.js	2026-08-20T02:24:21.6670388Z ok 29 - bare invocation prints one attributed aphorism and exits 0
test (20)	Run node --test test/*.test.js	2026-08-20T02:24:21.6707231Z   ---
test (20)	Run node --test test/*.test.js	2026-08-20T02:24:21.6729172Z   duration_ms: 37.376724
test (20)	Run node --test test/*.test.js	2026-08-20T02:24:21.6729833Z   ...
test (20)	Run node --test test/*.test.js	2026-08-20T02:24:21.6730532Z # Subtest: --seed is deterministic across separate processes
test (20)	Run node --test test/*.test.js	2026-08-20T02:24:21.6731495Z ok 30 - --seed is deterministic across separate processes
test (20)	Run node --test test/*.test.js	2026-08-20T02:24:21.6732165Z   ---
test (20)	Run node --test test/*.test.js	2026-08-20T02:24:21.6732581Z   duration_ms: 74.372579
test (20)	Run node --test test/*.test.js	2026-08-20T02:24:21.6733041Z   ...
test (20)	Run node --test test/*.test.js	2026-08-20T02:24:21.6733633Z # Subtest: different seeds do not all collapse to one aphorism
test (20)	Run node --test test/*.test.js	2026-08-20T02:24:21.6734420Z ok 31 - different seeds do not all collapse to one aphorism
test (20)	Run node --test test/*.test.js	2026-08-20T02:24:21.6734932Z   ---
test (20)	Run node --test test/*.test.js	2026-08-20T02:24:21.6735243Z   duration_ms: 402.651389
test (20)	Run node --test test/*.test.js	2026-08-20T02:24:21.6735613Z   ...
test (20)	Run node --test test/*.test.js	2026-08-20T02:24:21.6736236Z # Subtest: --json emits a single-line JSON object with text/author/tags
test (20)	Run node --test test/*.test.js	2026-08-20T02:24:21.6737131Z ok 32 - --json emits a single-line JSON object with text/author/tags
test (20)	Run node --test test/*.test.js	2026-08-20T02:24:21.6737696Z   ---
test (20)	Run node --test test/*.test.js	2026-08-20T02:24:21.6738012Z   duration_ms: 39.374286
test (20)	Run node --test test/*.test.js	2026-08-20T02:24:21.6738367Z   ...
test (20)	Run node --test test/*.test.js	2026-08-20T02:24:21.6739091Z # Subtest: --list prints every entry in the filtered set
test (20)	Run node --test test/*.test.js	2026-08-20T02:24:21.6739811Z ok 33 - --list prints every entry in the filtered set
test (20)	Run node --test test/*.test.js	2026-08-20T02:24:21.6740305Z   ---
test (20)	Run node --test test/*.test.js	2026-08-20T02:24:21.6740616Z   duration_ms: 40.602891
test (20)	Run node --test test/*.test.js	2026-08-20T02:24:21.6741032Z   ...
test (20)	Run node --test test/*.test.js	2026-08-20T02:24:21.6741553Z # Subtest: --help prints usage to stdout and exits 0
test (20)	Run node --test test/*.test.js	2026-08-20T02:24:21.6742193Z ok 34 - --help prints usage to stdout and exits 0
test (20)	Run node --test test/*.test.js	2026-08-20T02:24:21.6742654Z   ---
test (20)	Run node --test test/*.test.js	2026-08-20T02:24:21.6742980Z   duration_ms: 28.677536
test (20)	Run node --test test/*.test.js	2026-08-20T02:24:21.6743448Z   ...
test (20)	Run node --test test/*.test.js	2026-08-20T02:24:21.6744040Z # Subtest: no match exits 1 with stderr only and zero bytes on stdout
test (20)	Run node --test test/*.test.js	2026-08-20T02:24:21.6744876Z ok 35 - no match exits 1 with stderr only and zero bytes on stdout
test (20)	Run node --test test/*.test.js	2026-08-20T02:24:21.6745412Z   ---
test (20)	Run node --test test/*.test.js	2026-08-20T02:24:21.6745743Z   duration_ms: 38.537968
test (20)	Run node --test test/*.test.js	2026-08-20T02:24:21.6746092Z   ...
test (20)	Run node --test test/*.test.js	2026-08-20T02:24:21.6746617Z # Subtest: unknown flag is a usage error, exit 2, stdout clean
test (20)	Run node --test test/*.test.js	2026-08-20T02:24:21.6747378Z ok 36 - unknown flag is a usage error, exit 2, stdout clean
test (20)	Run node --test test/*.test.js	2026-08-20T02:24:21.6747895Z   ---
test (20)	Run node --test test/*.test.js	2026-08-20T02:24:21.6748205Z   duration_ms: 32.307906
test (20)	Run node --test test/*.test.js	2026-08-20T02:24:21.6748790Z   ...
test (20)	Run node --test test/*.test.js	2026-08-20T02:24:21.6769573Z # Subtest: non-numeric seed is a usage error, exit 2
test (20)	Run node --test test/*.test.js	2026-08-20T02:24:21.6770242Z ok 37 - non-numeric seed is a usage error, exit 2
test (20)	Run node --test test/*.test.js	2026-08-20T02:24:21.6770677Z   ---
test (20)	Run node --test test/*.test.js	2026-08-20T02:24:21.6770905Z   duration_ms: 29.191382
test (20)	Run node --test test/*.test.js	2026-08-20T02:24:21.6771160Z   ...
test (20)	Run node --test test/*.test.js	2026-08-20T02:24:21.6771531Z # Subtest: author filter is case-insensitive and narrows the list
test (20)	Run node --test test/*.test.js	2026-08-20T02:24:21.6772038Z ok 38 - author filter is case-insensitive and narrows the list
test (20)	Run node --test test/*.test.js	2026-08-20T02:24:21.6772369Z   ---
test (20)	Run node --test test/*.test.js	2026-08-20T02:24:21.6772578Z   duration_ms: 59.147598
test (20)	Run node --test test/*.test.js	2026-08-20T02:24:21.6772811Z   ...
test (20)	Run node --test test/*.test.js	2026-08-20T02:24:21.6773424Z # Subtest: output is pipe-safe — no ANSI escapes when not a TTY
test (20)	Run node --test test/*.test.js	2026-08-20T02:24:21.6773992Z ok 39 - output is pipe-safe — no ANSI escapes when not a TTY
test (20)	Run node --test test/*.test.js	2026-08-20T02:24:21.6774311Z   ---
test (20)	Run node --test test/*.test.js	2026-08-20T02:24:21.6774512Z   duration_ms: 31.069577
test (20)	Run node --test test/*.test.js	2026-08-20T02:24:21.6774730Z   ...
test (20)	Run node --test test/*.test.js	2026-08-20T02:24:21.6775064Z # Subtest: --tag matches membership, not substring containment
test (20)	Run node --test test/*.test.js	2026-08-20T02:24:21.6775529Z ok 40 - --tag matches membership, not substring containment
test (20)	Run node --test test/*.test.js	2026-08-20T02:24:21.6775854Z   ---
test (20)	Run node --test test/*.test.js	2026-08-20T02:24:21.6776052Z   duration_ms: 63.497563
test (20)	Run node --test test/*.test.js	2026-08-20T02:24:21.6776268Z   ...
test (20)	Run node --test test/*.test.js	2026-08-20T02:24:21.6776624Z # Subtest: --list prints exactly one line per matching entry, no drops
test (20)	Run node --test test/*.test.js	2026-08-20T02:24:21.6777130Z ok 41 - --list prints exactly one line per matching entry, no drops
test (20)	Run node --test test/*.test.js	2026-08-20T02:24:21.6777465Z   ---
test (20)	Run node --test test/*.test.js	2026-08-20T02:24:21.6777658Z   duration_ms: 31.414
test (20)	Run node --test test/*.test.js	2026-08-20T02:24:21.6777874Z   ...
test (20)	Run node --test test/*.test.js	2026-08-20T02:24:21.6778220Z # Subtest: --list preserves corpus order (first and last line match)
test (20)	Run node --test test/*.test.js	2026-08-20T02:24:21.6779288Z ok 42 - --list preserves corpus order (first and last line match)
test (20)	Run node --test test/*.test.js	2026-08-20T02:24:21.6780156Z   ---
test (20)	Run node --test test/*.test.js	2026-08-20T02:24:21.6780472Z   duration_ms: 27.904481
test (20)	Run node --test test/*.test.js	2026-08-20T02:24:21.6780811Z   ...
test (20)	Run node --test test/*.test.js	2026-08-20T02:24:21.6781382Z # Subtest: --json output is exactly one line, never pretty-printed
test (20)	Run node --test test/*.test.js	2026-08-20T02:24:21.6782199Z ok 43 - --json output is exactly one line, never pretty-printed
test (20)	Run node --test test/*.test.js	2026-08-20T02:24:21.6782744Z   ---
test (20)	Run node --test test/*.test.js	2026-08-20T02:24:21.6783049Z   duration_ms: 28.400403
test (20)	Run node --test test/*.test.js	2026-08-20T02:24:21.6783406Z   ...
test (20)	Run node --test test/*.test.js	2026-08-20T02:24:21.6784149Z # Subtest: --list --json emits newline-delimited JSON, one object per line, in corpus order
test (20)	Run node --test test/*.test.js	2026-08-20T02:24:21.6785290Z ok 44 - --list --json emits newline-delimited JSON, one object per line, in corpus order
test (20)	Run node --test test/*.test.js	2026-08-20T02:24:21.6785986Z   ---
test (20)	Run node --test test/*.test.js	2026-08-20T02:24:21.6786304Z   duration_ms: 28.949763
test (20)	Run node --test test/*.test.js	2026-08-20T02:24:21.6786648Z   ...
test (20)	Run node --test test/*.test.js	2026-08-20T02:24:21.6787634Z # Subtest: --json composes with --seed: the seeded JSON pick is reproducible AND is the same entry as the plain-text pick
test (20)	Run node --test test/*.test.js	2026-08-20T02:24:21.6789361Z ok 45 - --json composes with --seed: the seeded JSON pick is reproducible AND is the same entry as the plain-text pick
test (20)	Run node --test test/*.test.js	2026-08-20T02:24:21.6790200Z   ---
test (20)	Run node --test test/*.test.js	2026-08-20T02:24:21.6790538Z   duration_ms: 508.056395
test (20)	Run node --test test/*.test.js	2026-08-20T02:24:21.6790895Z   ...
test (20)	Run node --test test/*.test.js	2026-08-20T02:24:21.6791726Z # Subtest: --json composes with the filter flags: the JSON pick is always a member of the FILTERED set
test (20)	Run node --test test/*.test.js	2026-08-20T02:24:21.6793063Z ok 46 - --json composes with the filter flags: the JSON pick is always a member of the FILTERED set
test (20)	Run node --test test/*.test.js	2026-08-20T02:24:21.6793795Z   ---
test (20)	Run node --test test/*.test.js	2026-08-20T02:24:21.6794118Z   duration_ms: 677.904496
test (20)	Run node --test test/*.test.js	2026-08-20T02:24:21.6794480Z   ...
test (20)	Run node --test test/*.test.js	2026-08-20T02:24:21.6795245Z # Subtest: --list accepts a valid --seed and IGNORES it: output is byte-identical across seeds
test (20)	Run node --test test/*.test.js	2026-08-20T02:24:21.6796397Z ok 47 - --list accepts a valid --seed and IGNORES it: output is byte-identical across seeds
test (20)	Run node --test test/*.test.js	2026-08-20T02:24:21.6797084Z   ---
test (20)	Run node --test test/*.test.js	2026-08-20T02:24:21.6797399Z   duration_ms: 282.763384
test (20)	Run node --test test/*.test.js	2026-08-20T02:24:21.6797756Z   ...
test (20)	Run node --test test/*.test.js	2026-08-20T02:24:21.6798797Z # Subtest: --list --seed abc is a usage error, exit 2, stdout empty, stderr carries the diagnostic
test (20)	Run node --test test/*.test.js	2026-08-20T02:24:21.6800007Z ok 48 - --list --seed abc is a usage error, exit 2, stdout empty, stderr carries the diagnostic
test (20)	Run node --test test/*.test.js	2026-08-20T02:24:21.6800697Z   ---
test (20)	Run node --test test/*.test.js	2026-08-20T02:24:21.6801011Z   duration_ms: 31.359395
test (20)	Run node --test test/*.test.js	2026-08-20T02:24:21.6801362Z   ...
test (20)	Run node --test test/*.test.js	2026-08-20T02:24:21.6802492Z # Subtest: --seed abc --list (erroring flag BEFORE --list) is still a usage error, exit 2, stdout empty
test (20)	Run node --test test/*.test.js	2026-08-20T02:24:21.6803718Z ok 49 - --seed abc --list (erroring flag BEFORE --list) is still a usage error, exit 2, stdout empty
test (20)	Run node --test test/*.test.js	2026-08-20T02:24:21.6804461Z   ---
test (20)	Run node --test test/*.test.js	2026-08-20T02:24:21.6804764Z   duration_ms: 27.848643
test (20)	Run node --test test/*.test.js	2026-08-20T02:24:21.6805118Z   ...
test (20)	Run node --test test/*.test.js	2026-08-20T02:24:21.6805803Z # Subtest: --list --seed=  (empty seed value) is a usage error, exit 2, stdout empty
test (20)	Run node --test test/*.test.js	2026-08-20T02:24:21.6806755Z ok 50 - --list --seed=  (empty seed value) is a usage error, exit 2, stdout empty
test (20)	Run node --test test/*.test.js	2026-08-20T02:24:21.6807344Z   ---
test (20)	Run node --test test/*.test.js	2026-08-20T02:24:21.6807671Z   duration_ms: 27.670978
test (20)	Run node --test test/*.test.js	2026-08-20T02:24:21.6808008Z   ...
test (20)	Run node --test test/*.test.js	2026-08-20T02:24:21.6808987Z # Subtest: --list --seed "   " (whitespace-only seed value) is a usage error, exit 2, stdout empty
test (20)	Run node --test test/*.test.js	2026-08-20T02:24:21.6810159Z ok 51 - --list --seed "   " (whitespace-only seed value) is a usage error, exit 2, stdout empty
test (20)	Run node --test test/*.test.js	2026-08-20T02:24:21.6810841Z   ---
test (20)	Run node --test test/*.test.js	2026-08-20T02:24:21.6811186Z   duration_ms: 27.880281
test (20)	Run node --test test/*.test.js	2026-08-20T02:24:21.6811548Z   ...
test (20)	Run node --test test/*.test.js	2026-08-20T02:24:21.6812911Z # Subtest: --list --nosuchflag (unknown flag) is a usage error, exit 2, stdout empty — --list does not swallow it
test (20)	Run node --test test/*.test.js	2026-08-20T02:24:21.6814448Z ok 52 - --list --nosuchflag (unknown flag) is a usage error, exit 2, stdout empty — --list does not swallow it
test (20)	Run node --test test/*.test.js	2026-08-20T02:24:21.6815212Z   ---
test (20)	Run node --test test/*.test.js	2026-08-20T02:24:21.6815527Z   duration_ms: 29.153512
test (20)	Run node --test test/*.test.js	2026-08-20T02:24:21.6815881Z   ...
test (20)	Run node --test test/*.test.js	2026-08-20T02:24:21.6816712Z # Subtest: --nosuchflag --list (unknown flag BEFORE --list) is still a usage error, exit 2, stdout empty
test (20)	Run node --test test/*.test.js	2026-08-20T02:24:21.6817965Z ok 53 - --nosuchflag --list (unknown flag BEFORE --list) is still a usage error, exit 2, stdout empty
test (20)	Run node --test test/*.test.js	2026-08-20T02:24:21.6818407Z   ---
test (20)	Run node --test test/*.test.js	2026-08-20T02:24:21.6818861Z   duration_ms: 28.005118
test (20)	Run node --test test/*.test.js	2026-08-20T02:24:21.6819087Z   ...
test (20)	Run node --test test/*.test.js	2026-08-20T02:24:21.6819619Z # Subtest: plain single-pick output is TWO lines: text, newline, four-space indent, EM DASH, space, author
test (20)	Run node --test test/*.test.js	2026-08-20T02:24:21.6820384Z ok 54 - plain single-pick output is TWO lines: text, newline, four-space indent, EM DASH, space, author
test (20)	Run node --test test/*.test.js	2026-08-20T02:24:21.6820831Z   ---
test (20)	Run node --test test/*.test.js	2026-08-20T02:24:21.6821029Z   duration_ms: 27.18308
test (20)	Run node --test test/*.test.js	2026-08-20T02:24:21.6821284Z   ...
test (20)	Run node --test test/*.test.js	2026-08-20T02:24:21.6821765Z # Subtest: --seed Infinity and --seed -Infinity (typed as CLI strings) are accepted and deterministic
test (20)	Run node --test test/*.test.js	2026-08-20T02:24:21.6822474Z ok 55 - --seed Infinity and --seed -Infinity (typed as CLI strings) are accepted and deterministic
test (20)	Run node --test test/*.test.js	2026-08-20T02:24:21.6822893Z   ---
test (20)	Run node --test test/*.test.js	2026-08-20T02:24:21.6823086Z   duration_ms: 111.175118
test (20)	Run node --test test/*.test.js	2026-08-20T02:24:21.6823315Z   ...
test (20)	Run node --test test/*.test.js	2026-08-20T02:24:21.6823774Z # Subtest: --list with a filter that matches nothing is STILL exit 1, stderr only, stdout empty
test (20)	Run node --test test/*.test.js	2026-08-20T02:24:21.6824442Z ok 56 - --list with a filter that matches nothing is STILL exit 1, stderr only, stdout empty
test (20)	Run node --test test/*.test.js	2026-08-20T02:24:21.6824846Z   ---
test (20)	Run node --test test/*.test.js	2026-08-20T02:24:21.6825039Z   duration_ms: 54.698837
test (20)	Run node --test test/*.test.js	2026-08-20T02:24:21.6825259Z   ...
test (20)	Run node --test test/*.test.js	2026-08-20T02:24:21.6825849Z # Subtest: --tag "" (bare empty-string value) matches nothing: whole-tag equality against the literal "" is not a filter no-op
test (20)	Run node --test test/*.test.js	2026-08-20T02:24:21.6826733Z ok 57 - --tag "" (bare empty-string value) matches nothing: whole-tag equality against the literal "" is not a filter no-op
test (20)	Run node --test test/*.test.js	2026-08-20T02:24:21.6827225Z   ---
test (20)	Run node --test test/*.test.js	2026-08-20T02:24:21.6827422Z   duration_ms: 28.320779
test (20)	Run node --test test/*.test.js	2026-08-20T02:24:21.6827639Z   ...
test (20)	Run node --test test/*.test.js	2026-08-20T02:24:21.6903419Z # Subtest: --list | true: exits quietly, zero stderr, no crash banner
test (20)	Run node --test test/*.test.js	2026-08-20T02:24:21.6904571Z ok 58 - --list | true: exits quietly, zero stderr, no crash banner
test (20)	Run node --test test/*.test.js	2026-08-20T02:24:21.6905390Z   ---
test (20)	Run node --test test/*.test.js	2026-08-20T02:24:21.6905904Z   duration_ms: 55.519191
test (20)	Run node --test test/*.test.js	2026-08-20T02:24:21.6906413Z   ...
test (20)	Run node --test test/*.test.js	2026-08-20T02:24:21.6907181Z # Subtest: | true (no --list, single aphorism): exits quietly, zero stderr
test (20)	Run node --test test/*.test.js	2026-08-20T02:24:21.6908219Z ok 59 - | true (no --list, single aphorism): exits quietly, zero stderr
test (20)	Run node --test test/*.test.js	2026-08-20T02:24:21.6909185Z   ---
test (20)	Run node --test test/*.test.js	2026-08-20T02:24:21.6909650Z   duration_ms: 43.398514
test (20)	Run node --test test/*.test.js	2026-08-20T02:24:21.6910424Z   ...
test (20)	Run node --test test/*.test.js	2026-08-20T02:24:21.6911192Z # Subtest: --list | head -0: exits quietly, zero stderr, no crash banner
test (20)	Run node --test test/*.test.js	2026-08-20T02:24:21.6912199Z ok 60 - --list | head -0: exits quietly, zero stderr, no crash banner
test (20)	Run node --test test/*.test.js	2026-08-20T02:24:21.6912917Z   ---
test (20)	Run node --test test/*.test.js	2026-08-20T02:24:21.6913371Z   duration_ms: 35.152392
test (20)	Run node --test test/*.test.js	2026-08-20T02:24:21.6913872Z   ...
test (20)	Run node --test test/*.test.js	2026-08-20T02:24:21.6914706Z # Subtest: --list | /nonexistent-cmd-xyz: no crash banner from the CLI itself
test (20)	Run node --test test/*.test.js	2026-08-20T02:24:21.6915812Z ok 61 - --list | /nonexistent-cmd-xyz: no crash banner from the CLI itself
test (20)	Run node --test test/*.test.js	2026-08-20T02:24:21.6916560Z   ---
test (20)	Run node --test test/*.test.js	2026-08-20T02:24:21.6917027Z   duration_ms: 39.744158
test (20)	Run node --test test/*.test.js	2026-08-20T02:24:21.6917546Z   ...
test (20)	Run node --test test/*.test.js	2026-08-20T02:24:21.6918703Z # Subtest: non-EPIPE stdout write failure: reported, not silent, not exit 1, no stack trace
test (20)	Run node --test test/*.test.js	2026-08-20T02:24:21.6919966Z ok 62 - non-EPIPE stdout write failure: reported, not silent, not exit 1, no stack trace
test (20)	Run node --test test/*.test.js	2026-08-20T02:24:21.6920745Z   ---
test (20)	Run node --test test/*.test.js	2026-08-20T02:24:21.6921189Z   duration_ms: 44.951974
test (20)	Run node --test test/*.test.js	2026-08-20T02:24:21.6921729Z   ...
test (20)	Run node --test test/*.test.js	2026-08-20T02:24:21.6922451Z # Subtest: usage error survives a closed stderr reader: still exits 2, not clobbered to 1
test (20)	Run node --test test/*.test.js	2026-08-20T02:24:21.6923500Z ok 63 - usage error survives a closed stderr reader: still exits 2, not clobbered to 1
test (20)	Run node --test test/*.test.js	2026-08-20T02:24:21.6924127Z   ---
test (20)	Run node --test test/*.test.js	2026-08-20T02:24:21.6924417Z   duration_ms: 118.71383
test (20)	Run node --test test/*.test.js	2026-08-20T02:24:21.6924742Z   ...
test (20)	Run node --test test/*.test.js	2026-08-20T02:24:21.6925455Z # Subtest: no-match exit code survives a closed stderr reader: still exits 1, not misreported
test (20)	Run node --test test/*.test.js	2026-08-20T02:24:21.6926526Z ok 64 - no-match exit code survives a closed stderr reader: still exits 1, not misreported
test (20)	Run node --test test/*.test.js	2026-08-20T02:24:21.6927417Z   ---
test (20)	Run node --test test/*.test.js	2026-08-20T02:24:21.6927700Z   duration_ms: 100.464423
test (20)	Run node --test test/*.test.js	2026-08-20T02:24:21.6928029Z   ...
test (20)	Run node --test test/*.test.js	2026-08-20T02:24:21.6929050Z # Subtest: non-EPIPE stderr write failure: not silent, not the earned exit code, no stack trace
test (20)	Run node --test test/*.test.js	2026-08-20T02:24:21.6930159Z ok 65 - non-EPIPE stderr write failure: not silent, not the earned exit code, no stack trace
test (20)	Run node --test test/*.test.js	2026-08-20T02:24:21.6930862Z   ---
test (20)	Run node --test test/*.test.js	2026-08-20T02:24:21.6931155Z   duration_ms: 33.565844
test (20)	Run node --test test/*.test.js	2026-08-20T02:24:21.6931484Z   ...
test (20)	Run node --test test/*.test.js	2026-08-20T02:24:21.6931991Z # Subtest: control: --list | head -1 stays completely clean
test (20)	Run node --test test/*.test.js	2026-08-20T02:24:21.6932507Z ok 66 - control: --list | head -1 stays completely clean
test (20)	Run node --test test/*.test.js	2026-08-20T02:24:21.6932822Z   ---
test (20)	Run node --test test/*.test.js	2026-08-20T02:24:21.6933026Z   duration_ms: 37.949538
test (20)	Run node --test test/*.test.js	2026-08-20T02:24:21.6933237Z   ...
test (20)	Run node --test test/*.test.js	2026-08-20T02:24:21.6933550Z # Subtest: control: --list | head -5 stays completely clean
test (20)	Run node --test test/*.test.js	2026-08-20T02:24:21.6933976Z ok 67 - control: --list | head -5 stays completely clean
test (20)	Run node --test test/*.test.js	2026-08-20T02:24:21.6934270Z   ---
test (20)	Run node --test test/*.test.js	2026-08-20T02:24:21.6934465Z   duration_ms: 38.607592
test (20)	Run node --test test/*.test.js	2026-08-20T02:24:21.6934698Z   ...
test (20)	Run node --test test/*.test.js	2026-08-20T02:24:21.6935002Z # Subtest: control: --list | sed 1q stays completely clean
test (20)	Run node --test test/*.test.js	2026-08-20T02:24:21.6935418Z ok 68 - control: --list | sed 1q stays completely clean
test (20)	Run node --test test/*.test.js	2026-08-20T02:24:21.6935707Z   ---
test (20)	Run node --test test/*.test.js	2026-08-20T02:24:21.6935898Z   duration_ms: 30.553897
test (20)	Run node --test test/*.test.js	2026-08-20T02:24:21.6936103Z   ...
test (20)	Run node --test test/*.test.js	2026-08-20T02:24:21.6936422Z # Subtest: control: --list | grep -q . stays completely clean
test (20)	Run node --test test/*.test.js	2026-08-20T02:24:21.6936864Z ok 69 - control: --list | grep -q . stays completely clean
test (20)	Run node --test test/*.test.js	2026-08-20T02:24:21.6937158Z   ---
test (20)	Run node --test test/*.test.js	2026-08-20T02:24:21.6937345Z   duration_ms: 40.531334
test (20)	Run node --test test/*.test.js	2026-08-20T02:24:21.6937552Z   ...
test (20)	Run node --test test/*.test.js	2026-08-20T02:24:21.6937829Z # Subtest: control: | wc -l stays completely clean
test (20)	Run node --test test/*.test.js	2026-08-20T02:24:21.6938204Z ok 70 - control: | wc -l stays completely clean
test (20)	Run node --test test/*.test.js	2026-08-20T02:24:21.6938685Z   ---
test (20)	Run node --test test/*.test.js	2026-08-20T02:24:21.6938875Z   duration_ms: 36.438693
test (20)	Run node --test test/*.test.js	2026-08-20T02:24:21.6939092Z   ...
test (20)	Run node --test test/*.test.js	2026-08-20T02:24:21.6939745Z # Subtest: control: --list --json | head -2 stays completely clean
test (20)	Run node --test test/*.test.js	2026-08-20T02:24:21.6940497Z ok 71 - control: --list --json | head -2 stays completely clean
test (20)	Run node --test test/*.test.js	2026-08-20T02:24:21.6940969Z   ---
test (20)	Run node --test test/*.test.js	2026-08-20T02:24:21.6941273Z   duration_ms: 32.038473
test (20)	Run node --test test/*.test.js	2026-08-20T02:24:21.6941679Z   ...
test (20)	Run node --test test/*.test.js	2026-08-20T02:24:21.6942260Z # Subtest: control: exit 1 / exit 2 stderr messages and codes are unchanged
test (20)	Run node --test test/*.test.js	2026-08-20T02:24:21.6943109Z ok 72 - control: exit 1 / exit 2 stderr messages and codes are unchanged
test (20)	Run node --test test/*.test.js	2026-08-20T02:24:21.6944233Z   ---
test (20)	Run node --test test/*.test.js	2026-08-20T02:24:21.6944766Z   duration_ms: 60.596761
test (20)	Run node --test test/*.test.js	2026-08-20T02:24:21.6945521Z   ...
test (20)	Run node --test test/*.test.js	2026-08-20T02:24:21.6946456Z # Subtest: control: a normal (non-full) stdout target still exits 0 with empty stderr
test (20)	Run node --test test/*.test.js	2026-08-20T02:24:21.6947663Z ok 73 - control: a normal (non-full) stdout target still exits 0 with empty stderr
test (20)	Run node --test test/*.test.js	2026-08-20T02:24:21.6948627Z   ---
test (20)	Run node --test test/*.test.js	2026-08-20T02:24:21.6949122Z   duration_ms: 61.429564
test (20)	Run node --test test/*.test.js	2026-08-20T02:24:21.6949640Z   ...
test (20)	Run node --test test/*.test.js	2026-08-20T02:24:21.6950215Z # Subtest: README tags must exist in corpus
test (20)	Run node --test test/*.test.js	2026-08-20T02:24:21.6950935Z ok 74 - README tags must exist in corpus
test (20)	Run node --test test/*.test.js	2026-08-20T02:24:21.6951549Z   ---
test (20)	Run node --test test/*.test.js	2026-08-20T02:24:21.6952017Z   duration_ms: 1.629453
test (20)	Run node --test test/*.test.js	2026-08-20T02:24:21.6952522Z   ...
test (20)	Run node --test test/*.test.js	2026-08-20T02:24:21.6953166Z # Subtest: README tag counts must match corpus
test (20)	Run node --test test/*.test.js	2026-08-20T02:24:21.6953930Z ok 75 - README tag counts must match corpus
test (20)	Run node --test test/*.test.js	2026-08-20T02:24:21.6954548Z   ---
test (20)	Run node --test test/*.test.js	2026-08-20T02:24:21.6955017Z   duration_ms: 1.240442
test (20)	Run node --test test/*.test.js	2026-08-20T02:24:21.6955524Z   ...
test (20)	Run node --test test/*.test.js	2026-08-20T02:24:21.6956183Z # Subtest: README must state total unique tags correctly
test (20)	Run node --test test/*.test.js	2026-08-20T02:24:21.6957229Z ok 76 - README must state total unique tags correctly
test (20)	Run node --test test/*.test.js	2026-08-20T02:24:21.6957796Z   ---
test (20)	Run node --test test/*.test.js	2026-08-20T02:24:21.6958141Z   duration_ms: 0.394138
test (20)	Run node --test test/*.test.js	2026-08-20T02:24:21.6958790Z   ...
test (20)	Run node --test test/*.test.js	2026-08-20T02:24:21.6959381Z # Subtest: README must correctly describe single-entry tag count
test (20)	Run node --test test/*.test.js	2026-08-20T02:24:21.6960263Z ok 77 - README must correctly describe single-entry tag count
test (20)	Run node --test test/*.test.js	2026-08-20T02:24:21.6960857Z   ---
test (20)	Run node --test test/*.test.js	2026-08-20T02:24:21.6961185Z   duration_ms: 0.402451
test (20)	Run node --test test/*.test.js	2026-08-20T02:24:21.6961566Z   ...
test (20)	Run node --test test/*.test.js	2026-08-20T02:24:21.6962368Z # Subtest: README must list all single-entry tags
test (20)	Run node --test test/*.test.js	2026-08-20T02:24:21.6963042Z ok 78 - README must list all single-entry tags
test (20)	Run node --test test/*.test.js	2026-08-20T02:24:21.6963537Z   ---
test (20)	Run node --test test/*.test.js	2026-08-20T02:24:21.6963883Z   duration_ms: 0.486626
test (20)	Run node --test test/*.test.js	2026-08-20T02:24:21.6964265Z   ...
test (20)	Run node --test test/*.test.js	2026-08-20T02:24:21.6965457Z # Subtest: README Tag vocabulary section carries a tag+entry sentence with a single-entry marker (token co-occurrence guard, not a meaning check)
test (20)	Run node --test test/*.test.js	2026-08-20T02:24:21.6967335Z ok 79 - README Tag vocabulary section carries a tag+entry sentence with a single-entry marker (token co-occurrence guard, not a meaning check)
test (20)	Run node --test test/*.test.js	2026-08-20T02:24:21.6968372Z   ---
test (20)	Run node --test test/*.test.js	2026-08-20T02:24:21.6969030Z   duration_ms: 0.798713
test (20)	Run node --test test/*.test.js	2026-08-20T02:24:21.6969398Z   ...
test (20)	Run node --test test/*.test.js	2026-08-20T02:24:21.6970790Z # Subtest: extractBandTablesFromReadme tolerates a prose sentence between a band heading and its table (T-025), without mis-attaching a table when the real one is missing
test (20)	Run node --test test/*.test.js	2026-08-20T02:24:21.6972953Z ok 80 - extractBandTablesFromReadme tolerates a prose sentence between a band heading and its table (T-025), without mis-attaching a table when the real one is missing
test (20)	Run node --test test/*.test.js	2026-08-20T02:24:21.6974140Z   ---
test (20)	Run node --test test/*.test.js	2026-08-20T02:24:21.6974466Z   duration_ms: 1.61396
test (20)	Run node --test test/*.test.js	2026-08-20T02:24:21.6974825Z   ...
test (20)	Run node --test test/*.test.js	2026-08-20T02:24:21.6975768Z # Subtest: extractBandTablesFromReadme does not let a band-shaped PROSE line steal a real heading's table (T-039)
test (20)	Run node --test test/*.test.js	2026-08-20T02:24:21.6977237Z ok 81 - extractBandTablesFromReadme does not let a band-shaped PROSE line steal a real heading's table (T-039)
test (20)	Run node --test test/*.test.js	2026-08-20T02:24:21.6978066Z   ---
test (20)	Run node --test test/*.test.js	2026-08-20T02:24:21.6978387Z   duration_ms: 0.378054
test (20)	Run node --test test/*.test.js	2026-08-20T02:24:21.6978928Z   ...
test (20)	Run node --test test/*.test.js	2026-08-20T02:24:21.6979794Z # Subtest: extractBandTablesFromReadme does not read a fenced example block as a second, real band table
test (20)	Run node --test test/*.test.js	2026-08-20T02:24:21.6981136Z ok 82 - extractBandTablesFromReadme does not read a fenced example block as a second, real band table
test (20)	Run node --test test/*.test.js	2026-08-20T02:24:21.6981918Z   ---
test (20)	Run node --test test/*.test.js	2026-08-20T02:24:21.6982249Z   duration_ms: 0.351595
test (20)	Run node --test test/*.test.js	2026-08-20T02:24:21.6982615Z   ...
test (20)	Run node --test test/*.test.js	2026-08-20T02:24:21.6984134Z # Subtest: extractBandTablesFromReadme's recognised bands account for every structural `| Tag | Count |` table -- a table under an unrecognised heading shape is a loud mismatch, not a silent miss
test (20)	Run node --test test/*.test.js	2026-08-20T02:24:21.6986531Z ok 83 - extractBandTablesFromReadme's recognised bands account for every structural `| Tag | Count |` table -- a table under an unrecognised heading shape is a loud mismatch, not a silent miss
test (20)	Run node --test test/*.test.js	2026-08-20T02:24:21.6988020Z   ---
test (20)	Run node --test test/*.test.js	2026-08-20T02:24:21.6988360Z   duration_ms: 0.541919
test (20)	Run node --test test/*.test.js	2026-08-20T02:24:21.6988902Z   ...
test (20)	Run node --test test/*.test.js	2026-08-20T02:24:21.6990160Z # Subtest: every `| Tag | Count |` table in the real README Tag vocabulary section is a recognised band table (no table may hide under an unrecognised heading shape)
test (20)	Run node --test test/*.test.js	2026-08-20T02:24:21.6992102Z ok 84 - every `| Tag | Count |` table in the real README Tag vocabulary section is a recognised band table (no table may hide under an unrecognised heading shape)
test (20)	Run node --test test/*.test.js	2026-08-20T02:24:21.6993132Z   ---
test (20)	Run node --test test/*.test.js	2026-08-20T02:24:21.6993505Z   duration_ms: 0.727416
test (20)	Run node --test test/*.test.js	2026-08-20T02:24:21.6993890Z   ...
test (20)	Run node --test test/*.test.js	2026-08-20T02:24:21.6994796Z # Subtest: every band table in README Tag vocabulary contains exactly the corpus tags whose count fits that band
test (20)	Run node --test test/*.test.js	2026-08-20T02:24:21.6996251Z ok 85 - every band table in README Tag vocabulary contains exactly the corpus tags whose count fits that band
test (20)	Run node --test test/*.test.js	2026-08-20T02:24:21.6997072Z   ---
test (20)	Run node --test test/*.test.js	2026-08-20T02:24:21.6997413Z   duration_ms: 1.374352
test (20)	Run node --test test/*.test.js	2026-08-20T02:24:21.6997791Z   ...
test (20)	Run node --test test/*.test.js	2026-08-20T02:24:21.6999164Z # Subtest: every corpus tag appearing on 2+ entries must have a row in some band table (no band table may be deleted wholesale) (T-019)
test (20)	Run node --test test/*.test.js	2026-08-20T02:24:21.7000788Z ok 86 - every corpus tag appearing on 2+ entries must have a row in some band table (no band table may be deleted wholesale) (T-019)
test (20)	Run node --test test/*.test.js	2026-08-20T02:24:21.7001709Z   ---
test (20)	Run node --test test/*.test.js	2026-08-20T02:24:21.7002032Z   duration_ms: 0.545835
test (20)	Run node --test test/*.test.js	2026-08-20T02:24:21.7002394Z   ...
test (20)	Run node --test test/*.test.js	2026-08-20T02:24:21.7003610Z # Subtest: extractBandTablesFromReadme derives a band's row count purely from its table, ignoring decoy "N tags" phrases in the heading line (T-024b)
test (20)	Run node --test test/*.test.js	2026-08-20T02:24:21.7005828Z ok 87 - extractBandTablesFromReadme derives a band's row count purely from its table, ignoring decoy "N tags" phrases in the heading line (T-024b)
test (20)	Run node --test test/*.test.js	2026-08-20T02:24:21.7006868Z   ---
test (20)	Run node --test test/*.test.js	2026-08-20T02:24:21.7007211Z   duration_ms: 0.323734
test (20)	Run node --test test/*.test.js	2026-08-20T02:24:21.7007572Z   ...
test (20)	Run node --test test/*.test.js	2026-08-20T02:24:21.7008403Z # Subtest: README opening sentence must state correct multi-entry and single-entry tag counts
test (20)	Run node --test test/*.test.js	2026-08-20T02:24:21.7009901Z ok 88 - README opening sentence must state correct multi-entry and single-entry tag counts
test (20)	Run node --test test/*.test.js	2026-08-20T02:24:21.7010614Z   ---
test (20)	Run node --test test/*.test.js	2026-08-20T02:24:21.7010936Z   duration_ms: 0.587537
test (20)	Run node --test test/*.test.js	2026-08-20T02:24:21.7011295Z   ...
test (20)	Run node --test test/*.test.js	2026-08-20T02:24:21.7012085Z # Subtest: README Tag vocabulary section must contain no unrecognised count-claim digits (J-5)
test (20)	Run node --test test/*.test.js	2026-08-20T02:24:21.7013283Z ok 89 - README Tag vocabulary section must contain no unrecognised count-claim digits (J-5)
test (20)	Run node --test test/*.test.js	2026-08-20T02:24:21.7013977Z   ---
test (20)	Run node --test test/*.test.js	2026-08-20T02:24:21.7014294Z   duration_ms: 1.404477
test (20)	Run node --test test/*.test.js	2026-08-20T02:24:21.7014652Z   ...
test (20)	Run node --test test/*.test.js	2026-08-20T02:24:21.7015585Z # Subtest: README Attribution table "Entries ranked" count must match corpus.length and the triage doc (C1)
test (20)	Run node --test test/*.test.js	2026-08-20T02:24:21.7016999Z ok 90 - README Attribution table "Entries ranked" count must match corpus.length and the triage doc (C1)
test (20)	Run node --test test/*.test.js	2026-08-20T02:24:21.7017843Z   ---
test (20)	Run node --test test/*.test.js	2026-08-20T02:24:21.7018168Z   duration_ms: 1.476475
test (20)	Run node --test test/*.test.js	2026-08-20T02:24:21.7018730Z   ...
test (20)	Run node --test test/*.test.js	2026-08-20T02:24:21.7019556Z # Subtest: README Attribution table "Rated HIGH risk" count must match the triage doc table (C2)
test (20)	Run node --test test/*.test.js	2026-08-20T02:24:21.7020782Z ok 91 - README Attribution table "Rated HIGH risk" count must match the triage doc table (C2)
test (20)	Run node --test test/*.test.js	2026-08-20T02:24:21.7021539Z   ---
test (20)	Run node --test test/*.test.js	2026-08-20T02:24:21.7021913Z   duration_ms: 0.821106
test (20)	Run node --test test/*.test.js	2026-08-20T02:24:21.7022317Z   ...
test (20)	Run node --test test/*.test.js	2026-08-20T02:24:21.7023281Z # Subtest: README Attribution section must contain no digit runs outside the counts table (C7)
test (20)	Run node --test test/*.test.js	2026-08-20T02:24:21.7024606Z ok 92 - README Attribution section must contain no digit runs outside the counts table (C7)
test (20)	Run node --test test/*.test.js	2026-08-20T02:24:21.7025411Z   ---
test (20)	Run node --test test/*.test.js	2026-08-20T02:24:21.7025778Z   duration_ms: 0.484544
test (20)	Run node --test test/*.test.js	2026-08-20T02:24:21.7026181Z   ...
test (20)	Run node --test test/*.test.js	2026-08-20T02:24:21.7026896Z # Subtest: README Layout section paths must exist on disk (C6)
test (20)	Run node --test test/*.test.js	2026-08-20T02:24:21.7027782Z ok 93 - README Layout section paths must exist on disk (C6)
test (20)	Run node --test test/*.test.js	2026-08-20T02:24:21.7028784Z   ---
test (20)	Run node --test test/*.test.js	2026-08-20T02:24:21.7029127Z   duration_ms: 0.673996
test (20)	Run node --test test/*.test.js	2026-08-20T02:24:21.7029601Z   ...
test (20)	Run node --test test/*.test.js	2026-08-20T02:24:21.7030786Z # Subtest: getListBehaviourSection tolerates a reformatted "--list behaviour" heading with no backticks (T-021)
test (20)	Run node --test test/*.test.js	2026-08-20T02:24:21.7032257Z ok 94 - getListBehaviourSection tolerates a reformatted "--list behaviour" heading with no backticks (T-021)
test (20)	Run node --test test/*.test.js	2026-08-20T02:24:21.7033077Z   ---
test (20)	Run node --test test/*.test.js	2026-08-20T02:24:21.7033390Z   duration_ms: 0.517733
test (20)	Run node --test test/*.test.js	2026-08-20T02:24:21.7033738Z   ...
test (20)	Run node --test test/*.test.js	2026-08-20T02:24:21.7034784Z # Subtest: getListBehaviourSection still fails on a SEPARATOR MISMATCH (not a heading-parse error) when a reformatted heading's literal is mutated (T-021)
test (20)	Run node --test test/*.test.js	2026-08-20T02:24:21.7035950Z ok 95 - getListBehaviourSection still fails on a SEPARATOR MISMATCH (not a heading-parse error) when a reformatted heading's literal is mutated (T-021)
test (20)	Run node --test test/*.test.js	2026-08-20T02:24:21.7036572Z   ---
test (20)	Run node --test test/*.test.js	2026-08-20T02:24:21.7036781Z   duration_ms: 0.366737
test (20)	Run node --test test/*.test.js	2026-08-20T02:24:21.7037013Z   ...
test (20)	Run node --test test/*.test.js	2026-08-20T02:24:21.7037622Z # Subtest: getListBehaviourSection reports ambiguity loudly instead of taking the first of two qualifying headings (T-021)
test (20)	Run node --test test/*.test.js	2026-08-20T02:24:21.7038804Z ok 96 - getListBehaviourSection reports ambiguity loudly instead of taking the first of two qualifying headings (T-021)
test (20)	Run node --test test/*.test.js	2026-08-20T02:24:21.7039350Z   ---
test (20)	Run node --test test/*.test.js	2026-08-20T02:24:21.7039556Z   duration_ms: 1.202195
test (20)	Run node --test test/*.test.js	2026-08-20T02:24:21.7039792Z   ...
test (20)	Run node --test test/*.test.js	2026-08-20T02:24:21.7040341Z # Subtest: getListBehaviourSection does not let "--list-only" satisfy the standalone `--list` token (T-021)
test (20)	Run node --test test/*.test.js	2026-08-20T02:24:21.7041138Z ok 97 - getListBehaviourSection does not let "--list-only" satisfy the standalone `--list` token (T-021)
test (20)	Run node --test test/*.test.js	2026-08-20T02:24:21.7041808Z   ---
test (20)	Run node --test test/*.test.js	2026-08-20T02:24:21.7042024Z   duration_ms: 0.306307
test (20)	Run node --test test/*.test.js	2026-08-20T02:24:21.7042252Z   ...
test (20)	Run node --test test/*.test.js	2026-08-20T02:24:21.7042793Z # Subtest: getListBehaviourSection tolerates the American spelling "behavior" in the heading (T-027)
test (20)	Run node --test test/*.test.js	2026-08-20T02:24:21.7043559Z ok 98 - getListBehaviourSection tolerates the American spelling "behavior" in the heading (T-027)
test (20)	Run node --test test/*.test.js	2026-08-20T02:24:21.7044024Z   ---
test (20)	Run node --test test/*.test.js	2026-08-20T02:24:21.7044230Z   duration_ms: 0.172627
test (20)	Run node --test test/*.test.js	2026-08-20T02:24:21.7044466Z   ...
test (20)	Run node --test test/*.test.js	2026-08-20T02:24:21.7045135Z # Subtest: getListBehaviourSection still fails on a SEPARATOR MISMATCH (not a heading-parse error) under an American-spelled heading (T-027)
test (20)	Run node --test test/*.test.js	2026-08-20T02:24:21.7046201Z ok 99 - getListBehaviourSection still fails on a SEPARATOR MISMATCH (not a heading-parse error) under an American-spelled heading (T-027)
test (20)	Run node --test test/*.test.js	2026-08-20T02:24:21.7046775Z   ---
test (20)	Run node --test test/*.test.js	2026-08-20T02:24:21.7046982Z   duration_ms: 0.199088
test (20)	Run node --test test/*.test.js	2026-08-20T02:24:21.7047206Z   ...
test (20)	Run node --test test/*.test.js	2026-08-20T02:24:21.7047708Z # Subtest: README `--list` format literal matches the shipped binary's actual --list output (T-017)
test (20)	Run node --test test/*.test.js	2026-08-20T02:24:21.7048584Z ok 100 - README `--list` format literal matches the shipped binary's actual --list output (T-017)
test (20)	Run node --test test/*.test.js	2026-08-20T02:24:21.7049136Z   ---
test (20)	Run node --test test/*.test.js	2026-08-20T02:24:21.7049419Z   duration_ms: 38.110549
test (20)	Run node --test test/*.test.js	2026-08-20T02:24:21.7049751Z   ...
test (20)	Run node --test test/*.test.js	2026-08-20T02:24:21.7050569Z # Subtest: README `--author` matching section must state the correct count of distinct corpus authors (Q-8)
test (20)	Run node --test test/*.test.js	2026-08-20T02:24:21.7051866Z ok 101 - README `--author` matching section must state the correct count of distinct corpus authors (Q-8)
test (20)	Run node --test test/*.test.js	2026-08-20T02:24:21.7052646Z   ---
test (20)	Run node --test test/*.test.js	2026-08-20T02:24:21.7052980Z   duration_ms: 0.517233
test (20)	Run node --test test/*.test.js	2026-08-20T02:24:21.7053299Z   ...
test (20)	Run node --test test/*.test.js	2026-08-20T02:24:21.7053700Z # Subtest: corpus has at least 40 entries
test (20)	Run node --test test/*.test.js	2026-08-20T02:24:21.7054056Z ok 102 - corpus has at least 40 entries
test (20)	Run node --test test/*.test.js	2026-08-20T02:24:21.7054333Z   ---
test (20)	Run node --test test/*.test.js	2026-08-20T02:24:21.7054538Z   duration_ms: 1.821379
test (20)	Run node --test test/*.test.js	2026-08-20T02:24:21.7054759Z   ...
test (20)	Run node --test test/*.test.js	2026-08-20T02:24:21.7055209Z # Subtest: every corpus entry has non-empty text, non-empty author, and an array of tags
test (20)	Run node --test test/*.test.js	2026-08-20T02:24:21.7055852Z ok 103 - every corpus entry has non-empty text, non-empty author, and an array of tags
test (20)	Run node --test test/*.test.js	2026-08-20T02:24:21.7056260Z   ---
test (20)	Run node --test test/*.test.js	2026-08-20T02:24:21.7056465Z   duration_ms: 0.524624
test (20)	Run node --test test/*.test.js	2026-08-20T02:24:21.7056688Z   ...
test (20)	Run node --test test/*.test.js	2026-08-20T02:24:21.7056983Z # Subtest: filter: author match is case-insensitive
test (20)	Run node --test test/*.test.js	2026-08-20T02:24:21.7057573Z ok 104 - filter: author match is case-insensitive
test (20)	Run node --test test/*.test.js	2026-08-20T02:24:21.7057873Z   ---
test (20)	Run node --test test/*.test.js	2026-08-20T02:24:21.7058081Z   duration_ms: 1.05855
test (20)	Run node --test test/*.test.js	2026-08-20T02:24:21.7058309Z   ...
test (20)	Run node --test test/*.test.js	2026-08-20T02:24:21.7058892Z # Subtest: filter: tag match is case-insensitive
test (20)	Run node --test test/*.test.js	2026-08-20T02:24:21.7059296Z ok 105 - filter: tag match is case-insensitive
test (20)	Run node --test test/*.test.js	2026-08-20T02:24:21.7059596Z   ---
test (20)	Run node --test test/*.test.js	2026-08-20T02:24:21.7059799Z   duration_ms: 1.281794
test (20)	Run node --test test/*.test.js	2026-08-20T02:24:21.7060027Z   ...
test (20)	Run node --test test/*.test.js	2026-08-20T02:24:21.7060449Z # Subtest: filter: author and tag together narrow to the intersection (AND)
test (20)	Run node --test test/*.test.js	2026-08-20T02:24:21.7061021Z ok 106 - filter: author and tag together narrow to the intersection (AND)
test (20)	Run node --test test/*.test.js	2026-08-20T02:24:21.7061387Z   ---
test (20)	Run node --test test/*.test.js	2026-08-20T02:24:21.7061589Z   duration_ms: 0.525114
test (20)	Run node --test test/*.test.js	2026-08-20T02:24:21.7061818Z   ...
test (20)	Run node --test test/*.test.js	2026-08-20T02:24:21.7062156Z # Subtest: filter: undefined/absent options do not filter
test (20)	Run node --test test/*.test.js	2026-08-20T02:24:21.7062597Z ok 107 - filter: undefined/absent options do not filter
test (20)	Run node --test test/*.test.js	2026-08-20T02:24:21.7062911Z   ---
test (20)	Run node --test test/*.test.js	2026-08-20T02:24:21.7063124Z   duration_ms: 0.396632
test (20)	Run node --test test/*.test.js	2026-08-20T02:24:21.7063345Z   ...
test (20)	Run node --test test/*.test.js	2026-08-20T02:24:21.7063757Z # Subtest: pick: same seed over the same candidates always returns the same element
test (20)	Run node --test test/*.test.js	2026-08-20T02:24:21.7064366Z ok 108 - pick: same seed over the same candidates always returns the same element
test (20)	Run node --test test/*.test.js	2026-08-20T02:24:21.7064746Z   ---
test (20)	Run node --test test/*.test.js	2026-08-20T02:24:21.7064947Z   duration_ms: 0.623231
test (20)	Run node --test test/*.test.js	2026-08-20T02:24:21.7065167Z   ...
test (20)	Run node --test test/*.test.js	2026-08-20T02:24:21.7085603Z # Subtest: pick: different seeds generally produce different results
test (20)	Run node --test test/*.test.js	2026-08-20T02:24:21.7086493Z ok 109 - pick: different seeds generally produce different results
test (20)	Run node --test test/*.test.js	2026-08-20T02:24:21.7087166Z   ---
test (20)	Run node --test test/*.test.js	2026-08-20T02:24:21.7087385Z   duration_ms: 0.516972
test (20)	Run node --test test/*.test.js	2026-08-20T02:24:21.7087625Z   ...
test (20)	Run node --test test/*.test.js	2026-08-20T02:24:21.7088005Z # Subtest: pick: undefined seed picks a valid member (random mode)
test (20)	Run node --test test/*.test.js	2026-08-20T02:24:21.7088736Z ok 110 - pick: undefined seed picks a valid member (random mode)
test (20)	Run node --test test/*.test.js	2026-08-20T02:24:21.7089097Z   ---
test (20)	Run node --test test/*.test.js	2026-08-20T02:24:21.7089328Z   duration_ms: 0.377023
test (20)	Run node --test test/*.test.js	2026-08-20T02:24:21.7089573Z   ...
test (20)	Run node --test test/*.test.js	2026-08-20T02:24:21.7089997Z # Subtest: pick: null seed also triggers random mode and returns a valid member
test (20)	Run node --test test/*.test.js	2026-08-20T02:24:21.7090600Z ok 111 - pick: null seed also triggers random mode and returns a valid member
test (20)	Run node --test test/*.test.js	2026-08-20T02:24:21.7090975Z   ---
test (20)	Run node --test test/*.test.js	2026-08-20T02:24:21.7091196Z   duration_ms: 0.329051
test (20)	Run node --test test/*.test.js	2026-08-20T02:24:21.7091424Z   ...
test (20)	Run node --test test/*.test.js	2026-08-20T02:24:21.7091770Z # Subtest: pick: throws RangeError on empty candidates array
test (20)	Run node --test test/*.test.js	2026-08-20T02:24:21.7092246Z ok 112 - pick: throws RangeError on empty candidates array
test (20)	Run node --test test/*.test.js	2026-08-20T02:24:21.7092581Z   ---
test (20)	Run node --test test/*.test.js	2026-08-20T02:24:21.7092796Z   duration_ms: 0.666965
test (20)	Run node --test test/*.test.js	2026-08-20T02:24:21.7093015Z   ...
test (20)	Run node --test test/*.test.js	2026-08-20T02:24:21.7093407Z # Subtest: pick: Infinity seed is deterministic and returns a valid member
test (20)	Run node --test test/*.test.js	2026-08-20T02:24:21.7093985Z ok 113 - pick: Infinity seed is deterministic and returns a valid member
test (20)	Run node --test test/*.test.js	2026-08-20T02:24:21.7094347Z   ---
test (20)	Run node --test test/*.test.js	2026-08-20T02:24:21.7094550Z   duration_ms: 0.285546
test (20)	Run node --test test/*.test.js	2026-08-20T02:24:21.7094780Z   ...
test (20)	Run node --test test/*.test.js	2026-08-20T02:24:21.7095168Z # Subtest: pick: -Infinity seed is deterministic and returns a valid member
test (20)	Run node --test test/*.test.js	2026-08-20T02:24:21.7095740Z ok 114 - pick: -Infinity seed is deterministic and returns a valid member
test (20)	Run node --test test/*.test.js	2026-08-20T02:24:21.7096114Z   ---
test (20)	Run node --test test/*.test.js	2026-08-20T02:24:21.7096313Z   duration_ms: 0.289793
test (20)	Run node --test test/*.test.js	2026-08-20T02:24:21.7096532Z   ...
test (20)	Run node --test test/*.test.js	2026-08-20T02:24:21.7096933Z # Subtest: pick: NaN seed still uses the random branch and returns a valid member
test (20)	Run node --test test/*.test.js	2026-08-20T02:24:21.7097525Z ok 115 - pick: NaN seed still uses the random branch and returns a valid member
test (20)	Run node --test test/*.test.js	2026-08-20T02:24:21.7097903Z   ---
test (20)	Run node --test test/*.test.js	2026-08-20T02:24:21.7098119Z   duration_ms: 0.284815
test (20)	Run node --test test/*.test.js	2026-08-20T02:24:21.7098339Z   ...
test (20)	Run node --test test/*.test.js	2026-08-20T02:24:21.7098922Z # Subtest: pick: finite seed determinism is unchanged by the non-finite-seed fix
test (20)	Run node --test test/*.test.js	2026-08-20T02:24:21.7099539Z ok 116 - pick: finite seed determinism is unchanged by the non-finite-seed fix
test (20)	Run node --test test/*.test.js	2026-08-20T02:24:21.7099935Z   ---
test (20)	Run node --test test/*.test.js	2026-08-20T02:24:21.7100153Z   duration_ms: 0.300118
test (20)	Run node --test test/*.test.js	2026-08-20T02:24:21.7100390Z   ...
test (20)	Run node --test test/*.test.js	2026-08-20T02:24:21.7100903Z # Subtest: pick: every candidate is REACHABLE by an unseeded draw
test (20)	Run node --test test/*.test.js	2026-08-20T02:24:21.7101416Z ok 117 - pick: every candidate is REACHABLE by an unseeded draw
test (20)	Run node --test test/*.test.js	2026-08-20T02:24:21.7101759Z   ---
test (20)	Run node --test test/*.test.js	2026-08-20T02:24:21.7101966Z   duration_ms: 2.831387
test (20)	Run node --test test/*.test.js	2026-08-20T02:24:21.7102190Z   ...
test (20)	Run node --test test/*.test.js	2026-08-20T02:24:21.7102645Z # Subtest: pick: unseeded draws split the interval EQUALLY across candidates (uniform)
test (20)	Run node --test test/*.test.js	2026-08-20T02:24:21.7103291Z ok 118 - pick: unseeded draws split the interval EQUALLY across candidates (uniform)
test (20)	Run node --test test/*.test.js	2026-08-20T02:24:21.7103698Z   ---
test (20)	Run node --test test/*.test.js	2026-08-20T02:24:21.7103902Z   duration_ms: 1.86145
test (20)	Run node --test test/*.test.js	2026-08-20T02:24:21.7104135Z   ...
test (20)	Run node --test test/*.test.js	2026-08-20T02:24:21.7104591Z # Subtest: pick: single-element candidates always returns that element regardless of seed
test (20)	Run node --test test/*.test.js	2026-08-20T02:24:21.7105274Z ok 119 - pick: single-element candidates always returns that element regardless of seed
test (20)	Run node --test test/*.test.js	2026-08-20T02:24:21.7105692Z   ---
test (20)	Run node --test test/*.test.js	2026-08-20T02:24:21.7105892Z   duration_ms: 0.394989
test (20)	Run node --test test/*.test.js	2026-08-20T02:24:21.7106114Z   ...
test (20)	Run node --test test/*.test.js	2026-08-20T02:24:21.7106316Z 1..119
test (20)	Run node --test test/*.test.js	2026-08-20T02:24:21.7106521Z # tests 119
test (20)	Run node --test test/*.test.js	2026-08-20T02:24:21.7106736Z # suites 0
test (20)	Run node --test test/*.test.js	2026-08-20T02:24:21.7106939Z # pass 119
test (20)	Run node --test test/*.test.js	2026-08-20T02:24:21.7107144Z # fail 0
test (20)	Run node --test test/*.test.js	2026-08-20T02:24:21.7107349Z # cancelled 0
test (20)	Run node --test test/*.test.js	2026-08-20T02:24:21.7107572Z # skipped 0
test (20)	Run node --test test/*.test.js	2026-08-20T02:24:21.7107773Z # todo 0
test (20)	Run node --test test/*.test.js	2026-08-20T02:24:21.7108000Z # duration_ms 2934.258988
test (20)	Coverage report (informational, not a gate)	﻿2026-08-20T02:24:21.7160881Z ##[group]Run node --test --experimental-test-coverage test/*.test.js \
test (20)	Coverage report (informational, not a gate)	2026-08-20T02:24:21.7161420Z [36;1mnode --test --experimental-test-coverage test/*.test.js \[0m
test (20)	Coverage report (informational, not a gate)	2026-08-20T02:24:21.7162196Z [36;1m  || echo "NOTE: --experimental-test-coverage exited non-zero on Node 20 (see output above). This step is informational only and does not affect job status."[0m
test (20)	Coverage report (informational, not a gate)	2026-08-20T02:24:21.7204769Z shell: /usr/bin/bash -e {0}
test (20)	Coverage report (informational, not a gate)	2026-08-20T02:24:21.7205040Z ##[endgroup]
test (20)	Coverage report (informational, not a gate)	2026-08-20T02:24:21.7689598Z TAP version 13
test (20)	Coverage report (informational, not a gate)	2026-08-20T02:24:21.8242371Z # Subtest: zero args: no error, no filters set
test (20)	Coverage report (informational, not a gate)	2026-08-20T02:24:21.8251781Z ok 1 - zero args: no error, no filters set
test (20)	Coverage report (informational, not a gate)	2026-08-20T02:24:21.8252657Z   ---
test (20)	Coverage report (informational, not a gate)	2026-08-20T02:24:21.8253228Z   duration_ms: 2.610878
test (20)	Coverage report (informational, not a gate)	2026-08-20T02:24:21.8253872Z   ...
test (20)	Coverage report (informational, not a gate)	2026-08-20T02:24:21.8254545Z # Subtest: --author <name> sets author string
test (20)	Coverage report (informational, not a gate)	2026-08-20T02:24:21.8255354Z ok 2 - --author <name> sets author string
test (20)	Coverage report (informational, not a gate)	2026-08-20T02:24:21.8256015Z   ---
test (20)	Coverage report (informational, not a gate)	2026-08-20T02:24:21.8256620Z   duration_ms: 0.201651
test (20)	Coverage report (informational, not a gate)	2026-08-20T02:24:21.8257392Z   ...
test (20)	Coverage report (informational, not a gate)	2026-08-20T02:24:21.8274365Z # Subtest: --author=<name> equals form sets author string
test (20)	Coverage report (informational, not a gate)	2026-08-20T02:24:21.8277741Z ok 3 - --author=<name> equals form sets author string
test (20)	Coverage report (informational, not a gate)	2026-08-20T02:24:21.8278845Z   ---
test (20)	Coverage report (informational, not a gate)	2026-08-20T02:24:21.8279388Z   duration_ms: 0.163874
test (20)	Coverage report (informational, not a gate)	2026-08-20T02:24:21.8279960Z   ...
test (20)	Coverage report (informational, not a gate)	2026-08-20T02:24:21.8280656Z # Subtest: --tag <tag> sets tag string
test (20)	Coverage report (informational, not a gate)	2026-08-20T02:24:21.8281402Z ok 4 - --tag <tag> sets tag string
test (20)	Coverage report (informational, not a gate)	2026-08-20T02:24:21.8282026Z   ---
test (20)	Coverage report (informational, not a gate)	2026-08-20T02:24:21.8282545Z   duration_ms: 0.143054
test (20)	Coverage report (informational, not a gate)	2026-08-20T02:24:21.8283096Z   ...
test (20)	Coverage report (informational, not a gate)	2026-08-20T02:24:21.8283760Z # Subtest: --tag=<tag> equals form sets tag string
test (20)	Coverage report (informational, not a gate)	2026-08-20T02:24:21.8284652Z ok 5 - --tag=<tag> equals form sets tag string
test (20)	Coverage report (informational, not a gate)	2026-08-20T02:24:21.8285432Z   ---
test (20)	Coverage report (informational, not a gate)	2026-08-20T02:24:21.8286027Z   duration_ms: 0.127691
test (20)	Coverage report (informational, not a gate)	2026-08-20T02:24:21.8286604Z   ...
test (20)	Coverage report (informational, not a gate)	2026-08-20T02:24:21.8287303Z # Subtest: combined --author X --tag Y sets both
test (20)	Coverage report (informational, not a gate)	2026-08-20T02:24:21.8288160Z ok 6 - combined --author X --tag Y sets both
test (20)	Coverage report (informational, not a gate)	2026-08-20T02:24:21.8289087Z   ---
test (20)	Coverage report (informational, not a gate)	2026-08-20T02:24:21.8289640Z   duration_ms: 0.118307
test (20)	Coverage report (informational, not a gate)	2026-08-20T02:24:21.8290212Z   ...
test (20)	Coverage report (informational, not a gate)	2026-08-20T02:24:21.8290852Z # Subtest: --seed <n> parses as a number
test (20)	Coverage report (informational, not a gate)	2026-08-20T02:24:21.8291591Z ok 7 - --seed <n> parses as a number
test (20)	Coverage report (informational, not a gate)	2026-08-20T02:24:21.8292205Z   ---
test (20)	Coverage report (informational, not a gate)	2026-08-20T02:24:21.8292697Z   duration_ms: 0.173128
test (20)	Coverage report (informational, not a gate)	2026-08-20T02:24:21.8293305Z   ...
test (20)	Coverage report (informational, not a gate)	2026-08-20T02:24:21.8296678Z # Subtest: --seed=<n> equals form parses as a number
test (20)	Coverage report (informational, not a gate)	2026-08-20T02:24:21.8335721Z ok 8 - --seed=<n> equals form parses as a number
test (20)	Coverage report (informational, not a gate)	2026-08-20T02:24:21.8389087Z   ---
test (20)	Coverage report (informational, not a gate)	2026-08-20T02:24:21.8411506Z   duration_ms: 0.172978
test (20)	Coverage report (informational, not a gate)	2026-08-20T02:24:21.8431245Z   ...
test (20)	Coverage report (informational, not a gate)	2026-08-20T02:24:21.8432148Z # Subtest: --seed <n> accepts a negative number
test (20)	Coverage report (informational, not a gate)	2026-08-20T02:24:21.8433050Z ok 9 - --seed <n> accepts a negative number
test (20)	Coverage report (informational, not a gate)	2026-08-20T02:24:21.8433752Z   ---
test (20)	Coverage report (informational, not a gate)	2026-08-20T02:24:21.8434265Z   duration_ms: 0.126348
test (20)	Coverage report (informational, not a gate)	2026-08-20T02:24:21.8434809Z   ...
test (20)	Coverage report (informational, not a gate)	2026-08-20T02:24:21.8435518Z # Subtest: --seed=<n> equals form accepts a negative number
test (20)	Coverage report (informational, not a gate)	2026-08-20T02:24:21.8436461Z ok 10 - --seed=<n> equals form accepts a negative number
test (20)	Coverage report (informational, not a gate)	2026-08-20T02:24:21.8437191Z   ---
test (20)	Coverage report (informational, not a gate)	2026-08-20T02:24:21.8437748Z   duration_ms: 0.107371
test (20)	Coverage report (informational, not a gate)	2026-08-20T02:24:21.8438307Z   ...
test (20)	Coverage report (informational, not a gate)	2026-08-20T02:24:21.8439215Z # Subtest: non-numeric --seed is a usage error
test (20)	Coverage report (informational, not a gate)	2026-08-20T02:24:21.8440053Z ok 11 - non-numeric --seed is a usage error
test (20)	Coverage report (informational, not a gate)	2026-08-20T02:24:21.8440734Z   ---
test (20)	Coverage report (informational, not a gate)	2026-08-20T02:24:21.8499112Z   duration_ms: 0.251185
test (20)	Coverage report (informational, not a gate)	2026-08-20T02:24:21.8504149Z   ...
test (20)	Coverage report (informational, not a gate)	2026-08-20T02:24:21.8504967Z # Subtest: non-numeric --seed= equals form is a usage error
test (20)	Coverage report (informational, not a gate)	2026-08-20T02:24:21.8505994Z ok 12 - non-numeric --seed= equals form is a usage error
test (20)	Coverage report (informational, not a gate)	2026-08-20T02:24:21.8506727Z   ---
test (20)	Coverage report (informational, not a gate)	2026-08-20T02:24:21.8507245Z   duration_ms: 0.173339
test (20)	Coverage report (informational, not a gate)	2026-08-20T02:24:21.8507781Z   ...
test (20)	Coverage report (informational, not a gate)	2026-08-20T02:24:21.8508360Z # Subtest: --list sets list: true
test (20)	Coverage report (informational, not a gate)	2026-08-20T02:24:21.8509238Z ok 13 - --list sets list: true
test (20)	Coverage report (informational, not a gate)	2026-08-20T02:24:21.8509813Z   ---
test (20)	Coverage report (informational, not a gate)	2026-08-20T02:24:21.8510304Z   duration_ms: 0.118077
test (20)	Coverage report (informational, not a gate)	2026-08-20T02:24:21.8510830Z   ...
test (20)	Coverage report (informational, not a gate)	2026-08-20T02:24:21.8511893Z # Subtest: --json sets json: true
test (20)	Coverage report (informational, not a gate)	2026-08-20T02:24:21.8512543Z ok 14 - --json sets json: true
test (20)	Coverage report (informational, not a gate)	2026-08-20T02:24:21.8513109Z   ---
test (20)	Coverage report (informational, not a gate)	2026-08-20T02:24:21.8513712Z   duration_ms: 0.121541
test (20)	Coverage report (informational, not a gate)	2026-08-20T02:24:21.8514261Z   ...
test (20)	Coverage report (informational, not a gate)	2026-08-20T02:24:21.8514907Z # Subtest: --help sets help: true
test (20)	Coverage report (informational, not a gate)	2026-08-20T02:24:21.8515614Z ok 15 - --help sets help: true
test (20)	Coverage report (informational, not a gate)	2026-08-20T02:24:21.8516224Z   ---
test (20)	Coverage report (informational, not a gate)	2026-08-20T02:24:21.8516737Z   duration_ms: 0.103485
test (20)	Coverage report (informational, not a gate)	2026-08-20T02:24:21.8517301Z   ...
test (20)	Coverage report (informational, not a gate)	2026-08-20T02:24:21.8517850Z # Subtest: -h sets help: true
test (20)	Coverage report (informational, not a gate)	2026-08-20T02:24:21.8518739Z ok 16 - -h sets help: true
test (20)	Coverage report (informational, not a gate)	2026-08-20T02:24:21.8519322Z   ---
test (20)	Coverage report (informational, not a gate)	2026-08-20T02:24:21.8519850Z   duration_ms: 0.09408
test (20)	Coverage report (informational, not a gate)	2026-08-20T02:24:21.8520402Z   ...
test (20)	Coverage report (informational, not a gate)	2026-08-20T02:24:21.8521015Z # Subtest: unknown flag is a usage error
test (20)	Coverage report (informational, not a gate)	2026-08-20T02:24:21.8521755Z ok 17 - unknown flag is a usage error
test (20)	Coverage report (informational, not a gate)	2026-08-20T02:24:21.8522383Z   ---
test (20)	Coverage report (informational, not a gate)	2026-08-20T02:24:21.8522909Z   duration_ms: 0.136674
test (20)	Coverage report (informational, not a gate)	2026-08-20T02:24:21.8523491Z   ...
test (20)	Coverage report (informational, not a gate)	2026-08-20T02:24:21.8524158Z # Subtest: unknown short flag is a usage error
test (20)	Coverage report (informational, not a gate)	2026-08-20T02:24:21.8525026Z ok 18 - unknown short flag is a usage error
test (20)	Coverage report (informational, not a gate)	2026-08-20T02:24:21.8525673Z   ---
test (20)	Coverage report (informational, not a gate)	2026-08-20T02:24:21.8526173Z   duration_ms: 0.102183
test (20)	Coverage report (informational, not a gate)	2026-08-20T02:24:21.8526708Z   ...
test (20)	Coverage report (informational, not a gate)	2026-08-20T02:24:21.8527460Z # Subtest: --author missing value at end of argv is a usage error
test (20)	Coverage report (informational, not a gate)	2026-08-20T02:24:21.8528672Z ok 19 - --author missing value at end of argv is a usage error
test (20)	Coverage report (informational, not a gate)	2026-08-20T02:24:21.8529398Z   ---
test (20)	Coverage report (informational, not a gate)	2026-08-20T02:24:21.8529893Z   duration_ms: 0.130815
test (20)	Coverage report (informational, not a gate)	2026-08-20T02:24:21.8530426Z   ...
test (20)	Coverage report (informational, not a gate)	2026-08-20T02:24:21.8531292Z # Subtest: --tag missing value because next token is another flag is a usage error
test (20)	Coverage report (informational, not a gate)	2026-08-20T02:24:21.8532503Z ok 20 - --tag missing value because next token is another flag is a usage error
test (20)	Coverage report (informational, not a gate)	2026-08-20T02:24:21.8533305Z   ---
test (20)	Coverage report (informational, not a gate)	2026-08-20T02:24:21.8533789Z   duration_ms: 0.19426
test (20)	Coverage report (informational, not a gate)	2026-08-20T02:24:21.8534314Z   ...
test (20)	Coverage report (informational, not a gate)	2026-08-20T02:24:21.8535048Z # Subtest: --seed missing value at end of argv is a usage error
test (20)	Coverage report (informational, not a gate)	2026-08-20T02:24:21.8536012Z ok 21 - --seed missing value at end of argv is a usage error
test (20)	Coverage report (informational, not a gate)	2026-08-20T02:24:21.8536738Z   ---
test (20)	Coverage report (informational, not a gate)	2026-08-20T02:24:21.8537337Z   duration_ms: 0.149292
test (20)	Coverage report (informational, not a gate)	2026-08-20T02:24:21.8537855Z   ...
test (20)	Coverage report (informational, not a gate)	2026-08-20T02:24:21.8538671Z # Subtest: --author= with empty value is a usage error
test (20)	Coverage report (informational, not a gate)	2026-08-20T02:24:21.8539568Z ok 22 - --author= with empty value is a usage error
test (20)	Coverage report (informational, not a gate)	2026-08-20T02:24:21.8540312Z   ---
test (20)	Coverage report (informational, not a gate)	2026-08-20T02:24:21.8540805Z   duration_ms: 0.108061
test (20)	Coverage report (informational, not a gate)	2026-08-20T02:24:21.8541334Z   ...
test (20)	Coverage report (informational, not a gate)	2026-08-20T02:24:21.8542078Z # Subtest: a bare positional argument (not a flag) is a usage error
test (20)	Coverage report (informational, not a gate)	2026-08-20T02:24:21.8543064Z ok 23 - a bare positional argument (not a flag) is a usage error
test (20)	Coverage report (informational, not a gate)	2026-08-20T02:24:21.8544047Z   ---
test (20)	Coverage report (informational, not a gate)	2026-08-20T02:24:21.8544514Z   duration_ms: 0.08722
test (20)	Coverage report (informational, not a gate)	2026-08-20T02:24:21.8545007Z   ...
test (20)	Coverage report (informational, not a gate)	2026-08-20T02:24:21.8545646Z # Subtest: parseArgs never throws on malformed input
test (20)	Coverage report (informational, not a gate)	2026-08-20T02:24:21.8546494Z ok 24 - parseArgs never throws on malformed input
test (20)	Coverage report (informational, not a gate)	2026-08-20T02:24:21.8547144Z   ---
test (20)	Coverage report (informational, not a gate)	2026-08-20T02:24:21.8547627Z   duration_ms: 0.279528
test (20)	Coverage report (informational, not a gate)	2026-08-20T02:24:21.8548174Z   ...
test (20)	Coverage report (informational, not a gate)	2026-08-20T02:24:21.8549068Z # Subtest: absent options are undefined/false, never null
test (20)	Coverage report (informational, not a gate)	2026-08-20T02:24:21.8550000Z ok 25 - absent options are undefined/false, never null
test (20)	Coverage report (informational, not a gate)	2026-08-20T02:24:21.8550682Z   ---
test (20)	Coverage report (informational, not a gate)	2026-08-20T02:24:21.8551175Z   duration_ms: 0.144356
test (20)	Coverage report (informational, not a gate)	2026-08-20T02:24:21.8551726Z   ...
test (20)	Coverage report (informational, not a gate)	2026-08-20T02:24:21.8552473Z # Subtest: HELP is a non-empty string mentioning every flag name
test (20)	Coverage report (informational, not a gate)	2026-08-20T02:24:21.8553483Z ok 26 - HELP is a non-empty string mentioning every flag name
test (20)	Coverage report (informational, not a gate)	2026-08-20T02:24:21.8554238Z   ---
test (20)	Coverage report (informational, not a gate)	2026-08-20T02:24:21.8554728Z   duration_ms: 0.184595
test (20)	Coverage report (informational, not a gate)	2026-08-20T02:24:21.8555284Z   ...
test (20)	Coverage report (informational, not a gate)	2026-08-20T02:24:21.8556030Z # Subtest: HELP fits comfortably on one 24-line terminal screen
test (20)	Coverage report (informational, not a gate)	2026-08-20T02:24:21.8556984Z ok 27 - HELP fits comfortably on one 24-line terminal screen
test (20)	Coverage report (informational, not a gate)	2026-08-20T02:24:21.8557707Z   ---
test (20)	Coverage report (informational, not a gate)	2026-08-20T02:24:21.8558192Z   duration_ms: 0.157425
test (20)	Coverage report (informational, not a gate)	2026-08-20T02:24:21.8558922Z   ...
test (20)	Coverage report (informational, not a gate)	2026-08-20T02:24:21.8559795Z # Subtest: --seed Infinity / --seed -Infinity parse to numbers, not a usage error
test (20)	Coverage report (informational, not a gate)	2026-08-20T02:24:21.8561332Z ok 28 - --seed Infinity / --seed -Infinity parse to numbers, not a usage error
test (20)	Coverage report (informational, not a gate)	2026-08-20T02:24:21.8562185Z   ---
test (20)	Coverage report (informational, not a gate)	2026-08-20T02:24:21.8562681Z   duration_ms: 0.150114
test (20)	Coverage report (informational, not a gate)	2026-08-20T02:24:21.8563217Z   ...
test (20)	Coverage report (informational, not a gate)	2026-08-20T02:24:25.6149972Z # Subtest: bare invocation prints one attributed aphorism and exits 0
test (20)	Coverage report (informational, not a gate)	2026-08-20T02:24:25.6154619Z ok 29 - bare invocation prints one attributed aphorism and exits 0
test (20)	Coverage report (informational, not a gate)	2026-08-20T02:24:25.6171758Z   ---
test (20)	Coverage report (informational, not a gate)	2026-08-20T02:24:25.6172372Z   duration_ms: 56.147828
test (20)	Coverage report (informational, not a gate)	2026-08-20T02:24:25.6172738Z   ...
test (20)	Coverage report (informational, not a gate)	2026-08-20T02:24:25.6173284Z # Subtest: --seed is deterministic across separate processes
test (20)	Coverage report (informational, not a gate)	2026-08-20T02:24:25.6174070Z ok 30 - --seed is deterministic across separate processes
test (20)	Coverage report (informational, not a gate)	2026-08-20T02:24:25.6174579Z   ---
test (20)	Coverage report (informational, not a gate)	2026-08-20T02:24:25.6174876Z   duration_ms: 104.49446
test (20)	Coverage report (informational, not a gate)	2026-08-20T02:24:25.6175213Z   ...
test (20)	Coverage report (informational, not a gate)	2026-08-20T02:24:25.6175752Z # Subtest: different seeds do not all collapse to one aphorism
test (20)	Coverage report (informational, not a gate)	2026-08-20T02:24:25.6176489Z ok 31 - different seeds do not all collapse to one aphorism
test (20)	Coverage report (informational, not a gate)	2026-08-20T02:24:25.6176833Z   ---
test (20)	Coverage report (informational, not a gate)	2026-08-20T02:24:25.6177045Z   duration_ms: 542.261988
test (20)	Coverage report (informational, not a gate)	2026-08-20T02:24:25.6177272Z   ...
test (20)	Coverage report (informational, not a gate)	2026-08-20T02:24:25.6177654Z # Subtest: --json emits a single-line JSON object with text/author/tags
test (20)	Coverage report (informational, not a gate)	2026-08-20T02:24:25.6178193Z ok 32 - --json emits a single-line JSON object with text/author/tags
test (20)	Coverage report (informational, not a gate)	2026-08-20T02:24:25.6178782Z   ---
test (20)	Coverage report (informational, not a gate)	2026-08-20T02:24:25.6178989Z   duration_ms: 38.918576
test (20)	Coverage report (informational, not a gate)	2026-08-20T02:24:25.6179209Z   ...
test (20)	Coverage report (informational, not a gate)	2026-08-20T02:24:25.6179515Z # Subtest: --list prints every entry in the filtered set
test (20)	Coverage report (informational, not a gate)	2026-08-20T02:24:25.6179937Z ok 33 - --list prints every entry in the filtered set
test (20)	Coverage report (informational, not a gate)	2026-08-20T02:24:25.6180256Z   ---
test (20)	Coverage report (informational, not a gate)	2026-08-20T02:24:25.6180460Z   duration_ms: 40.423653
test (20)	Coverage report (informational, not a gate)	2026-08-20T02:24:25.6180682Z   ...
test (20)	Coverage report (informational, not a gate)	2026-08-20T02:24:25.6181148Z # Subtest: --help prints usage to stdout and exits 0
test (20)	Coverage report (informational, not a gate)	2026-08-20T02:24:25.6181803Z ok 34 - --help prints usage to stdout and exits 0
test (20)	Coverage report (informational, not a gate)	2026-08-20T02:24:25.6182221Z   ---
test (20)	Coverage report (informational, not a gate)	2026-08-20T02:24:25.6182421Z   duration_ms: 39.345362
test (20)	Coverage report (informational, not a gate)	2026-08-20T02:24:25.6183050Z   ...
test (20)	Coverage report (informational, not a gate)	2026-08-20T02:24:25.6183640Z # Subtest: no match exits 1 with stderr only and zero bytes on stdout
test (20)	Coverage report (informational, not a gate)	2026-08-20T02:24:25.6184464Z ok 35 - no match exits 1 with stderr only and zero bytes on stdout
test (20)	Coverage report (informational, not a gate)	2026-08-20T02:24:25.6185017Z   ---
test (20)	Coverage report (informational, not a gate)	2026-08-20T02:24:25.6185326Z   duration_ms: 40.057997
test (20)	Coverage report (informational, not a gate)	2026-08-20T02:24:25.6185682Z   ...
test (20)	Coverage report (informational, not a gate)	2026-08-20T02:24:25.6186220Z # Subtest: unknown flag is a usage error, exit 2, stdout clean
test (20)	Coverage report (informational, not a gate)	2026-08-20T02:24:25.6186967Z ok 36 - unknown flag is a usage error, exit 2, stdout clean
test (20)	Coverage report (informational, not a gate)	2026-08-20T02:24:25.6187470Z   ---
test (20)	Coverage report (informational, not a gate)	2026-08-20T02:24:25.6187781Z   duration_ms: 44.181494
test (20)	Coverage report (informational, not a gate)	2026-08-20T02:24:25.6188821Z   ...
test (20)	Coverage report (informational, not a gate)	2026-08-20T02:24:25.6189320Z # Subtest: non-numeric seed is a usage error, exit 2
test (20)	Coverage report (informational, not a gate)	2026-08-20T02:24:25.6189999Z ok 37 - non-numeric seed is a usage error, exit 2
test (20)	Coverage report (informational, not a gate)	2026-08-20T02:24:25.6190471Z   ---
test (20)	Coverage report (informational, not a gate)	2026-08-20T02:24:25.6190785Z   duration_ms: 45.285661
test (20)	Coverage report (informational, not a gate)	2026-08-20T02:24:25.6191135Z   ...
test (20)	Coverage report (informational, not a gate)	2026-08-20T02:24:25.6191705Z # Subtest: author filter is case-insensitive and narrows the list
test (20)	Coverage report (informational, not a gate)	2026-08-20T02:24:25.6192543Z ok 38 - author filter is case-insensitive and narrows the list
test (20)	Coverage report (informational, not a gate)	2026-08-20T02:24:25.6193090Z   ---
test (20)	Coverage report (informational, not a gate)	2026-08-20T02:24:25.6193401Z   duration_ms: 78.395334
test (20)	Coverage report (informational, not a gate)	2026-08-20T02:24:25.6193753Z   ...
test (20)	Coverage report (informational, not a gate)	2026-08-20T02:24:25.6194683Z # Subtest: output is pipe-safe — no ANSI escapes when not a TTY
test (20)	Coverage report (informational, not a gate)	2026-08-20T02:24:25.6195594Z ok 39 - output is pipe-safe — no ANSI escapes when not a TTY
test (20)	Coverage report (informational, not a gate)	2026-08-20T02:24:25.6196122Z   ---
test (20)	Coverage report (informational, not a gate)	2026-08-20T02:24:25.6196445Z   duration_ms: 39.00233
test (20)	Coverage report (informational, not a gate)	2026-08-20T02:24:25.6196789Z   ...
test (20)	Coverage report (informational, not a gate)	2026-08-20T02:24:25.6197327Z # Subtest: --tag matches membership, not substring containment
test (20)	Coverage report (informational, not a gate)	2026-08-20T02:24:25.6209230Z ok 40 - --tag matches membership, not substring containment
test (20)	Coverage report (informational, not a gate)	2026-08-20T02:24:25.6213501Z   ---
test (20)	Coverage report (informational, not a gate)	2026-08-20T02:24:25.6214022Z   duration_ms: 78.920669
test (20)	Coverage report (informational, not a gate)	2026-08-20T02:24:25.6214555Z   ...
test (20)	Coverage report (informational, not a gate)	2026-08-20T02:24:25.6215339Z # Subtest: --list prints exactly one line per matching entry, no drops
test (20)	Coverage report (informational, not a gate)	2026-08-20T02:24:25.6216366Z ok 41 - --list prints exactly one line per matching entry, no drops
test (20)	Coverage report (informational, not a gate)	2026-08-20T02:24:25.6217409Z   ---
test (20)	Coverage report (informational, not a gate)	2026-08-20T02:24:25.6217882Z   duration_ms: 38.464268
test (20)	Coverage report (informational, not a gate)	2026-08-20T02:24:25.6218384Z   ...
test (20)	Coverage report (informational, not a gate)	2026-08-20T02:24:25.6219420Z # Subtest: --list preserves corpus order (first and last line match)
test (20)	Coverage report (informational, not a gate)	2026-08-20T02:24:25.6220373Z ok 42 - --list preserves corpus order (first and last line match)
test (20)	Coverage report (informational, not a gate)	2026-08-20T02:24:25.6221159Z   ---
test (20)	Coverage report (informational, not a gate)	2026-08-20T02:24:25.6221666Z   duration_ms: 37.818993
test (20)	Coverage report (informational, not a gate)	2026-08-20T02:24:25.6222232Z   ...
test (20)	Coverage report (informational, not a gate)	2026-08-20T02:24:25.6223125Z # Subtest: --json output is exactly one line, never pretty-printed
test (20)	Coverage report (informational, not a gate)	2026-08-20T02:24:25.6224102Z ok 43 - --json output is exactly one line, never pretty-printed
test (20)	Coverage report (informational, not a gate)	2026-08-20T02:24:25.6224664Z   ---
test (20)	Coverage report (informational, not a gate)	2026-08-20T02:24:25.6224970Z   duration_ms: 36.964879
test (20)	Coverage report (informational, not a gate)	2026-08-20T02:24:25.6225303Z   ...
test (20)	Coverage report (informational, not a gate)	2026-08-20T02:24:25.6226020Z # Subtest: --list --json emits newline-delimited JSON, one object per line, in corpus order
test (20)	Coverage report (informational, not a gate)	2026-08-20T02:24:25.6227094Z ok 44 - --list --json emits newline-delimited JSON, one object per line, in corpus order
test (20)	Coverage report (informational, not a gate)	2026-08-20T02:24:25.6227728Z   ---
test (20)	Coverage report (informational, not a gate)	2026-08-20T02:24:25.6228014Z   duration_ms: 38.84176
test (20)	Coverage report (informational, not a gate)	2026-08-20T02:24:25.6228343Z   ...
test (20)	Coverage report (informational, not a gate)	2026-08-20T02:24:25.6229501Z # Subtest: --json composes with --seed: the seeded JSON pick is reproducible AND is the same entry as the plain-text pick
test (20)	Coverage report (informational, not a gate)	2026-08-20T02:24:25.6230692Z ok 45 - --json composes with --seed: the seeded JSON pick is reproducible AND is the same entry as the plain-text pick
test (20)	Coverage report (informational, not a gate)	2026-08-20T02:24:25.6231197Z   ---
test (20)	Coverage report (informational, not a gate)	2026-08-20T02:24:25.6231399Z   duration_ms: 670.97761
test (20)	Coverage report (informational, not a gate)	2026-08-20T02:24:25.6231621Z   ...
test (20)	Coverage report (informational, not a gate)	2026-08-20T02:24:25.6232115Z # Subtest: --json composes with the filter flags: the JSON pick is always a member of the FILTERED set
test (20)	Coverage report (informational, not a gate)	2026-08-20T02:24:25.6232841Z ok 46 - --json composes with the filter flags: the JSON pick is always a member of the FILTERED set
test (20)	Coverage report (informational, not a gate)	2026-08-20T02:24:25.6233265Z   ---
test (20)	Coverage report (informational, not a gate)	2026-08-20T02:24:25.6233457Z   duration_ms: 899.999342
test (20)	Coverage report (informational, not a gate)	2026-08-20T02:24:25.6233684Z   ...
test (20)	Coverage report (informational, not a gate)	2026-08-20T02:24:25.6234127Z # Subtest: --list accepts a valid --seed and IGNORES it: output is byte-identical across seeds
test (20)	Coverage report (informational, not a gate)	2026-08-20T02:24:25.6255223Z ok 47 - --list accepts a valid --seed and IGNORES it: output is byte-identical across seeds
test (20)	Coverage report (informational, not a gate)	2026-08-20T02:24:25.6255971Z   ---
test (20)	Coverage report (informational, not a gate)	2026-08-20T02:24:25.6256308Z   duration_ms: 373.91797
test (20)	Coverage report (informational, not a gate)	2026-08-20T02:24:25.6256667Z   ...
test (20)	Coverage report (informational, not a gate)	2026-08-20T02:24:25.6257611Z # Subtest: --list --seed abc is a usage error, exit 2, stdout empty, stderr carries the diagnostic
test (20)	Coverage report (informational, not a gate)	2026-08-20T02:24:25.6259150Z ok 48 - --list --seed abc is a usage error, exit 2, stdout empty, stderr carries the diagnostic
test (20)	Coverage report (informational, not a gate)	2026-08-20T02:24:25.6259977Z   ---
test (20)	Coverage report (informational, not a gate)	2026-08-20T02:24:25.6260315Z   duration_ms: 38.899407
test (20)	Coverage report (informational, not a gate)	2026-08-20T02:24:25.6260670Z   ...
test (20)	Coverage report (informational, not a gate)	2026-08-20T02:24:25.6261909Z # Subtest: --seed abc --list (erroring flag BEFORE --list) is still a usage error, exit 2, stdout empty
test (20)	Coverage report (informational, not a gate)	2026-08-20T02:24:25.6263316Z ok 49 - --seed abc --list (erroring flag BEFORE --list) is still a usage error, exit 2, stdout empty
test (20)	Coverage report (informational, not a gate)	2026-08-20T02:24:25.6264151Z   ---
test (20)	Coverage report (informational, not a gate)	2026-08-20T02:24:25.6264488Z   duration_ms: 37.554699
test (20)	Coverage report (informational, not a gate)	2026-08-20T02:24:25.6264873Z   ...
test (20)	Coverage report (informational, not a gate)	2026-08-20T02:24:25.6265583Z # Subtest: --list --seed=  (empty seed value) is a usage error, exit 2, stdout empty
test (20)	Coverage report (informational, not a gate)	2026-08-20T02:24:25.6291861Z ok 50 - --list --seed=  (empty seed value) is a usage error, exit 2, stdout empty
test (20)	Coverage report (informational, not a gate)	2026-08-20T02:24:25.6299175Z   ---
test (20)	Coverage report (informational, not a gate)	2026-08-20T02:24:25.6299549Z   duration_ms: 37.465667
test (20)	Coverage report (informational, not a gate)	2026-08-20T02:24:25.6299919Z   ...
test (20)	Coverage report (informational, not a gate)	2026-08-20T02:24:25.6300706Z # Subtest: --list --seed "   " (whitespace-only seed value) is a usage error, exit 2, stdout empty
test (20)	Coverage report (informational, not a gate)	2026-08-20T02:24:25.6301838Z ok 51 - --list --seed "   " (whitespace-only seed value) is a usage error, exit 2, stdout empty
test (20)	Coverage report (informational, not a gate)	2026-08-20T02:24:25.6302514Z   ---
test (20)	Coverage report (informational, not a gate)	2026-08-20T02:24:25.6302823Z   duration_ms: 39.657349
test (20)	Coverage report (informational, not a gate)	2026-08-20T02:24:25.6303165Z   ...
test (20)	Coverage report (informational, not a gate)	2026-08-20T02:24:25.6304120Z # Subtest: --list --nosuchflag (unknown flag) is a usage error, exit 2, stdout empty — --list does not swallow it
test (20)	Coverage report (informational, not a gate)	2026-08-20T02:24:25.6305036Z ok 52 - --list --nosuchflag (unknown flag) is a usage error, exit 2, stdout empty — --list does not swallow it
test (20)	Coverage report (informational, not a gate)	2026-08-20T02:24:25.6305835Z   ---
test (20)	Coverage report (informational, not a gate)	2026-08-20T02:24:25.6306134Z   duration_ms: 41.457106
test (20)	Coverage report (informational, not a gate)	2026-08-20T02:24:25.6306466Z   ...
test (20)	Coverage report (informational, not a gate)	2026-08-20T02:24:25.6307285Z # Subtest: --nosuchflag --list (unknown flag BEFORE --list) is still a usage error, exit 2, stdout empty
test (20)	Coverage report (informational, not a gate)	2026-08-20T02:24:25.6308846Z ok 53 - --nosuchflag --list (unknown flag BEFORE --list) is still a usage error, exit 2, stdout empty
test (20)	Coverage report (informational, not a gate)	2026-08-20T02:24:25.6309684Z   ---
test (20)	Coverage report (informational, not a gate)	2026-08-20T02:24:25.6310038Z   duration_ms: 36.465363
test (20)	Coverage report (informational, not a gate)	2026-08-20T02:24:25.6310426Z   ...
test (20)	Coverage report (informational, not a gate)	2026-08-20T02:24:25.6311483Z # Subtest: plain single-pick output is TWO lines: text, newline, four-space indent, EM DASH, space, author
test (20)	Coverage report (informational, not a gate)	2026-08-20T02:24:25.6312407Z ok 54 - plain single-pick output is TWO lines: text, newline, four-space indent, EM DASH, space, author
test (20)	Coverage report (informational, not a gate)	2026-08-20T02:24:25.6313090Z   ---
test (20)	Coverage report (informational, not a gate)	2026-08-20T02:24:25.6313394Z   duration_ms: 42.908553
test (20)	Coverage report (informational, not a gate)	2026-08-20T02:24:25.6313722Z   ...
test (20)	Coverage report (informational, not a gate)	2026-08-20T02:24:25.6314497Z # Subtest: --seed Infinity and --seed -Infinity (typed as CLI strings) are accepted and deterministic
test (20)	Coverage report (informational, not a gate)	2026-08-20T02:24:25.6315680Z ok 55 - --seed Infinity and --seed -Infinity (typed as CLI strings) are accepted and deterministic
test (20)	Coverage report (informational, not a gate)	2026-08-20T02:24:25.6316371Z   ---
test (20)	Coverage report (informational, not a gate)	2026-08-20T02:24:25.6316657Z   duration_ms: 155.157651
test (20)	Coverage report (informational, not a gate)	2026-08-20T02:24:25.6316995Z   ...
test (20)	Coverage report (informational, not a gate)	2026-08-20T02:24:25.6317717Z # Subtest: --list with a filter that matches nothing is STILL exit 1, stderr only, stdout empty
test (20)	Coverage report (informational, not a gate)	2026-08-20T02:24:25.6318391Z ok 56 - --list with a filter that matches nothing is STILL exit 1, stderr only, stdout empty
test (20)	Coverage report (informational, not a gate)	2026-08-20T02:24:25.6319099Z   ---
test (20)	Coverage report (informational, not a gate)	2026-08-20T02:24:25.6319393Z   duration_ms: 75.025894
test (20)	Coverage report (informational, not a gate)	2026-08-20T02:24:25.6319725Z   ...
test (20)	Coverage report (informational, not a gate)	2026-08-20T02:24:25.6320697Z # Subtest: --tag "" (bare empty-string value) matches nothing: whole-tag equality against the literal "" is not a filter no-op
test (20)	Coverage report (informational, not a gate)	2026-08-20T02:24:25.6322197Z ok 57 - --tag "" (bare empty-string value) matches nothing: whole-tag equality against the literal "" is not a filter no-op
test (20)	Coverage report (informational, not a gate)	2026-08-20T02:24:25.6323007Z   ---
test (20)	Coverage report (informational, not a gate)	2026-08-20T02:24:25.6323290Z   duration_ms: 37.645024
test (20)	Coverage report (informational, not a gate)	2026-08-20T02:24:25.6323626Z   ...
test (20)	Coverage report (informational, not a gate)	2026-08-20T02:24:25.7815823Z # Subtest: --list | true: exits quietly, zero stderr, no crash banner
test (20)	Coverage report (informational, not a gate)	2026-08-20T02:24:25.7816769Z ok 58 - --list | true: exits quietly, zero stderr, no crash banner
test (20)	Coverage report (informational, not a gate)	2026-08-20T02:24:25.7817310Z   ---
test (20)	Coverage report (informational, not a gate)	2026-08-20T02:24:25.7817624Z   duration_ms: 65.740321
test (20)	Coverage report (informational, not a gate)	2026-08-20T02:24:25.7817969Z   ...
test (20)	Coverage report (informational, not a gate)	2026-08-20T02:24:25.7818752Z # Subtest: | true (no --list, single aphorism): exits quietly, zero stderr
test (20)	Coverage report (informational, not a gate)	2026-08-20T02:24:25.7819611Z ok 59 - | true (no --list, single aphorism): exits quietly, zero stderr
test (20)	Coverage report (informational, not a gate)	2026-08-20T02:24:25.7820140Z   ---
test (20)	Coverage report (informational, not a gate)	2026-08-20T02:24:25.7820430Z   duration_ms: 52.982272
test (20)	Coverage report (informational, not a gate)	2026-08-20T02:24:25.7821193Z   ...
test (20)	Coverage report (informational, not a gate)	2026-08-20T02:24:25.7821762Z # Subtest: --list | head -0: exits quietly, zero stderr, no crash banner
test (20)	Coverage report (informational, not a gate)	2026-08-20T02:24:25.7822579Z ok 60 - --list | head -0: exits quietly, zero stderr, no crash banner
test (20)	Coverage report (informational, not a gate)	2026-08-20T02:24:25.7823091Z   ---
test (20)	Coverage report (informational, not a gate)	2026-08-20T02:24:25.7823377Z   duration_ms: 42.028528
test (20)	Coverage report (informational, not a gate)	2026-08-20T02:24:25.7823699Z   ...
test (20)	Coverage report (informational, not a gate)	2026-08-20T02:24:25.7824309Z # Subtest: --list | /nonexistent-cmd-xyz: no crash banner from the CLI itself
test (20)	Coverage report (informational, not a gate)	2026-08-20T02:24:25.7825229Z ok 61 - --list | /nonexistent-cmd-xyz: no crash banner from the CLI itself
test (20)	Coverage report (informational, not a gate)	2026-08-20T02:24:25.7825818Z   ---
test (20)	Coverage report (informational, not a gate)	2026-08-20T02:24:25.7826096Z   duration_ms: 57.406157
test (20)	Coverage report (informational, not a gate)	2026-08-20T02:24:25.7826442Z   ...
test (20)	Coverage report (informational, not a gate)	2026-08-20T02:24:25.7827152Z # Subtest: non-EPIPE stdout write failure: reported, not silent, not exit 1, no stack trace
test (20)	Coverage report (informational, not a gate)	2026-08-20T02:24:25.7828231Z ok 62 - non-EPIPE stdout write failure: reported, not silent, not exit 1, no stack trace
test (20)	Coverage report (informational, not a gate)	2026-08-20T02:24:25.7829006Z   ---
test (20)	Coverage report (informational, not a gate)	2026-08-20T02:24:25.7829294Z   duration_ms: 60.518504
test (20)	Coverage report (informational, not a gate)	2026-08-20T02:24:25.7829626Z   ...
test (20)	Coverage report (informational, not a gate)	2026-08-20T02:24:25.7830321Z # Subtest: usage error survives a closed stderr reader: still exits 2, not clobbered to 1
test (20)	Coverage report (informational, not a gate)	2026-08-20T02:24:25.7831358Z ok 63 - usage error survives a closed stderr reader: still exits 2, not clobbered to 1
test (20)	Coverage report (informational, not a gate)	2026-08-20T02:24:25.7831991Z   ---
test (20)	Coverage report (informational, not a gate)	2026-08-20T02:24:25.7832276Z   duration_ms: 151.913287
test (20)	Coverage report (informational, not a gate)	2026-08-20T02:24:25.7832619Z   ...
test (20)	Coverage report (informational, not a gate)	2026-08-20T02:24:25.7833705Z # Subtest: no-match exit code survives a closed stderr reader: still exits 1, not misreported
test (20)	Coverage report (informational, not a gate)	2026-08-20T02:24:25.7834498Z ok 64 - no-match exit code survives a closed stderr reader: still exits 1, not misreported
test (20)	Coverage report (informational, not a gate)	2026-08-20T02:24:25.7834955Z   ---
test (20)	Coverage report (informational, not a gate)	2026-08-20T02:24:25.7835262Z   duration_ms: 126.062993
test (20)	Coverage report (informational, not a gate)	2026-08-20T02:24:25.7835591Z   ...
test (20)	Coverage report (informational, not a gate)	2026-08-20T02:24:25.7836310Z # Subtest: non-EPIPE stderr write failure: not silent, not the earned exit code, no stack trace
test (20)	Coverage report (informational, not a gate)	2026-08-20T02:24:25.7837423Z ok 65 - non-EPIPE stderr write failure: not silent, not the earned exit code, no stack trace
test (20)	Coverage report (informational, not a gate)	2026-08-20T02:24:25.7838025Z   ---
test (20)	Coverage report (informational, not a gate)	2026-08-20T02:24:25.7838223Z   duration_ms: 39.375958
test (20)	Coverage report (informational, not a gate)	2026-08-20T02:24:25.7838645Z   ...
test (20)	Coverage report (informational, not a gate)	2026-08-20T02:24:25.7839143Z # Subtest: control: --list | head -1 stays completely clean
test (20)	Coverage report (informational, not a gate)	2026-08-20T02:24:25.7839865Z ok 66 - control: --list | head -1 stays completely clean
test (20)	Coverage report (informational, not a gate)	2026-08-20T02:24:25.7840359Z   ---
test (20)	Coverage report (informational, not a gate)	2026-08-20T02:24:25.7840647Z   duration_ms: 38.662053
test (20)	Coverage report (informational, not a gate)	2026-08-20T02:24:25.7840990Z   ...
test (20)	Coverage report (informational, not a gate)	2026-08-20T02:24:25.7841472Z # Subtest: control: --list | head -5 stays completely clean
test (20)	Coverage report (informational, not a gate)	2026-08-20T02:24:25.7842198Z ok 67 - control: --list | head -5 stays completely clean
test (20)	Coverage report (informational, not a gate)	2026-08-20T02:24:25.7842663Z   ---
test (20)	Coverage report (informational, not a gate)	2026-08-20T02:24:25.7842945Z   duration_ms: 38.756483
test (20)	Coverage report (informational, not a gate)	2026-08-20T02:24:25.7843280Z   ...
test (20)	Coverage report (informational, not a gate)	2026-08-20T02:24:25.7843769Z # Subtest: control: --list | sed 1q stays completely clean
test (20)	Coverage report (informational, not a gate)	2026-08-20T02:24:25.7844380Z ok 68 - control: --list | sed 1q stays completely clean
test (20)	Coverage report (informational, not a gate)	2026-08-20T02:24:25.7844840Z   ---
test (20)	Coverage report (informational, not a gate)	2026-08-20T02:24:25.7845142Z   duration_ms: 38.075527
test (20)	Coverage report (informational, not a gate)	2026-08-20T02:24:25.7845492Z   ...
test (20)	Coverage report (informational, not a gate)	2026-08-20T02:24:25.7846036Z # Subtest: control: --list | grep -q . stays completely clean
test (20)	Coverage report (informational, not a gate)	2026-08-20T02:24:25.7846770Z ok 69 - control: --list | grep -q . stays completely clean
test (20)	Coverage report (informational, not a gate)	2026-08-20T02:24:25.7847257Z   ---
test (20)	Coverage report (informational, not a gate)	2026-08-20T02:24:25.7847550Z   duration_ms: 40.963839
test (20)	Coverage report (informational, not a gate)	2026-08-20T02:24:25.7847879Z   ...
test (20)	Coverage report (informational, not a gate)	2026-08-20T02:24:25.7848332Z # Subtest: control: | wc -l stays completely clean
test (20)	Coverage report (informational, not a gate)	2026-08-20T02:24:25.7849155Z ok 70 - control: | wc -l stays completely clean
test (20)	Coverage report (informational, not a gate)	2026-08-20T02:24:25.7849597Z   ---
test (20)	Coverage report (informational, not a gate)	2026-08-20T02:24:25.7849907Z   duration_ms: 37.346859
test (20)	Coverage report (informational, not a gate)	2026-08-20T02:24:25.7850249Z   ...
test (20)	Coverage report (informational, not a gate)	2026-08-20T02:24:25.7850806Z # Subtest: control: --list --json | head -2 stays completely clean
test (20)	Coverage report (informational, not a gate)	2026-08-20T02:24:25.7851602Z ok 71 - control: --list --json | head -2 stays completely clean
test (20)	Coverage report (informational, not a gate)	2026-08-20T02:24:25.7852118Z   ---
test (20)	Coverage report (informational, not a gate)	2026-08-20T02:24:25.7852416Z   duration_ms: 39.807993
test (20)	Coverage report (informational, not a gate)	2026-08-20T02:24:25.7852762Z   ...
test (20)	Coverage report (informational, not a gate)	2026-08-20T02:24:25.7853359Z # Subtest: control: exit 1 / exit 2 stderr messages and codes are unchanged
test (20)	Coverage report (informational, not a gate)	2026-08-20T02:24:25.7854248Z ok 72 - control: exit 1 / exit 2 stderr messages and codes are unchanged
test (20)	Coverage report (informational, not a gate)	2026-08-20T02:24:25.7855037Z   ---
test (20)	Coverage report (informational, not a gate)	2026-08-20T02:24:25.7855351Z   duration_ms: 81.016448
test (20)	Coverage report (informational, not a gate)	2026-08-20T02:24:25.7855689Z   ...
test (20)	Coverage report (informational, not a gate)	2026-08-20T02:24:25.7856367Z # Subtest: control: a normal (non-full) stdout target still exits 0 with empty stderr
test (20)	Coverage report (informational, not a gate)	2026-08-20T02:24:25.7857376Z ok 73 - control: a normal (non-full) stdout target still exits 0 with empty stderr
test (20)	Coverage report (informational, not a gate)	2026-08-20T02:24:25.7858017Z   ---
test (20)	Coverage report (informational, not a gate)	2026-08-20T02:24:25.7858302Z   duration_ms: 81.00455
test (20)	Coverage report (informational, not a gate)	2026-08-20T02:24:25.7858830Z   ...
test (20)	Coverage report (informational, not a gate)	2026-08-20T02:24:25.7859245Z # Subtest: README tags must exist in corpus
test (20)	Coverage report (informational, not a gate)	2026-08-20T02:24:25.7859805Z ok 74 - README tags must exist in corpus
test (20)	Coverage report (informational, not a gate)	2026-08-20T02:24:25.7860220Z   ---
test (20)	Coverage report (informational, not a gate)	2026-08-20T02:24:25.7860519Z   duration_ms: 2.924676
test (20)	Coverage report (informational, not a gate)	2026-08-20T02:24:25.7860858Z   ...
test (20)	Coverage report (informational, not a gate)	2026-08-20T02:24:25.7861288Z # Subtest: README tag counts must match corpus
test (20)	Coverage report (informational, not a gate)	2026-08-20T02:24:25.7861867Z ok 75 - README tag counts must match corpus
test (20)	Coverage report (informational, not a gate)	2026-08-20T02:24:25.7862296Z   ---
test (20)	Coverage report (informational, not a gate)	2026-08-20T02:24:25.7862599Z   duration_ms: 0.466536
test (20)	Coverage report (informational, not a gate)	2026-08-20T02:24:25.7862943Z   ...
test (20)	Coverage report (informational, not a gate)	2026-08-20T02:24:25.7863454Z # Subtest: README must state total unique tags correctly
test (20)	Coverage report (informational, not a gate)	2026-08-20T02:24:25.7864376Z ok 76 - README must state total unique tags correctly
test (20)	Coverage report (informational, not a gate)	2026-08-20T02:24:25.7864839Z   ---
test (20)	Coverage report (informational, not a gate)	2026-08-20T02:24:25.7865130Z   duration_ms: 0.33502
test (20)	Coverage report (informational, not a gate)	2026-08-20T02:24:25.7865460Z   ...
test (20)	Coverage report (informational, not a gate)	2026-08-20T02:24:25.7866011Z # Subtest: README must correctly describe single-entry tag count
test (20)	Coverage report (informational, not a gate)	2026-08-20T02:24:25.7867078Z ok 77 - README must correctly describe single-entry tag count
test (20)	Coverage report (informational, not a gate)	2026-08-20T02:24:25.7867587Z   ---
test (20)	Coverage report (informational, not a gate)	2026-08-20T02:24:25.7867900Z   duration_ms: 0.362241
test (20)	Coverage report (informational, not a gate)	2026-08-20T02:24:25.7868233Z   ...
test (20)	Coverage report (informational, not a gate)	2026-08-20T02:24:25.7868867Z # Subtest: README must list all single-entry tags
test (20)	Coverage report (informational, not a gate)	2026-08-20T02:24:25.7869490Z ok 78 - README must list all single-entry tags
test (20)	Coverage report (informational, not a gate)	2026-08-20T02:24:25.7869941Z   ---
test (20)	Coverage report (informational, not a gate)	2026-08-20T02:24:25.7870237Z   duration_ms: 0.305426
test (20)	Coverage report (informational, not a gate)	2026-08-20T02:24:25.7870576Z   ...
test (20)	Coverage report (informational, not a gate)	2026-08-20T02:24:25.7871750Z # Subtest: README Tag vocabulary section carries a tag+entry sentence with a single-entry marker (token co-occurrence guard, not a meaning check)
test (20)	Coverage report (informational, not a gate)	2026-08-20T02:24:25.7873602Z ok 79 - README Tag vocabulary section carries a tag+entry sentence with a single-entry marker (token co-occurrence guard, not a meaning check)
test (20)	Coverage report (informational, not a gate)	2026-08-20T02:24:25.7874552Z   ---
test (20)	Coverage report (informational, not a gate)	2026-08-20T02:24:25.7874844Z   duration_ms: 0.710892
test (20)	Coverage report (informational, not a gate)	2026-08-20T02:24:25.7875178Z   ...
test (20)	Coverage report (informational, not a gate)	2026-08-20T02:24:25.7876558Z # Subtest: extractBandTablesFromReadme tolerates a prose sentence between a band heading and its table (T-025), without mis-attaching a table when the real one is missing
test (20)	Coverage report (informational, not a gate)	2026-08-20T02:24:25.7878965Z ok 80 - extractBandTablesFromReadme tolerates a prose sentence between a band heading and its table (T-025), without mis-attaching a table when the real one is missing
test (20)	Coverage report (informational, not a gate)	2026-08-20T02:24:25.7880122Z   ---
test (20)	Coverage report (informational, not a gate)	2026-08-20T02:24:25.7880426Z   duration_ms: 1.396915
test (20)	Coverage report (informational, not a gate)	2026-08-20T02:24:25.7880752Z   ...
test (20)	Coverage report (informational, not a gate)	2026-08-20T02:24:25.7881688Z # Subtest: extractBandTablesFromReadme does not let a band-shaped PROSE line steal a real heading's table (T-039)
test (20)	Coverage report (informational, not a gate)	2026-08-20T02:24:25.7883165Z ok 81 - extractBandTablesFromReadme does not let a band-shaped PROSE line steal a real heading's table (T-039)
test (20)	Coverage report (informational, not a gate)	2026-08-20T02:24:25.7883993Z   ---
test (20)	Coverage report (informational, not a gate)	2026-08-20T02:24:25.7884291Z   duration_ms: 0.256152
test (20)	Coverage report (informational, not a gate)	2026-08-20T02:24:25.7884620Z   ...
test (20)	Coverage report (informational, not a gate)	2026-08-20T02:24:25.7885493Z # Subtest: extractBandTablesFromReadme does not read a fenced example block as a second, real band table
test (20)	Coverage report (informational, not a gate)	2026-08-20T02:24:25.7886865Z ok 82 - extractBandTablesFromReadme does not read a fenced example block as a second, real band table
test (20)	Coverage report (informational, not a gate)	2026-08-20T02:24:25.7887631Z   ---
test (20)	Coverage report (informational, not a gate)	2026-08-20T02:24:25.7887929Z   duration_ms: 0.168712
test (20)	Coverage report (informational, not a gate)	2026-08-20T02:24:25.7888269Z   ...
test (20)	Coverage report (informational, not a gate)	2026-08-20T02:24:25.7889980Z # Subtest: extractBandTablesFromReadme's recognised bands account for every structural `| Tag | Count |` table -- a table under an unrecognised heading shape is a loud mismatch, not a silent miss
test (20)	Coverage report (informational, not a gate)	2026-08-20T02:24:25.7892522Z ok 83 - extractBandTablesFromReadme's recognised bands account for every structural `| Tag | Count |` table -- a table under an unrecognised heading shape is a loud mismatch, not a silent miss
test (20)	Coverage report (informational, not a gate)	2026-08-20T02:24:25.7893983Z   ---
test (20)	Coverage report (informational, not a gate)	2026-08-20T02:24:25.7894286Z   duration_ms: 0.318405
test (20)	Coverage report (informational, not a gate)	2026-08-20T02:24:25.7894621Z   ...
test (20)	Coverage report (informational, not a gate)	2026-08-20T02:24:25.7895844Z # Subtest: every `| Tag | Count |` table in the real README Tag vocabulary section is a recognised band table (no table may hide under an unrecognised heading shape)
test (20)	Coverage report (informational, not a gate)	2026-08-20T02:24:25.7897862Z ok 84 - every `| Tag | Count |` table in the real README Tag vocabulary section is a recognised band table (no table may hide under an unrecognised heading shape)
test (20)	Coverage report (informational, not a gate)	2026-08-20T02:24:25.7899072Z   ---
test (20)	Coverage report (informational, not a gate)	2026-08-20T02:24:25.7899378Z   duration_ms: 0.54264
test (20)	Coverage report (informational, not a gate)	2026-08-20T02:24:25.7899710Z   ...
test (20)	Coverage report (informational, not a gate)	2026-08-20T02:24:25.7900601Z # Subtest: every band table in README Tag vocabulary contains exactly the corpus tags whose count fits that band
test (20)	Coverage report (informational, not a gate)	2026-08-20T02:24:25.7902002Z ok 85 - every band table in README Tag vocabulary contains exactly the corpus tags whose count fits that band
test (20)	Coverage report (informational, not a gate)	2026-08-20T02:24:25.7902814Z   ---
test (20)	Coverage report (informational, not a gate)	2026-08-20T02:24:25.7903116Z   duration_ms: 0.398455
test (20)	Coverage report (informational, not a gate)	2026-08-20T02:24:25.7903458Z   ...
test (20)	Coverage report (informational, not a gate)	2026-08-20T02:24:25.7904469Z # Subtest: every corpus tag appearing on 2+ entries must have a row in some band table (no band table may be deleted wholesale) (T-019)
test (20)	Coverage report (informational, not a gate)	2026-08-20T02:24:25.7905916Z ok 86 - every corpus tag appearing on 2+ entries must have a row in some band table (no band table may be deleted wholesale) (T-019)
test (20)	Coverage report (informational, not a gate)	2026-08-20T02:24:25.7906653Z   ---
test (20)	Coverage report (informational, not a gate)	2026-08-20T02:24:25.7906853Z   duration_ms: 0.416802
test (20)	Coverage report (informational, not a gate)	2026-08-20T02:24:25.7907071Z   ...
test (20)	Coverage report (informational, not a gate)	2026-08-20T02:24:25.7907769Z # Subtest: extractBandTablesFromReadme derives a band's row count purely from its table, ignoring decoy "N tags" phrases in the heading line (T-024b)
test (20)	Coverage report (informational, not a gate)	2026-08-20T02:24:25.7909165Z ok 87 - extractBandTablesFromReadme derives a band's row count purely from its table, ignoring decoy "N tags" phrases in the heading line (T-024b)
test (20)	Coverage report (informational, not a gate)	2026-08-20T02:24:25.7909793Z   ---
test (20)	Coverage report (informational, not a gate)	2026-08-20T02:24:25.7909984Z   duration_ms: 0.239187
test (20)	Coverage report (informational, not a gate)	2026-08-20T02:24:25.7910201Z   ...
test (20)	Coverage report (informational, not a gate)	2026-08-20T02:24:25.7910770Z # Subtest: README opening sentence must state correct multi-entry and single-entry tag counts
test (20)	Coverage report (informational, not a gate)	2026-08-20T02:24:25.7911917Z ok 88 - README opening sentence must state correct multi-entry and single-entry tag counts
test (20)	Coverage report (informational, not a gate)	2026-08-20T02:24:25.7912599Z   ---
test (20)	Coverage report (informational, not a gate)	2026-08-20T02:24:25.7912901Z   duration_ms: 0.551103
test (20)	Coverage report (informational, not a gate)	2026-08-20T02:24:25.7913234Z   ...
test (20)	Coverage report (informational, not a gate)	2026-08-20T02:24:25.7914013Z # Subtest: README Tag vocabulary section must contain no unrecognised count-claim digits (J-5)
test (20)	Coverage report (informational, not a gate)	2026-08-20T02:24:25.7915182Z ok 89 - README Tag vocabulary section must contain no unrecognised count-claim digits (J-5)
test (20)	Coverage report (informational, not a gate)	2026-08-20T02:24:25.7915905Z   ---
test (20)	Coverage report (informational, not a gate)	2026-08-20T02:24:25.7916107Z   duration_ms: 1.163727
test (20)	Coverage report (informational, not a gate)	2026-08-20T02:24:25.7916329Z   ...
test (20)	Coverage report (informational, not a gate)	2026-08-20T02:24:25.7916848Z # Subtest: README Attribution table "Entries ranked" count must match corpus.length and the triage doc (C1)
test (20)	Coverage report (informational, not a gate)	2026-08-20T02:24:25.7917616Z ok 90 - README Attribution table "Entries ranked" count must match corpus.length and the triage doc (C1)
test (20)	Coverage report (informational, not a gate)	2026-08-20T02:24:25.7918075Z   ---
test (20)	Coverage report (informational, not a gate)	2026-08-20T02:24:25.7918265Z   duration_ms: 1.260111
test (20)	Coverage report (informational, not a gate)	2026-08-20T02:24:25.7918601Z   ...
test (20)	Coverage report (informational, not a gate)	2026-08-20T02:24:25.7919061Z # Subtest: README Attribution table "Rated HIGH risk" count must match the triage doc table (C2)
test (20)	Coverage report (informational, not a gate)	2026-08-20T02:24:25.7919737Z ok 91 - README Attribution table "Rated HIGH risk" count must match the triage doc table (C2)
test (20)	Coverage report (informational, not a gate)	2026-08-20T02:24:25.7920162Z   ---
test (20)	Coverage report (informational, not a gate)	2026-08-20T02:24:25.7920363Z   duration_ms: 0.451814
test (20)	Coverage report (informational, not a gate)	2026-08-20T02:24:25.7920572Z   ...
test (20)	Coverage report (informational, not a gate)	2026-08-20T02:24:25.7921017Z # Subtest: README Attribution section must contain no digit runs outside the counts table (C7)
test (20)	Coverage report (informational, not a gate)	2026-08-20T02:24:25.7921768Z ok 92 - README Attribution section must contain no digit runs outside the counts table (C7)
test (20)	Coverage report (informational, not a gate)	2026-08-20T02:24:25.7922182Z   ---
test (20)	Coverage report (informational, not a gate)	2026-08-20T02:24:25.7922382Z   duration_ms: 0.471725
test (20)	Coverage report (informational, not a gate)	2026-08-20T02:24:25.7922630Z   ...
test (20)	Coverage report (informational, not a gate)	2026-08-20T02:24:25.7922957Z # Subtest: README Layout section paths must exist on disk (C6)
test (20)	Coverage report (informational, not a gate)	2026-08-20T02:24:25.7923408Z ok 93 - README Layout section paths must exist on disk (C6)
test (20)	Coverage report (informational, not a gate)	2026-08-20T02:24:25.7924076Z   ---
test (20)	Coverage report (informational, not a gate)	2026-08-20T02:24:25.7924432Z   duration_ms: 0.674657
test (20)	Coverage report (informational, not a gate)	2026-08-20T02:24:25.7924808Z   ...
test (20)	Coverage report (informational, not a gate)	2026-08-20T02:24:25.7925692Z # Subtest: getListBehaviourSection tolerates a reformatted "--list behaviour" heading with no backticks (T-021)
test (20)	Coverage report (informational, not a gate)	2026-08-20T02:24:25.7926811Z ok 94 - getListBehaviourSection tolerates a reformatted "--list behaviour" heading with no backticks (T-021)
test (20)	Coverage report (informational, not a gate)	2026-08-20T02:24:25.7927667Z   ---
test (20)	Coverage report (informational, not a gate)	2026-08-20T02:24:25.7928006Z   duration_ms: 0.579666
test (20)	Coverage report (informational, not a gate)	2026-08-20T02:24:25.7928350Z   ...
test (20)	Coverage report (informational, not a gate)	2026-08-20T02:24:25.7929621Z # Subtest: getListBehaviourSection still fails on a SEPARATOR MISMATCH (not a heading-parse error) when a reformatted heading's literal is mutated (T-021)
test (20)	Coverage report (informational, not a gate)	2026-08-20T02:24:25.7943474Z ok 95 - getListBehaviourSection still fails on a SEPARATOR MISMATCH (not a heading-parse error) when a reformatted heading's literal is mutated (T-021)
test (20)	Coverage report (informational, not a gate)	2026-08-20T02:24:25.7944685Z   ---
test (20)	Coverage report (informational, not a gate)	2026-08-20T02:24:25.7944995Z   duration_ms: 0.400688
test (20)	Coverage report (informational, not a gate)	2026-08-20T02:24:25.7945301Z   ...
test (20)	Coverage report (informational, not a gate)	2026-08-20T02:24:25.7946208Z # Subtest: getListBehaviourSection reports ambiguity loudly instead of taking the first of two qualifying headings (T-021)
test (20)	Coverage report (informational, not a gate)	2026-08-20T02:24:25.7947642Z ok 96 - getListBehaviourSection reports ambiguity loudly instead of taking the first of two qualifying headings (T-021)
test (20)	Coverage report (informational, not a gate)	2026-08-20T02:24:25.7948410Z   ---
test (20)	Coverage report (informational, not a gate)	2026-08-20T02:24:25.7948885Z   duration_ms: 1.396324
test (20)	Coverage report (informational, not a gate)	2026-08-20T02:24:25.7949347Z   ...
test (20)	Coverage report (informational, not a gate)	2026-08-20T02:24:25.7949950Z # Subtest: getListBehaviourSection does not let "--list-only" satisfy the standalone `--list` token (T-021)
test (20)	Coverage report (informational, not a gate)	2026-08-20T02:24:25.7950747Z ok 97 - getListBehaviourSection does not let "--list-only" satisfy the standalone `--list` token (T-021)
test (20)	Coverage report (informational, not a gate)	2026-08-20T02:24:25.7951214Z   ---
test (20)	Coverage report (informational, not a gate)	2026-08-20T02:24:25.7951418Z   duration_ms: 0.34123
test (20)	Coverage report (informational, not a gate)	2026-08-20T02:24:25.7951640Z   ...
test (20)	Coverage report (informational, not a gate)	2026-08-20T02:24:25.7952150Z # Subtest: getListBehaviourSection tolerates the American spelling "behavior" in the heading (T-027)
test (20)	Coverage report (informational, not a gate)	2026-08-20T02:24:25.7952918Z ok 98 - getListBehaviourSection tolerates the American spelling "behavior" in the heading (T-027)
test (20)	Coverage report (informational, not a gate)	2026-08-20T02:24:25.7953382Z   ---
test (20)	Coverage report (informational, not a gate)	2026-08-20T02:24:25.7953586Z   duration_ms: 0.219117
test (20)	Coverage report (informational, not a gate)	2026-08-20T02:24:25.7953806Z   ...
test (20)	Coverage report (informational, not a gate)	2026-08-20T02:24:25.7954474Z # Subtest: getListBehaviourSection still fails on a SEPARATOR MISMATCH (not a heading-parse error) under an American-spelled heading (T-027)
test (20)	Coverage report (informational, not a gate)	2026-08-20T02:24:25.7955533Z ok 99 - getListBehaviourSection still fails on a SEPARATOR MISMATCH (not a heading-parse error) under an American-spelled heading (T-027)
test (20)	Coverage report (informational, not a gate)	2026-08-20T02:24:25.7956106Z   ---
test (20)	Coverage report (informational, not a gate)	2026-08-20T02:24:25.7956307Z   duration_ms: 0.241871
test (20)	Coverage report (informational, not a gate)	2026-08-20T02:24:25.7956526Z   ...
test (20)	Coverage report (informational, not a gate)	2026-08-20T02:24:25.7957004Z # Subtest: README `--list` format literal matches the shipped binary's actual --list output (T-017)
test (20)	Coverage report (informational, not a gate)	2026-08-20T02:24:25.7957711Z ok 100 - README `--list` format literal matches the shipped binary's actual --list output (T-017)
test (20)	Coverage report (informational, not a gate)	2026-08-20T02:24:25.7958141Z   ---
test (20)	Coverage report (informational, not a gate)	2026-08-20T02:24:25.7958344Z   duration_ms: 56.206146
test (20)	Coverage report (informational, not a gate)	2026-08-20T02:24:25.7958843Z   ...
test (20)	Coverage report (informational, not a gate)	2026-08-20T02:24:25.7959380Z # Subtest: README `--author` matching section must state the correct count of distinct corpus authors (Q-8)
test (20)	Coverage report (informational, not a gate)	2026-08-20T02:24:25.7960162Z ok 101 - README `--author` matching section must state the correct count of distinct corpus authors (Q-8)
test (20)	Coverage report (informational, not a gate)	2026-08-20T02:24:25.7960616Z   ---
test (20)	Coverage report (informational, not a gate)	2026-08-20T02:24:25.7960817Z   duration_ms: 0.799213
test (20)	Coverage report (informational, not a gate)	2026-08-20T02:24:25.7961045Z   ...
test (20)	Coverage report (informational, not a gate)	2026-08-20T02:24:25.7961313Z # Subtest: corpus has at least 40 entries
test (20)	Coverage report (informational, not a gate)	2026-08-20T02:24:25.7961653Z ok 102 - corpus has at least 40 entries
test (20)	Coverage report (informational, not a gate)	2026-08-20T02:24:25.7961928Z   ---
test (20)	Coverage report (informational, not a gate)	2026-08-20T02:24:25.7962128Z   duration_ms: 2.138623
test (20)	Coverage report (informational, not a gate)	2026-08-20T02:24:25.7962372Z   ...
test (20)	Coverage report (informational, not a gate)	2026-08-20T02:24:25.7962818Z # Subtest: every corpus entry has non-empty text, non-empty author, and an array of tags
test (20)	Coverage report (informational, not a gate)	2026-08-20T02:24:25.7963463Z ok 103 - every corpus entry has non-empty text, non-empty author, and an array of tags
test (20)	Coverage report (informational, not a gate)	2026-08-20T02:24:25.7963852Z   ---
test (20)	Coverage report (informational, not a gate)	2026-08-20T02:24:25.7964048Z   duration_ms: 1.883872
test (20)	Coverage report (informational, not a gate)	2026-08-20T02:24:25.7964260Z   ...
test (20)	Coverage report (informational, not a gate)	2026-08-20T02:24:25.7964706Z # Subtest: filter: author match is case-insensitive
test (20)	Coverage report (informational, not a gate)	2026-08-20T02:24:25.7965101Z ok 104 - filter: author match is case-insensitive
test (20)	Coverage report (informational, not a gate)	2026-08-20T02:24:25.7965526Z   ---
test (20)	Coverage report (informational, not a gate)	2026-08-20T02:24:25.7965798Z   duration_ms: 1.390035
test (20)	Coverage report (informational, not a gate)	2026-08-20T02:24:25.7966097Z   ...
test (20)	Coverage report (informational, not a gate)	2026-08-20T02:24:25.7966519Z # Subtest: filter: tag match is case-insensitive
test (20)	Coverage report (informational, not a gate)	2026-08-20T02:24:25.7967090Z ok 105 - filter: tag match is case-insensitive
test (20)	Coverage report (informational, not a gate)	2026-08-20T02:24:25.7967543Z   ---
test (20)	Coverage report (informational, not a gate)	2026-08-20T02:24:25.7967838Z   duration_ms: 0.359878
test (20)	Coverage report (informational, not a gate)	2026-08-20T02:24:25.7968146Z   ...
test (20)	Coverage report (informational, not a gate)	2026-08-20T02:24:25.7968925Z # Subtest: filter: author and tag together narrow to the intersection (AND)
test (20)	Coverage report (informational, not a gate)	2026-08-20T02:24:25.7969785Z ok 106 - filter: author and tag together narrow to the intersection (AND)
test (20)	Coverage report (informational, not a gate)	2026-08-20T02:24:25.7970313Z   ---
test (20)	Coverage report (informational, not a gate)	2026-08-20T02:24:25.7970508Z   duration_ms: 0.483181
test (20)	Coverage report (informational, not a gate)	2026-08-20T02:24:25.7970730Z   ...
test (20)	Coverage report (informational, not a gate)	2026-08-20T02:24:25.7971036Z # Subtest: filter: undefined/absent options do not filter
test (20)	Coverage report (informational, not a gate)	2026-08-20T02:24:25.7971463Z ok 107 - filter: undefined/absent options do not filter
test (20)	Coverage report (informational, not a gate)	2026-08-20T02:24:25.7971772Z   ---
test (20)	Coverage report (informational, not a gate)	2026-08-20T02:24:25.7971970Z   duration_ms: 0.207049
test (20)	Coverage report (informational, not a gate)	2026-08-20T02:24:25.7972181Z   ...
test (20)	Coverage report (informational, not a gate)	2026-08-20T02:24:25.7972583Z # Subtest: pick: same seed over the same candidates always returns the same element
test (20)	Coverage report (informational, not a gate)	2026-08-20T02:24:25.7973168Z ok 108 - pick: same seed over the same candidates always returns the same element
test (20)	Coverage report (informational, not a gate)	2026-08-20T02:24:25.7973540Z   ---
test (20)	Coverage report (informational, not a gate)	2026-08-20T02:24:25.7973917Z   duration_ms: 0.484944
test (20)	Coverage report (informational, not a gate)	2026-08-20T02:24:25.7974128Z   ...
test (20)	Coverage report (informational, not a gate)	2026-08-20T02:24:25.7974482Z # Subtest: pick: different seeds generally produce different results
test (20)	Coverage report (informational, not a gate)	2026-08-20T02:24:25.7974985Z ok 109 - pick: different seeds generally produce different results
test (20)	Coverage report (informational, not a gate)	2026-08-20T02:24:25.7975314Z   ---
test (20)	Coverage report (informational, not a gate)	2026-08-20T02:24:25.7975508Z   duration_ms: 0.362951
test (20)	Coverage report (informational, not a gate)	2026-08-20T02:24:25.7975721Z   ...
test (20)	Coverage report (informational, not a gate)	2026-08-20T02:24:25.7976057Z # Subtest: pick: undefined seed picks a valid member (random mode)
test (20)	Coverage report (informational, not a gate)	2026-08-20T02:24:25.7976520Z ok 110 - pick: undefined seed picks a valid member (random mode)
test (20)	Coverage report (informational, not a gate)	2026-08-20T02:24:25.7976848Z   ---
test (20)	Coverage report (informational, not a gate)	2026-08-20T02:24:25.7977046Z   duration_ms: 0.198707
test (20)	Coverage report (informational, not a gate)	2026-08-20T02:24:25.7977255Z   ...
test (20)	Coverage report (informational, not a gate)	2026-08-20T02:24:25.7977641Z # Subtest: pick: null seed also triggers random mode and returns a valid member
test (20)	Coverage report (informational, not a gate)	2026-08-20T02:24:25.7978201Z ok 111 - pick: null seed also triggers random mode and returns a valid member
test (20)	Coverage report (informational, not a gate)	2026-08-20T02:24:25.7978876Z   ---
test (20)	Coverage report (informational, not a gate)	2026-08-20T02:24:25.7979079Z   duration_ms: 0.202222
test (20)	Coverage report (informational, not a gate)	2026-08-20T02:24:25.7979297Z   ...
test (20)	Coverage report (informational, not a gate)	2026-08-20T02:24:25.7979616Z # Subtest: pick: throws RangeError on empty candidates array
test (20)	Coverage report (informational, not a gate)	2026-08-20T02:24:25.7980062Z ok 112 - pick: throws RangeError on empty candidates array
test (20)	Coverage report (informational, not a gate)	2026-08-20T02:24:25.7980369Z   ---
test (20)	Coverage report (informational, not a gate)	2026-08-20T02:24:25.7980558Z   duration_ms: 0.735148
test (20)	Coverage report (informational, not a gate)	2026-08-20T02:24:25.7980781Z   ...
test (20)	Coverage report (informational, not a gate)	2026-08-20T02:24:25.7981144Z # Subtest: pick: Infinity seed is deterministic and returns a valid member
test (20)	Coverage report (informational, not a gate)	2026-08-20T02:24:25.7981679Z ok 113 - pick: Infinity seed is deterministic and returns a valid member
test (20)	Coverage report (informational, not a gate)	2026-08-20T02:24:25.7982026Z   ---
test (20)	Coverage report (informational, not a gate)	2026-08-20T02:24:25.7982220Z   duration_ms: 0.375641
test (20)	Coverage report (informational, not a gate)	2026-08-20T02:24:25.7982448Z   ...
test (20)	Coverage report (informational, not a gate)	2026-08-20T02:24:25.7982826Z # Subtest: pick: -Infinity seed is deterministic and returns a valid member
test (20)	Coverage report (informational, not a gate)	2026-08-20T02:24:25.7983380Z ok 114 - pick: -Infinity seed is deterministic and returns a valid member
test (20)	Coverage report (informational, not a gate)	2026-08-20T02:24:25.7983731Z   ---
test (20)	Coverage report (informational, not a gate)	2026-08-20T02:24:25.7983923Z   duration_ms: 0.285727
test (20)	Coverage report (informational, not a gate)	2026-08-20T02:24:25.7984140Z   ...
test (20)	Coverage report (informational, not a gate)	2026-08-20T02:24:25.7984527Z # Subtest: pick: NaN seed still uses the random branch and returns a valid member
test (20)	Coverage report (informational, not a gate)	2026-08-20T02:24:25.7985111Z ok 115 - pick: NaN seed still uses the random branch and returns a valid member
test (20)	Coverage report (informational, not a gate)	2026-08-20T02:24:25.7985477Z   ---
test (20)	Coverage report (informational, not a gate)	2026-08-20T02:24:25.7985672Z   duration_ms: 0.156914
test (20)	Coverage report (informational, not a gate)	2026-08-20T02:24:25.7985889Z   ...
test (20)	Coverage report (informational, not a gate)	2026-08-20T02:24:25.7986284Z # Subtest: pick: finite seed determinism is unchanged by the non-finite-seed fix
test (20)	Coverage report (informational, not a gate)	2026-08-20T02:24:25.7986862Z ok 116 - pick: finite seed determinism is unchanged by the non-finite-seed fix
test (20)	Coverage report (informational, not a gate)	2026-08-20T02:24:25.7987231Z   ---
test (20)	Coverage report (informational, not a gate)	2026-08-20T02:24:25.7987427Z   duration_ms: 1.242214
test (20)	Coverage report (informational, not a gate)	2026-08-20T02:24:25.7987794Z   ...
test (20)	Coverage report (informational, not a gate)	2026-08-20T02:24:25.7988134Z # Subtest: pick: every candidate is REACHABLE by an unseeded draw
test (20)	Coverage report (informational, not a gate)	2026-08-20T02:24:25.7988872Z ok 117 - pick: every candidate is REACHABLE by an unseeded draw
test (20)	Coverage report (informational, not a gate)	2026-08-20T02:24:25.7989202Z   ---
test (20)	Coverage report (informational, not a gate)	2026-08-20T02:24:25.7989397Z   duration_ms: 2.093094
test (20)	Coverage report (informational, not a gate)	2026-08-20T02:24:25.7989610Z   ...
test (20)	Coverage report (informational, not a gate)	2026-08-20T02:24:25.7990033Z # Subtest: pick: unseeded draws split the interval EQUALLY across candidates (uniform)
test (20)	Coverage report (informational, not a gate)	2026-08-20T02:24:25.7990667Z ok 118 - pick: unseeded draws split the interval EQUALLY across candidates (uniform)
test (20)	Coverage report (informational, not a gate)	2026-08-20T02:24:25.7991051Z   ---
test (20)	Coverage report (informational, not a gate)	2026-08-20T02:24:25.7991243Z   duration_ms: 2.104562
test (20)	Coverage report (informational, not a gate)	2026-08-20T02:24:25.7991453Z   ...
test (20)	Coverage report (informational, not a gate)	2026-08-20T02:24:25.7991886Z # Subtest: pick: single-element candidates always returns that element regardless of seed
test (20)	Coverage report (informational, not a gate)	2026-08-20T02:24:25.7992523Z ok 119 - pick: single-element candidates always returns that element regardless of seed
test (20)	Coverage report (informational, not a gate)	2026-08-20T02:24:25.7992932Z   ---
test (20)	Coverage report (informational, not a gate)	2026-08-20T02:24:25.7993131Z   duration_ms: 0.225607
test (20)	Coverage report (informational, not a gate)	2026-08-20T02:24:25.7993352Z   ...
test (20)	Coverage report (informational, not a gate)	2026-08-20T02:24:25.7993537Z 1..119
test (20)	Coverage report (informational, not a gate)	2026-08-20T02:24:25.7993734Z # tests 119
test (20)	Coverage report (informational, not a gate)	2026-08-20T02:24:25.7993936Z # suites 0
test (20)	Coverage report (informational, not a gate)	2026-08-20T02:24:25.7994132Z # pass 119
test (20)	Coverage report (informational, not a gate)	2026-08-20T02:24:25.7994338Z # fail 0
test (20)	Coverage report (informational, not a gate)	2026-08-20T02:24:25.7994535Z # cancelled 0
test (20)	Coverage report (informational, not a gate)	2026-08-20T02:24:25.7994742Z # skipped 0
test (20)	Coverage report (informational, not a gate)	2026-08-20T02:24:25.7994934Z # todo 0
test (20)	Coverage report (informational, not a gate)	2026-08-20T02:24:25.7995147Z # duration_ms 3899.115305
test (20)	Coverage report (informational, not a gate)	2026-08-20T02:24:25.7995558Z # start of coverage report
test (20)	Coverage report (informational, not a gate)	2026-08-20T02:24:25.7996169Z # ---------------------------------------------------------------------------------------------------------------------------------------
test (20)	Coverage report (informational, not a gate)	2026-08-20T02:24:25.7996804Z # file                     | line % | branch % | funcs % | uncovered lines
test (20)	Coverage report (informational, not a gate)	2026-08-20T02:24:25.7997464Z # ---------------------------------------------------------------------------------------------------------------------------------------
test (20)	Coverage report (informational, not a gate)	2026-08-20T02:24:25.7998039Z # bin/aphorism.js          | 100.00 |    85.71 |  100.00 | 
test (20)	Coverage report (informational, not a gate)	2026-08-20T02:24:25.7998614Z # src/args.js              | 100.00 |   100.00 |  100.00 | 
test (20)	Coverage report (informational, not a gate)	2026-08-20T02:24:25.7999107Z # src/corpus.js            | 100.00 |   100.00 |  100.00 | 
test (20)	Coverage report (informational, not a gate)	2026-08-20T02:24:25.7999505Z # src/select.js            | 100.00 |   100.00 |  100.00 | 
test (20)	Coverage report (informational, not a gate)	2026-08-20T02:24:25.7999897Z # test/args.test.js        | 100.00 |   100.00 |  100.00 | 
test (20)	Coverage report (informational, not a gate)	2026-08-20T02:24:25.8000296Z # test/cli.test.js         | 100.00 |   100.00 |  100.00 | 
test (20)	Coverage report (informational, not a gate)	2026-08-20T02:24:25.8000752Z # test/pipe.test.js        |  96.73 |    83.33 |  100.00 | 50-51 89-91 163-165
test (20)	Coverage report (informational, not a gate)	2026-08-20T02:24:25.8001456Z # test/readme-tags.test.js |  98.71 |    86.81 |   96.15 | 125-126 146-147 156-157 531-532 534-535 549-552 1324-1325 1674-1675 1874-1884
test (20)	Coverage report (informational, not a gate)	2026-08-20T02:24:25.8002042Z # test/select.test.js      | 100.00 |    97.92 |  100.00 | 
test (20)	Coverage report (informational, not a gate)	2026-08-20T02:24:25.8002678Z # ---------------------------------------------------------------------------------------------------------------------------------------
test (20)	Coverage report (informational, not a gate)	2026-08-20T02:24:25.8003228Z # all files                |  99.11 |    92.57 |   98.61 |
test (20)	Coverage report (informational, not a gate)	2026-08-20T02:24:25.8003846Z # ---------------------------------------------------------------------------------------------------------------------------------------
test (20)	Coverage report (informational, not a gate)	2026-08-20T02:24:25.8004320Z # end of coverage report
test (20)	Post Run actions/setup-node@v4	﻿2026-08-20T02:24:25.8102953Z Node 20 is being deprecated. This workflow is running with Node 24 by default. If you need to temporarily use Node 20, you can set the ACTIONS_ALLOW_USE_UNSECURE_NODE_VERSION=true environment variable. For more information see: https://github.blog/changelog/2025-09-19-deprecation-of-node-20-on-github-actions-runners/
test (20)	Post Run actions/setup-node@v4	2026-08-20T02:24:25.8104112Z Post job cleanup.
test (20)	Post Run actions/setup-node@v4	2026-08-20T02:24:25.9344045Z (node:4154) [DEP0040] DeprecationWarning: The `punycode` module is deprecated. Please use a userland alternative instead.
test (20)	Post Run actions/setup-node@v4	2026-08-20T02:24:25.9345273Z (Use `node --trace-deprecation ...` to show where the warning was created)
test (20)	Post Run actions/checkout@v4	﻿2026-08-20T02:24:25.9546505Z Node 20 is being deprecated. This workflow is running with Node 24 by default. If you need to temporarily use Node 20, you can set the ACTIONS_ALLOW_USE_UNSECURE_NODE_VERSION=true environment variable. For more information see: https://github.blog/changelog/2025-09-19-deprecation-of-node-20-on-github-actions-runners/
test (20)	Post Run actions/checkout@v4	2026-08-20T02:24:25.9547825Z Post job cleanup.
test (20)	Post Run actions/checkout@v4	2026-08-20T02:24:26.0473086Z [command]/usr/bin/git version
test (20)	Post Run actions/checkout@v4	2026-08-20T02:24:26.0545605Z git version 2.54.0
test (20)	Post Run actions/checkout@v4	2026-08-20T02:24:26.0582487Z Temporarily overriding HOME='/home/runner/work/_temp/48ea27f5-e33e-4d6f-8c32-b6d1b3b513c2' before making global git config changes
test (20)	Post Run actions/checkout@v4	2026-08-20T02:24:26.0584036Z Adding repository directory to the temporary git global config as a safe directory
test (20)	Post Run actions/checkout@v4	2026-08-20T02:24:26.0587991Z [command]/usr/bin/git config --global --add safe.directory /home/runner/work/aphorism-cli/aphorism-cli
test (20)	Post Run actions/checkout@v4	2026-08-20T02:24:26.0628937Z [command]/usr/bin/git config --local --name-only --get-regexp core\.sshCommand
test (20)	Post Run actions/checkout@v4	2026-08-20T02:24:26.0665324Z [command]/usr/bin/git submodule foreach --recursive sh -c "git config --local --name-only --get-regexp 'core\.sshCommand' && git config --local --unset-all 'core.sshCommand' || :"
test (20)	Post Run actions/checkout@v4	2026-08-20T02:24:26.0924086Z [command]/usr/bin/git config --local --name-only --get-regexp http\.https\:\/\/github\.com\/\.extraheader
test (20)	Post Run actions/checkout@v4	2026-08-20T02:24:26.0954661Z http.https://github.com/.extraheader
test (20)	Post Run actions/checkout@v4	2026-08-20T02:24:26.0966791Z [command]/usr/bin/git config --local --unset-all http.https://github.com/.extraheader
test (20)	Post Run actions/checkout@v4	2026-08-20T02:24:26.1001494Z [command]/usr/bin/git submodule foreach --recursive sh -c "git config --local --name-only --get-regexp 'http\.https\:\/\/github\.com\/\.extraheader' && git config --local --unset-all 'http.https://github.com/.extraheader' || :"
test (20)	Post Run actions/checkout@v4	2026-08-20T02:24:26.1310472Z [command]/usr/bin/git config --local --name-only --get-regexp ^includeIf\.gitdir:
test (20)	Post Run actions/checkout@v4	2026-08-20T02:24:26.1346700Z [command]/usr/bin/git submodule foreach --recursive git config --local --show-origin --name-only --get-regexp remote.origin.url
test (20)	Complete job	﻿2026-08-20T02:24:26.1868741Z Cleaning up orphan processes
test (20)	Complete job	2026-08-20T02:24:26.2166039Z ##[warning]Node.js 20 is deprecated. The following actions target Node.js 20 but are being forced to run on Node.js 24: actions/checkout@v4, actions/setup-node@v4. For more information see: https://github.blog/changelog/2025-09-19-deprecation-of-node-20-on-github-actions-runners/
test (24)	Set up job	﻿2026-08-20T02:24:12.5827041Z Current runner version: '2.336.0'
test (24)	Set up job	2026-08-20T02:24:12.5852782Z ##[group]Runner Image Provisioner
test (24)	Set up job	2026-08-20T02:24:12.5853734Z Hosted Compute Agent
test (24)	Set up job	2026-08-20T02:24:12.5854412Z Version: 20260729.566
test (24)	Set up job	2026-08-20T02:24:12.5855048Z Commit: cf7153fe6e25b664e8693c24944bf2b00355d109
test (24)	Set up job	2026-08-20T02:24:12.5855771Z Build Date: 2026-07-29T19:17:02Z
test (24)	Set up job	2026-08-20T02:24:12.5856563Z Worker ID: {8743f375-5cb6-418a-9356-196ab107b0ab}
test (24)	Set up job	2026-08-20T02:24:12.5857316Z Azure Region: westus
test (24)	Set up job	2026-08-20T02:24:12.5857930Z ##[endgroup]
test (24)	Set up job	2026-08-20T02:24:12.5859996Z ##[group]Operating System
test (24)	Set up job	2026-08-20T02:24:12.5860669Z Ubuntu
test (24)	Set up job	2026-08-20T02:24:12.5861274Z 24.04.4
test (24)	Set up job	2026-08-20T02:24:12.5861848Z LTS
test (24)	Set up job	2026-08-20T02:24:12.5862392Z ##[endgroup]
test (24)	Set up job	2026-08-20T02:24:12.5862961Z ##[group]Runner Image
test (24)	Set up job	2026-08-20T02:24:12.5863560Z Image: ubuntu-24.04
test (24)	Set up job	2026-08-20T02:24:12.5864252Z Version: 20260816.277.1
test (24)	Set up job	2026-08-20T02:24:12.5865354Z Included Software: https://github.com/actions/runner-images/blob/ubuntu24/20260816.277/images/ubuntu/Ubuntu2404-Readme.md
test (24)	Set up job	2026-08-20T02:24:12.5867223Z Image Release: https://github.com/actions/runner-images/releases/tag/ubuntu24%2F20260816.277
test (24)	Set up job	2026-08-20T02:24:12.5868221Z ##[endgroup]
test (24)	Set up job	2026-08-20T02:24:12.5870117Z ##[group]GITHUB_TOKEN Permissions
test (24)	Set up job	2026-08-20T02:24:12.5872288Z Contents: read
test (24)	Set up job	2026-08-20T02:24:12.5873030Z Metadata: read
test (24)	Set up job	2026-08-20T02:24:12.5873607Z Packages: read
test (24)	Set up job	2026-08-20T02:24:12.5874198Z ##[endgroup]
test (24)	Set up job	2026-08-20T02:24:12.5876281Z Secret source: Actions
test (24)	Set up job	2026-08-20T02:24:12.5877414Z Prepare workflow directory
test (24)	Set up job	2026-08-20T02:24:12.6213971Z Prepare all required actions
test (24)	Set up job	2026-08-20T02:24:12.6262007Z Getting action download info
test (24)	Set up job	2026-08-20T02:24:12.9803649Z Download action repository 'actions/checkout@v4' (SHA:11d5960a326750d5838078e36cf38b85af677262)
test (24)	Set up job	2026-08-20T02:24:13.0915189Z Download action repository 'actions/setup-node@v4' (SHA:49933ea5288caeca8642d1e84afbd3f7d6820020)
test (24)	Set up job	2026-08-20T02:24:13.2828916Z Complete job name: test (24)
test (24)	Run actions/checkout@v4	﻿2026-08-20T02:24:13.3606962Z Node 20 is being deprecated. This workflow is running with Node 24 by default. If you need to temporarily use Node 20, you can set the ACTIONS_ALLOW_USE_UNSECURE_NODE_VERSION=true environment variable. For more information see: https://github.blog/changelog/2025-09-19-deprecation-of-node-20-on-github-actions-runners/
test (24)	Run actions/checkout@v4	2026-08-20T02:24:13.3616088Z ##[group]Run actions/checkout@v4
test (24)	Run actions/checkout@v4	2026-08-20T02:24:13.3616946Z with:
test (24)	Run actions/checkout@v4	2026-08-20T02:24:13.3617477Z   repository: trmnmc/aphorism-cli
test (24)	Run actions/checkout@v4	2026-08-20T02:24:13.3621367Z   token: ***
test (24)	Run actions/checkout@v4	2026-08-20T02:24:13.3621879Z   ssh-strict: true
test (24)	Run actions/checkout@v4	2026-08-20T02:24:13.3622386Z   ssh-user: git
test (24)	Run actions/checkout@v4	2026-08-20T02:24:13.3622899Z   persist-credentials: true
test (24)	Run actions/checkout@v4	2026-08-20T02:24:13.3623453Z   clean: true
test (24)	Run actions/checkout@v4	2026-08-20T02:24:13.3623972Z   sparse-checkout-cone-mode: true
test (24)	Run actions/checkout@v4	2026-08-20T02:24:13.3624559Z   fetch-depth: 1
test (24)	Run actions/checkout@v4	2026-08-20T02:24:13.3625053Z   fetch-tags: false
test (24)	Run actions/checkout@v4	2026-08-20T02:24:13.3625556Z   show-progress: true
test (24)	Run actions/checkout@v4	2026-08-20T02:24:13.3626061Z   lfs: false
test (24)	Run actions/checkout@v4	2026-08-20T02:24:13.3626529Z   submodules: false
test (24)	Run actions/checkout@v4	2026-08-20T02:24:13.3627084Z   set-safe-directory: true
test (24)	Run actions/checkout@v4	2026-08-20T02:24:13.3627681Z   allow-unsafe-pr-checkout: false
test (24)	Run actions/checkout@v4	2026-08-20T02:24:13.3628704Z ##[endgroup]
test (24)	Run actions/checkout@v4	2026-08-20T02:24:13.4686721Z Syncing repository: trmnmc/aphorism-cli
test (24)	Run actions/checkout@v4	2026-08-20T02:24:13.4689701Z ##[group]Getting Git version info
test (24)	Run actions/checkout@v4	2026-08-20T02:24:13.4690909Z Working directory is '/home/runner/work/aphorism-cli/aphorism-cli'
test (24)	Run actions/checkout@v4	2026-08-20T02:24:13.4692621Z [command]/usr/bin/git version
test (24)	Run actions/checkout@v4	2026-08-20T02:24:13.4742378Z git version 2.55.0
test (24)	Run actions/checkout@v4	2026-08-20T02:24:13.4765208Z ##[endgroup]
test (24)	Run actions/checkout@v4	2026-08-20T02:24:13.4780043Z Temporarily overriding HOME='/home/runner/work/_temp/2d52200a-00ec-4cce-a3bb-9432f6f1723b' before making global git config changes
test (24)	Run actions/checkout@v4	2026-08-20T02:24:13.4782623Z Adding repository directory to the temporary git global config as a safe directory
test (24)	Run actions/checkout@v4	2026-08-20T02:24:13.4785721Z [command]/usr/bin/git config --global --add safe.directory /home/runner/work/aphorism-cli/aphorism-cli
test (24)	Run actions/checkout@v4	2026-08-20T02:24:13.4838772Z Deleting the contents of '/home/runner/work/aphorism-cli/aphorism-cli'
test (24)	Run actions/checkout@v4	2026-08-20T02:24:13.4843295Z ##[group]Initializing the repository
test (24)	Run actions/checkout@v4	2026-08-20T02:24:13.4849837Z [command]/usr/bin/git init /home/runner/work/aphorism-cli/aphorism-cli
test (24)	Run actions/checkout@v4	2026-08-20T02:24:13.4963424Z hint: Using 'master' as the name for the initial branch. This default branch name
test (24)	Run actions/checkout@v4	2026-08-20T02:24:13.4964929Z hint: will change to "main" in Git 3.0. To configure the initial branch name
test (24)	Run actions/checkout@v4	2026-08-20T02:24:13.4966064Z hint: to use in all of your new repositories, which will suppress this warning,
test (24)	Run actions/checkout@v4	2026-08-20T02:24:13.4967034Z hint: call:
test (24)	Run actions/checkout@v4	2026-08-20T02:24:13.4967475Z hint:
test (24)	Run actions/checkout@v4	2026-08-20T02:24:13.4968198Z hint: 	git config --global init.defaultBranch <name>
test (24)	Run actions/checkout@v4	2026-08-20T02:24:13.4969328Z hint:
test (24)	Run actions/checkout@v4	2026-08-20T02:24:13.4970423Z hint: Names commonly chosen instead of 'master' are 'main', 'trunk' and
test (24)	Run actions/checkout@v4	2026-08-20T02:24:13.4972080Z hint: 'development'. The just-created branch can be renamed via this command:
test (24)	Run actions/checkout@v4	2026-08-20T02:24:13.4973429Z hint:
test (24)	Run actions/checkout@v4	2026-08-20T02:24:13.4974234Z hint: 	git branch -m <name>
test (24)	Run actions/checkout@v4	2026-08-20T02:24:13.4975180Z hint:
test (24)	Run actions/checkout@v4	2026-08-20T02:24:13.4976423Z hint: Disable this message with "git config set advice.defaultBranchName false"
test (24)	Run actions/checkout@v4	2026-08-20T02:24:13.4978703Z Initialized empty Git repository in /home/runner/work/aphorism-cli/aphorism-cli/.git/
test (24)	Run actions/checkout@v4	2026-08-20T02:24:13.4987648Z [command]/usr/bin/git remote add origin https://github.com/trmnmc/aphorism-cli
test (24)	Run actions/checkout@v4	2026-08-20T02:24:13.5067908Z ##[endgroup]
test (24)	Run actions/checkout@v4	2026-08-20T02:24:13.5069628Z ##[group]Disabling automatic garbage collection
test (24)	Run actions/checkout@v4	2026-08-20T02:24:13.5071734Z [command]/usr/bin/git config --local gc.auto 0
test (24)	Run actions/checkout@v4	2026-08-20T02:24:13.5108147Z ##[endgroup]
test (24)	Run actions/checkout@v4	2026-08-20T02:24:13.5110224Z ##[group]Setting up auth
test (24)	Run actions/checkout@v4	2026-08-20T02:24:13.5115594Z [command]/usr/bin/git config --local --name-only --get-regexp core\.sshCommand
test (24)	Run actions/checkout@v4	2026-08-20T02:24:13.5150590Z [command]/usr/bin/git submodule foreach --recursive sh -c "git config --local --name-only --get-regexp 'core\.sshCommand' && git config --local --unset-all 'core.sshCommand' || :"
test (24)	Run actions/checkout@v4	2026-08-20T02:24:13.5576882Z [command]/usr/bin/git config --local --name-only --get-regexp http\.https\:\/\/github\.com\/\.extraheader
test (24)	Run actions/checkout@v4	2026-08-20T02:24:13.5621402Z [command]/usr/bin/git submodule foreach --recursive sh -c "git config --local --name-only --get-regexp 'http\.https\:\/\/github\.com\/\.extraheader' && git config --local --unset-all 'http.https://github.com/.extraheader' || :"
test (24)	Run actions/checkout@v4	2026-08-20T02:24:13.5848828Z [command]/usr/bin/git config --local --name-only --get-regexp ^includeIf\.gitdir:
test (24)	Run actions/checkout@v4	2026-08-20T02:24:13.5884702Z [command]/usr/bin/git submodule foreach --recursive git config --local --show-origin --name-only --get-regexp remote.origin.url
test (24)	Run actions/checkout@v4	2026-08-20T02:24:13.6109266Z [command]/usr/bin/git config --local http.https://github.com/.extraheader AUTHORIZATION: basic ***
test (24)	Run actions/checkout@v4	2026-08-20T02:24:13.6148696Z ##[endgroup]
test (24)	Run actions/checkout@v4	2026-08-20T02:24:13.6149596Z ##[group]Fetching the repository
test (24)	Run actions/checkout@v4	2026-08-20T02:24:13.6160732Z [command]/usr/bin/git -c protocol.version=2 fetch --no-tags --prune --no-recurse-submodules --depth=1 origin +0c2ed406944495f5539975d13c63e42744012540:refs/remotes/origin/master
test (24)	Run actions/checkout@v4	2026-08-20T02:24:14.5012068Z From https://github.com/trmnmc/aphorism-cli
test (24)	Run actions/checkout@v4	2026-08-20T02:24:14.5014565Z  * [new ref]         0c2ed406944495f5539975d13c63e42744012540 -> origin/master
test (24)	Run actions/checkout@v4	2026-08-20T02:24:14.5020513Z ##[endgroup]
test (24)	Run actions/checkout@v4	2026-08-20T02:24:14.5023039Z ##[group]Determining the checkout info
test (24)	Run actions/checkout@v4	2026-08-20T02:24:14.5025672Z ##[endgroup]
test (24)	Run actions/checkout@v4	2026-08-20T02:24:14.5027784Z [command]/usr/bin/git sparse-checkout disable
test (24)	Run actions/checkout@v4	2026-08-20T02:24:14.5084791Z [command]/usr/bin/git config --local --unset-all extensions.worktreeConfig
test (24)	Run actions/checkout@v4	2026-08-20T02:24:14.5117658Z ##[group]Checking out the ref
test (24)	Run actions/checkout@v4	2026-08-20T02:24:14.5122976Z [command]/usr/bin/git checkout --progress --force -B master refs/remotes/origin/master
test (24)	Run actions/checkout@v4	2026-08-20T02:24:14.5951234Z Reset branch 'master'
test (24)	Run actions/checkout@v4	2026-08-20T02:24:14.5956749Z branch 'master' set up to track 'origin/master'.
test (24)	Run actions/checkout@v4	2026-08-20T02:24:14.5966733Z ##[endgroup]
test (24)	Run actions/checkout@v4	2026-08-20T02:24:14.6013634Z [command]/usr/bin/git log -1 --format=%H
test (24)	Run actions/checkout@v4	2026-08-20T02:24:14.6042088Z 0c2ed406944495f5539975d13c63e42744012540
test (24)	Run actions/setup-node@v4	﻿2026-08-20T02:24:14.6438160Z Node 20 is being deprecated. This workflow is running with Node 24 by default. If you need to temporarily use Node 20, you can set the ACTIONS_ALLOW_USE_UNSECURE_NODE_VERSION=true environment variable. For more information see: https://github.blog/changelog/2025-09-19-deprecation-of-node-20-on-github-actions-runners/
test (24)	Run actions/setup-node@v4	2026-08-20T02:24:14.6444798Z ##[group]Run actions/setup-node@v4
test (24)	Run actions/setup-node@v4	2026-08-20T02:24:14.6446004Z with:
test (24)	Run actions/setup-node@v4	2026-08-20T02:24:14.6446904Z   node-version: 24
test (24)	Run actions/setup-node@v4	2026-08-20T02:24:14.6447908Z   always-auth: false
test (24)	Run actions/setup-node@v4	2026-08-20T02:24:14.6449367Z   check-latest: false
test (24)	Run actions/setup-node@v4	2026-08-20T02:24:14.6459097Z   token: ***
test (24)	Run actions/setup-node@v4	2026-08-20T02:24:14.6460046Z ##[endgroup]
test (24)	Run actions/setup-node@v4	2026-08-20T02:24:14.7861213Z Found in cache @ /opt/hostedtoolcache/node/24.19.0/x64
test (24)	Run actions/setup-node@v4	2026-08-20T02:24:14.7866442Z (node:2195) [DEP0040] DeprecationWarning: The `punycode` module is deprecated. Please use a userland alternative instead.
test (24)	Run actions/setup-node@v4	2026-08-20T02:24:14.7871617Z (Use `node --trace-deprecation ...` to show where the warning was created)
test (24)	Run actions/setup-node@v4	2026-08-20T02:24:14.7875859Z ##[group]Environment details
test (24)	Run actions/setup-node@v4	2026-08-20T02:24:15.2354727Z node: v24.19.0
test (24)	Run actions/setup-node@v4	2026-08-20T02:24:15.2355388Z npm: 11.17.0
test (24)	Run actions/setup-node@v4	2026-08-20T02:24:15.2355847Z yarn: 1.22.22
test (24)	Run actions/setup-node@v4	2026-08-20T02:24:15.2356898Z ##[endgroup]
test (24)	Run node --test test/*.test.js	﻿2026-08-20T02:24:15.2516122Z ##[group]Run node --test test/*.test.js
test (24)	Run node --test test/*.test.js	2026-08-20T02:24:15.2516609Z [36;1mnode --test test/*.test.js[0m
test (24)	Run node --test test/*.test.js	2026-08-20T02:24:15.2568122Z shell: /usr/bin/bash -e {0}
test (24)	Run node --test test/*.test.js	2026-08-20T02:24:15.2568812Z ##[endgroup]
test (24)	Run node --test test/*.test.js	2026-08-20T02:24:15.3919219Z ✔ zero args: no error, no filters set (3.615544ms)
test (24)	Run node --test test/*.test.js	2026-08-20T02:24:15.3930118Z ✔ --author <name> sets author string (0.257963ms)
test (24)	Run node --test test/*.test.js	2026-08-20T02:24:15.3965853Z ✔ --author=<name> equals form sets author string (0.221555ms)
test (24)	Run node --test test/*.test.js	2026-08-20T02:24:15.3995786Z ✔ --tag <tag> sets tag string (0.423694ms)
test (24)	Run node --test test/*.test.js	2026-08-20T02:24:15.3999640Z ✔ --tag=<tag> equals form sets tag string (0.267321ms)
test (24)	Run node --test test/*.test.js	2026-08-20T02:24:15.4001262Z ✔ combined --author X --tag Y sets both (0.233347ms)
test (24)	Run node --test test/*.test.js	2026-08-20T02:24:15.4002811Z ✔ --seed <n> parses as a number (0.273943ms)
test (24)	Run node --test test/*.test.js	2026-08-20T02:24:15.4004593Z ✔ --seed=<n> equals form parses as a number (0.221655ms)
test (24)	Run node --test test/*.test.js	2026-08-20T02:24:15.4006225Z ✔ --seed <n> accepts a negative number (0.462546ms)
test (24)	Run node --test test/*.test.js	2026-08-20T02:24:15.4009501Z ✔ --seed=<n> equals form accepts a negative number (0.881702ms)
test (24)	Run node --test test/*.test.js	2026-08-20T02:24:15.4011299Z ✔ non-numeric --seed is a usage error (0.397084ms)
test (24)	Run node --test test/*.test.js	2026-08-20T02:24:15.4021553Z ✔ non-numeric --seed= equals form is a usage error (0.210965ms)
test (24)	Run node --test test/*.test.js	2026-08-20T02:24:15.4023196Z ✔ --list sets list: true (0.153147ms)
test (24)	Run node --test test/*.test.js	2026-08-20T02:24:15.4024630Z ✔ --json sets json: true (0.214101ms)
test (24)	Run node --test test/*.test.js	2026-08-20T02:24:15.4026150Z ✔ --help sets help: true (0.1495ms)
test (24)	Run node --test test/*.test.js	2026-08-20T02:24:15.4027762Z ✔ -h sets help: true (0.175248ms)
test (24)	Run node --test test/*.test.js	2026-08-20T02:24:15.4029514Z ✔ unknown flag is a usage error (0.209833ms)
test (24)	Run node --test test/*.test.js	2026-08-20T02:24:15.4031094Z ✔ unknown short flag is a usage error (0.163516ms)
test (24)	Run node --test test/*.test.js	2026-08-20T02:24:15.4032862Z ✔ --author missing value at end of argv is a usage error (0.156813ms)
test (24)	Run node --test test/*.test.js	2026-08-20T02:24:15.4034784Z ✔ --tag missing value because next token is another flag is a usage error (0.157896ms)
test (24)	Run node --test test/*.test.js	2026-08-20T02:24:15.4038141Z ✔ --seed missing value at end of argv is a usage error (0.129793ms)
test (24)	Run node --test test/*.test.js	2026-08-20T02:24:15.4040169Z ✔ --author= with empty value is a usage error (0.163026ms)
test (24)	Run node --test test/*.test.js	2026-08-20T02:24:15.4041847Z ✔ a bare positional argument (not a flag) is a usage error (1.205338ms)
test (24)	Run node --test test/*.test.js	2026-08-20T02:24:15.4043629Z ✔ parseArgs never throws on malformed input (0.292568ms)
test (24)	Run node --test test/*.test.js	2026-08-20T02:24:15.4045529Z ✔ absent options are undefined/false, never null (0.169968ms)
test (24)	Run node --test test/*.test.js	2026-08-20T02:24:15.4047606Z ✔ HELP is a non-empty string mentioning every flag name (0.201969ms)
test (24)	Run node --test test/*.test.js	2026-08-20T02:24:15.4050130Z ✔ HELP fits comfortably on one 24-line terminal screen (0.164468ms)
test (24)	Run node --test test/*.test.js	2026-08-20T02:24:15.4052376Z ✔ --seed Infinity / --seed -Infinity parse to numbers, not a usage error (0.174507ms)
test (24)	Run node --test test/*.test.js	2026-08-20T02:24:18.3886815Z ✔ bare invocation prints one attributed aphorism and exits 0 (42.392128ms)
test (24)	Run node --test test/*.test.js	2026-08-20T02:24:18.3910269Z ✔ --seed is deterministic across separate processes (86.088543ms)
test (24)	Run node --test test/*.test.js	2026-08-20T02:24:18.3920295Z ✔ different seeds do not all collapse to one aphorism (450.665895ms)
test (24)	Run node --test test/*.test.js	2026-08-20T02:24:18.3922469Z ✔ --json emits a single-line JSON object with text/author/tags (46.957832ms)
test (24)	Run node --test test/*.test.js	2026-08-20T02:24:18.3923951Z ✔ --list prints every entry in the filtered set (34.430776ms)
test (24)	Run node --test test/*.test.js	2026-08-20T02:24:18.3925309Z ✔ --help prints usage to stdout and exits 0 (37.096829ms)
test (24)	Run node --test test/*.test.js	2026-08-20T02:24:18.3926693Z ✔ no match exits 1 with stderr only and zero bytes on stdout (39.728007ms)
test (24)	Run node --test test/*.test.js	2026-08-20T02:24:18.3928168Z ✔ unknown flag is a usage error, exit 2, stdout clean (38.238037ms)
test (24)	Run node --test test/*.test.js	2026-08-20T02:24:18.3929918Z ✔ non-numeric seed is a usage error, exit 2 (34.405959ms)
test (24)	Run node --test test/*.test.js	2026-08-20T02:24:18.3931453Z ✔ author filter is case-insensitive and narrows the list (69.040892ms)
test (24)	Run node --test test/*.test.js	2026-08-20T02:24:18.3932706Z ✔ output is pipe-safe — no ANSI escapes when not a TTY (30.690996ms)
test (24)	Run node --test test/*.test.js	2026-08-20T02:24:18.3934377Z ✔ --tag matches membership, not substring containment (58.153718ms)
test (24)	Run node --test test/*.test.js	2026-08-20T02:24:18.3935497Z ✔ --list prints exactly one line per matching entry, no drops (27.413229ms)
test (24)	Run node --test test/*.test.js	2026-08-20T02:24:18.3936782Z ✔ --list preserves corpus order (first and last line match) (29.287846ms)
test (24)	Run node --test test/*.test.js	2026-08-20T02:24:18.3937850Z ✔ --json output is exactly one line, never pretty-printed (29.398321ms)
test (24)	Run node --test test/*.test.js	2026-08-20T02:24:18.3940208Z ✔ --list --json emits newline-delimited JSON, one object per line, in corpus order (28.551319ms)
test (24)	Run node --test test/*.test.js	2026-08-20T02:24:18.3942460Z ✔ --json composes with --seed: the seeded JSON pick is reproducible AND is the same entry as the plain-text pick (525.4922ms)
test (24)	Run node --test test/*.test.js	2026-08-20T02:24:18.3949841Z ✔ --json composes with the filter flags: the JSON pick is always a member of the FILTERED set (697.024489ms)
test (24)	Run node --test test/*.test.js	2026-08-20T02:24:18.3951606Z ✔ --list accepts a valid --seed and IGNORES it: output is byte-identical across seeds (297.995283ms)
test (24)	Run node --test test/*.test.js	2026-08-20T02:24:18.3953272Z ✔ --list --seed abc is a usage error, exit 2, stdout empty, stderr carries the diagnostic (30.822142ms)
test (24)	Run node --test test/*.test.js	2026-08-20T02:24:18.3957188Z ✔ --seed abc --list (erroring flag BEFORE --list) is still a usage error, exit 2, stdout empty (28.257816ms)
test (24)	Run node --test test/*.test.js	2026-08-20T02:24:18.3960294Z ✔ --list --seed=  (empty seed value) is a usage error, exit 2, stdout empty (29.153836ms)
test (24)	Run node --test test/*.test.js	2026-08-20T02:24:18.3962273Z ✔ --list --seed "   " (whitespace-only seed value) is a usage error, exit 2, stdout empty (29.495285ms)
test (24)	Run node --test test/*.test.js	2026-08-20T02:24:18.3975105Z ✔ --list --nosuchflag (unknown flag) is a usage error, exit 2, stdout empty — --list does not swallow it (28.991482ms)
test (24)	Run node --test test/*.test.js	2026-08-20T02:24:18.3977102Z ✔ --nosuchflag --list (unknown flag BEFORE --list) is still a usage error, exit 2, stdout empty (28.539254ms)
test (24)	Run node --test test/*.test.js	2026-08-20T02:24:18.4000260Z ✔ plain single-pick output is TWO lines: text, newline, four-space indent, EM DASH, space, author (27.963395ms)
test (24)	Run node --test test/*.test.js	2026-08-20T02:24:18.4002052Z ✔ --seed Infinity and --seed -Infinity (typed as CLI strings) are accepted and deterministic (117.895559ms)
test (24)	Run node --test test/*.test.js	2026-08-20T02:24:18.4003636Z ✔ --list with a filter that matches nothing is STILL exit 1, stderr only, stdout empty (58.549426ms)
test (24)	Run node --test test/*.test.js	2026-08-20T02:24:18.4005296Z ✔ --tag "" (bare empty-string value) matches nothing: whole-tag equality against the literal "" is not a filter no-op (27.940893ms)
test (24)	Run node --test test/*.test.js	2026-08-20T02:24:18.4078236Z ✔ --list | true: exits quietly, zero stderr, no crash banner (50.47791ms)
test (24)	Run node --test test/*.test.js	2026-08-20T02:24:18.4080260Z ✔ | true (no --list, single aphorism): exits quietly, zero stderr (34.059175ms)
test (24)	Run node --test test/*.test.js	2026-08-20T02:24:18.4085547Z ✔ --list | head -0: exits quietly, zero stderr, no crash banner (41.328858ms)
test (24)	Run node --test test/*.test.js	2026-08-20T02:24:18.4086425Z ✔ --list | /nonexistent-cmd-xyz: no crash banner from the CLI itself (42.154428ms)
test (24)	Run node --test test/*.test.js	2026-08-20T02:24:18.4087478Z ✔ non-EPIPE stdout write failure: reported, not silent, not exit 1, no stack trace (44.475301ms)
test (24)	Run node --test test/*.test.js	2026-08-20T02:24:18.4089029Z ✔ usage error survives a closed stderr reader: still exits 2, not clobbered to 1 (117.767854ms)
test (24)	Run node --test test/*.test.js	2026-08-20T02:24:18.4090684Z ✔ no-match exit code survives a closed stderr reader: still exits 1, not misreported (120.33901ms)
test (24)	Run node --test test/*.test.js	2026-08-20T02:24:18.4092309Z ✔ non-EPIPE stderr write failure: not silent, not the earned exit code, no stack trace (40.742119ms)
test (24)	Run node --test test/*.test.js	2026-08-20T02:24:18.4093525Z ✔ control: --list | head -1 stays completely clean (40.825846ms)
test (24)	Run node --test test/*.test.js	2026-08-20T02:24:18.4094852Z ✔ control: --list | head -5 stays completely clean (41.988323ms)
test (24)	Run node --test test/*.test.js	2026-08-20T02:24:18.4095861Z ✔ control: --list | sed 1q stays completely clean (35.199163ms)
test (24)	Run node --test test/*.test.js	2026-08-20T02:24:18.4096889Z ✔ control: --list | grep -q . stays completely clean (32.808946ms)
test (24)	Run node --test test/*.test.js	2026-08-20T02:24:18.4097870Z ✔ control: | wc -l stays completely clean (44.300424ms)
test (24)	Run node --test test/*.test.js	2026-08-20T02:24:18.4098919Z ✔ control: --list --json | head -2 stays completely clean (45.767354ms)
test (24)	Run node --test test/*.test.js	2026-08-20T02:24:18.4099595Z ✔ control: exit 1 / exit 2 stderr messages and codes are unchanged (67.132844ms)
test (24)	Run node --test test/*.test.js	2026-08-20T02:24:18.4100315Z ✔ control: a normal (non-full) stdout target still exits 0 with empty stderr (62.165605ms)
test (24)	Run node --test test/*.test.js	2026-08-20T02:24:18.4100891Z ✔ README tags must exist in corpus (2.771633ms)
test (24)	Run node --test test/*.test.js	2026-08-20T02:24:18.4101328Z ✔ README tag counts must match corpus (0.427601ms)
test (24)	Run node --test test/*.test.js	2026-08-20T02:24:18.4101811Z ✔ README must state total unique tags correctly (0.339146ms)
test (24)	Run node --test test/*.test.js	2026-08-20T02:24:18.4102363Z ✔ README must correctly describe single-entry tag count (0.412332ms)
test (24)	Run node --test test/*.test.js	2026-08-20T02:24:18.4102896Z ✔ README must list all single-entry tags (0.375514ms)
test (24)	Run node --test test/*.test.js	2026-08-20T02:24:18.4104633Z ✔ README Tag vocabulary section carries a tag+entry sentence with a single-entry marker (token co-occurrence guard, not a meaning check) (0.623088ms)
test (24)	Run node --test test/*.test.js	2026-08-20T02:24:18.4106059Z ✔ extractBandTablesFromReadme tolerates a prose sentence between a band heading and its table (T-025), without mis-attaching a table when the real one is missing (1.781368ms)
test (24)	Run node --test test/*.test.js	2026-08-20T02:24:18.4107256Z ✔ extractBandTablesFromReadme does not let a band-shaped PROSE line steal a real heading's table (T-039) (0.203822ms)
test (24)	Run node --test test/*.test.js	2026-08-20T02:24:18.4108215Z ✔ extractBandTablesFromReadme does not read a fenced example block as a second, real band table (0.362579ms)
test (24)	Run node --test test/*.test.js	2026-08-20T02:24:18.4110649Z ✔ extractBandTablesFromReadme's recognised bands account for every structural `| Tag | Count |` table -- a table under an unrecognised heading shape is a loud mismatch, not a silent miss (0.999983ms)
test (24)	Run node --test test/*.test.js	2026-08-20T02:24:18.4112320Z ✔ every `| Tag | Count |` table in the real README Tag vocabulary section is a recognised band table (no table may hide under an unrecognised heading shape) (0.540923ms)
test (24)	Run node --test test/*.test.js	2026-08-20T02:24:18.4113534Z ✔ every band table in README Tag vocabulary contains exactly the corpus tags whose count fits that band (1.299515ms)
test (24)	Run node --test test/*.test.js	2026-08-20T02:24:18.4114804Z ✔ every corpus tag appearing on 2+ entries must have a row in some band table (no band table may be deleted wholesale) (T-019) (0.427902ms)
test (24)	Run node --test test/*.test.js	2026-08-20T02:24:18.4116137Z ✔ extractBandTablesFromReadme derives a band's row count purely from its table, ignoring decoy "N tags" phrases in the heading line (T-024b) (0.238878ms)
test (24)	Run node --test test/*.test.js	2026-08-20T02:24:18.4117249Z ✔ README opening sentence must state correct multi-entry and single-entry tag counts (0.558226ms)
test (24)	Run node --test test/*.test.js	2026-08-20T02:24:18.4118140Z ✔ README Tag vocabulary section must contain no unrecognised count-claim digits (J-5) (0.835285ms)
test (24)	Run node --test test/*.test.js	2026-08-20T02:24:18.4119410Z ✔ README Attribution table "Entries ranked" count must match corpus.length and the triage doc (C1) (1.334554ms)
test (24)	Run node --test test/*.test.js	2026-08-20T02:24:18.4120403Z ✔ README Attribution table "Rated HIGH risk" count must match the triage doc table (C2) (0.522349ms)
test (24)	Run node --test test/*.test.js	2026-08-20T02:24:18.4121362Z ✔ README Attribution section must contain no digit runs outside the counts table (C7) (0.310472ms)
test (24)	Run node --test test/*.test.js	2026-08-20T02:24:18.4122059Z ✔ README Layout section paths must exist on disk (C6) (0.519073ms)
test (24)	Run node --test test/*.test.js	2026-08-20T02:24:18.4123002Z ✔ getListBehaviourSection tolerates a reformatted "--list behaviour" heading with no backticks (T-021) (0.478898ms)
test (24)	Run node --test test/*.test.js	2026-08-20T02:24:18.4125099Z ✔ getListBehaviourSection still fails on a SEPARATOR MISMATCH (not a heading-parse error) when a reformatted heading's literal is mutated (T-021) (0.324658ms)
test (24)	Run node --test test/*.test.js	2026-08-20T02:24:18.4127582Z ✔ getListBehaviourSection reports ambiguity loudly instead of taking the first of two qualifying headings (T-021) (1.334109ms)
test (24)	Run node --test test/*.test.js	2026-08-20T02:24:18.4129563Z ✔ getListBehaviourSection does not let "--list-only" satisfy the standalone `--list` token (T-021) (0.296606ms)
test (24)	Run node --test test/*.test.js	2026-08-20T02:24:18.4131476Z ✔ getListBehaviourSection tolerates the American spelling "behavior" in the heading (T-027) (0.156593ms)
test (24)	Run node --test test/*.test.js	2026-08-20T02:24:18.4133350Z ✔ getListBehaviourSection still fails on a SEPARATOR MISMATCH (not a heading-parse error) under an American-spelled heading (T-027) (0.211346ms)
test (24)	Run node --test test/*.test.js	2026-08-20T02:24:18.4135116Z ✔ README `--list` format literal matches the shipped binary's actual --list output (T-017) (44.235267ms)
test (24)	Run node --test test/*.test.js	2026-08-20T02:24:18.4136816Z ✔ README `--author` matching section must state the correct count of distinct corpus authors (Q-8) (0.418174ms)
test (24)	Run node --test test/*.test.js	2026-08-20T02:24:18.4137958Z ✔ corpus has at least 40 entries (1.599687ms)
test (24)	Run node --test test/*.test.js	2026-08-20T02:24:18.4139331Z ✔ every corpus entry has non-empty text, non-empty author, and an array of tags (1.155355ms)
test (24)	Run node --test test/*.test.js	2026-08-20T02:24:18.4140438Z ✔ filter: author match is case-insensitive (0.825988ms)
test (24)	Run node --test test/*.test.js	2026-08-20T02:24:18.4141284Z ✔ filter: tag match is case-insensitive (0.402283ms)
test (24)	Run node --test test/*.test.js	2026-08-20T02:24:18.4142332Z ✔ filter: author and tag together narrow to the intersection (AND) (0.339275ms)
test (24)	Run node --test test/*.test.js	2026-08-20T02:24:18.4143421Z ✔ filter: undefined/absent options do not filter (0.211597ms)
test (24)	Run node --test test/*.test.js	2026-08-20T02:24:18.4144817Z ✔ pick: same seed over the same candidates always returns the same element (0.532538ms)
test (24)	Run node --test test/*.test.js	2026-08-20T02:24:18.4146053Z ✔ pick: different seeds generally produce different results (0.233968ms)
test (24)	Run node --test test/*.test.js	2026-08-20T02:24:18.4147171Z ✔ pick: undefined seed picks a valid member (random mode) (0.241983ms)
test (24)	Run node --test test/*.test.js	2026-08-20T02:24:18.4148349Z ✔ pick: null seed also triggers random mode and returns a valid member (0.355847ms)
test (24)	Run node --test test/*.test.js	2026-08-20T02:24:18.4149617Z ✔ pick: throws RangeError on empty candidates array (0.561763ms)
test (24)	Run node --test test/*.test.js	2026-08-20T02:24:18.4150788Z ✔ pick: Infinity seed is deterministic and returns a valid member (0.227927ms)
test (24)	Run node --test test/*.test.js	2026-08-20T02:24:18.4152046Z ✔ pick: -Infinity seed is deterministic and returns a valid member (0.281087ms)
test (24)	Run node --test test/*.test.js	2026-08-20T02:24:18.4153249Z ✔ pick: NaN seed still uses the random branch and returns a valid member (0.158447ms)
test (24)	Run node --test test/*.test.js	2026-08-20T02:24:18.4154534Z ✔ pick: finite seed determinism is unchanged by the non-finite-seed fix (0.251842ms)
test (24)	Run node --test test/*.test.js	2026-08-20T02:24:18.4155629Z ✔ pick: every candidate is REACHABLE by an unseeded draw (2.917076ms)
test (24)	Run node --test test/*.test.js	2026-08-20T02:24:18.4156966Z ✔ pick: unseeded draws split the interval EQUALLY across candidates (uniform) (2.345081ms)
test (24)	Run node --test test/*.test.js	2026-08-20T02:24:18.4158606Z ✔ pick: single-element candidates always returns that element regardless of seed (0.20324ms)
test (24)	Run node --test test/*.test.js	2026-08-20T02:24:18.4159310Z ℹ tests 119
test (24)	Run node --test test/*.test.js	2026-08-20T02:24:18.4159538Z ℹ suites 0
test (24)	Run node --test test/*.test.js	2026-08-20T02:24:18.4159759Z ℹ pass 119
test (24)	Run node --test test/*.test.js	2026-08-20T02:24:18.4159973Z ℹ fail 0
test (24)	Run node --test test/*.test.js	2026-08-20T02:24:18.4160187Z ℹ cancelled 0
test (24)	Run node --test test/*.test.js	2026-08-20T02:24:18.4160418Z ℹ skipped 0
test (24)	Run node --test test/*.test.js	2026-08-20T02:24:18.4160641Z ℹ todo 0
test (24)	Run node --test test/*.test.js	2026-08-20T02:24:18.4160891Z ℹ duration_ms 3105.907352
test (24)	Coverage report (informational, not a gate)	﻿2026-08-20T02:24:18.4216008Z ##[group]Run node --test --experimental-test-coverage test/*.test.js \
test (24)	Coverage report (informational, not a gate)	2026-08-20T02:24:18.4216572Z [36;1mnode --test --experimental-test-coverage test/*.test.js \[0m
test (24)	Coverage report (informational, not a gate)	2026-08-20T02:24:18.4217352Z [36;1m  || echo "NOTE: --experimental-test-coverage exited non-zero on Node 24 (see output above). This step is informational only and does not affect job status."[0m
test (24)	Coverage report (informational, not a gate)	2026-08-20T02:24:18.4257118Z shell: /usr/bin/bash -e {0}
test (24)	Coverage report (informational, not a gate)	2026-08-20T02:24:18.4257387Z ##[endgroup]
test (24)	Coverage report (informational, not a gate)	2026-08-20T02:24:18.5371831Z ✔ zero args: no error, no filters set (1.814951ms)
test (24)	Coverage report (informational, not a gate)	2026-08-20T02:24:18.5384814Z ✔ --author <name> sets author string (0.182963ms)
test (24)	Coverage report (informational, not a gate)	2026-08-20T02:24:18.5386411Z ✔ --author=<name> equals form sets author string (0.134522ms)
test (24)	Coverage report (informational, not a gate)	2026-08-20T02:24:18.5387787Z ✔ --tag <tag> sets tag string (0.17611ms)
test (24)	Coverage report (informational, not a gate)	2026-08-20T02:24:18.5389564Z ✔ --tag=<tag> equals form sets tag string (0.762018ms)
test (24)	Coverage report (informational, not a gate)	2026-08-20T02:24:18.5390984Z ✔ combined --author X --tag Y sets both (0.135063ms)
test (24)	Coverage report (informational, not a gate)	2026-08-20T02:24:18.5392215Z ✔ --seed <n> parses as a number (0.247635ms)
test (24)	Coverage report (informational, not a gate)	2026-08-20T02:24:18.5393649Z ✔ --seed=<n> equals form parses as a number (0.133611ms)
test (24)	Coverage report (informational, not a gate)	2026-08-20T02:24:18.5395092Z ✔ --seed <n> accepts a negative number (0.217197ms)
test (24)	Coverage report (informational, not a gate)	2026-08-20T02:24:18.5401515Z ✔ --seed=<n> equals form accepts a negative number (0.189305ms)
test (24)	Coverage report (informational, not a gate)	2026-08-20T02:24:18.5411365Z ✔ non-numeric --seed is a usage error (0.369032ms)
test (24)	Coverage report (informational, not a gate)	2026-08-20T02:24:18.5417915Z ✔ non-numeric --seed= equals form is a usage error (0.315001ms)
test (24)	Coverage report (informational, not a gate)	2026-08-20T02:24:18.5419716Z ✔ --list sets list: true (0.118432ms)
test (24)	Coverage report (informational, not a gate)	2026-08-20T02:24:18.5429484Z ✔ --json sets json: true (0.161182ms)
test (24)	Coverage report (informational, not a gate)	2026-08-20T02:24:18.5436237Z ✔ --help sets help: true (0.207558ms)
test (24)	Coverage report (informational, not a gate)	2026-08-20T02:24:18.5449660Z ✔ -h sets help: true (0.15983ms)
test (24)	Coverage report (informational, not a gate)	2026-08-20T02:24:18.5459721Z ✔ unknown flag is a usage error (0.248075ms)
test (24)	Coverage report (informational, not a gate)	2026-08-20T02:24:18.5499752Z ✔ unknown short flag is a usage error (0.983302ms)
test (24)	Coverage report (informational, not a gate)	2026-08-20T02:24:18.5505819Z ✔ --author missing value at end of argv is a usage error (0.152846ms)
test (24)	Coverage report (informational, not a gate)	2026-08-20T02:24:18.5510609Z ✔ --tag missing value because next token is another flag is a usage error (0.143169ms)
test (24)	Coverage report (informational, not a gate)	2026-08-20T02:24:18.5537100Z ✔ --seed missing value at end of argv is a usage error (0.261179ms)
test (24)	Coverage report (informational, not a gate)	2026-08-20T02:24:18.5549865Z ✔ --author= with empty value is a usage error (0.101049ms)
test (24)	Coverage report (informational, not a gate)	2026-08-20T02:24:18.5551296Z ✔ a bare positional argument (not a flag) is a usage error (0.083095ms)
test (24)	Coverage report (informational, not a gate)	2026-08-20T02:24:18.5552650Z ✔ parseArgs never throws on malformed input (0.230833ms)
test (24)	Coverage report (informational, not a gate)	2026-08-20T02:24:18.5553881Z ✔ absent options are undefined/false, never null (0.130985ms)
test (24)	Coverage report (informational, not a gate)	2026-08-20T02:24:18.5555186Z ✔ HELP is a non-empty string mentioning every flag name (0.190417ms)
test (24)	Coverage report (informational, not a gate)	2026-08-20T02:24:18.5556501Z ✔ HELP fits comfortably on one 24-line terminal screen (0.143439ms)
test (24)	Coverage report (informational, not a gate)	2026-08-20T02:24:18.5558056Z ✔ --seed Infinity / --seed -Infinity parse to numbers, not a usage error (0.264848ms)
test (24)	Coverage report (informational, not a gate)	2026-08-20T02:24:22.0562364Z ✔ bare invocation prints one attributed aphorism and exits 0 (41.719991ms)
test (24)	Coverage report (informational, not a gate)	2026-08-20T02:24:22.0564112Z ✔ --seed is deterministic across separate processes (117.867535ms)
test (24)	Coverage report (informational, not a gate)	2026-08-20T02:24:22.0571720Z ✔ different seeds do not all collapse to one aphorism (511.457453ms)
test (24)	Coverage report (informational, not a gate)	2026-08-20T02:24:22.0573272Z ✔ --json emits a single-line JSON object with text/author/tags (36.567003ms)
test (24)	Coverage report (informational, not a gate)	2026-08-20T02:24:22.0574955Z ✔ --list prints every entry in the filtered set (44.181904ms)
test (24)	Coverage report (informational, not a gate)	2026-08-20T02:24:22.0586967Z ✔ --help prints usage to stdout and exits 0 (43.734037ms)
test (24)	Coverage report (informational, not a gate)	2026-08-20T02:24:22.0589693Z ✔ no match exits 1 with stderr only and zero bytes on stdout (37.429014ms)
test (24)	Coverage report (informational, not a gate)	2026-08-20T02:24:22.0592729Z ✔ unknown flag is a usage error, exit 2, stdout clean (36.395359ms)
test (24)	Coverage report (informational, not a gate)	2026-08-20T02:24:22.0595383Z ✔ non-numeric seed is a usage error, exit 2 (36.957179ms)
test (24)	Coverage report (informational, not a gate)	2026-08-20T02:24:22.0598117Z ✔ author filter is case-insensitive and narrows the list (72.326382ms)
test (24)	Coverage report (informational, not a gate)	2026-08-20T02:24:22.0607175Z ✔ output is pipe-safe — no ANSI escapes when not a TTY (35.652776ms)
test (24)	Coverage report (informational, not a gate)	2026-08-20T02:24:22.0608759Z ✔ --tag matches membership, not substring containment (72.113799ms)
test (24)	Coverage report (informational, not a gate)	2026-08-20T02:24:22.0613610Z ✔ --list prints exactly one line per matching entry, no drops (34.941412ms)
test (24)	Coverage report (informational, not a gate)	2026-08-20T02:24:22.0615583Z ✔ --list preserves corpus order (first and last line match) (34.563293ms)
test (24)	Coverage report (informational, not a gate)	2026-08-20T02:24:22.0617178Z ✔ --json output is exactly one line, never pretty-printed (34.309371ms)
test (24)	Coverage report (informational, not a gate)	2026-08-20T02:24:22.0620752Z ✔ --list --json emits newline-delimited JSON, one object per line, in corpus order (35.746981ms)
test (24)	Coverage report (informational, not a gate)	2026-08-20T02:24:22.0628789Z ✔ --json composes with --seed: the seeded JSON pick is reproducible AND is the same entry as the plain-text pick (622.203852ms)
test (24)	Coverage report (informational, not a gate)	2026-08-20T02:24:22.0632538Z ✔ --json composes with the filter flags: the JSON pick is always a member of the FILTERED set (835.025849ms)
test (24)	Coverage report (informational, not a gate)	2026-08-20T02:24:22.0639463Z ✔ --list accepts a valid --seed and IGNORES it: output is byte-identical across seeds (343.300971ms)
test (24)	Coverage report (informational, not a gate)	2026-08-20T02:24:22.0643010Z ✔ --list --seed abc is a usage error, exit 2, stdout empty, stderr carries the diagnostic (34.264346ms)
test (24)	Coverage report (informational, not a gate)	2026-08-20T02:24:22.0647960Z ✔ --seed abc --list (erroring flag BEFORE --list) is still a usage error, exit 2, stdout empty (33.113264ms)
test (24)	Coverage report (informational, not a gate)	2026-08-20T02:24:22.0684353Z ✔ --list --seed=  (empty seed value) is a usage error, exit 2, stdout empty (33.239583ms)
test (24)	Coverage report (informational, not a gate)	2026-08-20T02:24:22.0690101Z ✔ --list --seed "   " (whitespace-only seed value) is a usage error, exit 2, stdout empty (34.99771ms)
test (24)	Coverage report (informational, not a gate)	2026-08-20T02:24:22.0693839Z ✔ --list --nosuchflag (unknown flag) is a usage error, exit 2, stdout empty — --list does not swallow it (35.264027ms)
test (24)	Coverage report (informational, not a gate)	2026-08-20T02:24:22.0697329Z ✔ --nosuchflag --list (unknown flag BEFORE --list) is still a usage error, exit 2, stdout empty (33.304875ms)
test (24)	Coverage report (informational, not a gate)	2026-08-20T02:24:22.0701370Z ✔ plain single-pick output is TWO lines: text, newline, four-space indent, EM DASH, space, author (34.254777ms)
test (24)	Coverage report (informational, not a gate)	2026-08-20T02:24:22.0719174Z ✔ --seed Infinity and --seed -Infinity (typed as CLI strings) are accepted and deterministic (138.841135ms)
test (24)	Coverage report (informational, not a gate)	2026-08-20T02:24:22.0720752Z ✔ --list with a filter that matches nothing is STILL exit 1, stderr only, stdout empty (69.934792ms)
test (24)	Coverage report (informational, not a gate)	2026-08-20T02:24:22.0728574Z ✔ --tag "" (bare empty-string value) matches nothing: whole-tag equality against the literal "" is not a filter no-op (35.141029ms)
test (24)	Coverage report (informational, not a gate)	2026-08-20T02:24:22.0894564Z ✔ --list | true: exits quietly, zero stderr, no crash banner (62.790881ms)
test (24)	Coverage report (informational, not a gate)	2026-08-20T02:24:22.0895871Z ✔ | true (no --list, single aphorism): exits quietly, zero stderr (60.534624ms)
test (24)	Coverage report (informational, not a gate)	2026-08-20T02:24:22.0897198Z ✔ --list | head -0: exits quietly, zero stderr, no crash banner (65.496987ms)
test (24)	Coverage report (informational, not a gate)	2026-08-20T02:24:22.0910247Z ✔ --list | /nonexistent-cmd-xyz: no crash banner from the CLI itself (65.310973ms)
test (24)	Coverage report (informational, not a gate)	2026-08-20T02:24:22.0912035Z ✔ non-EPIPE stdout write failure: reported, not silent, not exit 1, no stack trace (63.646993ms)
test (24)	Coverage report (informational, not a gate)	2026-08-20T02:24:22.0914141Z ✔ usage error survives a closed stderr reader: still exits 2, not clobbered to 1 (141.50928ms)
test (24)	Coverage report (informational, not a gate)	2026-08-20T02:24:22.0915891Z ✔ no-match exit code survives a closed stderr reader: still exits 1, not misreported (119.990579ms)
test (24)	Coverage report (informational, not a gate)	2026-08-20T02:24:22.0917048Z ✔ non-EPIPE stderr write failure: not silent, not the earned exit code, no stack trace (37.612066ms)
test (24)	Coverage report (informational, not a gate)	2026-08-20T02:24:22.0917766Z ✔ control: --list | head -1 stays completely clean (46.021198ms)
test (24)	Coverage report (informational, not a gate)	2026-08-20T02:24:22.0918317Z ✔ control: --list | head -5 stays completely clean (48.87981ms)
test (24)	Coverage report (informational, not a gate)	2026-08-20T02:24:22.0919611Z ✔ control: --list | sed 1q stays completely clean (43.195967ms)
test (24)	Coverage report (informational, not a gate)	2026-08-20T02:24:22.0920170Z ✔ control: --list | grep -q . stays completely clean (44.213787ms)
test (24)	Coverage report (informational, not a gate)	2026-08-20T02:24:22.0920680Z ✔ control: | wc -l stays completely clean (36.880135ms)
test (24)	Coverage report (informational, not a gate)	2026-08-20T02:24:22.0921217Z ✔ control: --list --json | head -2 stays completely clean (37.334877ms)
test (24)	Coverage report (informational, not a gate)	2026-08-20T02:24:22.0921856Z ✔ control: exit 1 / exit 2 stderr messages and codes are unchanged (72.162446ms)
test (24)	Coverage report (informational, not a gate)	2026-08-20T02:24:22.0922562Z ✔ control: a normal (non-full) stdout target still exits 0 with empty stderr (70.020802ms)
test (24)	Coverage report (informational, not a gate)	2026-08-20T02:24:22.0923119Z ✔ README tags must exist in corpus (3.601555ms)
test (24)	Coverage report (informational, not a gate)	2026-08-20T02:24:22.0923560Z ✔ README tag counts must match corpus (0.594434ms)
test (24)	Coverage report (informational, not a gate)	2026-08-20T02:24:22.0924035Z ✔ README must state total unique tags correctly (0.397745ms)
test (24)	Coverage report (informational, not a gate)	2026-08-20T02:24:22.0924842Z ✔ README must correctly describe single-entry tag count (0.406471ms)
test (24)	Coverage report (informational, not a gate)	2026-08-20T02:24:22.0925349Z ✔ README must list all single-entry tags (0.446065ms)
test (24)	Coverage report (informational, not a gate)	2026-08-20T02:24:22.0926309Z ✔ README Tag vocabulary section carries a tag+entry sentence with a single-entry marker (token co-occurrence guard, not a meaning check) (0.910285ms)
test (24)	Coverage report (informational, not a gate)	2026-08-20T02:24:22.0927683Z ✔ extractBandTablesFromReadme tolerates a prose sentence between a band heading and its table (T-025), without mis-attaching a table when the real one is missing (2.21465ms)
test (24)	Coverage report (informational, not a gate)	2026-08-20T02:24:22.0929894Z ✔ extractBandTablesFromReadme does not let a band-shaped PROSE line steal a real heading's table (T-039) (0.273893ms)
test (24)	Coverage report (informational, not a gate)	2026-08-20T02:24:22.0931603Z ✔ extractBandTablesFromReadme does not read a fenced example block as a second, real band table (0.339085ms)
test (24)	Coverage report (informational, not a gate)	2026-08-20T02:24:22.0932982Z ✔ extractBandTablesFromReadme's recognised bands account for every structural `| Tag | Count |` table -- a table under an unrecognised heading shape is a loud mismatch, not a silent miss (2.270204ms)
test (24)	Coverage report (informational, not a gate)	2026-08-20T02:24:22.0934467Z ✔ every `| Tag | Count |` table in the real README Tag vocabulary section is a recognised band table (no table may hide under an unrecognised heading shape) (0.594483ms)
test (24)	Coverage report (informational, not a gate)	2026-08-20T02:24:22.0935754Z ✔ every band table in README Tag vocabulary contains exactly the corpus tags whose count fits that band (0.599573ms)
test (24)	Coverage report (informational, not a gate)	2026-08-20T02:24:22.0936808Z ✔ every corpus tag appearing on 2+ entries must have a row in some band table (no band table may be deleted wholesale) (T-019) (1.338478ms)
test (24)	Coverage report (informational, not a gate)	2026-08-20T02:24:22.0937997Z ✔ extractBandTablesFromReadme derives a band's row count purely from its table, ignoring decoy "N tags" phrases in the heading line (T-024b) (1.940666ms)
test (24)	Coverage report (informational, not a gate)	2026-08-20T02:24:22.0940361Z ✔ README opening sentence must state correct multi-entry and single-entry tag counts (0.558166ms)
test (24)	Coverage report (informational, not a gate)	2026-08-20T02:24:22.0941274Z ✔ README Tag vocabulary section must contain no unrecognised count-claim digits (J-5) (1.359407ms)
test (24)	Coverage report (informational, not a gate)	2026-08-20T02:24:22.0942193Z ✔ README Attribution table "Entries ranked" count must match corpus.length and the triage doc (C1) (1.80374ms)
test (24)	Coverage report (informational, not a gate)	2026-08-20T02:24:22.0943061Z ✔ README Attribution table "Rated HIGH risk" count must match the triage doc table (C2) (0.677891ms)
test (24)	Coverage report (informational, not a gate)	2026-08-20T02:24:22.0943877Z ✔ README Attribution section must contain no digit runs outside the counts table (C7) (0.428343ms)
test (24)	Coverage report (informational, not a gate)	2026-08-20T02:24:22.0944530Z ✔ README Layout section paths must exist on disk (C6) (0.576881ms)
test (24)	Coverage report (informational, not a gate)	2026-08-20T02:24:22.0945327Z ✔ getListBehaviourSection tolerates a reformatted "--list behaviour" heading with no backticks (T-021) (0.521007ms)
test (24)	Coverage report (informational, not a gate)	2026-08-20T02:24:22.0946525Z ✔ getListBehaviourSection still fails on a SEPARATOR MISMATCH (not a heading-parse error) when a reformatted heading's literal is mutated (T-021) (0.385712ms)
test (24)	Coverage report (informational, not a gate)	2026-08-20T02:24:22.0947680Z ✔ getListBehaviourSection reports ambiguity loudly instead of taking the first of two qualifying headings (T-021) (1.543632ms)
test (24)	Coverage report (informational, not a gate)	2026-08-20T02:24:22.0949021Z ✔ getListBehaviourSection does not let "--list-only" satisfy the standalone `--list` token (T-021) (0.324638ms)
test (24)	Coverage report (informational, not a gate)	2026-08-20T02:24:22.0949995Z ✔ getListBehaviourSection tolerates the American spelling "behavior" in the heading (T-027) (0.156473ms)
test (24)	Coverage report (informational, not a gate)	2026-08-20T02:24:22.0951274Z ✔ getListBehaviourSection still fails on a SEPARATOR MISMATCH (not a heading-parse error) under an American-spelled heading (T-027) (0.189205ms)
test (24)	Coverage report (informational, not a gate)	2026-08-20T02:24:22.0952571Z ✔ README `--list` format literal matches the shipped binary's actual --list output (T-017) (56.861864ms)
test (24)	Coverage report (informational, not a gate)	2026-08-20T02:24:22.0953797Z ✔ README `--author` matching section must state the correct count of distinct corpus authors (Q-8) (0.562494ms)
test (24)	Coverage report (informational, not a gate)	2026-08-20T02:24:22.0954922Z ✔ corpus has at least 40 entries (2.995022ms)
test (24)	Coverage report (informational, not a gate)	2026-08-20T02:24:22.0955615Z ✔ every corpus entry has non-empty text, non-empty author, and an array of tags (0.475842ms)
test (24)	Coverage report (informational, not a gate)	2026-08-20T02:24:22.0956243Z ✔ filter: author match is case-insensitive (1.463051ms)
test (24)	Coverage report (informational, not a gate)	2026-08-20T02:24:22.0956952Z ✔ filter: tag match is case-insensitive (0.824044ms)
test (24)	Coverage report (informational, not a gate)	2026-08-20T02:24:22.0957523Z ✔ filter: author and tag together narrow to the intersection (AND) (0.640961ms)
test (24)	Coverage report (informational, not a gate)	2026-08-20T02:24:22.0958107Z ✔ filter: undefined/absent options do not filter (0.208732ms)
test (24)	Coverage report (informational, not a gate)	2026-08-20T02:24:22.0959068Z ✔ pick: same seed over the same candidates always returns the same element (0.722113ms)
test (24)	Coverage report (informational, not a gate)	2026-08-20T02:24:22.0959735Z ✔ pick: different seeds generally produce different results (0.322585ms)
test (24)	Coverage report (informational, not a gate)	2026-08-20T02:24:22.0960333Z ✔ pick: undefined seed picks a valid member (random mode) (0.399569ms)
test (24)	Coverage report (informational, not a gate)	2026-08-20T02:24:22.0961028Z ✔ pick: null seed also triggers random mode and returns a valid member (0.241171ms)
test (24)	Coverage report (informational, not a gate)	2026-08-20T02:24:22.0962187Z ✔ pick: throws RangeError on empty candidates array (0.68792ms)
test (24)	Coverage report (informational, not a gate)	2026-08-20T02:24:22.0962866Z ✔ pick: Infinity seed is deterministic and returns a valid member (0.221595ms)
test (24)	Coverage report (informational, not a gate)	2026-08-20T02:24:22.0963541Z ✔ pick: -Infinity seed is deterministic and returns a valid member (1.794252ms)
test (24)	Coverage report (informational, not a gate)	2026-08-20T02:24:22.0964234Z ✔ pick: NaN seed still uses the random branch and returns a valid member (0.143469ms)
test (24)	Coverage report (informational, not a gate)	2026-08-20T02:24:22.0964929Z ✔ pick: finite seed determinism is unchanged by the non-finite-seed fix (0.382467ms)
test (24)	Coverage report (informational, not a gate)	2026-08-20T02:24:22.0965793Z ✔ pick: every candidate is REACHABLE by an unseeded draw (3.28252ms)
test (24)	Coverage report (informational, not a gate)	2026-08-20T02:24:22.0966632Z ✔ pick: unseeded draws split the interval EQUALLY across candidates (uniform) (2.386632ms)
test (24)	Coverage report (informational, not a gate)	2026-08-20T02:24:22.0967412Z ✔ pick: single-element candidates always returns that element regardless of seed (0.150923ms)
test (24)	Coverage report (informational, not a gate)	2026-08-20T02:24:22.2017148Z ℹ tests 119
test (24)	Coverage report (informational, not a gate)	2026-08-20T02:24:22.2017627Z ℹ suites 0
test (24)	Coverage report (informational, not a gate)	2026-08-20T02:24:22.2017906Z ℹ pass 119
test (24)	Coverage report (informational, not a gate)	2026-08-20T02:24:22.2018160Z ℹ fail 0
test (24)	Coverage report (informational, not a gate)	2026-08-20T02:24:22.2018802Z ℹ cancelled 0
test (24)	Coverage report (informational, not a gate)	2026-08-20T02:24:22.2019144Z ℹ skipped 0
test (24)	Coverage report (informational, not a gate)	2026-08-20T02:24:22.2019407Z ℹ todo 0
test (24)	Coverage report (informational, not a gate)	2026-08-20T02:24:22.2019721Z ℹ duration_ms 3630.081477
test (24)	Coverage report (informational, not a gate)	2026-08-20T02:24:22.2030439Z ℹ start of coverage report
test (24)	Coverage report (informational, not a gate)	2026-08-20T02:24:22.2030927Z ℹ -------------------------------------------------------------
test (24)	Coverage report (informational, not a gate)	2026-08-20T02:24:22.2031498Z ℹ file         | line % | branch % | funcs % | uncovered lines
test (24)	Coverage report (informational, not a gate)	2026-08-20T02:24:22.2032022Z ℹ -------------------------------------------------------------
test (24)	Coverage report (informational, not a gate)	2026-08-20T02:24:22.2032491Z ℹ bin          |        |          |         | 
test (24)	Coverage report (informational, not a gate)	2026-08-20T02:24:22.2032911Z ℹ  aphorism.js | 100.00 |    85.71 |  100.00 | 
test (24)	Coverage report (informational, not a gate)	2026-08-20T02:24:22.2033319Z ℹ src          |        |          |         | 
test (24)	Coverage report (informational, not a gate)	2026-08-20T02:24:22.2033717Z ℹ  args.js     | 100.00 |   100.00 |  100.00 | 
test (24)	Coverage report (informational, not a gate)	2026-08-20T02:24:22.2034125Z ℹ  corpus.js   | 100.00 |   100.00 |  100.00 | 
test (24)	Coverage report (informational, not a gate)	2026-08-20T02:24:22.2034861Z ℹ  select.js   | 100.00 |   100.00 |  100.00 | 
test (24)	Coverage report (informational, not a gate)	2026-08-20T02:24:22.2035636Z ℹ -------------------------------------------------------------
test (24)	Coverage report (informational, not a gate)	2026-08-20T02:24:22.2036102Z ℹ all files    | 100.00 |    98.44 |  100.00 | 
test (24)	Coverage report (informational, not a gate)	2026-08-20T02:24:22.2036565Z ℹ -------------------------------------------------------------
test (24)	Coverage report (informational, not a gate)	2026-08-20T02:24:22.2036950Z ℹ end of coverage report
test (24)	Post Run actions/setup-node@v4	﻿2026-08-20T02:24:22.2204856Z Node 20 is being deprecated. This workflow is running with Node 24 by default. If you need to temporarily use Node 20, you can set the ACTIONS_ALLOW_USE_UNSECURE_NODE_VERSION=true environment variable. For more information see: https://github.blog/changelog/2025-09-19-deprecation-of-node-20-on-github-actions-runners/
test (24)	Post Run actions/setup-node@v4	2026-08-20T02:24:22.2206124Z Post job cleanup.
test (24)	Post Run actions/setup-node@v4	2026-08-20T02:24:22.3434210Z (node:4046) [DEP0040] DeprecationWarning: The `punycode` module is deprecated. Please use a userland alternative instead.
test (24)	Post Run actions/setup-node@v4	2026-08-20T02:24:22.3435174Z (Use `node --trace-deprecation ...` to show where the warning was created)
test (24)	Post Run actions/checkout@v4	﻿2026-08-20T02:24:22.3594603Z Node 20 is being deprecated. This workflow is running with Node 24 by default. If you need to temporarily use Node 20, you can set the ACTIONS_ALLOW_USE_UNSECURE_NODE_VERSION=true environment variable. For more information see: https://github.blog/changelog/2025-09-19-deprecation-of-node-20-on-github-actions-runners/
test (24)	Post Run actions/checkout@v4	2026-08-20T02:24:22.3595853Z Post job cleanup.
test (24)	Post Run actions/checkout@v4	2026-08-20T02:24:22.4491068Z [command]/usr/bin/git version
test (24)	Post Run actions/checkout@v4	2026-08-20T02:24:22.4537597Z git version 2.55.0
test (24)	Post Run actions/checkout@v4	2026-08-20T02:24:22.4584396Z Temporarily overriding HOME='/home/runner/work/_temp/0cf8fa0c-65ce-4225-b2b3-8d53a7b00668' before making global git config changes
test (24)	Post Run actions/checkout@v4	2026-08-20T02:24:22.4585365Z Adding repository directory to the temporary git global config as a safe directory
test (24)	Post Run actions/checkout@v4	2026-08-20T02:24:22.4590918Z [command]/usr/bin/git config --global --add safe.directory /home/runner/work/aphorism-cli/aphorism-cli
test (24)	Post Run actions/checkout@v4	2026-08-20T02:24:22.4632957Z [command]/usr/bin/git config --local --name-only --get-regexp core\.sshCommand
test (24)	Post Run actions/checkout@v4	2026-08-20T02:24:22.4667790Z [command]/usr/bin/git submodule foreach --recursive sh -c "git config --local --name-only --get-regexp 'core\.sshCommand' && git config --local --unset-all 'core.sshCommand' || :"
test (24)	Post Run actions/checkout@v4	2026-08-20T02:24:22.4923513Z [command]/usr/bin/git config --local --name-only --get-regexp http\.https\:\/\/github\.com\/\.extraheader
test (24)	Post Run actions/checkout@v4	2026-08-20T02:24:22.4957854Z http.https://github.com/.extraheader
test (24)	Post Run actions/checkout@v4	2026-08-20T02:24:22.4967878Z [command]/usr/bin/git config --local --unset-all http.https://github.com/.extraheader
test (24)	Post Run actions/checkout@v4	2026-08-20T02:24:22.5004538Z [command]/usr/bin/git submodule foreach --recursive sh -c "git config --local --name-only --get-regexp 'http\.https\:\/\/github\.com\/\.extraheader' && git config --local --unset-all 'http.https://github.com/.extraheader' || :"
test (24)	Post Run actions/checkout@v4	2026-08-20T02:24:22.5292274Z [command]/usr/bin/git config --local --name-only --get-regexp ^includeIf\.gitdir:
test (24)	Post Run actions/checkout@v4	2026-08-20T02:24:22.5334543Z [command]/usr/bin/git submodule foreach --recursive git config --local --show-origin --name-only --get-regexp remote.origin.url
test (24)	Complete job	﻿2026-08-20T02:24:22.5743908Z Cleaning up orphan processes
test (24)	Complete job	2026-08-20T02:24:22.6088976Z ##[warning]Node.js 20 is deprecated. The following actions target Node.js 20 but are being forced to run on Node.js 24: actions/checkout@v4, actions/setup-node@v4. For more information see: https://github.blog/changelog/2025-09-19-deprecation-of-node-20-on-github-actions-runners/
test (22)	Set up job	﻿2026-08-20T02:24:12.6173278Z Current runner version: '2.336.0'
test (22)	Set up job	2026-08-20T02:24:12.6201490Z ##[group]Runner Image Provisioner
test (22)	Set up job	2026-08-20T02:24:12.6202400Z Hosted Compute Agent
test (22)	Set up job	2026-08-20T02:24:12.6203105Z Version: 20260729.566
test (22)	Set up job	2026-08-20T02:24:12.6203806Z Commit: cf7153fe6e25b664e8693c24944bf2b00355d109
test (22)	Set up job	2026-08-20T02:24:12.6204526Z Build Date: 2026-07-29T19:17:02Z
test (22)	Set up job	2026-08-20T02:24:12.6205285Z Worker ID: {7f7f63dd-c6cc-4696-ab8b-cc1510f09810}
test (22)	Set up job	2026-08-20T02:24:12.6206028Z Azure Region: westcentralus
test (22)	Set up job	2026-08-20T02:24:12.6206717Z ##[endgroup]
test (22)	Set up job	2026-08-20T02:24:12.6209167Z ##[group]Operating System
test (22)	Set up job	2026-08-20T02:24:12.6209879Z Ubuntu
test (22)	Set up job	2026-08-20T02:24:12.6210490Z 24.04.4
test (22)	Set up job	2026-08-20T02:24:12.6211007Z LTS
test (22)	Set up job	2026-08-20T02:24:12.6211537Z ##[endgroup]
test (22)	Set up job	2026-08-20T02:24:12.6212194Z ##[group]Runner Image
test (22)	Set up job	2026-08-20T02:24:12.6212796Z Image: ubuntu-24.04
test (22)	Set up job	2026-08-20T02:24:12.6213405Z Version: 20260810.271.1
test (22)	Set up job	2026-08-20T02:24:12.6214468Z Included Software: https://github.com/actions/runner-images/blob/ubuntu24/20260810.271/images/ubuntu/Ubuntu2404-Readme.md
test (22)	Set up job	2026-08-20T02:24:12.6216309Z Image Release: https://github.com/actions/runner-images/releases/tag/ubuntu24%2F20260810.271
test (22)	Set up job	2026-08-20T02:24:12.6217339Z ##[endgroup]
test (22)	Set up job	2026-08-20T02:24:12.6219190Z ##[group]GITHUB_TOKEN Permissions
test (22)	Set up job	2026-08-20T02:24:12.6221455Z Contents: read
test (22)	Set up job	2026-08-20T02:24:12.6222186Z Metadata: read
test (22)	Set up job	2026-08-20T02:24:12.6222839Z Packages: read
test (22)	Set up job	2026-08-20T02:24:12.6223433Z ##[endgroup]
test (22)	Set up job	2026-08-20T02:24:12.6225651Z Secret source: Actions
test (22)	Set up job	2026-08-20T02:24:12.6226970Z Prepare workflow directory
test (22)	Set up job	2026-08-20T02:24:12.6574703Z Prepare all required actions
test (22)	Set up job	2026-08-20T02:24:12.6624237Z Getting action download info
test (22)	Set up job	2026-08-20T02:24:12.9813801Z Download action repository 'actions/checkout@v4' (SHA:11d5960a326750d5838078e36cf38b85af677262)
test (22)	Set up job	2026-08-20T02:24:13.1020666Z Download action repository 'actions/setup-node@v4' (SHA:49933ea5288caeca8642d1e84afbd3f7d6820020)
test (22)	Set up job	2026-08-20T02:24:13.2942921Z Complete job name: test (22)
test (22)	Run actions/checkout@v4	﻿2026-08-20T02:24:13.3714457Z Node 20 is being deprecated. This workflow is running with Node 24 by default. If you need to temporarily use Node 20, you can set the ACTIONS_ALLOW_USE_UNSECURE_NODE_VERSION=true environment variable. For more information see: https://github.blog/changelog/2025-09-19-deprecation-of-node-20-on-github-actions-runners/
test (22)	Run actions/checkout@v4	2026-08-20T02:24:13.3723599Z ##[group]Run actions/checkout@v4
test (22)	Run actions/checkout@v4	2026-08-20T02:24:13.3724380Z with:
test (22)	Run actions/checkout@v4	2026-08-20T02:24:13.3724859Z   repository: trmnmc/aphorism-cli
test (22)	Run actions/checkout@v4	2026-08-20T02:24:13.3728730Z   token: ***
test (22)	Run actions/checkout@v4	2026-08-20T02:24:13.3729188Z   ssh-strict: true
test (22)	Run actions/checkout@v4	2026-08-20T02:24:13.3729641Z   ssh-user: git
test (22)	Run actions/checkout@v4	2026-08-20T02:24:13.3730101Z   persist-credentials: true
test (22)	Run actions/checkout@v4	2026-08-20T02:24:13.3730601Z   clean: true
test (22)	Run actions/checkout@v4	2026-08-20T02:24:13.3731058Z   sparse-checkout-cone-mode: true
test (22)	Run actions/checkout@v4	2026-08-20T02:24:13.3731592Z   fetch-depth: 1
test (22)	Run actions/checkout@v4	2026-08-20T02:24:13.3732032Z   fetch-tags: false
test (22)	Run actions/checkout@v4	2026-08-20T02:24:13.3732486Z   show-progress: true
test (22)	Run actions/checkout@v4	2026-08-20T02:24:13.3732937Z   lfs: false
test (22)	Run actions/checkout@v4	2026-08-20T02:24:13.3733353Z   submodules: false
test (22)	Run actions/checkout@v4	2026-08-20T02:24:13.3733863Z   set-safe-directory: true
test (22)	Run actions/checkout@v4	2026-08-20T02:24:13.3734397Z   allow-unsafe-pr-checkout: false
test (22)	Run actions/checkout@v4	2026-08-20T02:24:13.3735188Z ##[endgroup]
test (22)	Run actions/checkout@v4	2026-08-20T02:24:13.4749273Z Syncing repository: trmnmc/aphorism-cli
test (22)	Run actions/checkout@v4	2026-08-20T02:24:13.4751414Z ##[group]Getting Git version info
test (22)	Run actions/checkout@v4	2026-08-20T02:24:13.4752240Z Working directory is '/home/runner/work/aphorism-cli/aphorism-cli'
test (22)	Run actions/checkout@v4	2026-08-20T02:24:13.4781073Z [command]/usr/bin/git version
test (22)	Run actions/checkout@v4	2026-08-20T02:24:13.4907958Z git version 2.54.0
test (22)	Run actions/checkout@v4	2026-08-20T02:24:13.4966802Z ##[endgroup]
test (22)	Run actions/checkout@v4	2026-08-20T02:24:13.4985472Z Temporarily overriding HOME='/home/runner/work/_temp/2c2dd40a-b0b0-457a-bcdd-af4dec6bb79e' before making global git config changes
test (22)	Run actions/checkout@v4	2026-08-20T02:24:13.4988161Z Adding repository directory to the temporary git global config as a safe directory
test (22)	Run actions/checkout@v4	2026-08-20T02:24:13.4991806Z [command]/usr/bin/git config --global --add safe.directory /home/runner/work/aphorism-cli/aphorism-cli
test (22)	Run actions/checkout@v4	2026-08-20T02:24:13.5052985Z Deleting the contents of '/home/runner/work/aphorism-cli/aphorism-cli'
test (22)	Run actions/checkout@v4	2026-08-20T02:24:13.5059037Z ##[group]Initializing the repository
test (22)	Run actions/checkout@v4	2026-08-20T02:24:13.5065226Z [command]/usr/bin/git init /home/runner/work/aphorism-cli/aphorism-cli
test (22)	Run actions/checkout@v4	2026-08-20T02:24:13.5189804Z hint: Using 'master' as the name for the initial branch. This default branch name
test (22)	Run actions/checkout@v4	2026-08-20T02:24:13.5191788Z hint: will change to "main" in Git 3.0. To configure the initial branch name
test (22)	Run actions/checkout@v4	2026-08-20T02:24:13.5193439Z hint: to use in all of your new repositories, which will suppress this warning,
test (22)	Run actions/checkout@v4	2026-08-20T02:24:13.5194736Z hint: call:
test (22)	Run actions/checkout@v4	2026-08-20T02:24:13.5196084Z hint:
test (22)	Run actions/checkout@v4	2026-08-20T02:24:13.5196886Z hint: 	git config --global init.defaultBranch <name>
test (22)	Run actions/checkout@v4	2026-08-20T02:24:13.5197878Z hint:
test (22)	Run actions/checkout@v4	2026-08-20T02:24:13.5199020Z hint: Names commonly chosen instead of 'master' are 'main', 'trunk' and
test (22)	Run actions/checkout@v4	2026-08-20T02:24:13.5200707Z hint: 'development'. The just-created branch can be renamed via this command:
test (22)	Run actions/checkout@v4	2026-08-20T02:24:13.5202022Z hint:
test (22)	Run actions/checkout@v4	2026-08-20T02:24:13.5202788Z hint: 	git branch -m <name>
test (22)	Run actions/checkout@v4	2026-08-20T02:24:13.5204105Z hint:
test (22)	Run actions/checkout@v4	2026-08-20T02:24:13.5205477Z hint: Disable this message with "git config set advice.defaultBranchName false"
test (22)	Run actions/checkout@v4	2026-08-20T02:24:13.5207567Z Initialized empty Git repository in /home/runner/work/aphorism-cli/aphorism-cli/.git/
test (22)	Run actions/checkout@v4	2026-08-20T02:24:13.5211872Z [command]/usr/bin/git remote add origin https://github.com/trmnmc/aphorism-cli
test (22)	Run actions/checkout@v4	2026-08-20T02:24:13.5255075Z ##[endgroup]
test (22)	Run actions/checkout@v4	2026-08-20T02:24:13.5256441Z ##[group]Disabling automatic garbage collection
test (22)	Run actions/checkout@v4	2026-08-20T02:24:13.5260586Z [command]/usr/bin/git config --local gc.auto 0
test (22)	Run actions/checkout@v4	2026-08-20T02:24:13.5294539Z ##[endgroup]
test (22)	Run actions/checkout@v4	2026-08-20T02:24:13.5296155Z ##[group]Setting up auth
test (22)	Run actions/checkout@v4	2026-08-20T02:24:13.5304006Z [command]/usr/bin/git config --local --name-only --get-regexp core\.sshCommand
test (22)	Run actions/checkout@v4	2026-08-20T02:24:13.5348128Z [command]/usr/bin/git submodule foreach --recursive sh -c "git config --local --name-only --get-regexp 'core\.sshCommand' && git config --local --unset-all 'core.sshCommand' || :"
test (22)	Run actions/checkout@v4	2026-08-20T02:24:13.5717431Z [command]/usr/bin/git config --local --name-only --get-regexp http\.https\:\/\/github\.com\/\.extraheader
test (22)	Run actions/checkout@v4	2026-08-20T02:24:13.5759151Z [command]/usr/bin/git submodule foreach --recursive sh -c "git config --local --name-only --get-regexp 'http\.https\:\/\/github\.com\/\.extraheader' && git config --local --unset-all 'http.https://github.com/.extraheader' || :"
test (22)	Run actions/checkout@v4	2026-08-20T02:24:13.6009266Z [command]/usr/bin/git config --local --name-only --get-regexp ^includeIf\.gitdir:
test (22)	Run actions/checkout@v4	2026-08-20T02:24:13.6049296Z [command]/usr/bin/git submodule foreach --recursive git config --local --show-origin --name-only --get-regexp remote.origin.url
test (22)	Run actions/checkout@v4	2026-08-20T02:24:13.6283817Z [command]/usr/bin/git config --local http.https://github.com/.extraheader AUTHORIZATION: basic ***
test (22)	Run actions/checkout@v4	2026-08-20T02:24:13.6325866Z ##[endgroup]
test (22)	Run actions/checkout@v4	2026-08-20T02:24:13.6326894Z ##[group]Fetching the repository
test (22)	Run actions/checkout@v4	2026-08-20T02:24:13.6338618Z [command]/usr/bin/git -c protocol.version=2 fetch --no-tags --prune --no-recurse-submodules --depth=1 origin +0c2ed406944495f5539975d13c63e42744012540:refs/remotes/origin/master
test (22)	Run actions/checkout@v4	2026-08-20T02:24:14.8669559Z From https://github.com/trmnmc/aphorism-cli
test (22)	Run actions/checkout@v4	2026-08-20T02:24:14.8671786Z  * [new ref]         0c2ed406944495f5539975d13c63e42744012540 -> origin/master
test (22)	Run actions/checkout@v4	2026-08-20T02:24:14.8706987Z ##[endgroup]
test (22)	Run actions/checkout@v4	2026-08-20T02:24:14.8708736Z ##[group]Determining the checkout info
test (22)	Run actions/checkout@v4	2026-08-20T02:24:14.8710618Z ##[endgroup]
test (22)	Run actions/checkout@v4	2026-08-20T02:24:14.8717743Z [command]/usr/bin/git sparse-checkout disable
test (22)	Run actions/checkout@v4	2026-08-20T02:24:14.8778200Z [command]/usr/bin/git config --local --unset-all extensions.worktreeConfig
test (22)	Run actions/checkout@v4	2026-08-20T02:24:14.8819926Z ##[group]Checking out the ref
test (22)	Run actions/checkout@v4	2026-08-20T02:24:14.8826164Z [command]/usr/bin/git checkout --progress --force -B master refs/remotes/origin/master
test (22)	Run actions/checkout@v4	2026-08-20T02:24:14.9670112Z Reset branch 'master'
test (22)	Run actions/checkout@v4	2026-08-20T02:24:14.9672169Z branch 'master' set up to track 'origin/master'.
test (22)	Run actions/checkout@v4	2026-08-20T02:24:14.9681374Z ##[endgroup]
test (22)	Run actions/checkout@v4	2026-08-20T02:24:14.9732802Z [command]/usr/bin/git log -1 --format=%H
test (22)	Run actions/checkout@v4	2026-08-20T02:24:14.9762669Z 0c2ed406944495f5539975d13c63e42744012540
test (22)	Run actions/setup-node@v4	﻿2026-08-20T02:24:15.0152741Z Node 20 is being deprecated. This workflow is running with Node 24 by default. If you need to temporarily use Node 20, you can set the ACTIONS_ALLOW_USE_UNSECURE_NODE_VERSION=true environment variable. For more information see: https://github.blog/changelog/2025-09-19-deprecation-of-node-20-on-github-actions-runners/
test (22)	Run actions/setup-node@v4	2026-08-20T02:24:15.0158207Z ##[group]Run actions/setup-node@v4
test (22)	Run actions/setup-node@v4	2026-08-20T02:24:15.0159621Z with:
test (22)	Run actions/setup-node@v4	2026-08-20T02:24:15.0160581Z   node-version: 22
test (22)	Run actions/setup-node@v4	2026-08-20T02:24:15.0161633Z   always-auth: false
test (22)	Run actions/setup-node@v4	2026-08-20T02:24:15.0162701Z   check-latest: false
test (22)	Run actions/setup-node@v4	2026-08-20T02:24:15.0171514Z   token: ***
test (22)	Run actions/setup-node@v4	2026-08-20T02:24:15.0172504Z ##[endgroup]
test (22)	Run actions/setup-node@v4	2026-08-20T02:24:15.1644917Z Found in cache @ /opt/hostedtoolcache/node/22.23.2/x64
test (22)	Run actions/setup-node@v4	2026-08-20T02:24:15.1649312Z (node:2222) [DEP0040] DeprecationWarning: The `punycode` module is deprecated. Please use a userland alternative instead.
test (22)	Run actions/setup-node@v4	2026-08-20T02:24:15.1653639Z (Use `node --trace-deprecation ...` to show where the warning was created)
test (22)	Run actions/setup-node@v4	2026-08-20T02:24:15.1657553Z ##[group]Environment details
test (22)	Run actions/setup-node@v4	2026-08-20T02:24:15.5616378Z node: v22.23.2
test (22)	Run actions/setup-node@v4	2026-08-20T02:24:15.5617159Z npm: 10.9.8
test (22)	Run actions/setup-node@v4	2026-08-20T02:24:15.5617555Z yarn: 1.22.22
test (22)	Run actions/setup-node@v4	2026-08-20T02:24:15.5618983Z ##[endgroup]
test (22)	Run node --test test/*.test.js	﻿2026-08-20T02:24:15.5759919Z ##[group]Run node --test test/*.test.js
test (22)	Run node --test test/*.test.js	2026-08-20T02:24:15.5760428Z [36;1mnode --test test/*.test.js[0m
test (22)	Run node --test test/*.test.js	2026-08-20T02:24:15.5809118Z shell: /usr/bin/bash -e {0}
test (22)	Run node --test test/*.test.js	2026-08-20T02:24:15.5809473Z ##[endgroup]
test (22)	Run node --test test/*.test.js	2026-08-20T02:24:15.6490681Z TAP version 13
test (22)	Run node --test test/*.test.js	2026-08-20T02:24:15.6993982Z # Subtest: zero args: no error, no filters set
test (22)	Run node --test test/*.test.js	2026-08-20T02:24:15.7039619Z ok 1 - zero args: no error, no filters set
test (22)	Run node --test test/*.test.js	2026-08-20T02:24:15.7046670Z   ---
test (22)	Run node --test test/*.test.js	2026-08-20T02:24:15.7070995Z   duration_ms: 2.161652
test (22)	Run node --test test/*.test.js	2026-08-20T02:24:15.7089473Z   type: 'test'
test (22)	Run node --test test/*.test.js	2026-08-20T02:24:15.7090564Z   ...
test (22)	Run node --test test/*.test.js	2026-08-20T02:24:15.7091411Z # Subtest: --author <name> sets author string
test (22)	Run node --test test/*.test.js	2026-08-20T02:24:15.7092426Z ok 2 - --author <name> sets author string
test (22)	Run node --test test/*.test.js	2026-08-20T02:24:15.7093228Z   ---
test (22)	Run node --test test/*.test.js	2026-08-20T02:24:15.7093866Z   duration_ms: 0.225984
test (22)	Run node --test test/*.test.js	2026-08-20T02:24:15.7094559Z   type: 'test'
test (22)	Run node --test test/*.test.js	2026-08-20T02:24:15.7095284Z   ...
test (22)	Run node --test test/*.test.js	2026-08-20T02:24:15.7096199Z # Subtest: --author=<name> equals form sets author string
test (22)	Run node --test test/*.test.js	2026-08-20T02:24:15.7097351Z ok 3 - --author=<name> equals form sets author string
test (22)	Run node --test test/*.test.js	2026-08-20T02:24:15.7098594Z   ---
test (22)	Run node --test test/*.test.js	2026-08-20T02:24:15.7099353Z   duration_ms: 0.152987
test (22)	Run node --test test/*.test.js	2026-08-20T02:24:15.7100038Z   type: 'test'
test (22)	Run node --test test/*.test.js	2026-08-20T02:24:15.7100880Z   ...
test (22)	Run node --test test/*.test.js	2026-08-20T02:24:15.7101828Z # Subtest: --tag <tag> sets tag string
test (22)	Run node --test test/*.test.js	2026-08-20T02:24:15.7102904Z ok 4 - --tag <tag> sets tag string
test (22)	Run node --test test/*.test.js	2026-08-20T02:24:15.7103853Z   ---
test (22)	Run node --test test/*.test.js	2026-08-20T02:24:15.7104682Z   duration_ms: 0.18682
test (22)	Run node --test test/*.test.js	2026-08-20T02:24:15.7105570Z   type: 'test'
test (22)	Run node --test test/*.test.js	2026-08-20T02:24:15.7106422Z   ...
test (22)	Run node --test test/*.test.js	2026-08-20T02:24:15.7107481Z # Subtest: --tag=<tag> equals form sets tag string
test (22)	Run node --test test/*.test.js	2026-08-20T02:24:15.7109061Z ok 5 - --tag=<tag> equals form sets tag string
test (22)	Run node --test test/*.test.js	2026-08-20T02:24:15.7110072Z   ---
test (22)	Run node --test test/*.test.js	2026-08-20T02:24:15.7110843Z   duration_ms: 0.198492
test (22)	Run node --test test/*.test.js	2026-08-20T02:24:15.7111673Z   type: 'test'
test (22)	Run node --test test/*.test.js	2026-08-20T02:24:15.7112469Z   ...
test (22)	Run node --test test/*.test.js	2026-08-20T02:24:15.7113450Z # Subtest: combined --author X --tag Y sets both
test (22)	Run node --test test/*.test.js	2026-08-20T02:24:15.7114615Z ok 6 - combined --author X --tag Y sets both
test (22)	Run node --test test/*.test.js	2026-08-20T02:24:15.7115735Z   ---
test (22)	Run node --test test/*.test.js	2026-08-20T02:24:15.7116478Z   duration_ms: 0.146975
test (22)	Run node --test test/*.test.js	2026-08-20T02:24:15.7117239Z   type: 'test'
test (22)	Run node --test test/*.test.js	2026-08-20T02:24:15.7117995Z   ...
test (22)	Run node --test test/*.test.js	2026-08-20T02:24:15.7119260Z # Subtest: --seed <n> parses as a number
test (22)	Run node --test test/*.test.js	2026-08-20T02:24:15.7120270Z ok 7 - --seed <n> parses as a number
test (22)	Run node --test test/*.test.js	2026-08-20T02:24:15.7121108Z   ---
test (22)	Run node --test test/*.test.js	2026-08-20T02:24:15.7121848Z   duration_ms: 0.227467
test (22)	Run node --test test/*.test.js	2026-08-20T02:24:15.7122651Z   type: 'test'
test (22)	Run node --test test/*.test.js	2026-08-20T02:24:15.7123361Z   ...
test (22)	Run node --test test/*.test.js	2026-08-20T02:24:15.7124280Z # Subtest: --seed=<n> equals form parses as a number
test (22)	Run node --test test/*.test.js	2026-08-20T02:24:15.7125435Z ok 8 - --seed=<n> equals form parses as a number
test (22)	Run node --test test/*.test.js	2026-08-20T02:24:15.7126318Z   ---
test (22)	Run node --test test/*.test.js	2026-08-20T02:24:15.7127025Z   duration_ms: 0.18134
test (22)	Run node --test test/*.test.js	2026-08-20T02:24:15.7127835Z   type: 'test'
test (22)	Run node --test test/*.test.js	2026-08-20T02:24:15.7129095Z   ...
test (22)	Run node --test test/*.test.js	2026-08-20T02:24:15.7130150Z # Subtest: --seed <n> accepts a negative number
test (22)	Run node --test test/*.test.js	2026-08-20T02:24:15.7131431Z ok 9 - --seed <n> accepts a negative number
test (22)	Run node --test test/*.test.js	2026-08-20T02:24:15.7133122Z   ---
test (22)	Run node --test test/*.test.js	2026-08-20T02:24:15.7134032Z   duration_ms: 0.333185
test (22)	Run node --test test/*.test.js	2026-08-20T02:24:15.7134955Z   type: 'test'
test (22)	Run node --test test/*.test.js	2026-08-20T02:24:15.7135840Z   ...
test (22)	Run node --test test/*.test.js	2026-08-20T02:24:15.7136990Z # Subtest: --seed=<n> equals form accepts a negative number
test (22)	Run node --test test/*.test.js	2026-08-20T02:24:15.7138665Z ok 10 - --seed=<n> equals form accepts a negative number
test (22)	Run node --test test/*.test.js	2026-08-20T02:24:15.7139787Z   ---
test (22)	Run node --test test/*.test.js	2026-08-20T02:24:15.7140613Z   duration_ms: 0.429144
test (22)	Run node --test test/*.test.js	2026-08-20T02:24:15.7141510Z   type: 'test'
test (22)	Run node --test test/*.test.js	2026-08-20T02:24:15.7142304Z   ...
test (22)	Run node --test test/*.test.js	2026-08-20T02:24:15.7143315Z # Subtest: non-numeric --seed is a usage error
test (22)	Run node --test test/*.test.js	2026-08-20T02:24:15.7144553Z ok 11 - non-numeric --seed is a usage error
test (22)	Run node --test test/*.test.js	2026-08-20T02:24:15.7145590Z   ---
test (22)	Run node --test test/*.test.js	2026-08-20T02:24:15.7146435Z   duration_ms: 0.334938
test (22)	Run node --test test/*.test.js	2026-08-20T02:24:15.7147350Z   type: 'test'
test (22)	Run node --test test/*.test.js	2026-08-20T02:24:15.7148541Z   ...
test (22)	Run node --test test/*.test.js	2026-08-20T02:24:15.7149815Z # Subtest: non-numeric --seed= equals form is a usage error
test (22)	Run node --test test/*.test.js	2026-08-20T02:24:15.7151137Z ok 12 - non-numeric --seed= equals form is a usage error
test (22)	Run node --test test/*.test.js	2026-08-20T02:24:15.7152242Z   ---
test (22)	Run node --test test/*.test.js	2026-08-20T02:24:15.7153010Z   duration_ms: 0.164989
test (22)	Run node --test test/*.test.js	2026-08-20T02:24:15.7153938Z   type: 'test'
test (22)	Run node --test test/*.test.js	2026-08-20T02:24:15.7154816Z   ...
test (22)	Run node --test test/*.test.js	2026-08-20T02:24:15.7156261Z # Subtest: --list sets list: true
test (22)	Run node --test test/*.test.js	2026-08-20T02:24:15.7157368Z ok 13 - --list sets list: true
test (22)	Run node --test test/*.test.js	2026-08-20T02:24:15.7158568Z   ---
test (22)	Run node --test test/*.test.js	2026-08-20T02:24:15.7159424Z   duration_ms: 0.115396
test (22)	Run node --test test/*.test.js	2026-08-20T02:24:15.7160339Z   type: 'test'
test (22)	Run node --test test/*.test.js	2026-08-20T02:24:15.7161303Z   ...
test (22)	Run node --test test/*.test.js	2026-08-20T02:24:15.7162241Z # Subtest: --json sets json: true
test (22)	Run node --test test/*.test.js	2026-08-20T02:24:15.7163347Z ok 14 - --json sets json: true
test (22)	Run node --test test/*.test.js	2026-08-20T02:24:15.7164608Z   ---
test (22)	Run node --test test/*.test.js	2026-08-20T02:24:15.7165351Z   duration_ms: 0.108974
test (22)	Run node --test test/*.test.js	2026-08-20T02:24:15.7166041Z   type: 'test'
test (22)	Run node --test test/*.test.js	2026-08-20T02:24:15.7166488Z   ...
test (22)	Run node --test test/*.test.js	2026-08-20T02:24:15.7166991Z # Subtest: --help sets help: true
test (22)	Run node --test test/*.test.js	2026-08-20T02:24:15.7167546Z ok 15 - --help sets help: true
test (22)	Run node --test test/*.test.js	2026-08-20T02:24:15.7168465Z   ---
test (22)	Run node --test test/*.test.js	2026-08-20T02:24:15.7169179Z   duration_ms: 0.155161
test (22)	Run node --test test/*.test.js	2026-08-20T02:24:15.7169939Z   type: 'test'
test (22)	Run node --test test/*.test.js	2026-08-20T02:24:15.7170570Z   ...
test (22)	Run node --test test/*.test.js	2026-08-20T02:24:15.7171034Z # Subtest: -h sets help: true
test (22)	Run node --test test/*.test.js	2026-08-20T02:24:15.7171544Z ok 16 - -h sets help: true
test (22)	Run node --test test/*.test.js	2026-08-20T02:24:15.7172301Z   ---
test (22)	Run node --test test/*.test.js	2026-08-20T02:24:15.7173004Z   duration_ms: 0.10174
test (22)	Run node --test test/*.test.js	2026-08-20T02:24:15.7173712Z   type: 'test'
test (22)	Run node --test test/*.test.js	2026-08-20T02:24:15.7174510Z   ...
test (22)	Run node --test test/*.test.js	2026-08-20T02:24:15.7175440Z # Subtest: unknown flag is a usage error
test (22)	Run node --test test/*.test.js	2026-08-20T02:24:15.7176551Z ok 17 - unknown flag is a usage error
test (22)	Run node --test test/*.test.js	2026-08-20T02:24:15.7177448Z   ---
test (22)	Run node --test test/*.test.js	2026-08-20T02:24:15.7178433Z   duration_ms: 0.129262
test (22)	Run node --test test/*.test.js	2026-08-20T02:24:15.7179518Z   type: 'test'
test (22)	Run node --test test/*.test.js	2026-08-20T02:24:15.7180309Z   ...
test (22)	Run node --test test/*.test.js	2026-08-20T02:24:15.7181298Z # Subtest: unknown short flag is a usage error
test (22)	Run node --test test/*.test.js	2026-08-20T02:24:15.7182503Z ok 18 - unknown short flag is a usage error
test (22)	Run node --test test/*.test.js	2026-08-20T02:24:15.7183483Z   ---
test (22)	Run node --test test/*.test.js	2026-08-20T02:24:15.7184266Z   duration_ms: 0.102513
test (22)	Run node --test test/*.test.js	2026-08-20T02:24:15.7185109Z   type: 'test'
test (22)	Run node --test test/*.test.js	2026-08-20T02:24:15.7185964Z   ...
test (22)	Run node --test test/*.test.js	2026-08-20T02:24:15.7187101Z # Subtest: --author missing value at end of argv is a usage error
test (22)	Run node --test test/*.test.js	2026-08-20T02:24:15.7188544Z ok 19 - --author missing value at end of argv is a usage error
test (22)	Run node --test test/*.test.js	2026-08-20T02:24:15.7190012Z   ---
test (22)	Run node --test test/*.test.js	2026-08-20T02:24:15.7190823Z   duration_ms: 0.132128
test (22)	Run node --test test/*.test.js	2026-08-20T02:24:15.7191619Z   type: 'test'
test (22)	Run node --test test/*.test.js	2026-08-20T02:24:15.7192263Z   ...
test (22)	Run node --test test/*.test.js	2026-08-20T02:24:15.7193541Z # Subtest: --tag missing value because next token is another flag is a usage error
test (22)	Run node --test test/*.test.js	2026-08-20T02:24:15.7196477Z ok 20 - --tag missing value because next token is another flag is a usage error
test (22)	Run node --test test/*.test.js	2026-08-20T02:24:15.7197480Z   ---
test (22)	Run node --test test/*.test.js	2026-08-20T02:24:15.7198028Z   duration_ms: 0.176581
test (22)	Run node --test test/*.test.js	2026-08-20T02:24:15.7198880Z   type: 'test'
test (22)	Run node --test test/*.test.js	2026-08-20T02:24:15.7199461Z   ...
test (22)	Run node --test test/*.test.js	2026-08-20T02:24:15.7200257Z # Subtest: --seed missing value at end of argv is a usage error
test (22)	Run node --test test/*.test.js	2026-08-20T02:24:15.7201306Z ok 21 - --seed missing value at end of argv is a usage error
test (22)	Run node --test test/*.test.js	2026-08-20T02:24:15.7202028Z   ---
test (22)	Run node --test test/*.test.js	2026-08-20T02:24:15.7202546Z   duration_ms: 0.182011
test (22)	Run node --test test/*.test.js	2026-08-20T02:24:15.7203165Z   type: 'test'
test (22)	Run node --test test/*.test.js	2026-08-20T02:24:15.7210025Z   ...
test (22)	Run node --test test/*.test.js	2026-08-20T02:24:15.7211019Z # Subtest: --author= with empty value is a usage error
test (22)	Run node --test test/*.test.js	2026-08-20T02:24:15.7212520Z ok 22 - --author= with empty value is a usage error
test (22)	Run node --test test/*.test.js	2026-08-20T02:24:15.7213291Z   ---
test (22)	Run node --test test/*.test.js	2026-08-20T02:24:15.7214015Z   duration_ms: 0.153879
test (22)	Run node --test test/*.test.js	2026-08-20T02:24:15.7214633Z   type: 'test'
test (22)	Run node --test test/*.test.js	2026-08-20T02:24:15.7215233Z   ...
test (22)	Run node --test test/*.test.js	2026-08-20T02:24:15.7216289Z # Subtest: a bare positional argument (not a flag) is a usage error
test (22)	Run node --test test/*.test.js	2026-08-20T02:24:15.7217476Z ok 23 - a bare positional argument (not a flag) is a usage error
test (22)	Run node --test test/*.test.js	2026-08-20T02:24:15.7218597Z   ---
test (22)	Run node --test test/*.test.js	2026-08-20T02:24:15.7219324Z   duration_ms: 0.11767
test (22)	Run node --test test/*.test.js	2026-08-20T02:24:15.7219945Z   type: 'test'
test (22)	Run node --test test/*.test.js	2026-08-20T02:24:15.7220612Z   ...
test (22)	Run node --test test/*.test.js	2026-08-20T02:24:15.7221436Z # Subtest: parseArgs never throws on malformed input
test (22)	Run node --test test/*.test.js	2026-08-20T02:24:15.7222516Z ok 24 - parseArgs never throws on malformed input
test (22)	Run node --test test/*.test.js	2026-08-20T02:24:15.7223369Z   ---
test (22)	Run node --test test/*.test.js	2026-08-20T02:24:15.7223886Z   duration_ms: 0.212729
test (22)	Run node --test test/*.test.js	2026-08-20T02:24:15.7224364Z   type: 'test'
test (22)	Run node --test test/*.test.js	2026-08-20T02:24:15.7224708Z   ...
test (22)	Run node --test test/*.test.js	2026-08-20T02:24:15.7225147Z # Subtest: absent options are undefined/false, never null
test (22)	Run node --test test/*.test.js	2026-08-20T02:24:15.7225726Z ok 25 - absent options are undefined/false, never null
test (22)	Run node --test test/*.test.js	2026-08-20T02:24:15.7226112Z   ---
test (22)	Run node --test test/*.test.js	2026-08-20T02:24:15.7226631Z   duration_ms: 0.134803
test (22)	Run node --test test/*.test.js	2026-08-20T02:24:15.7226923Z   type: 'test'
test (22)	Run node --test test/*.test.js	2026-08-20T02:24:15.7227183Z   ...
test (22)	Run node --test test/*.test.js	2026-08-20T02:24:15.7227616Z # Subtest: HELP is a non-empty string mentioning every flag name
test (22)	Run node --test test/*.test.js	2026-08-20T02:24:15.7228206Z ok 26 - HELP is a non-empty string mentioning every flag name
test (22)	Run node --test test/*.test.js	2026-08-20T02:24:15.7229199Z   ---
test (22)	Run node --test test/*.test.js	2026-08-20T02:24:15.7229706Z   duration_ms: 0.161332
test (22)	Run node --test test/*.test.js	2026-08-20T02:24:15.7230265Z   type: 'test'
test (22)	Run node --test test/*.test.js	2026-08-20T02:24:15.7230769Z   ...
test (22)	Run node --test test/*.test.js	2026-08-20T02:24:15.7231581Z # Subtest: HELP fits comfortably on one 24-line terminal screen
test (22)	Run node --test test/*.test.js	2026-08-20T02:24:15.7232679Z ok 27 - HELP fits comfortably on one 24-line terminal screen
test (22)	Run node --test test/*.test.js	2026-08-20T02:24:15.7233471Z   ---
test (22)	Run node --test test/*.test.js	2026-08-20T02:24:15.7233935Z   duration_ms: 0.153869
test (22)	Run node --test test/*.test.js	2026-08-20T02:24:15.7234464Z   type: 'test'
test (22)	Run node --test test/*.test.js	2026-08-20T02:24:15.7234960Z   ...
test (22)	Run node --test test/*.test.js	2026-08-20T02:24:15.7236087Z # Subtest: --seed Infinity / --seed -Infinity parse to numbers, not a usage error
test (22)	Run node --test test/*.test.js	2026-08-20T02:24:15.7249690Z ok 28 - --seed Infinity / --seed -Infinity parse to numbers, not a usage error
test (22)	Run node --test test/*.test.js	2026-08-20T02:24:15.7250691Z   ---
test (22)	Run node --test test/*.test.js	2026-08-20T02:24:15.7251203Z   duration_ms: 0.141816
test (22)	Run node --test test/*.test.js	2026-08-20T02:24:15.7251779Z   type: 'test'
test (22)	Run node --test test/*.test.js	2026-08-20T02:24:15.7252287Z   ...
test (22)	Run node --test test/*.test.js	2026-08-20T02:24:18.7472282Z # Subtest: bare invocation prints one attributed aphorism and exits 0
test (22)	Run node --test test/*.test.js	2026-08-20T02:24:18.7485802Z ok 29 - bare invocation prints one attributed aphorism and exits 0
test (22)	Run node --test test/*.test.js	2026-08-20T02:24:18.7486666Z   ---
test (22)	Run node --test test/*.test.js	2026-08-20T02:24:18.7487065Z   duration_ms: 48.686193
test (22)	Run node --test test/*.test.js	2026-08-20T02:24:18.7487502Z   type: 'test'
test (22)	Run node --test test/*.test.js	2026-08-20T02:24:18.7487884Z   ...
test (22)	Run node --test test/*.test.js	2026-08-20T02:24:18.7488760Z # Subtest: --seed is deterministic across separate processes
test (22)	Run node --test test/*.test.js	2026-08-20T02:24:18.7489694Z ok 30 - --seed is deterministic across separate processes
test (22)	Run node --test test/*.test.js	2026-08-20T02:24:18.7490271Z   ---
test (22)	Run node --test test/*.test.js	2026-08-20T02:24:18.7491982Z   duration_ms: 81.320948
test (22)	Run node --test test/*.test.js	2026-08-20T02:24:18.7492418Z   type: 'test'
test (22)	Run node --test test/*.test.js	2026-08-20T02:24:18.7492800Z   ...
test (22)	Run node --test test/*.test.js	2026-08-20T02:24:18.7493419Z # Subtest: different seeds do not all collapse to one aphorism
test (22)	Run node --test test/*.test.js	2026-08-20T02:24:18.7494278Z ok 31 - different seeds do not all collapse to one aphorism
test (22)	Run node --test test/*.test.js	2026-08-20T02:24:18.7494837Z   ---
test (22)	Run node --test test/*.test.js	2026-08-20T02:24:18.7495090Z   duration_ms: 477.551631
test (22)	Run node --test test/*.test.js	2026-08-20T02:24:18.7495336Z   type: 'test'
test (22)	Run node --test test/*.test.js	2026-08-20T02:24:18.7495540Z   ...
test (22)	Run node --test test/*.test.js	2026-08-20T02:24:18.7495956Z # Subtest: --json emits a single-line JSON object with text/author/tags
test (22)	Run node --test test/*.test.js	2026-08-20T02:24:18.7496511Z ok 32 - --json emits a single-line JSON object with text/author/tags
test (22)	Run node --test test/*.test.js	2026-08-20T02:24:18.7496862Z   ---
test (22)	Run node --test test/*.test.js	2026-08-20T02:24:18.7497065Z   duration_ms: 32.195356
test (22)	Run node --test test/*.test.js	2026-08-20T02:24:18.7497300Z   type: 'test'
test (22)	Run node --test test/*.test.js	2026-08-20T02:24:18.7497500Z   ...
test (22)	Run node --test test/*.test.js	2026-08-20T02:24:18.7539764Z # Subtest: --list prints every entry in the filtered set
test (22)	Run node --test test/*.test.js	2026-08-20T02:24:18.7589394Z ok 33 - --list prints every entry in the filtered set
test (22)	Run node --test test/*.test.js	2026-08-20T02:24:18.7590488Z   ---
test (22)	Run node --test test/*.test.js	2026-08-20T02:24:18.7590904Z   duration_ms: 29.801861
test (22)	Run node --test test/*.test.js	2026-08-20T02:24:18.7591927Z   type: 'test'
test (22)	Run node --test test/*.test.js	2026-08-20T02:24:18.7592601Z   ...
test (22)	Run node --test test/*.test.js	2026-08-20T02:24:18.7622233Z # Subtest: --help prints usage to stdout and exits 0
test (22)	Run node --test test/*.test.js	2026-08-20T02:24:18.7633555Z ok 34 - --help prints usage to stdout and exits 0
test (22)	Run node --test test/*.test.js	2026-08-20T02:24:18.7649584Z   ---
test (22)	Run node --test test/*.test.js	2026-08-20T02:24:18.7650264Z   duration_ms: 33.396646
test (22)	Run node --test test/*.test.js	2026-08-20T02:24:18.7651074Z   type: 'test'
test (22)	Run node --test test/*.test.js	2026-08-20T02:24:18.7651681Z   ...
test (22)	Run node --test test/*.test.js	2026-08-20T02:24:18.7652594Z # Subtest: no match exits 1 with stderr only and zero bytes on stdout
test (22)	Run node --test test/*.test.js	2026-08-20T02:24:18.7653832Z ok 35 - no match exits 1 with stderr only and zero bytes on stdout
test (22)	Run node --test test/*.test.js	2026-08-20T02:24:18.7654733Z   ---
test (22)	Run node --test test/*.test.js	2026-08-20T02:24:18.7655330Z   duration_ms: 32.053562
test (22)	Run node --test test/*.test.js	2026-08-20T02:24:18.7656042Z   type: 'test'
test (22)	Run node --test test/*.test.js	2026-08-20T02:24:18.7656670Z   ...
test (22)	Run node --test test/*.test.js	2026-08-20T02:24:18.7657594Z # Subtest: unknown flag is a usage error, exit 2, stdout clean
test (22)	Run node --test test/*.test.js	2026-08-20T02:24:18.7659152Z ok 36 - unknown flag is a usage error, exit 2, stdout clean
test (22)	Run node --test test/*.test.js	2026-08-20T02:24:18.7660021Z   ---
test (22)	Run node --test test/*.test.js	2026-08-20T02:24:18.7660608Z   duration_ms: 29.468545
test (22)	Run node --test test/*.test.js	2026-08-20T02:24:18.7661281Z   type: 'test'
test (22)	Run node --test test/*.test.js	2026-08-20T02:24:18.7661851Z   ...
test (22)	Run node --test test/*.test.js	2026-08-20T02:24:18.7662609Z # Subtest: non-numeric seed is a usage error, exit 2
test (22)	Run node --test test/*.test.js	2026-08-20T02:24:18.7664148Z ok 37 - non-numeric seed is a usage error, exit 2
test (22)	Run node --test test/*.test.js	2026-08-20T02:24:18.7664997Z   ---
test (22)	Run node --test test/*.test.js	2026-08-20T02:24:18.7665617Z   duration_ms: 36.611305
test (22)	Run node --test test/*.test.js	2026-08-20T02:24:18.7666290Z   type: 'test'
test (22)	Run node --test test/*.test.js	2026-08-20T02:24:18.7666961Z   ...
test (22)	Run node --test test/*.test.js	2026-08-20T02:24:18.7667928Z # Subtest: author filter is case-insensitive and narrows the list
test (22)	Run node --test test/*.test.js	2026-08-20T02:24:18.7669637Z ok 38 - author filter is case-insensitive and narrows the list
test (22)	Run node --test test/*.test.js	2026-08-20T02:24:18.7670584Z   ---
test (22)	Run node --test test/*.test.js	2026-08-20T02:24:18.7671197Z   duration_ms: 83.316478
test (22)	Run node --test test/*.test.js	2026-08-20T02:24:18.7671854Z   type: 'test'
test (22)	Run node --test test/*.test.js	2026-08-20T02:24:18.7672489Z   ...
test (22)	Run node --test test/*.test.js	2026-08-20T02:24:18.7673693Z # Subtest: output is pipe-safe — no ANSI escapes when not a TTY
test (22)	Run node --test test/*.test.js	2026-08-20T02:24:18.7674995Z ok 39 - output is pipe-safe — no ANSI escapes when not a TTY
test (22)	Run node --test test/*.test.js	2026-08-20T02:24:18.7675823Z   ---
test (22)	Run node --test test/*.test.js	2026-08-20T02:24:18.7676382Z   duration_ms: 32.49342
test (22)	Run node --test test/*.test.js	2026-08-20T02:24:18.7677019Z   type: 'test'
test (22)	Run node --test test/*.test.js	2026-08-20T02:24:18.7677573Z   ...
test (22)	Run node --test test/*.test.js	2026-08-20T02:24:18.7678652Z # Subtest: --tag matches membership, not substring containment
test (22)	Run node --test test/*.test.js	2026-08-20T02:24:18.7679799Z ok 40 - --tag matches membership, not substring containment
test (22)	Run node --test test/*.test.js	2026-08-20T02:24:18.7680812Z   ---
test (22)	Run node --test test/*.test.js	2026-08-20T02:24:18.7681500Z   duration_ms: 60.221324
test (22)	Run node --test test/*.test.js	2026-08-20T02:24:18.7682050Z   type: 'test'
test (22)	Run node --test test/*.test.js	2026-08-20T02:24:18.7682411Z   ...
test (22)	Run node --test test/*.test.js	2026-08-20T02:24:18.7683120Z # Subtest: --list prints exactly one line per matching entry, no drops
test (22)	Run node --test test/*.test.js	2026-08-20T02:24:18.7684147Z ok 41 - --list prints exactly one line per matching entry, no drops
test (22)	Run node --test test/*.test.js	2026-08-20T02:24:18.7684803Z   ---
test (22)	Run node --test test/*.test.js	2026-08-20T02:24:18.7685166Z   duration_ms: 29.197777
test (22)	Run node --test test/*.test.js	2026-08-20T02:24:18.7685591Z   type: 'test'
test (22)	Run node --test test/*.test.js	2026-08-20T02:24:18.7685944Z   ...
test (22)	Run node --test test/*.test.js	2026-08-20T02:24:18.7686625Z # Subtest: --list preserves corpus order (first and last line match)
test (22)	Run node --test test/*.test.js	2026-08-20T02:24:18.7687596Z ok 42 - --list preserves corpus order (first and last line match)
test (22)	Run node --test test/*.test.js	2026-08-20T02:24:18.7688230Z   ---
test (22)	Run node --test test/*.test.js	2026-08-20T02:24:18.7688879Z   duration_ms: 28.818848
test (22)	Run node --test test/*.test.js	2026-08-20T02:24:18.7689305Z   type: 'test'
test (22)	Run node --test test/*.test.js	2026-08-20T02:24:18.7689663Z   ...
test (22)	Run node --test test/*.test.js	2026-08-20T02:24:18.7690356Z # Subtest: --json output is exactly one line, never pretty-printed
test (22)	Run node --test test/*.test.js	2026-08-20T02:24:18.7691278Z ok 43 - --json output is exactly one line, never pretty-printed
test (22)	Run node --test test/*.test.js	2026-08-20T02:24:18.7691874Z   ---
test (22)	Run node --test test/*.test.js	2026-08-20T02:24:18.7692217Z   duration_ms: 28.258119
test (22)	Run node --test test/*.test.js	2026-08-20T02:24:18.7692612Z   type: 'test'
test (22)	Run node --test test/*.test.js	2026-08-20T02:24:18.7692950Z   ...
test (22)	Run node --test test/*.test.js	2026-08-20T02:24:18.7693793Z # Subtest: --list --json emits newline-delimited JSON, one object per line, in corpus order
test (22)	Run node --test test/*.test.js	2026-08-20T02:24:18.7695071Z ok 44 - --list --json emits newline-delimited JSON, one object per line, in corpus order
test (22)	Run node --test test/*.test.js	2026-08-20T02:24:18.7695848Z   ---
test (22)	Run node --test test/*.test.js	2026-08-20T02:24:18.7696182Z   duration_ms: 30.25055
test (22)	Run node --test test/*.test.js	2026-08-20T02:24:18.7696593Z   type: 'test'
test (22)	Run node --test test/*.test.js	2026-08-20T02:24:18.7696805Z   ...
test (22)	Run node --test test/*.test.js	2026-08-20T02:24:18.7697470Z # Subtest: --json composes with --seed: the seeded JSON pick is reproducible AND is the same entry as the plain-text pick
test (22)	Run node --test test/*.test.js	2026-08-20T02:24:18.7699090Z ok 45 - --json composes with --seed: the seeded JSON pick is reproducible AND is the same entry as the plain-text pick
test (22)	Run node --test test/*.test.js	2026-08-20T02:24:18.7699644Z   ---
test (22)	Run node --test test/*.test.js	2026-08-20T02:24:18.7699856Z   duration_ms: 524.116723
test (22)	Run node --test test/*.test.js	2026-08-20T02:24:18.7700100Z   type: 'test'
test (22)	Run node --test test/*.test.js	2026-08-20T02:24:18.7700303Z   ...
test (22)	Run node --test test/*.test.js	2026-08-20T02:24:18.7700817Z # Subtest: --json composes with the filter flags: the JSON pick is always a member of the FILTERED set
test (22)	Run node --test test/*.test.js	2026-08-20T02:24:18.7701581Z ok 46 - --json composes with the filter flags: the JSON pick is always a member of the FILTERED set
test (22)	Run node --test test/*.test.js	2026-08-20T02:24:18.7702028Z   ---
test (22)	Run node --test test/*.test.js	2026-08-20T02:24:18.7702230Z   duration_ms: 721.417106
test (22)	Run node --test test/*.test.js	2026-08-20T02:24:18.7702464Z   type: 'test'
test (22)	Run node --test test/*.test.js	2026-08-20T02:24:18.7702669Z   ...
test (22)	Run node --test test/*.test.js	2026-08-20T02:24:18.7703161Z # Subtest: --list accepts a valid --seed and IGNORES it: output is byte-identical across seeds
test (22)	Run node --test test/*.test.js	2026-08-20T02:24:18.7703894Z ok 47 - --list accepts a valid --seed and IGNORES it: output is byte-identical across seeds
test (22)	Run node --test test/*.test.js	2026-08-20T02:24:18.7704333Z   ---
test (22)	Run node --test test/*.test.js	2026-08-20T02:24:18.7704531Z   duration_ms: 298.841989
test (22)	Run node --test test/*.test.js	2026-08-20T02:24:18.7704770Z   type: 'test'
test (22)	Run node --test test/*.test.js	2026-08-20T02:24:18.7705168Z   ...
test (22)	Run node --test test/*.test.js	2026-08-20T02:24:18.7705641Z # Subtest: --list --seed abc is a usage error, exit 2, stdout empty, stderr carries the diagnostic
test (22)	Run node --test test/*.test.js	2026-08-20T02:24:18.7706359Z ok 48 - --list --seed abc is a usage error, exit 2, stdout empty, stderr carries the diagnostic
test (22)	Run node --test test/*.test.js	2026-08-20T02:24:18.7706784Z   ---
test (22)	Run node --test test/*.test.js	2026-08-20T02:24:18.7706985Z   duration_ms: 30.934815
test (22)	Run node --test test/*.test.js	2026-08-20T02:24:18.7707223Z   type: 'test'
test (22)	Run node --test test/*.test.js	2026-08-20T02:24:18.7707415Z   ...
test (22)	Run node --test test/*.test.js	2026-08-20T02:24:18.7707919Z # Subtest: --seed abc --list (erroring flag BEFORE --list) is still a usage error, exit 2, stdout empty
test (22)	Run node --test test/*.test.js	2026-08-20T02:24:18.7708902Z ok 49 - --seed abc --list (erroring flag BEFORE --list) is still a usage error, exit 2, stdout empty
test (22)	Run node --test test/*.test.js	2026-08-20T02:24:18.7709353Z   ---
test (22)	Run node --test test/*.test.js	2026-08-20T02:24:18.7709554Z   duration_ms: 29.779236
test (22)	Run node --test test/*.test.js	2026-08-20T02:24:18.7709790Z   type: 'test'
test (22)	Run node --test test/*.test.js	2026-08-20T02:24:18.7709984Z   ...
test (22)	Run node --test test/*.test.js	2026-08-20T02:24:18.7710422Z # Subtest: --list --seed=  (empty seed value) is a usage error, exit 2, stdout empty
test (22)	Run node --test test/*.test.js	2026-08-20T02:24:18.7711030Z ok 50 - --list --seed=  (empty seed value) is a usage error, exit 2, stdout empty
test (22)	Run node --test test/*.test.js	2026-08-20T02:24:18.7711410Z   ---
test (22)	Run node --test test/*.test.js	2026-08-20T02:24:18.7711630Z   duration_ms: 28.488003
test (22)	Run node --test test/*.test.js	2026-08-20T02:24:18.7711920Z   type: 'test'
test (22)	Run node --test test/*.test.js	2026-08-20T02:24:18.7712113Z   ...
test (22)	Run node --test test/*.test.js	2026-08-20T02:24:18.7712585Z # Subtest: --list --seed "   " (whitespace-only seed value) is a usage error, exit 2, stdout empty
test (22)	Run node --test test/*.test.js	2026-08-20T02:24:18.7713290Z ok 51 - --list --seed "   " (whitespace-only seed value) is a usage error, exit 2, stdout empty
test (22)	Run node --test test/*.test.js	2026-08-20T02:24:18.7713707Z   ---
test (22)	Run node --test test/*.test.js	2026-08-20T02:24:18.7713899Z   duration_ms: 28.704912
test (22)	Run node --test test/*.test.js	2026-08-20T02:24:18.7714123Z   type: 'test'
test (22)	Run node --test test/*.test.js	2026-08-20T02:24:18.7714314Z   ...
test (22)	Run node --test test/*.test.js	2026-08-20T02:24:18.7715221Z # Subtest: --list --nosuchflag (unknown flag) is a usage error, exit 2, stdout empty — --list does not swallow it
test (22)	Run node --test test/*.test.js	2026-08-20T02:24:18.7716164Z ok 52 - --list --nosuchflag (unknown flag) is a usage error, exit 2, stdout empty — --list does not swallow it
test (22)	Run node --test test/*.test.js	2026-08-20T02:24:18.7716655Z   ---
test (22)	Run node --test test/*.test.js	2026-08-20T02:24:18.7716862Z   duration_ms: 29.121604
test (22)	Run node --test test/*.test.js	2026-08-20T02:24:18.7717107Z   type: 'test'
test (22)	Run node --test test/*.test.js	2026-08-20T02:24:18.7717305Z   ...
test (22)	Run node --test test/*.test.js	2026-08-20T02:24:18.7717828Z # Subtest: --nosuchflag --list (unknown flag BEFORE --list) is still a usage error, exit 2, stdout empty
test (22)	Run node --test test/*.test.js	2026-08-20T02:24:18.7718772Z ok 53 - --nosuchflag --list (unknown flag BEFORE --list) is still a usage error, exit 2, stdout empty
test (22)	Run node --test test/*.test.js	2026-08-20T02:24:18.7719225Z   ---
test (22)	Run node --test test/*.test.js	2026-08-20T02:24:18.7719421Z   duration_ms: 29.252832
test (22)	Run node --test test/*.test.js	2026-08-20T02:24:18.7719649Z   type: 'test'
test (22)	Run node --test test/*.test.js	2026-08-20T02:24:18.7719846Z   ...
test (22)	Run node --test test/*.test.js	2026-08-20T02:24:18.7720759Z # Subtest: plain single-pick output is TWO lines: text, newline, four-space indent, EM DASH, space, author
test (22)	Run node --test test/*.test.js	2026-08-20T02:24:18.7722350Z ok 54 - plain single-pick output is TWO lines: text, newline, four-space indent, EM DASH, space, author
test (22)	Run node --test test/*.test.js	2026-08-20T02:24:18.7723331Z   ---
test (22)	Run node --test test/*.test.js	2026-08-20T02:24:18.7723764Z   duration_ms: 29.00225
test (22)	Run node --test test/*.test.js	2026-08-20T02:24:18.7724552Z   type: 'test'
test (22)	Run node --test test/*.test.js	2026-08-20T02:24:18.7725011Z   ...
test (22)	Run node --test test/*.test.js	2026-08-20T02:24:18.7726047Z # Subtest: --seed Infinity and --seed -Infinity (typed as CLI strings) are accepted and deterministic
test (22)	Run node --test test/*.test.js	2026-08-20T02:24:18.7726967Z ok 55 - --seed Infinity and --seed -Infinity (typed as CLI strings) are accepted and deterministic
test (22)	Run node --test test/*.test.js	2026-08-20T02:24:18.7727866Z   ---
test (22)	Run node --test test/*.test.js	2026-08-20T02:24:18.7728512Z   duration_ms: 120.173114
test (22)	Run node --test test/*.test.js	2026-08-20T02:24:18.7728930Z   type: 'test'
test (22)	Run node --test test/*.test.js	2026-08-20T02:24:18.7729362Z   ...
test (22)	Run node --test test/*.test.js	2026-08-20T02:24:18.7730273Z # Subtest: --list with a filter that matches nothing is STILL exit 1, stderr only, stdout empty
test (22)	Run node --test test/*.test.js	2026-08-20T02:24:18.7731049Z ok 56 - --list with a filter that matches nothing is STILL exit 1, stderr only, stdout empty
test (22)	Run node --test test/*.test.js	2026-08-20T02:24:18.7731475Z   ---
test (22)	Run node --test test/*.test.js	2026-08-20T02:24:18.7731677Z   duration_ms: 59.306046
test (22)	Run node --test test/*.test.js	2026-08-20T02:24:18.7731915Z   type: 'test'
test (22)	Run node --test test/*.test.js	2026-08-20T02:24:18.7732110Z   ...
test (22)	Run node --test test/*.test.js	2026-08-20T02:24:18.7732738Z # Subtest: --tag "" (bare empty-string value) matches nothing: whole-tag equality against the literal "" is not a filter no-op
test (22)	Run node --test test/*.test.js	2026-08-20T02:24:18.7733719Z ok 57 - --tag "" (bare empty-string value) matches nothing: whole-tag equality against the literal "" is not a filter no-op
test (22)	Run node --test test/*.test.js	2026-08-20T02:24:18.7734448Z   ---
test (22)	Run node --test test/*.test.js	2026-08-20T02:24:18.7734645Z   duration_ms: 31.718162
test (22)	Run node --test test/*.test.js	2026-08-20T02:24:18.7734876Z   type: 'test'
test (22)	Run node --test test/*.test.js	2026-08-20T02:24:18.7735073Z   ...
test (22)	Run node --test test/*.test.js	2026-08-20T02:24:18.7838663Z # Subtest: --list | true: exits quietly, zero stderr, no crash banner
test (22)	Run node --test test/*.test.js	2026-08-20T02:24:18.7839847Z ok 58 - --list | true: exits quietly, zero stderr, no crash banner
test (22)	Run node --test test/*.test.js	2026-08-20T02:24:18.7840532Z   ---
test (22)	Run node --test test/*.test.js	2026-08-20T02:24:18.7840936Z   duration_ms: 61.662195
test (22)	Run node --test test/*.test.js	2026-08-20T02:24:18.7841402Z   type: 'test'
test (22)	Run node --test test/*.test.js	2026-08-20T02:24:18.7841808Z   ...
test (22)	Run node --test test/*.test.js	2026-08-20T02:24:18.7842562Z # Subtest: | true (no --list, single aphorism): exits quietly, zero stderr
test (22)	Run node --test test/*.test.js	2026-08-20T02:24:18.7843623Z ok 59 - | true (no --list, single aphorism): exits quietly, zero stderr
test (22)	Run node --test test/*.test.js	2026-08-20T02:24:18.7844373Z   ---
test (22)	Run node --test test/*.test.js	2026-08-20T02:24:18.7844750Z   duration_ms: 33.693717
test (22)	Run node --test test/*.test.js	2026-08-20T02:24:18.7845221Z   type: 'test'
test (22)	Run node --test test/*.test.js	2026-08-20T02:24:18.7845608Z   ...
test (22)	Run node --test test/*.test.js	2026-08-20T02:24:18.7846342Z # Subtest: --list | head -0: exits quietly, zero stderr, no crash banner
test (22)	Run node --test test/*.test.js	2026-08-20T02:24:18.7847396Z ok 60 - --list | head -0: exits quietly, zero stderr, no crash banner
test (22)	Run node --test test/*.test.js	2026-08-20T02:24:18.7848084Z   ---
test (22)	Run node --test test/*.test.js	2026-08-20T02:24:18.7848722Z   duration_ms: 43.607077
test (22)	Run node --test test/*.test.js	2026-08-20T02:24:18.7849168Z   type: 'test'
test (22)	Run node --test test/*.test.js	2026-08-20T02:24:18.7849552Z   ...
test (22)	Run node --test test/*.test.js	2026-08-20T02:24:18.7850331Z # Subtest: --list | /nonexistent-cmd-xyz: no crash banner from the CLI itself
test (22)	Run node --test test/*.test.js	2026-08-20T02:24:18.7851465Z ok 61 - --list | /nonexistent-cmd-xyz: no crash banner from the CLI itself
test (22)	Run node --test test/*.test.js	2026-08-20T02:24:18.7852181Z   ---
test (22)	Run node --test test/*.test.js	2026-08-20T02:24:18.7852558Z   duration_ms: 41.533291
test (22)	Run node --test test/*.test.js	2026-08-20T02:24:18.7852993Z   type: 'test'
test (22)	Run node --test test/*.test.js	2026-08-20T02:24:18.7853387Z   ...
test (22)	Run node --test test/*.test.js	2026-08-20T02:24:18.7854262Z # Subtest: non-EPIPE stdout write failure: reported, not silent, not exit 1, no stack trace
test (22)	Run node --test test/*.test.js	2026-08-20T02:24:18.7855583Z ok 62 - non-EPIPE stdout write failure: reported, not silent, not exit 1, no stack trace
test (22)	Run node --test test/*.test.js	2026-08-20T02:24:18.7856395Z   ---
test (22)	Run node --test test/*.test.js	2026-08-20T02:24:18.7856759Z   duration_ms: 53.132837
test (22)	Run node --test test/*.test.js	2026-08-20T02:24:18.7857192Z   type: 'test'
test (22)	Run node --test test/*.test.js	2026-08-20T02:24:18.7857530Z   ...
test (22)	Run node --test test/*.test.js	2026-08-20T02:24:18.7858585Z # Subtest: usage error survives a closed stderr reader: still exits 2, not clobbered to 1
test (22)	Run node --test test/*.test.js	2026-08-20T02:24:18.7859771Z ok 63 - usage error survives a closed stderr reader: still exits 2, not clobbered to 1
test (22)	Run node --test test/*.test.js	2026-08-20T02:24:18.7860433Z   ---
test (22)	Run node --test test/*.test.js	2026-08-20T02:24:18.7860715Z   duration_ms: 129.924015
test (22)	Run node --test test/*.test.js	2026-08-20T02:24:18.7861046Z   type: 'test'
test (22)	Run node --test test/*.test.js	2026-08-20T02:24:18.7861329Z   ...
test (22)	Run node --test test/*.test.js	2026-08-20T02:24:18.7862095Z # Subtest: no-match exit code survives a closed stderr reader: still exits 1, not misreported
test (22)	Run node --test test/*.test.js	2026-08-20T02:24:18.7863345Z ok 64 - no-match exit code survives a closed stderr reader: still exits 1, not misreported
test (22)	Run node --test test/*.test.js	2026-08-20T02:24:18.7864082Z   ---
test (22)	Run node --test test/*.test.js	2026-08-20T02:24:18.7864379Z   duration_ms: 109.539972
test (22)	Run node --test test/*.test.js	2026-08-20T02:24:18.7864755Z   type: 'test'
test (22)	Run node --test test/*.test.js	2026-08-20T02:24:18.7865479Z   ...
test (22)	Run node --test test/*.test.js	2026-08-20T02:24:18.7866313Z # Subtest: non-EPIPE stderr write failure: not silent, not the earned exit code, no stack trace
test (22)	Run node --test test/*.test.js	2026-08-20T02:24:18.7867504Z ok 65 - non-EPIPE stderr write failure: not silent, not the earned exit code, no stack trace
test (22)	Run node --test test/*.test.js	2026-08-20T02:24:18.7868548Z   ---
test (22)	Run node --test test/*.test.js	2026-08-20T02:24:18.7868945Z   duration_ms: 45.316817
test (22)	Run node --test test/*.test.js	2026-08-20T02:24:18.7869392Z   type: 'test'
test (22)	Run node --test test/*.test.js	2026-08-20T02:24:18.7869748Z   ...
test (22)	Run node --test test/*.test.js	2026-08-20T02:24:18.7870360Z # Subtest: control: --list | head -1 stays completely clean
test (22)	Run node --test test/*.test.js	2026-08-20T02:24:18.7871212Z ok 66 - control: --list | head -1 stays completely clean
test (22)	Run node --test test/*.test.js	2026-08-20T02:24:18.7871800Z   ---
test (22)	Run node --test test/*.test.js	2026-08-20T02:24:18.7872180Z   duration_ms: 32.64694
test (22)	Run node --test test/*.test.js	2026-08-20T02:24:18.7872626Z   type: 'test'
test (22)	Run node --test test/*.test.js	2026-08-20T02:24:18.7872999Z   ...
test (22)	Run node --test test/*.test.js	2026-08-20T02:24:18.7873645Z # Subtest: control: --list | head -5 stays completely clean
test (22)	Run node --test test/*.test.js	2026-08-20T02:24:18.7874518Z ok 67 - control: --list | head -5 stays completely clean
test (22)	Run node --test test/*.test.js	2026-08-20T02:24:18.7875119Z   ---
test (22)	Run node --test test/*.test.js	2026-08-20T02:24:18.7875488Z   duration_ms: 32.4311
test (22)	Run node --test test/*.test.js	2026-08-20T02:24:18.7875939Z   type: 'test'
test (22)	Run node --test test/*.test.js	2026-08-20T02:24:18.7876312Z   ...
test (22)	Run node --test test/*.test.js	2026-08-20T02:24:18.7876932Z # Subtest: control: --list | sed 1q stays completely clean
test (22)	Run node --test test/*.test.js	2026-08-20T02:24:18.7878121Z ok 68 - control: --list | sed 1q stays completely clean
test (22)	Run node --test test/*.test.js	2026-08-20T02:24:18.7878948Z   ---
test (22)	Run node --test test/*.test.js	2026-08-20T02:24:18.7879343Z   duration_ms: 30.835306
test (22)	Run node --test test/*.test.js	2026-08-20T02:24:18.7879794Z   type: 'test'
test (22)	Run node --test test/*.test.js	2026-08-20T02:24:18.7880173Z   ...
test (22)	Run node --test test/*.test.js	2026-08-20T02:24:18.7880828Z # Subtest: control: --list | grep -q . stays completely clean
test (22)	Run node --test test/*.test.js	2026-08-20T02:24:18.7881736Z ok 69 - control: --list | grep -q . stays completely clean
test (22)	Run node --test test/*.test.js	2026-08-20T02:24:18.7882342Z   ---
test (22)	Run node --test test/*.test.js	2026-08-20T02:24:18.7882727Z   duration_ms: 33.262055
test (22)	Run node --test test/*.test.js	2026-08-20T02:24:18.7883164Z   type: 'test'
test (22)	Run node --test test/*.test.js	2026-08-20T02:24:18.7883536Z   ...
test (22)	Run node --test test/*.test.js	2026-08-20T02:24:18.7884078Z # Subtest: control: | wc -l stays completely clean
test (22)	Run node --test test/*.test.js	2026-08-20T02:24:18.7884854Z ok 70 - control: | wc -l stays completely clean
test (22)	Run node --test test/*.test.js	2026-08-20T02:24:18.7885409Z   ---
test (22)	Run node --test test/*.test.js	2026-08-20T02:24:18.7885783Z   duration_ms: 32.16175
test (22)	Run node --test test/*.test.js	2026-08-20T02:24:18.7886222Z   type: 'test'
test (22)	Run node --test test/*.test.js	2026-08-20T02:24:18.7886606Z   ...
test (22)	Run node --test test/*.test.js	2026-08-20T02:24:18.7887287Z # Subtest: control: --list --json | head -2 stays completely clean
test (22)	Run node --test test/*.test.js	2026-08-20T02:24:18.7888513Z ok 71 - control: --list --json | head -2 stays completely clean
test (22)	Run node --test test/*.test.js	2026-08-20T02:24:18.7889172Z   ---
test (22)	Run node --test test/*.test.js	2026-08-20T02:24:18.7889530Z   duration_ms: 35.927215
test (22)	Run node --test test/*.test.js	2026-08-20T02:24:18.7889946Z   type: 'test'
test (22)	Run node --test test/*.test.js	2026-08-20T02:24:18.7890298Z   ...
test (22)	Run node --test test/*.test.js	2026-08-20T02:24:18.7890996Z # Subtest: control: exit 1 / exit 2 stderr messages and codes are unchanged
test (22)	Run node --test test/*.test.js	2026-08-20T02:24:18.7892012Z ok 72 - control: exit 1 / exit 2 stderr messages and codes are unchanged
test (22)	Run node --test test/*.test.js	2026-08-20T02:24:18.7892644Z   ---
test (22)	Run node --test test/*.test.js	2026-08-20T02:24:18.7892989Z   duration_ms: 59.519829
test (22)	Run node --test test/*.test.js	2026-08-20T02:24:18.7893388Z   type: 'test'
test (22)	Run node --test test/*.test.js	2026-08-20T02:24:18.7893730Z   ...
test (22)	Run node --test test/*.test.js	2026-08-20T02:24:18.7894556Z # Subtest: control: a normal (non-full) stdout target still exits 0 with empty stderr
test (22)	Run node --test test/*.test.js	2026-08-20T02:24:18.7895723Z ok 73 - control: a normal (non-full) stdout target still exits 0 with empty stderr
test (22)	Run node --test test/*.test.js	2026-08-20T02:24:18.7896449Z   ---
test (22)	Run node --test test/*.test.js	2026-08-20T02:24:18.7896797Z   duration_ms: 59.467655
test (22)	Run node --test test/*.test.js	2026-08-20T02:24:18.7897222Z   type: 'test'
test (22)	Run node --test test/*.test.js	2026-08-20T02:24:18.7897577Z   ...
test (22)	Run node --test test/*.test.js	2026-08-20T02:24:18.7898111Z # Subtest: README tags must exist in corpus
test (22)	Run node --test test/*.test.js	2026-08-20T02:24:18.7899078Z ok 74 - README tags must exist in corpus
test (22)	Run node --test test/*.test.js	2026-08-20T02:24:18.7899581Z   ---
test (22)	Run node --test test/*.test.js	2026-08-20T02:24:18.7899932Z   duration_ms: 3.037244
test (22)	Run node --test test/*.test.js	2026-08-20T02:24:18.7900333Z   type: 'test'
test (22)	Run node --test test/*.test.js	2026-08-20T02:24:18.7900702Z   ...
test (22)	Run node --test test/*.test.js	2026-08-20T02:24:18.7901210Z # Subtest: README tag counts must match corpus
test (22)	Run node --test test/*.test.js	2026-08-20T02:24:18.7901888Z ok 75 - README tag counts must match corpus
test (22)	Run node --test test/*.test.js	2026-08-20T02:24:18.7902389Z   ---
test (22)	Run node --test test/*.test.js	2026-08-20T02:24:18.7902719Z   duration_ms: 0.55452
test (22)	Run node --test test/*.test.js	2026-08-20T02:24:18.7903111Z   type: 'test'
test (22)	Run node --test test/*.test.js	2026-08-20T02:24:18.7903456Z   ...
test (22)	Run node --test test/*.test.js	2026-08-20T02:24:18.7904019Z # Subtest: README must state total unique tags correctly
test (22)	Run node --test test/*.test.js	2026-08-20T02:24:18.7904603Z ok 76 - README must state total unique tags correctly
test (22)	Run node --test test/*.test.js	2026-08-20T02:24:18.7904987Z   ---
test (22)	Run node --test test/*.test.js	2026-08-20T02:24:18.7905500Z   duration_ms: 0.29347
test (22)	Run node --test test/*.test.js	2026-08-20T02:24:18.7905976Z   type: 'test'
test (22)	Run node --test test/*.test.js	2026-08-20T02:24:18.7906363Z   ...
test (22)	Run node --test test/*.test.js	2026-08-20T02:24:18.7907019Z # Subtest: README must correctly describe single-entry tag count
test (22)	Run node --test test/*.test.js	2026-08-20T02:24:18.7907948Z ok 77 - README must correctly describe single-entry tag count
test (22)	Run node --test test/*.test.js	2026-08-20T02:24:18.7908793Z   ---
test (22)	Run node --test test/*.test.js	2026-08-20T02:24:18.7909174Z   duration_ms: 0.329047
test (22)	Run node --test test/*.test.js	2026-08-20T02:24:18.7909589Z   type: 'test'
test (22)	Run node --test test/*.test.js	2026-08-20T02:24:18.7909956Z   ...
test (22)	Run node --test test/*.test.js	2026-08-20T02:24:18.7910491Z # Subtest: README must list all single-entry tags
test (22)	Run node --test test/*.test.js	2026-08-20T02:24:18.7911209Z ok 78 - README must list all single-entry tags
test (22)	Run node --test test/*.test.js	2026-08-20T02:24:18.7911775Z   ---
test (22)	Run node --test test/*.test.js	2026-08-20T02:24:18.7912226Z   duration_ms: 0.479669
test (22)	Run node --test test/*.test.js	2026-08-20T02:24:18.7912539Z   type: 'test'
test (22)	Run node --test test/*.test.js	2026-08-20T02:24:18.7912844Z   ...
test (22)	Run node --test test/*.test.js	2026-08-20T02:24:18.7913972Z # Subtest: README Tag vocabulary section carries a tag+entry sentence with a single-entry marker (token co-occurrence guard, not a meaning check)
test (22)	Run node --test test/*.test.js	2026-08-20T02:24:18.7915610Z ok 79 - README Tag vocabulary section carries a tag+entry sentence with a single-entry marker (token co-occurrence guard, not a meaning check)
test (22)	Run node --test test/*.test.js	2026-08-20T02:24:18.7916558Z   ---
test (22)	Run node --test test/*.test.js	2026-08-20T02:24:18.7917118Z   duration_ms: 1.076729
test (22)	Run node --test test/*.test.js	2026-08-20T02:24:18.7917476Z   type: 'test'
test (22)	Run node --test test/*.test.js	2026-08-20T02:24:18.7917745Z   ...
test (22)	Run node --test test/*.test.js	2026-08-20T02:24:18.7919258Z # Subtest: extractBandTablesFromReadme tolerates a prose sentence between a band heading and its table (T-025), without mis-attaching a table when the real one is missing
test (22)	Run node --test test/*.test.js	2026-08-20T02:24:18.7920913Z ok 80 - extractBandTablesFromReadme tolerates a prose sentence between a band heading and its table (T-025), without mis-attaching a table when the real one is missing
test (22)	Run node --test test/*.test.js	2026-08-20T02:24:18.7921812Z   ---
test (22)	Run node --test test/*.test.js	2026-08-20T02:24:18.7922108Z   duration_ms: 1.868073
test (22)	Run node --test test/*.test.js	2026-08-20T02:24:18.7922370Z   type: 'test'
test (22)	Run node --test test/*.test.js	2026-08-20T02:24:18.7922668Z   ...
test (22)	Run node --test test/*.test.js	2026-08-20T02:24:18.7923370Z # Subtest: extractBandTablesFromReadme does not let a band-shaped PROSE line steal a real heading's table (T-039)
test (22)	Run node --test test/*.test.js	2026-08-20T02:24:18.7924553Z ok 81 - extractBandTablesFromReadme does not let a band-shaped PROSE line steal a real heading's table (T-039)
test (22)	Run node --test test/*.test.js	2026-08-20T02:24:18.7925188Z   ---
test (22)	Run node --test test/*.test.js	2026-08-20T02:24:18.7925508Z   duration_ms: 0.258775
test (22)	Run node --test test/*.test.js	2026-08-20T02:24:18.7925855Z   type: 'test'
test (22)	Run node --test test/*.test.js	2026-08-20T02:24:18.7926059Z   ...
test (22)	Run node --test test/*.test.js	2026-08-20T02:24:18.7926800Z # Subtest: extractBandTablesFromReadme does not read a fenced example block as a second, real band table
test (22)	Run node --test test/*.test.js	2026-08-20T02:24:18.7927907Z ok 82 - extractBandTablesFromReadme does not read a fenced example block as a second, real band table
test (22)	Run node --test test/*.test.js	2026-08-20T02:24:18.7928863Z   ---
test (22)	Run node --test test/*.test.js	2026-08-20T02:24:18.7929086Z   duration_ms: 0.537097
test (22)	Run node --test test/*.test.js	2026-08-20T02:24:18.7929427Z   type: 'test'
test (22)	Run node --test test/*.test.js	2026-08-20T02:24:18.7929637Z   ...
test (22)	Run node --test test/*.test.js	2026-08-20T02:24:18.7930776Z # Subtest: extractBandTablesFromReadme's recognised bands account for every structural `| Tag | Count |` table -- a table under an unrecognised heading shape is a loud mismatch, not a silent miss
test (22)	Run node --test test/*.test.js	2026-08-20T02:24:18.7932321Z ok 83 - extractBandTablesFromReadme's recognised bands account for every structural `| Tag | Count |` table -- a table under an unrecognised heading shape is a loud mismatch, not a silent miss
test (22)	Run node --test test/*.test.js	2026-08-20T02:24:18.7933427Z   ---
test (22)	Run node --test test/*.test.js	2026-08-20T02:24:18.7933743Z   duration_ms: 0.855814
test (22)	Run node --test test/*.test.js	2026-08-20T02:24:18.7934088Z   type: 'test'
test (22)	Run node --test test/*.test.js	2026-08-20T02:24:18.7934381Z   ...
test (22)	Run node --test test/*.test.js	2026-08-20T02:24:18.7935525Z # Subtest: every `| Tag | Count |` table in the real README Tag vocabulary section is a recognised band table (no table may hide under an unrecognised heading shape)
test (22)	Run node --test test/*.test.js	2026-08-20T02:24:18.7937297Z ok 84 - every `| Tag | Count |` table in the real README Tag vocabulary section is a recognised band table (no table may hide under an unrecognised heading shape)
test (22)	Run node --test test/*.test.js	2026-08-20T02:24:18.7938454Z   ---
test (22)	Run node --test test/*.test.js	2026-08-20T02:24:18.7938820Z   duration_ms: 0.70963
test (22)	Run node --test test/*.test.js	2026-08-20T02:24:18.7939134Z   type: 'test'
test (22)	Run node --test test/*.test.js	2026-08-20T02:24:18.7939418Z   ...
test (22)	Run node --test test/*.test.js	2026-08-20T02:24:18.7940098Z # Subtest: every band table in README Tag vocabulary contains exactly the corpus tags whose count fits that band
test (22)	Run node --test test/*.test.js	2026-08-20T02:24:18.7941173Z ok 85 - every band table in README Tag vocabulary contains exactly the corpus tags whose count fits that band
test (22)	Run node --test test/*.test.js	2026-08-20T02:24:18.7942125Z   ---
test (22)	Run node --test test/*.test.js	2026-08-20T02:24:18.7942340Z   duration_ms: 1.469315
test (22)	Run node --test test/*.test.js	2026-08-20T02:24:18.7942673Z   type: 'test'
test (22)	Run node --test test/*.test.js	2026-08-20T02:24:18.7942886Z   ...
test (22)	Run node --test test/*.test.js	2026-08-20T02:24:18.7943727Z # Subtest: every corpus tag appearing on 2+ entries must have a row in some band table (no band table may be deleted wholesale) (T-019)
test (22)	Run node --test test/*.test.js	2026-08-20T02:24:18.7945043Z ok 86 - every corpus tag appearing on 2+ entries must have a row in some band table (no band table may be deleted wholesale) (T-019)
test (22)	Run node --test test/*.test.js	2026-08-20T02:24:18.7945708Z   ---
test (22)	Run node --test test/*.test.js	2026-08-20T02:24:18.7945999Z   duration_ms: 0.367499
test (22)	Run node --test test/*.test.js	2026-08-20T02:24:18.7946325Z   type: 'test'
test (22)	Run node --test test/*.test.js	2026-08-20T02:24:18.7946535Z   ...
test (22)	Run node --test test/*.test.js	2026-08-20T02:24:18.7947452Z # Subtest: extractBandTablesFromReadme derives a band's row count purely from its table, ignoring decoy "N tags" phrases in the heading line (T-024b)
test (22)	Run node --test test/*.test.js	2026-08-20T02:24:18.7949030Z ok 87 - extractBandTablesFromReadme derives a band's row count purely from its table, ignoring decoy "N tags" phrases in the heading line (T-024b)
test (22)	Run node --test test/*.test.js	2026-08-20T02:24:18.7949686Z   ---
test (22)	Run node --test test/*.test.js	2026-08-20T02:24:18.7949890Z   duration_ms: 0.194935
test (22)	Run node --test test/*.test.js	2026-08-20T02:24:18.7950293Z   type: 'test'
test (22)	Run node --test test/*.test.js	2026-08-20T02:24:18.7950617Z   ...
test (22)	Run node --test test/*.test.js	2026-08-20T02:24:18.7951492Z # Subtest: README opening sentence must state correct multi-entry and single-entry tag counts
test (22)	Run node --test test/*.test.js	2026-08-20T02:24:18.7952820Z ok 88 - README opening sentence must state correct multi-entry and single-entry tag counts
test (22)	Run node --test test/*.test.js	2026-08-20T02:24:18.7953645Z   ---
test (22)	Run node --test test/*.test.js	2026-08-20T02:24:18.7954031Z   duration_ms: 0.550171
test (22)	Run node --test test/*.test.js	2026-08-20T02:24:18.7954283Z   type: 'test'
test (22)	Run node --test test/*.test.js	2026-08-20T02:24:18.7954491Z   ...
test (22)	Run node --test test/*.test.js	2026-08-20T02:24:18.7954976Z # Subtest: README Tag vocabulary section must contain no unrecognised count-claim digits (J-5)
test (22)	Run node --test test/*.test.js	2026-08-20T02:24:18.7955693Z ok 89 - README Tag vocabulary section must contain no unrecognised count-claim digits (J-5)
test (22)	Run node --test test/*.test.js	2026-08-20T02:24:18.7956133Z   ---
test (22)	Run node --test test/*.test.js	2026-08-20T02:24:18.7956328Z   duration_ms: 1.093711
test (22)	Run node --test test/*.test.js	2026-08-20T02:24:18.7956559Z   type: 'test'
test (22)	Run node --test test/*.test.js	2026-08-20T02:24:18.7956757Z   ...
test (22)	Run node --test test/*.test.js	2026-08-20T02:24:18.7957285Z # Subtest: README Attribution table "Entries ranked" count must match corpus.length and the triage doc (C1)
test (22)	Run node --test test/*.test.js	2026-08-20T02:24:18.7958105Z ok 90 - README Attribution table "Entries ranked" count must match corpus.length and the triage doc (C1)
test (22)	Run node --test test/*.test.js	2026-08-20T02:24:18.7958887Z   ---
test (22)	Run node --test test/*.test.js	2026-08-20T02:24:18.7959222Z   duration_ms: 1.133254
test (22)	Run node --test test/*.test.js	2026-08-20T02:24:18.7959596Z   type: 'test'
test (22)	Run node --test test/*.test.js	2026-08-20T02:24:18.7959810Z   ...
test (22)	Run node --test test/*.test.js	2026-08-20T02:24:18.7960300Z # Subtest: README Attribution table "Rated HIGH risk" count must match the triage doc table (C2)
test (22)	Run node --test test/*.test.js	2026-08-20T02:24:18.7961034Z ok 91 - README Attribution table "Rated HIGH risk" count must match the triage doc table (C2)
test (22)	Run node --test test/*.test.js	2026-08-20T02:24:18.7961474Z   ---
test (22)	Run node --test test/*.test.js	2026-08-20T02:24:18.7961671Z   duration_ms: 0.642675
test (22)	Run node --test test/*.test.js	2026-08-20T02:24:18.7961894Z   type: 'test'
test (22)	Run node --test test/*.test.js	2026-08-20T02:24:18.7962099Z   ...
test (22)	Run node --test test/*.test.js	2026-08-20T02:24:18.7962563Z # Subtest: README Attribution section must contain no digit runs outside the counts table (C7)
test (22)	Run node --test test/*.test.js	2026-08-20T02:24:18.7963281Z ok 92 - README Attribution section must contain no digit runs outside the counts table (C7)
test (22)	Run node --test test/*.test.js	2026-08-20T02:24:18.7963710Z   ---
test (22)	Run node --test test/*.test.js	2026-08-20T02:24:18.7963906Z   duration_ms: 0.427191
test (22)	Run node --test test/*.test.js	2026-08-20T02:24:18.7964127Z   type: 'test'
test (22)	Run node --test test/*.test.js	2026-08-20T02:24:18.7964326Z   ...
test (22)	Run node --test test/*.test.js	2026-08-20T02:24:18.7964659Z # Subtest: README Layout section paths must exist on disk (C6)
test (22)	Run node --test test/*.test.js	2026-08-20T02:24:18.7965168Z ok 93 - README Layout section paths must exist on disk (C6)
test (22)	Run node --test test/*.test.js	2026-08-20T02:24:18.7965484Z   ---
test (22)	Run node --test test/*.test.js	2026-08-20T02:24:18.7965679Z   duration_ms: 0.402133
test (22)	Run node --test test/*.test.js	2026-08-20T02:24:18.7965900Z   type: 'test'
test (22)	Run node --test test/*.test.js	2026-08-20T02:24:18.7966101Z   ...
test (22)	Run node --test test/*.test.js	2026-08-20T02:24:18.7966673Z # Subtest: getListBehaviourSection tolerates a reformatted "--list behaviour" heading with no backticks (T-021)
test (22)	Run node --test test/*.test.js	2026-08-20T02:24:18.7967554Z ok 94 - getListBehaviourSection tolerates a reformatted "--list behaviour" heading with no backticks (T-021)
test (22)	Run node --test test/*.test.js	2026-08-20T02:24:18.7968047Z   ---
test (22)	Run node --test test/*.test.js	2026-08-20T02:24:18.7968467Z   duration_ms: 0.461185
test (22)	Run node --test test/*.test.js	2026-08-20T02:24:18.7968958Z   type: 'test'
test (22)	Run node --test test/*.test.js	2026-08-20T02:24:18.7969175Z   ...
test (22)	Run node --test test/*.test.js	2026-08-20T02:24:18.7969935Z # Subtest: getListBehaviourSection still fails on a SEPARATOR MISMATCH (not a heading-parse error) when a reformatted heading's literal is mutated (T-021)
test (22)	Run node --test test/*.test.js	2026-08-20T02:24:18.7971249Z ok 95 - getListBehaviourSection still fails on a SEPARATOR MISMATCH (not a heading-parse error) when a reformatted heading's literal is mutated (T-021)
test (22)	Run node --test test/*.test.js	2026-08-20T02:24:18.7971954Z   ---
test (22)	Run node --test test/*.test.js	2026-08-20T02:24:18.7972177Z   duration_ms: 0.266349
test (22)	Run node --test test/*.test.js	2026-08-20T02:24:18.7972437Z   type: 'test'
test (22)	Run node --test test/*.test.js	2026-08-20T02:24:18.7972656Z   ...
test (22)	Run node --test test/*.test.js	2026-08-20T02:24:18.7973307Z # Subtest: getListBehaviourSection reports ambiguity loudly instead of taking the first of two qualifying headings (T-021)
test (22)	Run node --test test/*.test.js	2026-08-20T02:24:18.7974322Z ok 96 - getListBehaviourSection reports ambiguity loudly instead of taking the first of two qualifying headings (T-021)
test (22)	Run node --test test/*.test.js	2026-08-20T02:24:18.7974895Z   ---
test (22)	Run node --test test/*.test.js	2026-08-20T02:24:18.7975107Z   duration_ms: 0.945673
test (22)	Run node --test test/*.test.js	2026-08-20T02:24:18.7975364Z   type: 'test'
test (22)	Run node --test test/*.test.js	2026-08-20T02:24:18.7975586Z   ...
test (22)	Run node --test test/*.test.js	2026-08-20T02:24:18.7976166Z # Subtest: getListBehaviourSection does not let "--list-only" satisfy the standalone `--list` token (T-021)
test (22)	Run node --test test/*.test.js	2026-08-20T02:24:18.7977199Z ok 97 - getListBehaviourSection does not let "--list-only" satisfy the standalone `--list` token (T-021)
test (22)	Run node --test test/*.test.js	2026-08-20T02:24:18.7977711Z   ---
test (22)	Run node --test test/*.test.js	2026-08-20T02:24:18.7977936Z   duration_ms: 0.211587
test (22)	Run node --test test/*.test.js	2026-08-20T02:24:18.7978184Z   type: 'test'
test (22)	Run node --test test/*.test.js	2026-08-20T02:24:18.7978670Z   ...
test (22)	Run node --test test/*.test.js	2026-08-20T02:24:18.7979240Z # Subtest: getListBehaviourSection tolerates the American spelling "behavior" in the heading (T-027)
test (22)	Run node --test test/*.test.js	2026-08-20T02:24:18.7980076Z ok 98 - getListBehaviourSection tolerates the American spelling "behavior" in the heading (T-027)
test (22)	Run node --test test/*.test.js	2026-08-20T02:24:18.7980563Z   ---
test (22)	Run node --test test/*.test.js	2026-08-20T02:24:18.7980808Z   duration_ms: 0.170079
test (22)	Run node --test test/*.test.js	2026-08-20T02:24:18.7981053Z   type: 'test'
test (22)	Run node --test test/*.test.js	2026-08-20T02:24:18.7981253Z   ...
test (22)	Run node --test test/*.test.js	2026-08-20T02:24:18.7981994Z # Subtest: getListBehaviourSection still fails on a SEPARATOR MISMATCH (not a heading-parse error) under an American-spelled heading (T-027)
test (22)	Run node --test test/*.test.js	2026-08-20T02:24:18.7983171Z ok 99 - getListBehaviourSection still fails on a SEPARATOR MISMATCH (not a heading-parse error) under an American-spelled heading (T-027)
test (22)	Run node --test test/*.test.js	2026-08-20T02:24:18.7983771Z   ---
test (22)	Run node --test test/*.test.js	2026-08-20T02:24:18.7983972Z   duration_ms: 0.159138
test (22)	Run node --test test/*.test.js	2026-08-20T02:24:18.7984195Z   type: 'test'
test (22)	Run node --test test/*.test.js	2026-08-20T02:24:18.7984421Z   ...
test (22)	Run node --test test/*.test.js	2026-08-20T02:24:18.8004367Z # Subtest: README `--list` format literal matches the shipped binary's actual --list output (T-017)
test (22)	Run node --test test/*.test.js	2026-08-20T02:24:18.8005301Z ok 100 - README `--list` format literal matches the shipped binary's actual --list output (T-017)
test (22)	Run node --test test/*.test.js	2026-08-20T02:24:18.8005779Z   ---
test (22)	Run node --test test/*.test.js	2026-08-20T02:24:18.8005994Z   duration_ms: 40.365643
test (22)	Run node --test test/*.test.js	2026-08-20T02:24:18.8006238Z   type: 'test'
test (22)	Run node --test test/*.test.js	2026-08-20T02:24:18.8006444Z   ...
test (22)	Run node --test test/*.test.js	2026-08-20T02:24:18.8007013Z # Subtest: README `--author` matching section must state the correct count of distinct corpus authors (Q-8)
test (22)	Run node --test test/*.test.js	2026-08-20T02:24:18.8007843Z ok 101 - README `--author` matching section must state the correct count of distinct corpus authors (Q-8)
test (22)	Run node --test test/*.test.js	2026-08-20T02:24:18.8008622Z   ---
test (22)	Run node --test test/*.test.js	2026-08-20T02:24:18.8008840Z   duration_ms: 0.413695
test (22)	Run node --test test/*.test.js	2026-08-20T02:24:18.8009079Z   type: 'test'
test (22)	Run node --test test/*.test.js	2026-08-20T02:24:18.8009281Z   ...
test (22)	Run node --test test/*.test.js	2026-08-20T02:24:18.8009541Z # Subtest: corpus has at least 40 entries
test (22)	Run node --test test/*.test.js	2026-08-20T02:24:18.8009920Z ok 102 - corpus has at least 40 entries
test (22)	Run node --test test/*.test.js	2026-08-20T02:24:18.8010198Z   ---
test (22)	Run node --test test/*.test.js	2026-08-20T02:24:18.8010400Z   duration_ms: 1.649062
test (22)	Run node --test test/*.test.js	2026-08-20T02:24:18.8010625Z   type: 'test'
test (22)	Run node --test test/*.test.js	2026-08-20T02:24:18.8010828Z   ...
test (22)	Run node --test test/*.test.js	2026-08-20T02:24:18.8011273Z # Subtest: every corpus entry has non-empty text, non-empty author, and an array of tags
test (22)	Run node --test test/*.test.js	2026-08-20T02:24:18.8011934Z ok 103 - every corpus entry has non-empty text, non-empty author, and an array of tags
test (22)	Run node --test test/*.test.js	2026-08-20T02:24:18.8012355Z   ---
test (22)	Run node --test test/*.test.js	2026-08-20T02:24:18.8012550Z   duration_ms: 3.052854
test (22)	Run node --test test/*.test.js	2026-08-20T02:24:18.8012775Z   type: 'test'
test (22)	Run node --test test/*.test.js	2026-08-20T02:24:18.8012973Z   ...
test (22)	Run node --test test/*.test.js	2026-08-20T02:24:18.8013263Z # Subtest: filter: author match is case-insensitive
test (22)	Run node --test test/*.test.js	2026-08-20T02:24:18.8013890Z ok 104 - filter: author match is case-insensitive
test (22)	Run node --test test/*.test.js	2026-08-20T02:24:18.8014220Z   ---
test (22)	Run node --test test/*.test.js	2026-08-20T02:24:18.8014424Z   duration_ms: 1.124959
test (22)	Run node --test test/*.test.js	2026-08-20T02:24:18.8014648Z   type: 'test'
test (22)	Run node --test test/*.test.js	2026-08-20T02:24:18.8014832Z   ...
test (22)	Run node --test test/*.test.js	2026-08-20T02:24:18.8015106Z # Subtest: filter: tag match is case-insensitive
test (22)	Run node --test test/*.test.js	2026-08-20T02:24:18.8015488Z ok 105 - filter: tag match is case-insensitive
test (22)	Run node --test test/*.test.js	2026-08-20T02:24:18.8015802Z   ---
test (22)	Run node --test test/*.test.js	2026-08-20T02:24:18.8016005Z   duration_ms: 0.532739
test (22)	Run node --test test/*.test.js	2026-08-20T02:24:18.8016227Z   type: 'test'
test (22)	Run node --test test/*.test.js	2026-08-20T02:24:18.8016443Z   ...
test (22)	Run node --test test/*.test.js	2026-08-20T02:24:18.8016833Z # Subtest: filter: author and tag together narrow to the intersection (AND)
test (22)	Run node --test test/*.test.js	2026-08-20T02:24:18.8017403Z ok 106 - filter: author and tag together narrow to the intersection (AND)
test (22)	Run node --test test/*.test.js	2026-08-20T02:24:18.8017766Z   ---
test (22)	Run node --test test/*.test.js	2026-08-20T02:24:18.8017962Z   duration_ms: 0.461746
test (22)	Run node --test test/*.test.js	2026-08-20T02:24:18.8018178Z   type: 'test'
test (22)	Run node --test test/*.test.js	2026-08-20T02:24:18.8018697Z   ...
test (22)	Run node --test test/*.test.js	2026-08-20T02:24:18.8019045Z # Subtest: filter: undefined/absent options do not filter
test (22)	Run node --test test/*.test.js	2026-08-20T02:24:18.8019519Z ok 107 - filter: undefined/absent options do not filter
test (22)	Run node --test test/*.test.js	2026-08-20T02:24:18.8019837Z   ---
test (22)	Run node --test test/*.test.js	2026-08-20T02:24:18.8020124Z   duration_ms: 0.26142
test (22)	Run node --test test/*.test.js	2026-08-20T02:24:18.8020711Z   type: 'test'
test (22)	Run node --test test/*.test.js	2026-08-20T02:24:18.8021044Z   ...
test (22)	Run node --test test/*.test.js	2026-08-20T02:24:18.8021766Z # Subtest: pick: same seed over the same candidates always returns the same element
test (22)	Run node --test test/*.test.js	2026-08-20T02:24:18.8022618Z ok 108 - pick: same seed over the same candidates always returns the same element
test (22)	Run node --test test/*.test.js	2026-08-20T02:24:18.8023015Z   ---
test (22)	Run node --test test/*.test.js	2026-08-20T02:24:18.8023225Z   duration_ms: 0.749615
test (22)	Run node --test test/*.test.js	2026-08-20T02:24:18.8023455Z   type: 'test'
test (22)	Run node --test test/*.test.js	2026-08-20T02:24:18.8023654Z   ...
test (22)	Run node --test test/*.test.js	2026-08-20T02:24:18.8024019Z # Subtest: pick: different seeds generally produce different results
test (22)	Run node --test test/*.test.js	2026-08-20T02:24:18.8024547Z ok 109 - pick: different seeds generally produce different results
test (22)	Run node --test test/*.test.js	2026-08-20T02:24:18.8024892Z   ---
test (22)	Run node --test test/*.test.js	2026-08-20T02:24:18.8025099Z   duration_ms: 0.220603
test (22)	Run node --test test/*.test.js	2026-08-20T02:24:18.8025322Z   type: 'test'
test (22)	Run node --test test/*.test.js	2026-08-20T02:24:18.8025518Z   ...
test (22)	Run node --test test/*.test.js	2026-08-20T02:24:18.8025876Z # Subtest: pick: undefined seed picks a valid member (random mode)
test (22)	Run node --test test/*.test.js	2026-08-20T02:24:18.8026369Z ok 110 - pick: undefined seed picks a valid member (random mode)
test (22)	Run node --test test/*.test.js	2026-08-20T02:24:18.8026709Z   ---
test (22)	Run node --test test/*.test.js	2026-08-20T02:24:18.8026901Z   duration_ms: 0.370945
test (22)	Run node --test test/*.test.js	2026-08-20T02:24:18.8027128Z   type: 'test'
test (22)	Run node --test test/*.test.js	2026-08-20T02:24:18.8027322Z   ...
test (22)	Run node --test test/*.test.js	2026-08-20T02:24:18.8027719Z # Subtest: pick: null seed also triggers random mode and returns a valid member
test (22)	Run node --test test/*.test.js	2026-08-20T02:24:18.8028567Z ok 111 - pick: null seed also triggers random mode and returns a valid member
test (22)	Run node --test test/*.test.js	2026-08-20T02:24:18.8029011Z   ---
test (22)	Run node --test test/*.test.js	2026-08-20T02:24:18.8029206Z   duration_ms: 0.494747
test (22)	Run node --test test/*.test.js	2026-08-20T02:24:18.8029435Z   type: 'test'
test (22)	Run node --test test/*.test.js	2026-08-20T02:24:18.8029628Z   ...
test (22)	Run node --test test/*.test.js	2026-08-20T02:24:18.8029957Z # Subtest: pick: throws RangeError on empty candidates array
test (22)	Run node --test test/*.test.js	2026-08-20T02:24:18.8030416Z ok 112 - pick: throws RangeError on empty candidates array
test (22)	Run node --test test/*.test.js	2026-08-20T02:24:18.8030730Z   ---
test (22)	Run node --test test/*.test.js	2026-08-20T02:24:18.8030919Z   duration_ms: 0.662151
test (22)	Run node --test test/*.test.js	2026-08-20T02:24:18.8031142Z   type: 'test'
test (22)	Run node --test test/*.test.js	2026-08-20T02:24:18.8031340Z   ...
test (22)	Run node --test test/*.test.js	2026-08-20T02:24:18.8031719Z # Subtest: pick: Infinity seed is deterministic and returns a valid member
test (22)	Run node --test test/*.test.js	2026-08-20T02:24:18.8032280Z ok 113 - pick: Infinity seed is deterministic and returns a valid member
test (22)	Run node --test test/*.test.js	2026-08-20T02:24:18.8032638Z   ---
test (22)	Run node --test test/*.test.js	2026-08-20T02:24:18.8032835Z   duration_ms: 0.266239
test (22)	Run node --test test/*.test.js	2026-08-20T02:24:18.8033061Z   type: 'test'
test (22)	Run node --test test/*.test.js	2026-08-20T02:24:18.8033254Z   ...
test (22)	Run node --test test/*.test.js	2026-08-20T02:24:18.8033634Z # Subtest: pick: -Infinity seed is deterministic and returns a valid member
test (22)	Run node --test test/*.test.js	2026-08-20T02:24:18.8034194Z ok 114 - pick: -Infinity seed is deterministic and returns a valid member
test (22)	Run node --test test/*.test.js	2026-08-20T02:24:18.8034557Z   ---
test (22)	Run node --test test/*.test.js	2026-08-20T02:24:18.8034747Z   duration_ms: 0.225794
test (22)	Run node --test test/*.test.js	2026-08-20T02:24:18.8034975Z   type: 'test'
test (22)	Run node --test test/*.test.js	2026-08-20T02:24:18.8035166Z   ...
test (22)	Run node --test test/*.test.js	2026-08-20T02:24:18.8035561Z # Subtest: pick: NaN seed still uses the random branch and returns a valid member
test (22)	Run node --test test/*.test.js	2026-08-20T02:24:18.8036154Z ok 115 - pick: NaN seed still uses the random branch and returns a valid member
test (22)	Run node --test test/*.test.js	2026-08-20T02:24:18.8036675Z   ---
test (22)	Run node --test test/*.test.js	2026-08-20T02:24:18.8036867Z   duration_ms: 0.148789
test (22)	Run node --test test/*.test.js	2026-08-20T02:24:18.8037099Z   type: 'test'
test (22)	Run node --test test/*.test.js	2026-08-20T02:24:18.8037293Z   ...
test (22)	Run node --test test/*.test.js	2026-08-20T02:24:18.8037716Z # Subtest: pick: finite seed determinism is unchanged by the non-finite-seed fix
test (22)	Run node --test test/*.test.js	2026-08-20T02:24:18.8038646Z ok 116 - pick: finite seed determinism is unchanged by the non-finite-seed fix
test (22)	Run node --test test/*.test.js	2026-08-20T02:24:18.8039067Z   ---
test (22)	Run node --test test/*.test.js	2026-08-20T02:24:18.8039286Z   duration_ms: 1.775319
test (22)	Run node --test test/*.test.js	2026-08-20T02:24:18.8039525Z   type: 'test'
test (22)	Run node --test test/*.test.js	2026-08-20T02:24:18.8039726Z   ...
test (22)	Run node --test test/*.test.js	2026-08-20T02:24:18.8040078Z # Subtest: pick: every candidate is REACHABLE by an unseeded draw
test (22)	Run node --test test/*.test.js	2026-08-20T02:24:18.8040574Z ok 117 - pick: every candidate is REACHABLE by an unseeded draw
test (22)	Run node --test test/*.test.js	2026-08-20T02:24:18.8040908Z   ---
test (22)	Run node --test test/*.test.js	2026-08-20T02:24:18.8041105Z   duration_ms: 2.708207
test (22)	Run node --test test/*.test.js	2026-08-20T02:24:18.8041336Z   type: 'test'
test (22)	Run node --test test/*.test.js	2026-08-20T02:24:18.8041533Z   ...
test (22)	Run node --test test/*.test.js	2026-08-20T02:24:18.8041965Z # Subtest: pick: unseeded draws split the interval EQUALLY across candidates (uniform)
test (22)	Run node --test test/*.test.js	2026-08-20T02:24:18.8042620Z ok 118 - pick: unseeded draws split the interval EQUALLY across candidates (uniform)
test (22)	Run node --test test/*.test.js	2026-08-20T02:24:18.8043019Z   ---
test (22)	Run node --test test/*.test.js	2026-08-20T02:24:18.8043213Z   duration_ms: 1.476207
test (22)	Run node --test test/*.test.js	2026-08-20T02:24:18.8043586Z   type: 'test'
test (22)	Run node --test test/*.test.js	2026-08-20T02:24:18.8043779Z   ...
test (22)	Run node --test test/*.test.js	2026-08-20T02:24:18.8044229Z # Subtest: pick: single-element candidates always returns that element regardless of seed
test (22)	Run node --test test/*.test.js	2026-08-20T02:24:18.8044907Z ok 119 - pick: single-element candidates always returns that element regardless of seed
test (22)	Run node --test test/*.test.js	2026-08-20T02:24:18.8045324Z   ---
test (22)	Run node --test test/*.test.js	2026-08-20T02:24:18.8045518Z   duration_ms: 0.161513
test (22)	Run node --test test/*.test.js	2026-08-20T02:24:18.8045747Z   type: 'test'
test (22)	Run node --test test/*.test.js	2026-08-20T02:24:18.8045942Z   ...
test (22)	Run node --test test/*.test.js	2026-08-20T02:24:18.8046125Z 1..119
test (22)	Run node --test test/*.test.js	2026-08-20T02:24:18.8046318Z # tests 119
test (22)	Run node --test test/*.test.js	2026-08-20T02:24:18.8046513Z # suites 0
test (22)	Run node --test test/*.test.js	2026-08-20T02:24:18.8046705Z # pass 119
test (22)	Run node --test test/*.test.js	2026-08-20T02:24:18.8046895Z # fail 0
test (22)	Run node --test test/*.test.js	2026-08-20T02:24:18.8047092Z # cancelled 0
test (22)	Run node --test test/*.test.js	2026-08-20T02:24:18.8047294Z # skipped 0
test (22)	Run node --test test/*.test.js	2026-08-20T02:24:18.8047485Z # todo 0
test (22)	Run node --test test/*.test.js	2026-08-20T02:24:18.8047701Z # duration_ms 3155.391024
test (22)	Coverage report (informational, not a gate)	﻿2026-08-20T02:24:18.8104096Z ##[group]Run node --test --experimental-test-coverage test/*.test.js \
test (22)	Coverage report (informational, not a gate)	2026-08-20T02:24:18.8104650Z [36;1mnode --test --experimental-test-coverage test/*.test.js \[0m
test (22)	Coverage report (informational, not a gate)	2026-08-20T02:24:18.8105433Z [36;1m  || echo "NOTE: --experimental-test-coverage exited non-zero on Node 22 (see output above). This step is informational only and does not affect job status."[0m
test (22)	Coverage report (informational, not a gate)	2026-08-20T02:24:18.8144825Z shell: /usr/bin/bash -e {0}
test (22)	Coverage report (informational, not a gate)	2026-08-20T02:24:18.8145094Z ##[endgroup]
test (22)	Coverage report (informational, not a gate)	2026-08-20T02:24:18.8689649Z TAP version 13
test (22)	Coverage report (informational, not a gate)	2026-08-20T02:24:18.9205712Z # Subtest: zero args: no error, no filters set
test (22)	Coverage report (informational, not a gate)	2026-08-20T02:24:18.9219413Z ok 1 - zero args: no error, no filters set
test (22)	Coverage report (informational, not a gate)	2026-08-20T02:24:18.9229356Z   ---
test (22)	Coverage report (informational, not a gate)	2026-08-20T02:24:18.9229962Z   duration_ms: 1.470206
test (22)	Coverage report (informational, not a gate)	2026-08-20T02:24:18.9230543Z   type: 'test'
test (22)	Coverage report (informational, not a gate)	2026-08-20T02:24:18.9231072Z   ...
test (22)	Coverage report (informational, not a gate)	2026-08-20T02:24:18.9231732Z # Subtest: --author <name> sets author string
test (22)	Coverage report (informational, not a gate)	2026-08-20T02:24:18.9232753Z ok 2 - --author <name> sets author string
test (22)	Coverage report (informational, not a gate)	2026-08-20T02:24:18.9233518Z   ---
test (22)	Coverage report (informational, not a gate)	2026-08-20T02:24:18.9234100Z   duration_ms: 0.289162
test (22)	Coverage report (informational, not a gate)	2026-08-20T02:24:18.9234649Z   type: 'test'
test (22)	Coverage report (informational, not a gate)	2026-08-20T02:24:18.9235136Z   ...
test (22)	Coverage report (informational, not a gate)	2026-08-20T02:24:18.9235861Z # Subtest: --author=<name> equals form sets author string
test (22)	Coverage report (informational, not a gate)	2026-08-20T02:24:18.9237352Z ok 3 - --author=<name> equals form sets author string
test (22)	Coverage report (informational, not a gate)	2026-08-20T02:24:18.9248854Z   ---
test (22)	Coverage report (informational, not a gate)	2026-08-20T02:24:18.9269273Z   duration_ms: 0.149811
test (22)	Coverage report (informational, not a gate)	2026-08-20T02:24:18.9299109Z   type: 'test'
test (22)	Coverage report (informational, not a gate)	2026-08-20T02:24:18.9299927Z   ...
test (22)	Coverage report (informational, not a gate)	2026-08-20T02:24:18.9329311Z # Subtest: --tag <tag> sets tag string
test (22)	Coverage report (informational, not a gate)	2026-08-20T02:24:18.9344356Z ok 4 - --tag <tag> sets tag string
test (22)	Coverage report (informational, not a gate)	2026-08-20T02:24:18.9345139Z   ---
test (22)	Coverage report (informational, not a gate)	2026-08-20T02:24:18.9345726Z   duration_ms: 0.13353
test (22)	Coverage report (informational, not a gate)	2026-08-20T02:24:18.9346330Z   type: 'test'
test (22)	Coverage report (informational, not a gate)	2026-08-20T02:24:18.9346914Z   ...
test (22)	Coverage report (informational, not a gate)	2026-08-20T02:24:18.9347670Z # Subtest: --tag=<tag> equals form sets tag string
test (22)	Coverage report (informational, not a gate)	2026-08-20T02:24:18.9348914Z ok 5 - --tag=<tag> equals form sets tag string
test (22)	Coverage report (informational, not a gate)	2026-08-20T02:24:18.9349699Z   ---
test (22)	Coverage report (informational, not a gate)	2026-08-20T02:24:18.9350231Z   duration_ms: 0.135515
test (22)	Coverage report (informational, not a gate)	2026-08-20T02:24:18.9351284Z   type: 'test'
test (22)	Coverage report (informational, not a gate)	2026-08-20T02:24:18.9351842Z   ...
test (22)	Coverage report (informational, not a gate)	2026-08-20T02:24:18.9352542Z # Subtest: combined --author X --tag Y sets both
test (22)	Coverage report (informational, not a gate)	2026-08-20T02:24:18.9353420Z ok 6 - combined --author X --tag Y sets both
test (22)	Coverage report (informational, not a gate)	2026-08-20T02:24:18.9354115Z   ---
test (22)	Coverage report (informational, not a gate)	2026-08-20T02:24:18.9354624Z   duration_ms: 0.129532
test (22)	Coverage report (informational, not a gate)	2026-08-20T02:24:18.9355201Z   type: 'test'
test (22)	Coverage report (informational, not a gate)	2026-08-20T02:24:18.9355729Z   ...
test (22)	Coverage report (informational, not a gate)	2026-08-20T02:24:18.9356385Z # Subtest: --seed <n> parses as a number
test (22)	Coverage report (informational, not a gate)	2026-08-20T02:24:18.9357176Z ok 7 - --seed <n> parses as a number
test (22)	Coverage report (informational, not a gate)	2026-08-20T02:24:18.9357803Z   ---
test (22)	Coverage report (informational, not a gate)	2026-08-20T02:24:18.9358595Z   duration_ms: 0.21867
test (22)	Coverage report (informational, not a gate)	2026-08-20T02:24:18.9359273Z   type: 'test'
test (22)	Coverage report (informational, not a gate)	2026-08-20T02:24:18.9359805Z   ...
test (22)	Coverage report (informational, not a gate)	2026-08-20T02:24:18.9360531Z # Subtest: --seed=<n> equals form parses as a number
test (22)	Coverage report (informational, not a gate)	2026-08-20T02:24:18.9361435Z ok 8 - --seed=<n> equals form parses as a number
test (22)	Coverage report (informational, not a gate)	2026-08-20T02:24:18.9362145Z   ---
test (22)	Coverage report (informational, not a gate)	2026-08-20T02:24:18.9362667Z   duration_ms: 0.138891
test (22)	Coverage report (informational, not a gate)	2026-08-20T02:24:18.9363242Z   type: 'test'
test (22)	Coverage report (informational, not a gate)	2026-08-20T02:24:18.9363800Z   ...
test (22)	Coverage report (informational, not a gate)	2026-08-20T02:24:18.9364541Z # Subtest: --seed <n> accepts a negative number
test (22)	Coverage report (informational, not a gate)	2026-08-20T02:24:18.9365456Z ok 9 - --seed <n> accepts a negative number
test (22)	Coverage report (informational, not a gate)	2026-08-20T02:24:18.9366143Z   ---
test (22)	Coverage report (informational, not a gate)	2026-08-20T02:24:18.9366681Z   duration_ms: 0.128691
test (22)	Coverage report (informational, not a gate)	2026-08-20T02:24:18.9367380Z   type: 'test'
test (22)	Coverage report (informational, not a gate)	2026-08-20T02:24:18.9367913Z   ...
test (22)	Coverage report (informational, not a gate)	2026-08-20T02:24:18.9368948Z # Subtest: --seed=<n> equals form accepts a negative number
test (22)	Coverage report (informational, not a gate)	2026-08-20T02:24:18.9388970Z ok 10 - --seed=<n> equals form accepts a negative number
test (22)	Coverage report (informational, not a gate)	2026-08-20T02:24:18.9389933Z   ---
test (22)	Coverage report (informational, not a gate)	2026-08-20T02:24:18.9390543Z   duration_ms: 0.19213
test (22)	Coverage report (informational, not a gate)	2026-08-20T02:24:18.9391183Z   type: 'test'
test (22)	Coverage report (informational, not a gate)	2026-08-20T02:24:18.9391759Z   ...
test (22)	Coverage report (informational, not a gate)	2026-08-20T02:24:18.9392533Z # Subtest: non-numeric --seed is a usage error
test (22)	Coverage report (informational, not a gate)	2026-08-20T02:24:18.9393530Z ok 11 - non-numeric --seed is a usage error
test (22)	Coverage report (informational, not a gate)	2026-08-20T02:24:18.9394309Z   ---
test (22)	Coverage report (informational, not a gate)	2026-08-20T02:24:18.9394899Z   duration_ms: 0.290134
test (22)	Coverage report (informational, not a gate)	2026-08-20T02:24:18.9395550Z   type: 'test'
test (22)	Coverage report (informational, not a gate)	2026-08-20T02:24:18.9396163Z   ...
test (22)	Coverage report (informational, not a gate)	2026-08-20T02:24:18.9397015Z # Subtest: non-numeric --seed= equals form is a usage error
test (22)	Coverage report (informational, not a gate)	2026-08-20T02:24:18.9398997Z ok 12 - non-numeric --seed= equals form is a usage error
test (22)	Coverage report (informational, not a gate)	2026-08-20T02:24:18.9399867Z   ---
test (22)	Coverage report (informational, not a gate)	2026-08-20T02:24:18.9400482Z   duration_ms: 0.213561
test (22)	Coverage report (informational, not a gate)	2026-08-20T02:24:18.9401145Z   type: 'test'
test (22)	Coverage report (informational, not a gate)	2026-08-20T02:24:18.9401736Z   ...
test (22)	Coverage report (informational, not a gate)	2026-08-20T02:24:18.9402459Z # Subtest: --list sets list: true
test (22)	Coverage report (informational, not a gate)	2026-08-20T02:24:18.9403236Z ok 13 - --list sets list: true
test (22)	Coverage report (informational, not a gate)	2026-08-20T02:24:18.9403842Z   ---
test (22)	Coverage report (informational, not a gate)	2026-08-20T02:24:18.9404423Z   duration_ms: 0.127549
test (22)	Coverage report (informational, not a gate)	2026-08-20T02:24:18.9405028Z   type: 'test'
test (22)	Coverage report (informational, not a gate)	2026-08-20T02:24:18.9405555Z   ...
test (22)	Coverage report (informational, not a gate)	2026-08-20T02:24:18.9406207Z # Subtest: --json sets json: true
test (22)	Coverage report (informational, not a gate)	2026-08-20T02:24:18.9406925Z ok 14 - --json sets json: true
test (22)	Coverage report (informational, not a gate)	2026-08-20T02:24:18.9407540Z   ---
test (22)	Coverage report (informational, not a gate)	2026-08-20T02:24:18.9408036Z   duration_ms: 0.122961
test (22)	Coverage report (informational, not a gate)	2026-08-20T02:24:18.9408938Z   type: 'test'
test (22)	Coverage report (informational, not a gate)	2026-08-20T02:24:18.9409450Z   ...
test (22)	Coverage report (informational, not a gate)	2026-08-20T02:24:18.9410072Z # Subtest: --help sets help: true
test (22)	Coverage report (informational, not a gate)	2026-08-20T02:24:18.9410790Z ok 15 - --help sets help: true
test (22)	Coverage report (informational, not a gate)	2026-08-20T02:24:18.9411416Z   ---
test (22)	Coverage report (informational, not a gate)	2026-08-20T02:24:18.9411952Z   duration_ms: 0.122289
test (22)	Coverage report (informational, not a gate)	2026-08-20T02:24:18.9412541Z   type: 'test'
test (22)	Coverage report (informational, not a gate)	2026-08-20T02:24:18.9413133Z   ...
test (22)	Coverage report (informational, not a gate)	2026-08-20T02:24:18.9413771Z # Subtest: -h sets help: true
test (22)	Coverage report (informational, not a gate)	2026-08-20T02:24:18.9414606Z ok 16 - -h sets help: true
test (22)	Coverage report (informational, not a gate)	2026-08-20T02:24:18.9415280Z   ---
test (22)	Coverage report (informational, not a gate)	2026-08-20T02:24:18.9415864Z   duration_ms: 0.11183
test (22)	Coverage report (informational, not a gate)	2026-08-20T02:24:18.9416503Z   type: 'test'
test (22)	Coverage report (informational, not a gate)	2026-08-20T02:24:18.9417082Z   ...
test (22)	Coverage report (informational, not a gate)	2026-08-20T02:24:18.9417806Z # Subtest: unknown flag is a usage error
test (22)	Coverage report (informational, not a gate)	2026-08-20T02:24:18.9418942Z ok 17 - unknown flag is a usage error
test (22)	Coverage report (informational, not a gate)	2026-08-20T02:24:18.9419675Z   ---
test (22)	Coverage report (informational, not a gate)	2026-08-20T02:24:18.9420265Z   duration_ms: 1.02947
test (22)	Coverage report (informational, not a gate)	2026-08-20T02:24:18.9420912Z   type: 'test'
test (22)	Coverage report (informational, not a gate)	2026-08-20T02:24:18.9421519Z   ...
test (22)	Coverage report (informational, not a gate)	2026-08-20T02:24:18.9422254Z # Subtest: unknown short flag is a usage error
test (22)	Coverage report (informational, not a gate)	2026-08-20T02:24:18.9423197Z ok 18 - unknown short flag is a usage error
test (22)	Coverage report (informational, not a gate)	2026-08-20T02:24:18.9423934Z   ---
test (22)	Coverage report (informational, not a gate)	2026-08-20T02:24:18.9424435Z   duration_ms: 0.172554
test (22)	Coverage report (informational, not a gate)	2026-08-20T02:24:18.9424924Z   type: 'test'
test (22)	Coverage report (informational, not a gate)	2026-08-20T02:24:18.9425667Z   ...
test (22)	Coverage report (informational, not a gate)	2026-08-20T02:24:18.9426547Z # Subtest: --author missing value at end of argv is a usage error
test (22)	Coverage report (informational, not a gate)	2026-08-20T02:24:18.9427752Z ok 19 - --author missing value at end of argv is a usage error
test (22)	Coverage report (informational, not a gate)	2026-08-20T02:24:18.9454910Z   ---
test (22)	Coverage report (informational, not a gate)	2026-08-20T02:24:18.9496848Z   duration_ms: 0.150302
test (22)	Coverage report (informational, not a gate)	2026-08-20T02:24:18.9514992Z   type: 'test'
test (22)	Coverage report (informational, not a gate)	2026-08-20T02:24:18.9515563Z   ...
test (22)	Coverage report (informational, not a gate)	2026-08-20T02:24:18.9516475Z # Subtest: --tag missing value because next token is another flag is a usage error
test (22)	Coverage report (informational, not a gate)	2026-08-20T02:24:18.9517648Z ok 20 - --tag missing value because next token is another flag is a usage error
test (22)	Coverage report (informational, not a gate)	2026-08-20T02:24:18.9518813Z   ---
test (22)	Coverage report (informational, not a gate)	2026-08-20T02:24:18.9519333Z   duration_ms: 0.137066
test (22)	Coverage report (informational, not a gate)	2026-08-20T02:24:18.9519878Z   type: 'test'
test (22)	Coverage report (informational, not a gate)	2026-08-20T02:24:18.9520350Z   ...
test (22)	Coverage report (informational, not a gate)	2026-08-20T02:24:18.9521097Z # Subtest: --seed missing value at end of argv is a usage error
test (22)	Coverage report (informational, not a gate)	2026-08-20T02:24:18.9522093Z ok 21 - --seed missing value at end of argv is a usage error
test (22)	Coverage report (informational, not a gate)	2026-08-20T02:24:18.9522810Z   ---
test (22)	Coverage report (informational, not a gate)	2026-08-20T02:24:18.9523310Z   duration_ms: 0.124994
test (22)	Coverage report (informational, not a gate)	2026-08-20T02:24:18.9523926Z   type: 'test'
test (22)	Coverage report (informational, not a gate)	2026-08-20T02:24:18.9524424Z   ...
test (22)	Coverage report (informational, not a gate)	2026-08-20T02:24:18.9525109Z # Subtest: --author= with empty value is a usage error
test (22)	Coverage report (informational, not a gate)	2026-08-20T02:24:18.9526127Z ok 22 - --author= with empty value is a usage error
test (22)	Coverage report (informational, not a gate)	2026-08-20T02:24:18.9526815Z   ---
test (22)	Coverage report (informational, not a gate)	2026-08-20T02:24:18.9527317Z   duration_ms: 0.107692
test (22)	Coverage report (informational, not a gate)	2026-08-20T02:24:18.9527858Z   type: 'test'
test (22)	Coverage report (informational, not a gate)	2026-08-20T02:24:18.9528668Z   ...
test (22)	Coverage report (informational, not a gate)	2026-08-20T02:24:18.9529528Z # Subtest: a bare positional argument (not a flag) is a usage error
test (22)	Coverage report (informational, not a gate)	2026-08-20T02:24:18.9530580Z ok 23 - a bare positional argument (not a flag) is a usage error
test (22)	Coverage report (informational, not a gate)	2026-08-20T02:24:18.9531333Z   ---
test (22)	Coverage report (informational, not a gate)	2026-08-20T02:24:18.9531831Z   duration_ms: 0.10145
test (22)	Coverage report (informational, not a gate)	2026-08-20T02:24:18.9532380Z   type: 'test'
test (22)	Coverage report (informational, not a gate)	2026-08-20T02:24:18.9532857Z   ...
test (22)	Coverage report (informational, not a gate)	2026-08-20T02:24:18.9533537Z # Subtest: parseArgs never throws on malformed input
test (22)	Coverage report (informational, not a gate)	2026-08-20T02:24:18.9534443Z ok 24 - parseArgs never throws on malformed input
test (22)	Coverage report (informational, not a gate)	2026-08-20T02:24:18.9535137Z   ---
test (22)	Coverage report (informational, not a gate)	2026-08-20T02:24:18.9535638Z   duration_ms: 0.295774
test (22)	Coverage report (informational, not a gate)	2026-08-20T02:24:18.9536203Z   type: 'test'
test (22)	Coverage report (informational, not a gate)	2026-08-20T02:24:18.9537124Z   ...
test (22)	Coverage report (informational, not a gate)	2026-08-20T02:24:18.9537878Z # Subtest: absent options are undefined/false, never null
test (22)	Coverage report (informational, not a gate)	2026-08-20T02:24:18.9539096Z ok 25 - absent options are undefined/false, never null
test (22)	Coverage report (informational, not a gate)	2026-08-20T02:24:18.9539817Z   ---
test (22)	Coverage report (informational, not a gate)	2026-08-20T02:24:18.9540319Z   duration_ms: 0.160531
test (22)	Coverage report (informational, not a gate)	2026-08-20T02:24:18.9540881Z   type: 'test'
test (22)	Coverage report (informational, not a gate)	2026-08-20T02:24:18.9541394Z   ...
test (22)	Coverage report (informational, not a gate)	2026-08-20T02:24:18.9542162Z # Subtest: HELP is a non-empty string mentioning every flag name
test (22)	Coverage report (informational, not a gate)	2026-08-20T02:24:18.9543198Z ok 26 - HELP is a non-empty string mentioning every flag name
test (22)	Coverage report (informational, not a gate)	2026-08-20T02:24:18.9543939Z   ---
test (22)	Coverage report (informational, not a gate)	2026-08-20T02:24:18.9544418Z   duration_ms: 0.199214
test (22)	Coverage report (informational, not a gate)	2026-08-20T02:24:18.9544992Z   type: 'test'
test (22)	Coverage report (informational, not a gate)	2026-08-20T02:24:18.9545494Z   ...
test (22)	Coverage report (informational, not a gate)	2026-08-20T02:24:18.9546236Z # Subtest: HELP fits comfortably on one 24-line terminal screen
test (22)	Coverage report (informational, not a gate)	2026-08-20T02:24:18.9547232Z ok 27 - HELP fits comfortably on one 24-line terminal screen
test (22)	Coverage report (informational, not a gate)	2026-08-20T02:24:18.9547943Z   ---
test (22)	Coverage report (informational, not a gate)	2026-08-20T02:24:18.9548844Z   duration_ms: 0.121488
test (22)	Coverage report (informational, not a gate)	2026-08-20T02:24:18.9549472Z   type: 'test'
test (22)	Coverage report (informational, not a gate)	2026-08-20T02:24:18.9549970Z   ...
test (22)	Coverage report (informational, not a gate)	2026-08-20T02:24:18.9550874Z # Subtest: --seed Infinity / --seed -Infinity parse to numbers, not a usage error
test (22)	Coverage report (informational, not a gate)	2026-08-20T02:24:18.9552160Z ok 28 - --seed Infinity / --seed -Infinity parse to numbers, not a usage error
test (22)	Coverage report (informational, not a gate)	2026-08-20T02:24:18.9553005Z   ---
test (22)	Coverage report (informational, not a gate)	2026-08-20T02:24:18.9553478Z   duration_ms: 0.1441
test (22)	Coverage report (informational, not a gate)	2026-08-20T02:24:18.9554008Z   type: 'test'
test (22)	Coverage report (informational, not a gate)	2026-08-20T02:24:18.9554474Z   ...
test (22)	Coverage report (informational, not a gate)	2026-08-20T02:24:22.6599199Z # Subtest: bare invocation prints one attributed aphorism and exits 0
test (22)	Coverage report (informational, not a gate)	2026-08-20T02:24:22.6600455Z ok 29 - bare invocation prints one attributed aphorism and exits 0
test (22)	Coverage report (informational, not a gate)	2026-08-20T02:24:22.6609112Z   ---
test (22)	Coverage report (informational, not a gate)	2026-08-20T02:24:22.6623327Z   duration_ms: 52.07347
test (22)	Coverage report (informational, not a gate)	2026-08-20T02:24:22.6642867Z   type: 'test'
test (22)	Coverage report (informational, not a gate)	2026-08-20T02:24:22.6643463Z   ...
test (22)	Coverage report (informational, not a gate)	2026-08-20T02:24:22.6644144Z # Subtest: --seed is deterministic across separate processes
test (22)	Coverage report (informational, not a gate)	2026-08-20T02:24:22.6645066Z ok 30 - --seed is deterministic across separate processes
test (22)	Coverage report (informational, not a gate)	2026-08-20T02:24:22.6646279Z   ---
test (22)	Coverage report (informational, not a gate)	2026-08-20T02:24:22.6646670Z   duration_ms: 94.078506
test (22)	Coverage report (informational, not a gate)	2026-08-20T02:24:22.6647039Z   type: 'test'
test (22)	Coverage report (informational, not a gate)	2026-08-20T02:24:22.6647473Z   ...
test (22)	Coverage report (informational, not a gate)	2026-08-20T02:24:22.6648037Z # Subtest: different seeds do not all collapse to one aphorism
test (22)	Coverage report (informational, not a gate)	2026-08-20T02:24:22.6649271Z ok 31 - different seeds do not all collapse to one aphorism
test (22)	Coverage report (informational, not a gate)	2026-08-20T02:24:22.6650199Z   ---
test (22)	Coverage report (informational, not a gate)	2026-08-20T02:24:22.6650875Z   duration_ms: 533.702334
test (22)	Coverage report (informational, not a gate)	2026-08-20T02:24:22.6651929Z   type: 'test'
test (22)	Coverage report (informational, not a gate)	2026-08-20T02:24:22.6652490Z   ...
test (22)	Coverage report (informational, not a gate)	2026-08-20T02:24:22.6653401Z # Subtest: --json emits a single-line JSON object with text/author/tags
test (22)	Coverage report (informational, not a gate)	2026-08-20T02:24:22.6654655Z ok 32 - --json emits a single-line JSON object with text/author/tags
test (22)	Coverage report (informational, not a gate)	2026-08-20T02:24:22.6655504Z   ---
test (22)	Coverage report (informational, not a gate)	2026-08-20T02:24:22.6656067Z   duration_ms: 36.37091
test (22)	Coverage report (informational, not a gate)	2026-08-20T02:24:22.6656714Z   type: 'test'
test (22)	Coverage report (informational, not a gate)	2026-08-20T02:24:22.6657273Z   ...
test (22)	Coverage report (informational, not a gate)	2026-08-20T02:24:22.6658082Z # Subtest: --list prints every entry in the filtered set
test (22)	Coverage report (informational, not a gate)	2026-08-20T02:24:22.6659481Z ok 33 - --list prints every entry in the filtered set
test (22)	Coverage report (informational, not a gate)	2026-08-20T02:24:22.6660372Z   ---
test (22)	Coverage report (informational, not a gate)	2026-08-20T02:24:22.6660995Z   duration_ms: 43.38323
test (22)	Coverage report (informational, not a gate)	2026-08-20T02:24:22.6661664Z   type: 'test'
test (22)	Coverage report (informational, not a gate)	2026-08-20T02:24:22.6662357Z   ...
test (22)	Coverage report (informational, not a gate)	2026-08-20T02:24:22.6663155Z # Subtest: --help prints usage to stdout and exits 0
test (22)	Coverage report (informational, not a gate)	2026-08-20T02:24:22.6664116Z ok 34 - --help prints usage to stdout and exits 0
test (22)	Coverage report (informational, not a gate)	2026-08-20T02:24:22.6664866Z   ---
test (22)	Coverage report (informational, not a gate)	2026-08-20T02:24:22.6665405Z   duration_ms: 44.598493
test (22)	Coverage report (informational, not a gate)	2026-08-20T02:24:22.6665988Z   type: 'test'
test (22)	Coverage report (informational, not a gate)	2026-08-20T02:24:22.6666511Z   ...
test (22)	Coverage report (informational, not a gate)	2026-08-20T02:24:22.6667358Z # Subtest: no match exits 1 with stderr only and zero bytes on stdout
test (22)	Coverage report (informational, not a gate)	2026-08-20T02:24:22.6668830Z ok 35 - no match exits 1 with stderr only and zero bytes on stdout
test (22)	Coverage report (informational, not a gate)	2026-08-20T02:24:22.6669661Z   ---
test (22)	Coverage report (informational, not a gate)	2026-08-20T02:24:22.6670205Z   duration_ms: 35.86972
test (22)	Coverage report (informational, not a gate)	2026-08-20T02:24:22.6670810Z   type: 'test'
test (22)	Coverage report (informational, not a gate)	2026-08-20T02:24:22.6671382Z   ...
test (22)	Coverage report (informational, not a gate)	2026-08-20T02:24:22.6672228Z # Subtest: unknown flag is a usage error, exit 2, stdout clean
test (22)	Coverage report (informational, not a gate)	2026-08-20T02:24:22.6673282Z ok 36 - unknown flag is a usage error, exit 2, stdout clean
test (22)	Coverage report (informational, not a gate)	2026-08-20T02:24:22.6674430Z   ---
test (22)	Coverage report (informational, not a gate)	2026-08-20T02:24:22.6674987Z   duration_ms: 36.689382
test (22)	Coverage report (informational, not a gate)	2026-08-20T02:24:22.6675592Z   type: 'test'
test (22)	Coverage report (informational, not a gate)	2026-08-20T02:24:22.6676156Z   ...
test (22)	Coverage report (informational, not a gate)	2026-08-20T02:24:22.6676897Z # Subtest: non-numeric seed is a usage error, exit 2
test (22)	Coverage report (informational, not a gate)	2026-08-20T02:24:22.6677830Z ok 37 - non-numeric seed is a usage error, exit 2
test (22)	Coverage report (informational, not a gate)	2026-08-20T02:24:22.6678954Z   ---
test (22)	Coverage report (informational, not a gate)	2026-08-20T02:24:22.6679617Z   duration_ms: 35.891089
test (22)	Coverage report (informational, not a gate)	2026-08-20T02:24:22.6680307Z   type: 'test'
test (22)	Coverage report (informational, not a gate)	2026-08-20T02:24:22.6680926Z   ...
test (22)	Coverage report (informational, not a gate)	2026-08-20T02:24:22.6681864Z # Subtest: author filter is case-insensitive and narrows the list
test (22)	Coverage report (informational, not a gate)	2026-08-20T02:24:22.6683049Z ok 38 - author filter is case-insensitive and narrows the list
test (22)	Coverage report (informational, not a gate)	2026-08-20T02:24:22.6683895Z   ---
test (22)	Coverage report (informational, not a gate)	2026-08-20T02:24:22.6684471Z   duration_ms: 73.240999
test (22)	Coverage report (informational, not a gate)	2026-08-20T02:24:22.6685111Z   type: 'test'
test (22)	Coverage report (informational, not a gate)	2026-08-20T02:24:22.6685700Z   ...
test (22)	Coverage report (informational, not a gate)	2026-08-20T02:24:22.6686912Z # Subtest: output is pipe-safe — no ANSI escapes when not a TTY
test (22)	Coverage report (informational, not a gate)	2026-08-20T02:24:22.6688532Z ok 39 - output is pipe-safe — no ANSI escapes when not a TTY
test (22)	Coverage report (informational, not a gate)	2026-08-20T02:24:22.6689456Z   ---
test (22)	Coverage report (informational, not a gate)	2026-08-20T02:24:22.6690029Z   duration_ms: 45.528532
test (22)	Coverage report (informational, not a gate)	2026-08-20T02:24:22.6690678Z   type: 'test'
test (22)	Coverage report (informational, not a gate)	2026-08-20T02:24:22.6691268Z   ...
test (22)	Coverage report (informational, not a gate)	2026-08-20T02:24:22.6703146Z # Subtest: --tag matches membership, not substring containment
test (22)	Coverage report (informational, not a gate)	2026-08-20T02:24:22.6704139Z ok 40 - --tag matches membership, not substring containment
test (22)	Coverage report (informational, not a gate)	2026-08-20T02:24:22.6705029Z   ---
test (22)	Coverage report (informational, not a gate)	2026-08-20T02:24:22.6705419Z   duration_ms: 76.095071
test (22)	Coverage report (informational, not a gate)	2026-08-20T02:24:22.6705851Z   type: 'test'
test (22)	Coverage report (informational, not a gate)	2026-08-20T02:24:22.6706210Z   ...
test (22)	Coverage report (informational, not a gate)	2026-08-20T02:24:22.6706933Z # Subtest: --list prints exactly one line per matching entry, no drops
test (22)	Coverage report (informational, not a gate)	2026-08-20T02:24:22.6707964Z ok 41 - --list prints exactly one line per matching entry, no drops
test (22)	Coverage report (informational, not a gate)	2026-08-20T02:24:22.6708991Z   ---
test (22)	Coverage report (informational, not a gate)	2026-08-20T02:24:22.6709399Z   duration_ms: 35.20637
test (22)	Coverage report (informational, not a gate)	2026-08-20T02:24:22.6709840Z   type: 'test'
test (22)	Coverage report (informational, not a gate)	2026-08-20T02:24:22.6710205Z   ...
test (22)	Coverage report (informational, not a gate)	2026-08-20T02:24:22.6710905Z # Subtest: --list preserves corpus order (first and last line match)
test (22)	Coverage report (informational, not a gate)	2026-08-20T02:24:22.6712382Z ok 42 - --list preserves corpus order (first and last line match)
test (22)	Coverage report (informational, not a gate)	2026-08-20T02:24:22.6713038Z   ---
test (22)	Coverage report (informational, not a gate)	2026-08-20T02:24:22.6713413Z   duration_ms: 34.803726
test (22)	Coverage report (informational, not a gate)	2026-08-20T02:24:22.6713864Z   type: 'test'
test (22)	Coverage report (informational, not a gate)	2026-08-20T02:24:22.6714222Z   ...
test (22)	Coverage report (informational, not a gate)	2026-08-20T02:24:22.6714897Z # Subtest: --json output is exactly one line, never pretty-printed
test (22)	Coverage report (informational, not a gate)	2026-08-20T02:24:22.6715859Z ok 43 - --json output is exactly one line, never pretty-printed
test (22)	Coverage report (informational, not a gate)	2026-08-20T02:24:22.6716493Z   ---
test (22)	Coverage report (informational, not a gate)	2026-08-20T02:24:22.6716856Z   duration_ms: 36.429858
test (22)	Coverage report (informational, not a gate)	2026-08-20T02:24:22.6717290Z   type: 'test'
test (22)	Coverage report (informational, not a gate)	2026-08-20T02:24:22.6717658Z   ...
test (22)	Coverage report (informational, not a gate)	2026-08-20T02:24:22.6718898Z # Subtest: --list --json emits newline-delimited JSON, one object per line, in corpus order
test (22)	Coverage report (informational, not a gate)	2026-08-20T02:24:22.6720135Z ok 44 - --list --json emits newline-delimited JSON, one object per line, in corpus order
test (22)	Coverage report (informational, not a gate)	2026-08-20T02:24:22.6720925Z   ---
test (22)	Coverage report (informational, not a gate)	2026-08-20T02:24:22.6721310Z   duration_ms: 37.270628
test (22)	Coverage report (informational, not a gate)	2026-08-20T02:24:22.6721807Z   type: 'test'
test (22)	Coverage report (informational, not a gate)	2026-08-20T02:24:22.6722171Z   ...
test (22)	Coverage report (informational, not a gate)	2026-08-20T02:24:22.6723325Z # Subtest: --json composes with --seed: the seeded JSON pick is reproducible AND is the same entry as the plain-text pick
test (22)	Coverage report (informational, not a gate)	2026-08-20T02:24:22.6725061Z ok 45 - --json composes with --seed: the seeded JSON pick is reproducible AND is the same entry as the plain-text pick
test (22)	Coverage report (informational, not a gate)	2026-08-20T02:24:22.6726020Z   ---
test (22)	Coverage report (informational, not a gate)	2026-08-20T02:24:22.6726394Z   duration_ms: 645.62552
test (22)	Coverage report (informational, not a gate)	2026-08-20T02:24:22.6726793Z   type: 'test'
test (22)	Coverage report (informational, not a gate)	2026-08-20T02:24:22.6727130Z   ...
test (22)	Coverage report (informational, not a gate)	2026-08-20T02:24:22.6728100Z # Subtest: --json composes with the filter flags: the JSON pick is always a member of the FILTERED set
test (22)	Coverage report (informational, not a gate)	2026-08-20T02:24:22.6730714Z ok 46 - --json composes with the filter flags: the JSON pick is always a member of the FILTERED set
test (22)	Coverage report (informational, not a gate)	2026-08-20T02:24:22.6731617Z   ---
test (22)	Coverage report (informational, not a gate)	2026-08-20T02:24:22.6731989Z   duration_ms: 864.532812
test (22)	Coverage report (informational, not a gate)	2026-08-20T02:24:22.6732407Z   type: 'test'
test (22)	Coverage report (informational, not a gate)	2026-08-20T02:24:22.6732841Z   ...
test (22)	Coverage report (informational, not a gate)	2026-08-20T02:24:22.6750521Z # Subtest: --list accepts a valid --seed and IGNORES it: output is byte-identical across seeds
test (22)	Coverage report (informational, not a gate)	2026-08-20T02:24:22.6769181Z ok 47 - --list accepts a valid --seed and IGNORES it: output is byte-identical across seeds
test (22)	Coverage report (informational, not a gate)	2026-08-20T02:24:22.6770134Z   ---
test (22)	Coverage report (informational, not a gate)	2026-08-20T02:24:22.6770590Z   duration_ms: 383.446037
test (22)	Coverage report (informational, not a gate)	2026-08-20T02:24:22.6771050Z   type: 'test'
test (22)	Coverage report (informational, not a gate)	2026-08-20T02:24:22.6771427Z   ...
test (22)	Coverage report (informational, not a gate)	2026-08-20T02:24:22.6772621Z # Subtest: --list --seed abc is a usage error, exit 2, stdout empty, stderr carries the diagnostic
test (22)	Coverage report (informational, not a gate)	2026-08-20T02:24:22.6774062Z ok 48 - --list --seed abc is a usage error, exit 2, stdout empty, stderr carries the diagnostic
test (22)	Coverage report (informational, not a gate)	2026-08-20T02:24:22.6774959Z   ---
test (22)	Coverage report (informational, not a gate)	2026-08-20T02:24:22.6775365Z   duration_ms: 44.063185
test (22)	Coverage report (informational, not a gate)	2026-08-20T02:24:22.6775784Z   type: 'test'
test (22)	Coverage report (informational, not a gate)	2026-08-20T02:24:22.6776313Z   ...
test (22)	Coverage report (informational, not a gate)	2026-08-20T02:24:22.6777330Z # Subtest: --seed abc --list (erroring flag BEFORE --list) is still a usage error, exit 2, stdout empty
test (22)	Coverage report (informational, not a gate)	2026-08-20T02:24:22.6779048Z ok 49 - --seed abc --list (erroring flag BEFORE --list) is still a usage error, exit 2, stdout empty
test (22)	Coverage report (informational, not a gate)	2026-08-20T02:24:22.6779964Z   ---
test (22)	Coverage report (informational, not a gate)	2026-08-20T02:24:22.6780400Z   duration_ms: 35.339079
test (22)	Coverage report (informational, not a gate)	2026-08-20T02:24:22.6780886Z   type: 'test'
test (22)	Coverage report (informational, not a gate)	2026-08-20T02:24:22.6781277Z   ...
test (22)	Coverage report (informational, not a gate)	2026-08-20T02:24:22.6782082Z # Subtest: --list --seed=  (empty seed value) is a usage error, exit 2, stdout empty
test (22)	Coverage report (informational, not a gate)	2026-08-20T02:24:22.6783263Z ok 50 - --list --seed=  (empty seed value) is a usage error, exit 2, stdout empty
test (22)	Coverage report (informational, not a gate)	2026-08-20T02:24:22.6784010Z   ---
test (22)	Coverage report (informational, not a gate)	2026-08-20T02:24:22.6784392Z   duration_ms: 34.984585
test (22)	Coverage report (informational, not a gate)	2026-08-20T02:24:22.6784832Z   type: 'test'
test (22)	Coverage report (informational, not a gate)	2026-08-20T02:24:22.6785204Z   ...
test (22)	Coverage report (informational, not a gate)	2026-08-20T02:24:22.6786127Z # Subtest: --list --seed "   " (whitespace-only seed value) is a usage error, exit 2, stdout empty
test (22)	Coverage report (informational, not a gate)	2026-08-20T02:24:22.6787518Z ok 51 - --list --seed "   " (whitespace-only seed value) is a usage error, exit 2, stdout empty
test (22)	Coverage report (informational, not a gate)	2026-08-20T02:24:22.6788603Z   ---
test (22)	Coverage report (informational, not a gate)	2026-08-20T02:24:22.6788994Z   duration_ms: 38.669746
test (22)	Coverage report (informational, not a gate)	2026-08-20T02:24:22.6789430Z   type: 'test'
test (22)	Coverage report (informational, not a gate)	2026-08-20T02:24:22.6789826Z   ...
test (22)	Coverage report (informational, not a gate)	2026-08-20T02:24:22.6791255Z # Subtest: --list --nosuchflag (unknown flag) is a usage error, exit 2, stdout empty — --list does not swallow it
test (22)	Coverage report (informational, not a gate)	2026-08-20T02:24:22.6793645Z ok 52 - --list --nosuchflag (unknown flag) is a usage error, exit 2, stdout empty — --list does not swallow it
test (22)	Coverage report (informational, not a gate)	2026-08-20T02:24:22.6794577Z   ---
test (22)	Coverage report (informational, not a gate)	2026-08-20T02:24:22.6794978Z   duration_ms: 37.569997
test (22)	Coverage report (informational, not a gate)	2026-08-20T02:24:22.6795405Z   type: 'test'
test (22)	Coverage report (informational, not a gate)	2026-08-20T02:24:22.6795777Z   ...
test (22)	Coverage report (informational, not a gate)	2026-08-20T02:24:22.6796678Z # Subtest: --nosuchflag --list (unknown flag BEFORE --list) is still a usage error, exit 2, stdout empty
test (22)	Coverage report (informational, not a gate)	2026-08-20T02:24:22.6798008Z ok 53 - --nosuchflag --list (unknown flag BEFORE --list) is still a usage error, exit 2, stdout empty
test (22)	Coverage report (informational, not a gate)	2026-08-20T02:24:22.6799056Z   ---
test (22)	Coverage report (informational, not a gate)	2026-08-20T02:24:22.6799408Z   duration_ms: 42.440252
test (22)	Coverage report (informational, not a gate)	2026-08-20T02:24:22.6799794Z   type: 'test'
test (22)	Coverage report (informational, not a gate)	2026-08-20T02:24:22.6800171Z   ...
test (22)	Coverage report (informational, not a gate)	2026-08-20T02:24:22.6801132Z # Subtest: plain single-pick output is TWO lines: text, newline, four-space indent, EM DASH, space, author
test (22)	Coverage report (informational, not a gate)	2026-08-20T02:24:22.6819481Z ok 54 - plain single-pick output is TWO lines: text, newline, four-space indent, EM DASH, space, author
test (22)	Coverage report (informational, not a gate)	2026-08-20T02:24:22.6825720Z   ---
test (22)	Coverage report (informational, not a gate)	2026-08-20T02:24:22.6826252Z   duration_ms: 46.233809
test (22)	Coverage report (informational, not a gate)	2026-08-20T02:24:22.6826520Z   type: 'test'
test (22)	Coverage report (informational, not a gate)	2026-08-20T02:24:22.6826733Z   ...
test (22)	Coverage report (informational, not a gate)	2026-08-20T02:24:22.6827276Z # Subtest: --seed Infinity and --seed -Infinity (typed as CLI strings) are accepted and deterministic
test (22)	Coverage report (informational, not a gate)	2026-08-20T02:24:22.6828055Z ok 55 - --seed Infinity and --seed -Infinity (typed as CLI strings) are accepted and deterministic
test (22)	Coverage report (informational, not a gate)	2026-08-20T02:24:22.6828838Z   ---
test (22)	Coverage report (informational, not a gate)	2026-08-20T02:24:22.6829053Z   duration_ms: 184.701292
test (22)	Coverage report (informational, not a gate)	2026-08-20T02:24:22.6829291Z   type: 'test'
test (22)	Coverage report (informational, not a gate)	2026-08-20T02:24:22.6829492Z   ...
test (22)	Coverage report (informational, not a gate)	2026-08-20T02:24:22.6829972Z # Subtest: --list with a filter that matches nothing is STILL exit 1, stderr only, stdout empty
test (22)	Coverage report (informational, not a gate)	2026-08-20T02:24:22.6830675Z ok 56 - --list with a filter that matches nothing is STILL exit 1, stderr only, stdout empty
test (22)	Coverage report (informational, not a gate)	2026-08-20T02:24:22.6831087Z   ---
test (22)	Coverage report (informational, not a gate)	2026-08-20T02:24:22.6831285Z   duration_ms: 82.200086
test (22)	Coverage report (informational, not a gate)	2026-08-20T02:24:22.6831507Z   type: 'test'
test (22)	Coverage report (informational, not a gate)	2026-08-20T02:24:22.6831708Z   ...
test (22)	Coverage report (informational, not a gate)	2026-08-20T02:24:22.6832566Z # Subtest: --tag "" (bare empty-string value) matches nothing: whole-tag equality against the literal "" is not a filter no-op
test (22)	Coverage report (informational, not a gate)	2026-08-20T02:24:22.6833562Z ok 57 - --tag "" (bare empty-string value) matches nothing: whole-tag equality against the literal "" is not a filter no-op
test (22)	Coverage report (informational, not a gate)	2026-08-20T02:24:22.6834570Z   ---
test (22)	Coverage report (informational, not a gate)	2026-08-20T02:24:22.6834925Z   duration_ms: 35.632111
test (22)	Coverage report (informational, not a gate)	2026-08-20T02:24:22.6835284Z   type: 'test'
test (22)	Coverage report (informational, not a gate)	2026-08-20T02:24:22.6835605Z   ...
test (22)	Coverage report (informational, not a gate)	2026-08-20T02:24:22.8292624Z # Subtest: --list | true: exits quietly, zero stderr, no crash banner
test (22)	Coverage report (informational, not a gate)	2026-08-20T02:24:22.8293823Z ok 58 - --list | true: exits quietly, zero stderr, no crash banner
test (22)	Coverage report (informational, not a gate)	2026-08-20T02:24:22.8294484Z   ---
test (22)	Coverage report (informational, not a gate)	2026-08-20T02:24:22.8294881Z   duration_ms: 62.556112
test (22)	Coverage report (informational, not a gate)	2026-08-20T02:24:22.8295318Z   type: 'test'
test (22)	Coverage report (informational, not a gate)	2026-08-20T02:24:22.8295687Z   ...
test (22)	Coverage report (informational, not a gate)	2026-08-20T02:24:22.8296407Z # Subtest: | true (no --list, single aphorism): exits quietly, zero stderr
test (22)	Coverage report (informational, not a gate)	2026-08-20T02:24:22.8297438Z ok 59 - | true (no --list, single aphorism): exits quietly, zero stderr
test (22)	Coverage report (informational, not a gate)	2026-08-20T02:24:22.8298163Z   ---
test (22)	Coverage report (informational, not a gate)	2026-08-20T02:24:22.8298910Z   duration_ms: 49.81982
test (22)	Coverage report (informational, not a gate)	2026-08-20T02:24:22.8299333Z   type: 'test'
test (22)	Coverage report (informational, not a gate)	2026-08-20T02:24:22.8299701Z   ...
test (22)	Coverage report (informational, not a gate)	2026-08-20T02:24:22.8300433Z # Subtest: --list | head -0: exits quietly, zero stderr, no crash banner
test (22)	Coverage report (informational, not a gate)	2026-08-20T02:24:22.8301445Z ok 60 - --list | head -0: exits quietly, zero stderr, no crash banner
test (22)	Coverage report (informational, not a gate)	2026-08-20T02:24:22.8302101Z   ---
test (22)	Coverage report (informational, not a gate)	2026-08-20T02:24:22.8302460Z   duration_ms: 48.799063
test (22)	Coverage report (informational, not a gate)	2026-08-20T02:24:22.8302888Z   type: 'test'
test (22)	Coverage report (informational, not a gate)	2026-08-20T02:24:22.8303248Z   ...
test (22)	Coverage report (informational, not a gate)	2026-08-20T02:24:22.8303990Z # Subtest: --list | /nonexistent-cmd-xyz: no crash banner from the CLI itself
test (22)	Coverage report (informational, not a gate)	2026-08-20T02:24:22.8305097Z ok 61 - --list | /nonexistent-cmd-xyz: no crash banner from the CLI itself
test (22)	Coverage report (informational, not a gate)	2026-08-20T02:24:22.8305801Z   ---
test (22)	Coverage report (informational, not a gate)	2026-08-20T02:24:22.8306163Z   duration_ms: 53.590426
test (22)	Coverage report (informational, not a gate)	2026-08-20T02:24:22.8306585Z   type: 'test'
test (22)	Coverage report (informational, not a gate)	2026-08-20T02:24:22.8306946Z   ...
test (22)	Coverage report (informational, not a gate)	2026-08-20T02:24:22.8307813Z # Subtest: non-EPIPE stdout write failure: reported, not silent, not exit 1, no stack trace
test (22)	Coverage report (informational, not a gate)	2026-08-20T02:24:22.8309809Z ok 62 - non-EPIPE stdout write failure: reported, not silent, not exit 1, no stack trace
test (22)	Coverage report (informational, not a gate)	2026-08-20T02:24:22.8310626Z   ---
test (22)	Coverage report (informational, not a gate)	2026-08-20T02:24:22.8310994Z   duration_ms: 50.088936
test (22)	Coverage report (informational, not a gate)	2026-08-20T02:24:22.8311416Z   type: 'test'
test (22)	Coverage report (informational, not a gate)	2026-08-20T02:24:22.8311772Z   ...
test (22)	Coverage report (informational, not a gate)	2026-08-20T02:24:22.8312622Z # Subtest: usage error survives a closed stderr reader: still exits 2, not clobbered to 1
test (22)	Coverage report (informational, not a gate)	2026-08-20T02:24:22.8324462Z ok 63 - usage error survives a closed stderr reader: still exits 2, not clobbered to 1
test (22)	Coverage report (informational, not a gate)	2026-08-20T02:24:22.8325343Z   ---
test (22)	Coverage report (informational, not a gate)	2026-08-20T02:24:22.8325716Z   duration_ms: 148.469444
test (22)	Coverage report (informational, not a gate)	2026-08-20T02:24:22.8326152Z   type: 'test'
test (22)	Coverage report (informational, not a gate)	2026-08-20T02:24:22.8326517Z   ...
test (22)	Coverage report (informational, not a gate)	2026-08-20T02:24:22.8327417Z # Subtest: no-match exit code survives a closed stderr reader: still exits 1, not misreported
test (22)	Coverage report (informational, not a gate)	2026-08-20T02:24:22.8329024Z ok 64 - no-match exit code survives a closed stderr reader: still exits 1, not misreported
test (22)	Coverage report (informational, not a gate)	2026-08-20T02:24:22.8329858Z   ---
test (22)	Coverage report (informational, not a gate)	2026-08-20T02:24:22.8330246Z   duration_ms: 151.839361
test (22)	Coverage report (informational, not a gate)	2026-08-20T02:24:22.8330674Z   type: 'test'
test (22)	Coverage report (informational, not a gate)	2026-08-20T02:24:22.8331025Z   ...
test (22)	Coverage report (informational, not a gate)	2026-08-20T02:24:22.8331938Z # Subtest: non-EPIPE stderr write failure: not silent, not the earned exit code, no stack trace
test (22)	Coverage report (informational, not a gate)	2026-08-20T02:24:22.8333304Z ok 65 - non-EPIPE stderr write failure: not silent, not the earned exit code, no stack trace
test (22)	Coverage report (informational, not a gate)	2026-08-20T02:24:22.8334119Z   ---
test (22)	Coverage report (informational, not a gate)	2026-08-20T02:24:22.8334484Z   duration_ms: 47.319536
test (22)	Coverage report (informational, not a gate)	2026-08-20T02:24:22.8334913Z   type: 'test'
test (22)	Coverage report (informational, not a gate)	2026-08-20T02:24:22.8335272Z   ...
test (22)	Coverage report (informational, not a gate)	2026-08-20T02:24:22.8335895Z # Subtest: control: --list | head -1 stays completely clean
test (22)	Coverage report (informational, not a gate)	2026-08-20T02:24:22.8336757Z ok 66 - control: --list | head -1 stays completely clean
test (22)	Coverage report (informational, not a gate)	2026-08-20T02:24:22.8337350Z   ---
test (22)	Coverage report (informational, not a gate)	2026-08-20T02:24:22.8337719Z   duration_ms: 36.332804
test (22)	Coverage report (informational, not a gate)	2026-08-20T02:24:22.8338138Z   type: 'test'
test (22)	Coverage report (informational, not a gate)	2026-08-20T02:24:22.8338769Z   ...
test (22)	Coverage report (informational, not a gate)	2026-08-20T02:24:22.8339390Z # Subtest: control: --list | head -5 stays completely clean
test (22)	Coverage report (informational, not a gate)	2026-08-20T02:24:22.8340273Z ok 67 - control: --list | head -5 stays completely clean
test (22)	Coverage report (informational, not a gate)	2026-08-20T02:24:22.8341216Z   ---
test (22)	Coverage report (informational, not a gate)	2026-08-20T02:24:22.8342070Z   duration_ms: 37.297384
test (22)	Coverage report (informational, not a gate)	2026-08-20T02:24:22.8342694Z   type: 'test'
test (22)	Coverage report (informational, not a gate)	2026-08-20T02:24:22.8343186Z   ...
test (22)	Coverage report (informational, not a gate)	2026-08-20T02:24:22.8344153Z # Subtest: control: --list | sed 1q stays completely clean
test (22)	Coverage report (informational, not a gate)	2026-08-20T02:24:22.8345448Z ok 68 - control: --list | sed 1q stays completely clean
test (22)	Coverage report (informational, not a gate)	2026-08-20T02:24:22.8346287Z   ---
test (22)	Coverage report (informational, not a gate)	2026-08-20T02:24:22.8346798Z   duration_ms: 36.846392
test (22)	Coverage report (informational, not a gate)	2026-08-20T02:24:22.8361546Z   type: 'test'
test (22)	Coverage report (informational, not a gate)	2026-08-20T02:24:22.8361953Z   ...
test (22)	Coverage report (informational, not a gate)	2026-08-20T02:24:22.8362621Z # Subtest: control: --list | grep -q . stays completely clean
test (22)	Coverage report (informational, not a gate)	2026-08-20T02:24:22.8363528Z ok 69 - control: --list | grep -q . stays completely clean
test (22)	Coverage report (informational, not a gate)	2026-08-20T02:24:22.8364123Z   ---
test (22)	Coverage report (informational, not a gate)	2026-08-20T02:24:22.8364496Z   duration_ms: 37.098504
test (22)	Coverage report (informational, not a gate)	2026-08-20T02:24:22.8364934Z   type: 'test'
test (22)	Coverage report (informational, not a gate)	2026-08-20T02:24:22.8365296Z   ...
test (22)	Coverage report (informational, not a gate)	2026-08-20T02:24:22.8365860Z # Subtest: control: | wc -l stays completely clean
test (22)	Coverage report (informational, not a gate)	2026-08-20T02:24:22.8366624Z ok 70 - control: | wc -l stays completely clean
test (22)	Coverage report (informational, not a gate)	2026-08-20T02:24:22.8367196Z   ---
test (22)	Coverage report (informational, not a gate)	2026-08-20T02:24:22.8367559Z   duration_ms: 47.458018
test (22)	Coverage report (informational, not a gate)	2026-08-20T02:24:22.8367985Z   type: 'test'
test (22)	Coverage report (informational, not a gate)	2026-08-20T02:24:22.8368574Z   ...
test (22)	Coverage report (informational, not a gate)	2026-08-20T02:24:22.8369251Z # Subtest: control: --list --json | head -2 stays completely clean
test (22)	Coverage report (informational, not a gate)	2026-08-20T02:24:22.8370182Z ok 71 - control: --list --json | head -2 stays completely clean
test (22)	Coverage report (informational, not a gate)	2026-08-20T02:24:22.8370796Z   ---
test (22)	Coverage report (informational, not a gate)	2026-08-20T02:24:22.8371158Z   duration_ms: 37.537047
test (22)	Coverage report (informational, not a gate)	2026-08-20T02:24:22.8371580Z   type: 'test'
test (22)	Coverage report (informational, not a gate)	2026-08-20T02:24:22.8371931Z   ...
test (22)	Coverage report (informational, not a gate)	2026-08-20T02:24:22.8372648Z # Subtest: control: exit 1 / exit 2 stderr messages and codes are unchanged
test (22)	Coverage report (informational, not a gate)	2026-08-20T02:24:22.8373716Z ok 72 - control: exit 1 / exit 2 stderr messages and codes are unchanged
test (22)	Coverage report (informational, not a gate)	2026-08-20T02:24:22.8374387Z   ---
test (22)	Coverage report (informational, not a gate)	2026-08-20T02:24:22.8374755Z   duration_ms: 72.474469
test (22)	Coverage report (informational, not a gate)	2026-08-20T02:24:22.8375189Z   type: 'test'
test (22)	Coverage report (informational, not a gate)	2026-08-20T02:24:22.8375551Z   ...
test (22)	Coverage report (informational, not a gate)	2026-08-20T02:24:22.8376336Z # Subtest: control: a normal (non-full) stdout target still exits 0 with empty stderr
test (22)	Coverage report (informational, not a gate)	2026-08-20T02:24:22.8377868Z ok 73 - control: a normal (non-full) stdout target still exits 0 with empty stderr
test (22)	Coverage report (informational, not a gate)	2026-08-20T02:24:22.8379180Z   ---
test (22)	Coverage report (informational, not a gate)	2026-08-20T02:24:22.8379560Z   duration_ms: 72.47461
test (22)	Coverage report (informational, not a gate)	2026-08-20T02:24:22.8379989Z   type: 'test'
test (22)	Coverage report (informational, not a gate)	2026-08-20T02:24:22.8380357Z   ...
test (22)	Coverage report (informational, not a gate)	2026-08-20T02:24:22.8380862Z # Subtest: README tags must exist in corpus
test (22)	Coverage report (informational, not a gate)	2026-08-20T02:24:22.8381534Z ok 74 - README tags must exist in corpus
test (22)	Coverage report (informational, not a gate)	2026-08-20T02:24:22.8382043Z   ---
test (22)	Coverage report (informational, not a gate)	2026-08-20T02:24:22.8382402Z   duration_ms: 1.690219
test (22)	Coverage report (informational, not a gate)	2026-08-20T02:24:22.8382815Z   type: 'test'
test (22)	Coverage report (informational, not a gate)	2026-08-20T02:24:22.8383183Z   ...
test (22)	Coverage report (informational, not a gate)	2026-08-20T02:24:22.8383719Z # Subtest: README tag counts must match corpus
test (22)	Coverage report (informational, not a gate)	2026-08-20T02:24:22.8384416Z ok 75 - README tag counts must match corpus
test (22)	Coverage report (informational, not a gate)	2026-08-20T02:24:22.8384944Z   ---
test (22)	Coverage report (informational, not a gate)	2026-08-20T02:24:22.8385303Z   duration_ms: 0.499817
test (22)	Coverage report (informational, not a gate)	2026-08-20T02:24:22.8385709Z   type: 'test'
test (22)	Coverage report (informational, not a gate)	2026-08-20T02:24:22.8386068Z   ...
test (22)	Coverage report (informational, not a gate)	2026-08-20T02:24:22.8386648Z # Subtest: README must state total unique tags correctly
test (22)	Coverage report (informational, not a gate)	2026-08-20T02:24:22.8387555Z ok 76 - README must state total unique tags correctly
test (22)	Coverage report (informational, not a gate)	2026-08-20T02:24:22.8388143Z   ---
test (22)	Coverage report (informational, not a gate)	2026-08-20T02:24:22.8388811Z   duration_ms: 0.327033
test (22)	Coverage report (informational, not a gate)	2026-08-20T02:24:22.8389230Z   type: 'test'
test (22)	Coverage report (informational, not a gate)	2026-08-20T02:24:22.8389588Z   ...
test (22)	Coverage report (informational, not a gate)	2026-08-20T02:24:22.8390242Z # Subtest: README must correctly describe single-entry tag count
test (22)	Coverage report (informational, not a gate)	2026-08-20T02:24:22.8391177Z ok 77 - README must correctly describe single-entry tag count
test (22)	Coverage report (informational, not a gate)	2026-08-20T02:24:22.8391786Z   ---
test (22)	Coverage report (informational, not a gate)	2026-08-20T02:24:22.8392141Z   duration_ms: 0.30356
test (22)	Coverage report (informational, not a gate)	2026-08-20T02:24:22.8392549Z   type: 'test'
test (22)	Coverage report (informational, not a gate)	2026-08-20T02:24:22.8392905Z   ...
test (22)	Coverage report (informational, not a gate)	2026-08-20T02:24:22.8393434Z # Subtest: README must list all single-entry tags
test (22)	Coverage report (informational, not a gate)	2026-08-20T02:24:22.8394156Z ok 78 - README must list all single-entry tags
test (22)	Coverage report (informational, not a gate)	2026-08-20T02:24:22.8394688Z   ---
test (22)	Coverage report (informational, not a gate)	2026-08-20T02:24:22.8395037Z   duration_ms: 0.26624
test (22)	Coverage report (informational, not a gate)	2026-08-20T02:24:22.8395440Z   type: 'test'
test (22)	Coverage report (informational, not a gate)	2026-08-20T02:24:22.8395784Z   ...
test (22)	Coverage report (informational, not a gate)	2026-08-20T02:24:22.8397115Z # Subtest: README Tag vocabulary section carries a tag+entry sentence with a single-entry marker (token co-occurrence guard, not a meaning check)
test (22)	Coverage report (informational, not a gate)	2026-08-20T02:24:22.8399833Z ok 79 - README Tag vocabulary section carries a tag+entry sentence with a single-entry marker (token co-occurrence guard, not a meaning check)
test (22)	Coverage report (informational, not a gate)	2026-08-20T02:24:22.8400985Z   ---
test (22)	Coverage report (informational, not a gate)	2026-08-20T02:24:22.8401360Z   duration_ms: 0.755386
test (22)	Coverage report (informational, not a gate)	2026-08-20T02:24:22.8401769Z   type: 'test'
test (22)	Coverage report (informational, not a gate)	2026-08-20T02:24:22.8402120Z   ...
test (22)	Coverage report (informational, not a gate)	2026-08-20T02:24:22.8403681Z # Subtest: extractBandTablesFromReadme tolerates a prose sentence between a band heading and its table (T-025), without mis-attaching a table when the real one is missing
test (22)	Coverage report (informational, not a gate)	2026-08-20T02:24:22.8406262Z ok 80 - extractBandTablesFromReadme tolerates a prose sentence between a band heading and its table (T-025), without mis-attaching a table when the real one is missing
test (22)	Coverage report (informational, not a gate)	2026-08-20T02:24:22.8407261Z   ---
test (22)	Coverage report (informational, not a gate)	2026-08-20T02:24:22.8407472Z   duration_ms: 1.746272
test (22)	Coverage report (informational, not a gate)	2026-08-20T02:24:22.8407700Z   type: 'test'
test (22)	Coverage report (informational, not a gate)	2026-08-20T02:24:22.8407897Z   ...
test (22)	Coverage report (informational, not a gate)	2026-08-20T02:24:22.8423734Z # Subtest: extractBandTablesFromReadme does not let a band-shaped PROSE line steal a real heading's table (T-039)
test (22)	Coverage report (informational, not a gate)	2026-08-20T02:24:22.8425525Z ok 81 - extractBandTablesFromReadme does not let a band-shaped PROSE line steal a real heading's table (T-039)
test (22)	Coverage report (informational, not a gate)	2026-08-20T02:24:22.8426461Z   ---
test (22)	Coverage report (informational, not a gate)	2026-08-20T02:24:22.8426819Z   duration_ms: 0.247732
test (22)	Coverage report (informational, not a gate)	2026-08-20T02:24:22.8427210Z   type: 'test'
test (22)	Coverage report (informational, not a gate)	2026-08-20T02:24:22.8427552Z   ...
test (22)	Coverage report (informational, not a gate)	2026-08-20T02:24:22.8428814Z # Subtest: extractBandTablesFromReadme does not read a fenced example block as a second, real band table
test (22)	Coverage report (informational, not a gate)	2026-08-20T02:24:22.8430323Z ok 82 - extractBandTablesFromReadme does not read a fenced example block as a second, real band table
test (22)	Coverage report (informational, not a gate)	2026-08-20T02:24:22.8431162Z   ---
test (22)	Coverage report (informational, not a gate)	2026-08-20T02:24:22.8431498Z   duration_ms: 1.67698
test (22)	Coverage report (informational, not a gate)	2026-08-20T02:24:22.8431887Z   type: 'test'
test (22)	Coverage report (informational, not a gate)	2026-08-20T02:24:22.8432225Z   ...
test (22)	Coverage report (informational, not a gate)	2026-08-20T02:24:22.8433913Z # Subtest: extractBandTablesFromReadme's recognised bands account for every structural `| Tag | Count |` table -- a table under an unrecognised heading shape is a loud mismatch, not a silent miss
test (22)	Coverage report (informational, not a gate)	2026-08-20T02:24:22.8436940Z ok 83 - extractBandTablesFromReadme's recognised bands account for every structural `| Tag | Count |` table -- a table under an unrecognised heading shape is a loud mismatch, not a silent miss
test (22)	Coverage report (informational, not a gate)	2026-08-20T02:24:22.8438574Z   ---
test (22)	Coverage report (informational, not a gate)	2026-08-20T02:24:22.8438948Z   duration_ms: 0.337631
test (22)	Coverage report (informational, not a gate)	2026-08-20T02:24:22.8439377Z   type: 'test'
test (22)	Coverage report (informational, not a gate)	2026-08-20T02:24:22.8439730Z   ...
test (22)	Coverage report (informational, not a gate)	2026-08-20T02:24:22.8441169Z # Subtest: every `| Tag | Count |` table in the real README Tag vocabulary section is a recognised band table (no table may hide under an unrecognised heading shape)
test (22)	Coverage report (informational, not a gate)	2026-08-20T02:24:22.8443253Z ok 84 - every `| Tag | Count |` table in the real README Tag vocabulary section is a recognised band table (no table may hide under an unrecognised heading shape)
test (22)	Coverage report (informational, not a gate)	2026-08-20T02:24:22.8444393Z   ---
test (22)	Coverage report (informational, not a gate)	2026-08-20T02:24:22.8444741Z   duration_ms: 0.479034
test (22)	Coverage report (informational, not a gate)	2026-08-20T02:24:22.8445151Z   type: 'test'
test (22)	Coverage report (informational, not a gate)	2026-08-20T02:24:22.8445493Z   ...
test (22)	Coverage report (informational, not a gate)	2026-08-20T02:24:22.8446460Z # Subtest: every band table in README Tag vocabulary contains exactly the corpus tags whose count fits that band
test (22)	Coverage report (informational, not a gate)	2026-08-20T02:24:22.8448032Z ok 85 - every band table in README Tag vocabulary contains exactly the corpus tags whose count fits that band
test (22)	Coverage report (informational, not a gate)	2026-08-20T02:24:22.8449556Z   ---
test (22)	Coverage report (informational, not a gate)	2026-08-20T02:24:22.8449908Z   duration_ms: 0.397272
test (22)	Coverage report (informational, not a gate)	2026-08-20T02:24:22.8450289Z   type: 'test'
test (22)	Coverage report (informational, not a gate)	2026-08-20T02:24:22.8450648Z   ...
test (22)	Coverage report (informational, not a gate)	2026-08-20T02:24:22.8451804Z # Subtest: every corpus tag appearing on 2+ entries must have a row in some band table (no band table may be deleted wholesale) (T-019)
test (22)	Coverage report (informational, not a gate)	2026-08-20T02:24:22.8453520Z ok 86 - every corpus tag appearing on 2+ entries must have a row in some band table (no band table may be deleted wholesale) (T-019)
test (22)	Coverage report (informational, not a gate)	2026-08-20T02:24:22.8454470Z   ---
test (22)	Coverage report (informational, not a gate)	2026-08-20T02:24:22.8454781Z   duration_ms: 0.3858
test (22)	Coverage report (informational, not a gate)	2026-08-20T02:24:22.8455126Z   type: 'test'
test (22)	Coverage report (informational, not a gate)	2026-08-20T02:24:22.8455459Z   ...
test (22)	Coverage report (informational, not a gate)	2026-08-20T02:24:22.8456769Z # Subtest: extractBandTablesFromReadme derives a band's row count purely from its table, ignoring decoy "N tags" phrases in the heading line (T-024b)
test (22)	Coverage report (informational, not a gate)	2026-08-20T02:24:22.8459342Z ok 87 - extractBandTablesFromReadme derives a band's row count purely from its table, ignoring decoy "N tags" phrases in the heading line (T-024b)
test (22)	Coverage report (informational, not a gate)	2026-08-20T02:24:22.8460381Z   ---
test (22)	Coverage report (informational, not a gate)	2026-08-20T02:24:22.8460720Z   duration_ms: 0.212958
test (22)	Coverage report (informational, not a gate)	2026-08-20T02:24:22.8461115Z   type: 'test'
test (22)	Coverage report (informational, not a gate)	2026-08-20T02:24:22.8461449Z   ...
test (22)	Coverage report (informational, not a gate)	2026-08-20T02:24:22.8462289Z # Subtest: README opening sentence must state correct multi-entry and single-entry tag counts
test (22)	Coverage report (informational, not a gate)	2026-08-20T02:24:22.8463554Z ok 88 - README opening sentence must state correct multi-entry and single-entry tag counts
test (22)	Coverage report (informational, not a gate)	2026-08-20T02:24:22.8464230Z   ---
test (22)	Coverage report (informational, not a gate)	2026-08-20T02:24:22.8464550Z   duration_ms: 0.607204
test (22)	Coverage report (informational, not a gate)	2026-08-20T02:24:22.8464933Z   type: 'test'
test (22)	Coverage report (informational, not a gate)	2026-08-20T02:24:22.8465297Z   ...
test (22)	Coverage report (informational, not a gate)	2026-08-20T02:24:22.8466186Z # Subtest: README Tag vocabulary section must contain no unrecognised count-claim digits (J-5)
test (22)	Coverage report (informational, not a gate)	2026-08-20T02:24:22.8467506Z ok 89 - README Tag vocabulary section must contain no unrecognised count-claim digits (J-5)
test (22)	Coverage report (informational, not a gate)	2026-08-20T02:24:22.8468592Z   ---
test (22)	Coverage report (informational, not a gate)	2026-08-20T02:24:22.8468969Z   duration_ms: 1.318631
test (22)	Coverage report (informational, not a gate)	2026-08-20T02:24:22.8469377Z   type: 'test'
test (22)	Coverage report (informational, not a gate)	2026-08-20T02:24:22.8469733Z   ...
test (22)	Coverage report (informational, not a gate)	2026-08-20T02:24:22.8470695Z # Subtest: README Attribution table "Entries ranked" count must match corpus.length and the triage doc (C1)
test (22)	Coverage report (informational, not a gate)	2026-08-20T02:24:22.8472186Z ok 90 - README Attribution table "Entries ranked" count must match corpus.length and the triage doc (C1)
test (22)	Coverage report (informational, not a gate)	2026-08-20T02:24:22.8473068Z   ---
test (22)	Coverage report (informational, not a gate)	2026-08-20T02:24:22.8473454Z   duration_ms: 1.745628
test (22)	Coverage report (informational, not a gate)	2026-08-20T02:24:22.8473866Z   type: 'test'
test (22)	Coverage report (informational, not a gate)	2026-08-20T02:24:22.8474216Z   ...
test (22)	Coverage report (informational, not a gate)	2026-08-20T02:24:22.8475098Z # Subtest: README Attribution table "Rated HIGH risk" count must match the triage doc table (C2)
test (22)	Coverage report (informational, not a gate)	2026-08-20T02:24:22.8476492Z ok 91 - README Attribution table "Rated HIGH risk" count must match the triage doc table (C2)
test (22)	Coverage report (informational, not a gate)	2026-08-20T02:24:22.8477326Z   ---
test (22)	Coverage report (informational, not a gate)	2026-08-20T02:24:22.8477684Z   duration_ms: 0.64295
test (22)	Coverage report (informational, not a gate)	2026-08-20T02:24:22.8478087Z   type: 'test'
test (22)	Coverage report (informational, not a gate)	2026-08-20T02:24:22.8479061Z   ...
test (22)	Coverage report (informational, not a gate)	2026-08-20T02:24:22.8479971Z # Subtest: README Attribution section must contain no digit runs outside the counts table (C7)
test (22)	Coverage report (informational, not a gate)	2026-08-20T02:24:22.8481295Z ok 92 - README Attribution section must contain no digit runs outside the counts table (C7)
test (22)	Coverage report (informational, not a gate)	2026-08-20T02:24:22.8482127Z   ---
test (22)	Coverage report (informational, not a gate)	2026-08-20T02:24:22.8482487Z   duration_ms: 0.479075
test (22)	Coverage report (informational, not a gate)	2026-08-20T02:24:22.8482876Z   type: 'test'
test (22)	Coverage report (informational, not a gate)	2026-08-20T02:24:22.8483226Z   ...
test (22)	Coverage report (informational, not a gate)	2026-08-20T02:24:22.8483839Z # Subtest: README Layout section paths must exist on disk (C6)
test (22)	Coverage report (informational, not a gate)	2026-08-20T02:24:22.8484718Z ok 93 - README Layout section paths must exist on disk (C6)
test (22)	Coverage report (informational, not a gate)	2026-08-20T02:24:22.8485316Z   ---
test (22)	Coverage report (informational, not a gate)	2026-08-20T02:24:22.8485687Z   duration_ms: 0.646036
test (22)	Coverage report (informational, not a gate)	2026-08-20T02:24:22.8486107Z   type: 'test'
test (22)	Coverage report (informational, not a gate)	2026-08-20T02:24:22.8486456Z   ...
test (22)	Coverage report (informational, not a gate)	2026-08-20T02:24:22.8487505Z # Subtest: getListBehaviourSection tolerates a reformatted "--list behaviour" heading with no backticks (T-021)
test (22)	Coverage report (informational, not a gate)	2026-08-20T02:24:22.8489423Z ok 94 - getListBehaviourSection tolerates a reformatted "--list behaviour" heading with no backticks (T-021)
test (22)	Coverage report (informational, not a gate)	2026-08-20T02:24:22.8490404Z   ---
test (22)	Coverage report (informational, not a gate)	2026-08-20T02:24:22.8490779Z   duration_ms: 0.560596
test (22)	Coverage report (informational, not a gate)	2026-08-20T02:24:22.8491192Z   type: 'test'
test (22)	Coverage report (informational, not a gate)	2026-08-20T02:24:22.8491542Z   ...
test (22)	Coverage report (informational, not a gate)	2026-08-20T02:24:22.8492961Z # Subtest: getListBehaviourSection still fails on a SEPARATOR MISMATCH (not a heading-parse error) when a reformatted heading's literal is mutated (T-021)
test (22)	Coverage report (informational, not a gate)	2026-08-20T02:24:22.8495177Z ok 95 - getListBehaviourSection still fails on a SEPARATOR MISMATCH (not a heading-parse error) when a reformatted heading's literal is mutated (T-021)
test (22)	Coverage report (informational, not a gate)	2026-08-20T02:24:22.8496371Z   ---
test (22)	Coverage report (informational, not a gate)	2026-08-20T02:24:22.8496697Z   duration_ms: 0.418501
test (22)	Coverage report (informational, not a gate)	2026-08-20T02:24:22.8497048Z   type: 'test'
test (22)	Coverage report (informational, not a gate)	2026-08-20T02:24:22.8497346Z   ...
test (22)	Coverage report (informational, not a gate)	2026-08-20T02:24:22.8498574Z # Subtest: getListBehaviourSection reports ambiguity loudly instead of taking the first of two qualifying headings (T-021)
test (22)	Coverage report (informational, not a gate)	2026-08-20T02:24:22.8500267Z ok 96 - getListBehaviourSection reports ambiguity loudly instead of taking the first of two qualifying headings (T-021)
test (22)	Coverage report (informational, not a gate)	2026-08-20T02:24:22.8501689Z   ---
test (22)	Coverage report (informational, not a gate)	2026-08-20T02:24:22.8502043Z   duration_ms: 1.486926
test (22)	Coverage report (informational, not a gate)	2026-08-20T02:24:22.8502443Z   type: 'test'
test (22)	Coverage report (informational, not a gate)	2026-08-20T02:24:22.8502765Z   ...
test (22)	Coverage report (informational, not a gate)	2026-08-20T02:24:22.8503755Z # Subtest: getListBehaviourSection does not let "--list-only" satisfy the standalone `--list` token (T-021)
test (22)	Coverage report (informational, not a gate)	2026-08-20T02:24:22.8505231Z ok 97 - getListBehaviourSection does not let "--list-only" satisfy the standalone `--list` token (T-021)
test (22)	Coverage report (informational, not a gate)	2026-08-20T02:24:22.8506088Z   ---
test (22)	Coverage report (informational, not a gate)	2026-08-20T02:24:22.8506423Z   duration_ms: 0.340626
test (22)	Coverage report (informational, not a gate)	2026-08-20T02:24:22.8506811Z   type: 'test'
test (22)	Coverage report (informational, not a gate)	2026-08-20T02:24:22.8507157Z   ...
test (22)	Coverage report (informational, not a gate)	2026-08-20T02:24:22.8508104Z # Subtest: getListBehaviourSection tolerates the American spelling "behavior" in the heading (T-027)
test (22)	Coverage report (informational, not a gate)	2026-08-20T02:24:22.8509721Z ok 98 - getListBehaviourSection tolerates the American spelling "behavior" in the heading (T-027)
test (22)	Coverage report (informational, not a gate)	2026-08-20T02:24:22.8510695Z   ---
test (22)	Coverage report (informational, not a gate)	2026-08-20T02:24:22.8511057Z   duration_ms: 0.199322
test (22)	Coverage report (informational, not a gate)	2026-08-20T02:24:22.8511461Z   type: 'test'
test (22)	Coverage report (informational, not a gate)	2026-08-20T02:24:22.8511828Z   ...
test (22)	Coverage report (informational, not a gate)	2026-08-20T02:24:22.8513120Z # Subtest: getListBehaviourSection still fails on a SEPARATOR MISMATCH (not a heading-parse error) under an American-spelled heading (T-027)
test (22)	Coverage report (informational, not a gate)	2026-08-20T02:24:22.8515084Z ok 99 - getListBehaviourSection still fails on a SEPARATOR MISMATCH (not a heading-parse error) under an American-spelled heading (T-027)
test (22)	Coverage report (informational, not a gate)	2026-08-20T02:24:22.8516190Z   ---
test (22)	Coverage report (informational, not a gate)	2026-08-20T02:24:22.8516511Z   duration_ms: 0.244757
test (22)	Coverage report (informational, not a gate)	2026-08-20T02:24:22.8516907Z   type: 'test'
test (22)	Coverage report (informational, not a gate)	2026-08-20T02:24:22.8517253Z   ...
test (22)	Coverage report (informational, not a gate)	2026-08-20T02:24:22.8518205Z # Subtest: README `--list` format literal matches the shipped binary's actual --list output (T-017)
test (22)	Coverage report (informational, not a gate)	2026-08-20T02:24:22.8519781Z ok 100 - README `--list` format literal matches the shipped binary's actual --list output (T-017)
test (22)	Coverage report (informational, not a gate)	2026-08-20T02:24:22.8520588Z   ---
test (22)	Coverage report (informational, not a gate)	2026-08-20T02:24:22.8520941Z   duration_ms: 49.704007
test (22)	Coverage report (informational, not a gate)	2026-08-20T02:24:22.8521348Z   type: 'test'
test (22)	Coverage report (informational, not a gate)	2026-08-20T02:24:22.8521667Z   ...
test (22)	Coverage report (informational, not a gate)	2026-08-20T02:24:22.8522620Z # Subtest: README `--author` matching section must state the correct count of distinct corpus authors (Q-8)
test (22)	Coverage report (informational, not a gate)	2026-08-20T02:24:22.8524384Z ok 101 - README `--author` matching section must state the correct count of distinct corpus authors (Q-8)
test (22)	Coverage report (informational, not a gate)	2026-08-20T02:24:22.8525264Z   ---
test (22)	Coverage report (informational, not a gate)	2026-08-20T02:24:22.8525613Z   duration_ms: 0.593257
test (22)	Coverage report (informational, not a gate)	2026-08-20T02:24:22.8526005Z   type: 'test'
test (22)	Coverage report (informational, not a gate)	2026-08-20T02:24:22.8526315Z   ...
test (22)	Coverage report (informational, not a gate)	2026-08-20T02:24:22.8526763Z # Subtest: corpus has at least 40 entries
test (22)	Coverage report (informational, not a gate)	2026-08-20T02:24:22.8527383Z ok 102 - corpus has at least 40 entries
test (22)	Coverage report (informational, not a gate)	2026-08-20T02:24:22.8527823Z   ---
test (22)	Coverage report (informational, not a gate)	2026-08-20T02:24:22.8528183Z   duration_ms: 3.009538
test (22)	Coverage report (informational, not a gate)	2026-08-20T02:24:22.8528803Z   type: 'test'
test (22)	Coverage report (informational, not a gate)	2026-08-20T02:24:22.8529143Z   ...
test (22)	Coverage report (informational, not a gate)	2026-08-20T02:24:22.8529917Z # Subtest: every corpus entry has non-empty text, non-empty author, and an array of tags
test (22)	Coverage report (informational, not a gate)	2026-08-20T02:24:22.8531079Z ok 103 - every corpus entry has non-empty text, non-empty author, and an array of tags
test (22)	Coverage report (informational, not a gate)	2026-08-20T02:24:22.8531805Z   ---
test (22)	Coverage report (informational, not a gate)	2026-08-20T02:24:22.8532168Z   duration_ms: 0.452254
test (22)	Coverage report (informational, not a gate)	2026-08-20T02:24:22.8532554Z   type: 'test'
test (22)	Coverage report (informational, not a gate)	2026-08-20T02:24:22.8532886Z   ...
test (22)	Coverage report (informational, not a gate)	2026-08-20T02:24:22.8533407Z # Subtest: filter: author match is case-insensitive
test (22)	Coverage report (informational, not a gate)	2026-08-20T02:24:22.8534067Z ok 104 - filter: author match is case-insensitive
test (22)	Coverage report (informational, not a gate)	2026-08-20T02:24:22.8534585Z   ---
test (22)	Coverage report (informational, not a gate)	2026-08-20T02:24:22.8535006Z   duration_ms: 1.035945
test (22)	Coverage report (informational, not a gate)	2026-08-20T02:24:22.8535302Z   type: 'test'
test (22)	Coverage report (informational, not a gate)	2026-08-20T02:24:22.8535497Z   ...
test (22)	Coverage report (informational, not a gate)	2026-08-20T02:24:22.8535799Z # Subtest: filter: tag match is case-insensitive
test (22)	Coverage report (informational, not a gate)	2026-08-20T02:24:22.8536448Z ok 105 - filter: tag match is case-insensitive
test (22)	Coverage report (informational, not a gate)	2026-08-20T02:24:22.8537023Z   ---
test (22)	Coverage report (informational, not a gate)	2026-08-20T02:24:22.8537387Z   duration_ms: 0.276145
test (22)	Coverage report (informational, not a gate)	2026-08-20T02:24:22.8537815Z   type: 'test'
test (22)	Coverage report (informational, not a gate)	2026-08-20T02:24:22.8538144Z   ...
test (22)	Coverage report (informational, not a gate)	2026-08-20T02:24:22.8539008Z # Subtest: filter: author and tag together narrow to the intersection (AND)
test (22)	Coverage report (informational, not a gate)	2026-08-20T02:24:22.8539924Z ok 106 - filter: author and tag together narrow to the intersection (AND)
test (22)	Coverage report (informational, not a gate)	2026-08-20T02:24:22.8540510Z   ---
test (22)	Coverage report (informational, not a gate)	2026-08-20T02:24:22.8540821Z   duration_ms: 0.358348
test (22)	Coverage report (informational, not a gate)	2026-08-20T02:24:22.8541167Z   type: 'test'
test (22)	Coverage report (informational, not a gate)	2026-08-20T02:24:22.8541478Z   ...
test (22)	Coverage report (informational, not a gate)	2026-08-20T02:24:22.8542258Z # Subtest: filter: undefined/absent options do not filter
test (22)	Coverage report (informational, not a gate)	2026-08-20T02:24:22.8542921Z ok 107 - filter: undefined/absent options do not filter
test (22)	Coverage report (informational, not a gate)	2026-08-20T02:24:22.8543418Z   ---
test (22)	Coverage report (informational, not a gate)	2026-08-20T02:24:22.8543718Z   duration_ms: 0.199352
test (22)	Coverage report (informational, not a gate)	2026-08-20T02:24:22.8544070Z   type: 'test'
test (22)	Coverage report (informational, not a gate)	2026-08-20T02:24:22.8544371Z   ...
test (22)	Coverage report (informational, not a gate)	2026-08-20T02:24:22.8545031Z # Subtest: pick: same seed over the same candidates always returns the same element
test (22)	Coverage report (informational, not a gate)	2026-08-20T02:24:22.8545997Z ok 108 - pick: same seed over the same candidates always returns the same element
test (22)	Coverage report (informational, not a gate)	2026-08-20T02:24:22.8546609Z   ---
test (22)	Coverage report (informational, not a gate)	2026-08-20T02:24:22.8546915Z   duration_ms: 0.359782
test (22)	Coverage report (informational, not a gate)	2026-08-20T02:24:22.8547266Z   type: 'test'
test (22)	Coverage report (informational, not a gate)	2026-08-20T02:24:22.8547583Z   ...
test (22)	Coverage report (informational, not a gate)	2026-08-20T02:24:22.8548217Z # Subtest: pick: different seeds generally produce different results
test (22)	Coverage report (informational, not a gate)	2026-08-20T02:24:22.8549299Z ok 109 - pick: different seeds generally produce different results
test (22)	Coverage report (informational, not a gate)	2026-08-20T02:24:22.8549890Z   ---
test (22)	Coverage report (informational, not a gate)	2026-08-20T02:24:22.8550218Z   duration_ms: 0.236141
test (22)	Coverage report (informational, not a gate)	2026-08-20T02:24:22.8550791Z   type: 'test'
test (22)	Coverage report (informational, not a gate)	2026-08-20T02:24:22.8551111Z   ...
test (22)	Coverage report (informational, not a gate)	2026-08-20T02:24:22.8551707Z # Subtest: pick: undefined seed picks a valid member (random mode)
test (22)	Coverage report (informational, not a gate)	2026-08-20T02:24:22.8552589Z ok 110 - pick: undefined seed picks a valid member (random mode)
test (22)	Coverage report (informational, not a gate)	2026-08-20T02:24:22.8553153Z   ---
test (22)	Coverage report (informational, not a gate)	2026-08-20T02:24:22.8553473Z   duration_ms: 0.324116
test (22)	Coverage report (informational, not a gate)	2026-08-20T02:24:22.8553844Z   type: 'test'
test (22)	Coverage report (informational, not a gate)	2026-08-20T02:24:22.8554153Z   ...
test (22)	Coverage report (informational, not a gate)	2026-08-20T02:24:22.8554855Z # Subtest: pick: null seed also triggers random mode and returns a valid member
test (22)	Coverage report (informational, not a gate)	2026-08-20T02:24:22.8555891Z ok 111 - pick: null seed also triggers random mode and returns a valid member
test (22)	Coverage report (informational, not a gate)	2026-08-20T02:24:22.8556534Z   ---
test (22)	Coverage report (informational, not a gate)	2026-08-20T02:24:22.8556851Z   duration_ms: 0.146794
test (22)	Coverage report (informational, not a gate)	2026-08-20T02:24:22.8557220Z   type: 'test'
test (22)	Coverage report (informational, not a gate)	2026-08-20T02:24:22.8557538Z   ...
test (22)	Coverage report (informational, not a gate)	2026-08-20T02:24:22.8558104Z # Subtest: pick: throws RangeError on empty candidates array
test (22)	Coverage report (informational, not a gate)	2026-08-20T02:24:22.8559111Z ok 112 - pick: throws RangeError on empty candidates array
test (22)	Coverage report (informational, not a gate)	2026-08-20T02:24:22.8559869Z   ---
test (22)	Coverage report (informational, not a gate)	2026-08-20T02:24:22.8560207Z   duration_ms: 0.479205
test (22)	Coverage report (informational, not a gate)	2026-08-20T02:24:22.8560591Z   type: 'test'
test (22)	Coverage report (informational, not a gate)	2026-08-20T02:24:22.8560912Z   ...
test (22)	Coverage report (informational, not a gate)	2026-08-20T02:24:22.8561658Z # Subtest: pick: Infinity seed is deterministic and returns a valid member
test (22)	Coverage report (informational, not a gate)	2026-08-20T02:24:22.8562644Z ok 113 - pick: Infinity seed is deterministic and returns a valid member
test (22)	Coverage report (informational, not a gate)	2026-08-20T02:24:22.8563264Z   ---
test (22)	Coverage report (informational, not a gate)	2026-08-20T02:24:22.8563582Z   duration_ms: 0.227104
test (22)	Coverage report (informational, not a gate)	2026-08-20T02:24:22.8563959Z   type: 'test'
test (22)	Coverage report (informational, not a gate)	2026-08-20T02:24:22.8564285Z   ...
test (22)	Coverage report (informational, not a gate)	2026-08-20T02:24:22.8564941Z # Subtest: pick: -Infinity seed is deterministic and returns a valid member
test (22)	Coverage report (informational, not a gate)	2026-08-20T02:24:22.8565921Z ok 114 - pick: -Infinity seed is deterministic and returns a valid member
test (22)	Coverage report (informational, not a gate)	2026-08-20T02:24:22.8566566Z   ---
test (22)	Coverage report (informational, not a gate)	2026-08-20T02:24:22.8566912Z   duration_ms: 0.183142
test (22)	Coverage report (informational, not a gate)	2026-08-20T02:24:22.8567309Z   type: 'test'
test (22)	Coverage report (informational, not a gate)	2026-08-20T02:24:22.8567636Z   ...
test (22)	Coverage report (informational, not a gate)	2026-08-20T02:24:22.8568479Z # Subtest: pick: NaN seed still uses the random branch and returns a valid member
test (22)	Coverage report (informational, not a gate)	2026-08-20T02:24:22.8569459Z ok 115 - pick: NaN seed still uses the random branch and returns a valid member
test (22)	Coverage report (informational, not a gate)	2026-08-20T02:24:22.8570049Z   ---
test (22)	Coverage report (informational, not a gate)	2026-08-20T02:24:22.8570351Z   duration_ms: 0.156422
test (22)	Coverage report (informational, not a gate)	2026-08-20T02:24:22.8570692Z   type: 'test'
test (22)	Coverage report (informational, not a gate)	2026-08-20T02:24:22.8571011Z   ...
test (22)	Coverage report (informational, not a gate)	2026-08-20T02:24:22.8571672Z # Subtest: pick: finite seed determinism is unchanged by the non-finite-seed fix
test (22)	Coverage report (informational, not a gate)	2026-08-20T02:24:22.8572721Z ok 116 - pick: finite seed determinism is unchanged by the non-finite-seed fix
test (22)	Coverage report (informational, not a gate)	2026-08-20T02:24:22.8573341Z   ---
test (22)	Coverage report (informational, not a gate)	2026-08-20T02:24:22.8573661Z   duration_ms: 0.158285
test (22)	Coverage report (informational, not a gate)	2026-08-20T02:24:22.8574009Z   type: 'test'
test (22)	Coverage report (informational, not a gate)	2026-08-20T02:24:22.8574322Z   ...
test (22)	Coverage report (informational, not a gate)	2026-08-20T02:24:22.8574925Z # Subtest: pick: every candidate is REACHABLE by an unseeded draw
test (22)	Coverage report (informational, not a gate)	2026-08-20T02:24:22.8575713Z ok 117 - pick: every candidate is REACHABLE by an unseeded draw
test (22)	Coverage report (informational, not a gate)	2026-08-20T02:24:22.8576248Z   ---
test (22)	Coverage report (informational, not a gate)	2026-08-20T02:24:22.8576578Z   duration_ms: 2.353794
test (22)	Coverage report (informational, not a gate)	2026-08-20T02:24:22.8576947Z   type: 'test'
test (22)	Coverage report (informational, not a gate)	2026-08-20T02:24:22.8577276Z   ...
test (22)	Coverage report (informational, not a gate)	2026-08-20T02:24:22.8578061Z # Subtest: pick: unseeded draws split the interval EQUALLY across candidates (uniform)
test (22)	Coverage report (informational, not a gate)	2026-08-20T02:24:22.8579644Z ok 118 - pick: unseeded draws split the interval EQUALLY across candidates (uniform)
test (22)	Coverage report (informational, not a gate)	2026-08-20T02:24:22.8580108Z   ---
test (22)	Coverage report (informational, not a gate)	2026-08-20T02:24:22.8580312Z   duration_ms: 2.066226
test (22)	Coverage report (informational, not a gate)	2026-08-20T02:24:22.8580537Z   type: 'test'
test (22)	Coverage report (informational, not a gate)	2026-08-20T02:24:22.8580734Z   ...
test (22)	Coverage report (informational, not a gate)	2026-08-20T02:24:22.8581200Z # Subtest: pick: single-element candidates always returns that element regardless of seed
test (22)	Coverage report (informational, not a gate)	2026-08-20T02:24:22.8581893Z ok 119 - pick: single-element candidates always returns that element regardless of seed
test (22)	Coverage report (informational, not a gate)	2026-08-20T02:24:22.8582321Z   ---
test (22)	Coverage report (informational, not a gate)	2026-08-20T02:24:22.8582545Z   duration_ms: 0.23612
test (22)	Coverage report (informational, not a gate)	2026-08-20T02:24:22.8582971Z   type: 'test'
test (22)	Coverage report (informational, not a gate)	2026-08-20T02:24:22.8583286Z   ...
test (22)	Coverage report (informational, not a gate)	2026-08-20T02:24:22.8583605Z 1..119
test (22)	Coverage report (informational, not a gate)	2026-08-20T02:24:22.8583915Z # tests 119
test (22)	Coverage report (informational, not a gate)	2026-08-20T02:24:22.8584221Z # suites 0
test (22)	Coverage report (informational, not a gate)	2026-08-20T02:24:22.8584546Z # pass 119
test (22)	Coverage report (informational, not a gate)	2026-08-20T02:24:22.8584851Z # fail 0
test (22)	Coverage report (informational, not a gate)	2026-08-20T02:24:22.8585133Z # cancelled 0
test (22)	Coverage report (informational, not a gate)	2026-08-20T02:24:22.8585346Z # skipped 0
test (22)	Coverage report (informational, not a gate)	2026-08-20T02:24:22.8585533Z # todo 0
test (22)	Coverage report (informational, not a gate)	2026-08-20T02:24:22.8585740Z # duration_ms 3852.807989
test (22)	Coverage report (informational, not a gate)	2026-08-20T02:24:22.8585997Z # start of coverage report
test (22)	Coverage report (informational, not a gate)	2026-08-20T02:24:22.8586608Z # -----------------------------------------------------------------------------------------------------------------------------------
test (22)	Coverage report (informational, not a gate)	2026-08-20T02:24:22.8587222Z # file                 | line % | branch % | funcs % | uncovered lines
test (22)	Coverage report (informational, not a gate)	2026-08-20T02:24:22.8587880Z # -----------------------------------------------------------------------------------------------------------------------------------
test (22)	Coverage report (informational, not a gate)	2026-08-20T02:24:22.8588791Z # bin                  |        |          |         | 
test (22)	Coverage report (informational, not a gate)	2026-08-20T02:24:22.8589495Z #  aphorism.js         | 100.00 |    85.71 |  100.00 | 
test (22)	Coverage report (informational, not a gate)	2026-08-20T02:24:22.8590025Z # src                  |        |          |         | 
test (22)	Coverage report (informational, not a gate)	2026-08-20T02:24:22.8590382Z #  args.js             | 100.00 |   100.00 |  100.00 | 
test (22)	Coverage report (informational, not a gate)	2026-08-20T02:24:22.8590754Z #  corpus.js           | 100.00 |   100.00 |  100.00 | 
test (22)	Coverage report (informational, not a gate)	2026-08-20T02:24:22.8591304Z #  select.js           | 100.00 |   100.00 |  100.00 | 
test (22)	Coverage report (informational, not a gate)	2026-08-20T02:24:22.8591666Z # test                 |        |          |         | 
test (22)	Coverage report (informational, not a gate)	2026-08-20T02:24:22.8592041Z #  args.test.js        | 100.00 |   100.00 |  100.00 | 
test (22)	Coverage report (informational, not a gate)	2026-08-20T02:24:22.8592419Z #  cli.test.js         | 100.00 |   100.00 |  100.00 | 
test (22)	Coverage report (informational, not a gate)	2026-08-20T02:24:22.8592850Z #  pipe.test.js        |  96.73 |    83.33 |  100.00 | 50-51 89-91 163-165
test (22)	Coverage report (informational, not a gate)	2026-08-20T02:24:22.8593534Z #  readme-tags.test.js |  98.71 |    86.81 |   96.15 | 125-126 146-147 156-157 531-532 534-535 549-552 1324-1325 1674-1675 1874-1884
test (22)	Coverage report (informational, not a gate)	2026-08-20T02:24:22.8594108Z #  select.test.js      | 100.00 |    97.92 |  100.00 | 
test (22)	Coverage report (informational, not a gate)	2026-08-20T02:24:22.8594728Z # -----------------------------------------------------------------------------------------------------------------------------------
test (22)	Coverage report (informational, not a gate)	2026-08-20T02:24:22.8595289Z # all files            |  99.11 |    92.57 |   98.61 | 
test (22)	Coverage report (informational, not a gate)	2026-08-20T02:24:22.8595894Z # -----------------------------------------------------------------------------------------------------------------------------------
test (22)	Coverage report (informational, not a gate)	2026-08-20T02:24:22.8596384Z # end of coverage report
test (22)	Post Run actions/setup-node@v4	﻿2026-08-20T02:24:22.8703173Z Node 20 is being deprecated. This workflow is running with Node 24 by default. If you need to temporarily use Node 20, you can set the ACTIONS_ALLOW_USE_UNSECURE_NODE_VERSION=true environment variable. For more information see: https://github.blog/changelog/2025-09-19-deprecation-of-node-20-on-github-actions-runners/
test (22)	Post Run actions/setup-node@v4	2026-08-20T02:24:22.8704425Z Post job cleanup.
test (22)	Post Run actions/setup-node@v4	2026-08-20T02:24:22.9989525Z (node:4115) [DEP0040] DeprecationWarning: The `punycode` module is deprecated. Please use a userland alternative instead.
test (22)	Post Run actions/setup-node@v4	2026-08-20T02:24:22.9990735Z (Use `node --trace-deprecation ...` to show where the warning was created)
test (22)	Post Run actions/checkout@v4	﻿2026-08-20T02:24:23.0196289Z Node 20 is being deprecated. This workflow is running with Node 24 by default. If you need to temporarily use Node 20, you can set the ACTIONS_ALLOW_USE_UNSECURE_NODE_VERSION=true environment variable. For more information see: https://github.blog/changelog/2025-09-19-deprecation-of-node-20-on-github-actions-runners/
test (22)	Post Run actions/checkout@v4	2026-08-20T02:24:23.0197557Z Post job cleanup.
test (22)	Post Run actions/checkout@v4	2026-08-20T02:24:23.1101488Z [command]/usr/bin/git version
test (22)	Post Run actions/checkout@v4	2026-08-20T02:24:23.1155495Z git version 2.54.0
test (22)	Post Run actions/checkout@v4	2026-08-20T02:24:23.1202527Z Temporarily overriding HOME='/home/runner/work/_temp/3fdb0a22-ae80-4892-98ff-d6e7086a63fb' before making global git config changes
test (22)	Post Run actions/checkout@v4	2026-08-20T02:24:23.1204225Z Adding repository directory to the temporary git global config as a safe directory
test (22)	Post Run actions/checkout@v4	2026-08-20T02:24:23.1209721Z [command]/usr/bin/git config --global --add safe.directory /home/runner/work/aphorism-cli/aphorism-cli
test (22)	Post Run actions/checkout@v4	2026-08-20T02:24:23.1253984Z [command]/usr/bin/git config --local --name-only --get-regexp core\.sshCommand
test (22)	Post Run actions/checkout@v4	2026-08-20T02:24:23.1292825Z [command]/usr/bin/git submodule foreach --recursive sh -c "git config --local --name-only --get-regexp 'core\.sshCommand' && git config --local --unset-all 'core.sshCommand' || :"
test (22)	Post Run actions/checkout@v4	2026-08-20T02:24:23.1559621Z [command]/usr/bin/git config --local --name-only --get-regexp http\.https\:\/\/github\.com\/\.extraheader
test (22)	Post Run actions/checkout@v4	2026-08-20T02:24:23.1597236Z http.https://github.com/.extraheader
test (22)	Post Run actions/checkout@v4	2026-08-20T02:24:23.1610399Z [command]/usr/bin/git config --local --unset-all http.https://github.com/.extraheader
test (22)	Post Run actions/checkout@v4	2026-08-20T02:24:23.1648775Z [command]/usr/bin/git submodule foreach --recursive sh -c "git config --local --name-only --get-regexp 'http\.https\:\/\/github\.com\/\.extraheader' && git config --local --unset-all 'http.https://github.com/.extraheader' || :"
test (22)	Post Run actions/checkout@v4	2026-08-20T02:24:23.1960452Z [command]/usr/bin/git config --local --name-only --get-regexp ^includeIf\.gitdir:
test (22)	Post Run actions/checkout@v4	2026-08-20T02:24:23.2010320Z [command]/usr/bin/git submodule foreach --recursive git config --local --show-origin --name-only --get-regexp remote.origin.url
test (22)	Complete job	﻿2026-08-20T02:24:23.2430354Z Cleaning up orphan processes
test (22)	Complete job	2026-08-20T02:24:23.3034712Z ##[warning]Node.js 20 is deprecated. The following actions target Node.js 20 but are being forced to run on Node.js 24: actions/checkout@v4, actions/setup-node@v4. For more information see: https://github.blog/changelog/2025-09-19-deprecation-of-node-20-on-github-actions-runners/
