test (24)	Set up job	﻿2026-08-20T03:35:26.2606598Z Current runner version: '2.336.0'
test (24)	Set up job	2026-08-20T03:35:26.2632288Z ##[group]Runner Image Provisioner
test (24)	Set up job	2026-08-20T03:35:26.2633310Z Hosted Compute Agent
test (24)	Set up job	2026-08-20T03:35:26.2634102Z Version: 20260729.566
test (24)	Set up job	2026-08-20T03:35:26.2634767Z Commit: cf7153fe6e25b664e8693c24944bf2b00355d109
test (24)	Set up job	2026-08-20T03:35:26.2635526Z Build Date: 2026-07-29T19:17:02Z
test (24)	Set up job	2026-08-20T03:35:26.2636304Z Worker ID: {417a90ef-bcad-4e8e-bb97-bccd48316362}
test (24)	Set up job	2026-08-20T03:35:26.2637076Z Azure Region: northcentralus
test (24)	Set up job	2026-08-20T03:35:26.2637739Z ##[endgroup]
test (24)	Set up job	2026-08-20T03:35:26.2639185Z ##[group]Operating System
test (24)	Set up job	2026-08-20T03:35:26.2639847Z Ubuntu
test (24)	Set up job	2026-08-20T03:35:26.2640447Z 24.04.4
test (24)	Set up job	2026-08-20T03:35:26.2641000Z LTS
test (24)	Set up job	2026-08-20T03:35:26.2641606Z ##[endgroup]
test (24)	Set up job	2026-08-20T03:35:26.2642531Z ##[group]Runner Image
test (24)	Set up job	2026-08-20T03:35:26.2643159Z Image: ubuntu-24.04
test (24)	Set up job	2026-08-20T03:35:26.2643794Z Version: 20260810.271.1
test (24)	Set up job	2026-08-20T03:35:26.2644893Z Included Software: https://github.com/actions/runner-images/blob/ubuntu24/20260810.271/images/ubuntu/Ubuntu2404-Readme.md
test (24)	Set up job	2026-08-20T03:35:26.2647298Z Image Release: https://github.com/actions/runner-images/releases/tag/ubuntu24%2F20260810.271
test (24)	Set up job	2026-08-20T03:35:26.2648349Z ##[endgroup]
test (24)	Set up job	2026-08-20T03:35:26.2649751Z ##[group]GITHUB_TOKEN Permissions
test (24)	Set up job	2026-08-20T03:35:26.2652299Z Contents: read
test (24)	Set up job	2026-08-20T03:35:26.2653012Z Metadata: read
test (24)	Set up job	2026-08-20T03:35:26.2653614Z Packages: read
test (24)	Set up job	2026-08-20T03:35:26.2654197Z ##[endgroup]
test (24)	Set up job	2026-08-20T03:35:26.2656712Z Secret source: Actions
test (24)	Set up job	2026-08-20T03:35:26.2658147Z Prepare workflow directory
test (24)	Set up job	2026-08-20T03:35:26.3001847Z Prepare all required actions
test (24)	Set up job	2026-08-20T03:35:26.3050223Z Getting action download info
test (24)	Set up job	2026-08-20T03:35:26.5524841Z Download action repository 'actions/checkout@v4' (SHA:11d5960a326750d5838078e36cf38b85af677262)
test (24)	Set up job	2026-08-20T03:35:26.7023763Z Download action repository 'actions/setup-node@v4' (SHA:49933ea5288caeca8642d1e84afbd3f7d6820020)
test (24)	Set up job	2026-08-20T03:35:26.8950703Z Complete job name: test (24)
test (24)	Run actions/checkout@v4	﻿2026-08-20T03:35:26.9674566Z Node 20 is being deprecated. This workflow is running with Node 24 by default. If you need to temporarily use Node 20, you can set the ACTIONS_ALLOW_USE_UNSECURE_NODE_VERSION=true environment variable. For more information see: https://github.blog/changelog/2025-09-19-deprecation-of-node-20-on-github-actions-runners/
test (24)	Run actions/checkout@v4	2026-08-20T03:35:26.9682910Z ##[group]Run actions/checkout@v4
test (24)	Run actions/checkout@v4	2026-08-20T03:35:26.9683624Z with:
test (24)	Run actions/checkout@v4	2026-08-20T03:35:26.9684083Z   repository: trmnmc/aphorism-cli
test (24)	Run actions/checkout@v4	2026-08-20T03:35:26.9687897Z   token: ***
test (24)	Run actions/checkout@v4	2026-08-20T03:35:26.9688339Z   ssh-strict: true
test (24)	Run actions/checkout@v4	2026-08-20T03:35:26.9688787Z   ssh-user: git
test (24)	Run actions/checkout@v4	2026-08-20T03:35:26.9689240Z   persist-credentials: true
test (24)	Run actions/checkout@v4	2026-08-20T03:35:26.9689733Z   clean: true
test (24)	Run actions/checkout@v4	2026-08-20T03:35:26.9690181Z   sparse-checkout-cone-mode: true
test (24)	Run actions/checkout@v4	2026-08-20T03:35:26.9690700Z   fetch-depth: 1
test (24)	Run actions/checkout@v4	2026-08-20T03:35:26.9691132Z   fetch-tags: false
test (24)	Run actions/checkout@v4	2026-08-20T03:35:26.9691591Z   show-progress: true
test (24)	Run actions/checkout@v4	2026-08-20T03:35:26.9692031Z   lfs: false
test (24)	Run actions/checkout@v4	2026-08-20T03:35:26.9692650Z   submodules: false
test (24)	Run actions/checkout@v4	2026-08-20T03:35:26.9693160Z   set-safe-directory: true
test (24)	Run actions/checkout@v4	2026-08-20T03:35:26.9693673Z   allow-unsafe-pr-checkout: false
test (24)	Run actions/checkout@v4	2026-08-20T03:35:26.9694401Z ##[endgroup]
test (24)	Run actions/checkout@v4	2026-08-20T03:35:27.0710666Z Syncing repository: trmnmc/aphorism-cli
test (24)	Run actions/checkout@v4	2026-08-20T03:35:27.0713433Z ##[group]Getting Git version info
test (24)	Run actions/checkout@v4	2026-08-20T03:35:27.0714676Z Working directory is '/home/runner/work/aphorism-cli/aphorism-cli'
test (24)	Run actions/checkout@v4	2026-08-20T03:35:27.0716343Z [command]/usr/bin/git version
test (24)	Run actions/checkout@v4	2026-08-20T03:35:27.0741807Z git version 2.54.0
test (24)	Run actions/checkout@v4	2026-08-20T03:35:27.0794069Z ##[endgroup]
test (24)	Run actions/checkout@v4	2026-08-20T03:35:27.0809032Z Temporarily overriding HOME='/home/runner/work/_temp/6a817daf-e071-477c-92b9-cf2589ee5805' before making global git config changes
test (24)	Run actions/checkout@v4	2026-08-20T03:35:27.0811327Z Adding repository directory to the temporary git global config as a safe directory
test (24)	Run actions/checkout@v4	2026-08-20T03:35:27.0813520Z [command]/usr/bin/git config --global --add safe.directory /home/runner/work/aphorism-cli/aphorism-cli
test (24)	Run actions/checkout@v4	2026-08-20T03:35:27.0860457Z Deleting the contents of '/home/runner/work/aphorism-cli/aphorism-cli'
test (24)	Run actions/checkout@v4	2026-08-20T03:35:27.0864813Z ##[group]Initializing the repository
test (24)	Run actions/checkout@v4	2026-08-20T03:35:27.0869378Z [command]/usr/bin/git init /home/runner/work/aphorism-cli/aphorism-cli
test (24)	Run actions/checkout@v4	2026-08-20T03:35:27.0946841Z hint: Using 'master' as the name for the initial branch. This default branch name
test (24)	Run actions/checkout@v4	2026-08-20T03:35:27.0948654Z hint: will change to "main" in Git 3.0. To configure the initial branch name
test (24)	Run actions/checkout@v4	2026-08-20T03:35:27.0950316Z hint: to use in all of your new repositories, which will suppress this warning,
test (24)	Run actions/checkout@v4	2026-08-20T03:35:27.0951632Z hint: call:
test (24)	Run actions/checkout@v4	2026-08-20T03:35:27.0952571Z hint:
test (24)	Run actions/checkout@v4	2026-08-20T03:35:27.0953526Z hint: 	git config --global init.defaultBranch <name>
test (24)	Run actions/checkout@v4	2026-08-20T03:35:27.0954689Z hint:
test (24)	Run actions/checkout@v4	2026-08-20T03:35:27.0955761Z hint: Names commonly chosen instead of 'master' are 'main', 'trunk' and
test (24)	Run actions/checkout@v4	2026-08-20T03:35:27.0957415Z hint: 'development'. The just-created branch can be renamed via this command:
test (24)	Run actions/checkout@v4	2026-08-20T03:35:27.0958772Z hint:
test (24)	Run actions/checkout@v4	2026-08-20T03:35:27.0959596Z hint: 	git branch -m <name>
test (24)	Run actions/checkout@v4	2026-08-20T03:35:27.0960486Z hint:
test (24)	Run actions/checkout@v4	2026-08-20T03:35:27.0961644Z hint: Disable this message with "git config set advice.defaultBranchName false"
test (24)	Run actions/checkout@v4	2026-08-20T03:35:27.0963481Z Initialized empty Git repository in /home/runner/work/aphorism-cli/aphorism-cli/.git/
test (24)	Run actions/checkout@v4	2026-08-20T03:35:27.0965978Z [command]/usr/bin/git remote add origin https://github.com/trmnmc/aphorism-cli
test (24)	Run actions/checkout@v4	2026-08-20T03:35:27.1000582Z ##[endgroup]
test (24)	Run actions/checkout@v4	2026-08-20T03:35:27.1001937Z ##[group]Disabling automatic garbage collection
test (24)	Run actions/checkout@v4	2026-08-20T03:35:27.1003322Z [command]/usr/bin/git config --local gc.auto 0
test (24)	Run actions/checkout@v4	2026-08-20T03:35:27.1036239Z ##[endgroup]
test (24)	Run actions/checkout@v4	2026-08-20T03:35:27.1037506Z ##[group]Setting up auth
test (24)	Run actions/checkout@v4	2026-08-20T03:35:27.1041691Z [command]/usr/bin/git config --local --name-only --get-regexp core\.sshCommand
test (24)	Run actions/checkout@v4	2026-08-20T03:35:27.1077396Z [command]/usr/bin/git submodule foreach --recursive sh -c "git config --local --name-only --get-regexp 'core\.sshCommand' && git config --local --unset-all 'core.sshCommand' || :"
test (24)	Run actions/checkout@v4	2026-08-20T03:35:27.1430535Z [command]/usr/bin/git config --local --name-only --get-regexp http\.https\:\/\/github\.com\/\.extraheader
test (24)	Run actions/checkout@v4	2026-08-20T03:35:27.1470803Z [command]/usr/bin/git submodule foreach --recursive sh -c "git config --local --name-only --get-regexp 'http\.https\:\/\/github\.com\/\.extraheader' && git config --local --unset-all 'http.https://github.com/.extraheader' || :"
test (24)	Run actions/checkout@v4	2026-08-20T03:35:27.1723846Z [command]/usr/bin/git config --local --name-only --get-regexp ^includeIf\.gitdir:
test (24)	Run actions/checkout@v4	2026-08-20T03:35:27.1762837Z [command]/usr/bin/git submodule foreach --recursive git config --local --show-origin --name-only --get-regexp remote.origin.url
test (24)	Run actions/checkout@v4	2026-08-20T03:35:27.2002992Z [command]/usr/bin/git config --local http.https://github.com/.extraheader AUTHORIZATION: basic ***
test (24)	Run actions/checkout@v4	2026-08-20T03:35:27.2044141Z ##[endgroup]
test (24)	Run actions/checkout@v4	2026-08-20T03:35:27.2045373Z ##[group]Fetching the repository
test (24)	Run actions/checkout@v4	2026-08-20T03:35:27.2054610Z [command]/usr/bin/git -c protocol.version=2 fetch --no-tags --prune --no-recurse-submodules --depth=1 origin +5f833abc150c5a578ab5a215ff0d1e09161d20d2:refs/remotes/origin/master
test (24)	Run actions/checkout@v4	2026-08-20T03:35:27.7681776Z From https://github.com/trmnmc/aphorism-cli
test (24)	Run actions/checkout@v4	2026-08-20T03:35:27.7684099Z  * [new ref]         5f833abc150c5a578ab5a215ff0d1e09161d20d2 -> origin/master
test (24)	Run actions/checkout@v4	2026-08-20T03:35:27.7716848Z ##[endgroup]
test (24)	Run actions/checkout@v4	2026-08-20T03:35:27.7718342Z ##[group]Determining the checkout info
test (24)	Run actions/checkout@v4	2026-08-20T03:35:27.7726835Z ##[endgroup]
test (24)	Run actions/checkout@v4	2026-08-20T03:35:27.7736669Z [command]/usr/bin/git sparse-checkout disable
test (24)	Run actions/checkout@v4	2026-08-20T03:35:27.7779769Z [command]/usr/bin/git config --local --unset-all extensions.worktreeConfig
test (24)	Run actions/checkout@v4	2026-08-20T03:35:27.7816369Z ##[group]Checking out the ref
test (24)	Run actions/checkout@v4	2026-08-20T03:35:27.7821291Z [command]/usr/bin/git checkout --progress --force -B master refs/remotes/origin/master
test (24)	Run actions/checkout@v4	2026-08-20T03:35:27.8717782Z Reset branch 'master'
test (24)	Run actions/checkout@v4	2026-08-20T03:35:27.8723198Z branch 'master' set up to track 'origin/master'.
test (24)	Run actions/checkout@v4	2026-08-20T03:35:27.8728005Z ##[endgroup]
test (24)	Run actions/checkout@v4	2026-08-20T03:35:27.8777524Z [command]/usr/bin/git log -1 --format=%H
test (24)	Run actions/checkout@v4	2026-08-20T03:35:27.8807493Z 5f833abc150c5a578ab5a215ff0d1e09161d20d2
test (24)	Run actions/setup-node@v4	﻿2026-08-20T03:35:27.9179996Z Node 20 is being deprecated. This workflow is running with Node 24 by default. If you need to temporarily use Node 20, you can set the ACTIONS_ALLOW_USE_UNSECURE_NODE_VERSION=true environment variable. For more information see: https://github.blog/changelog/2025-09-19-deprecation-of-node-20-on-github-actions-runners/
test (24)	Run actions/setup-node@v4	2026-08-20T03:35:27.9185462Z ##[group]Run actions/setup-node@v4
test (24)	Run actions/setup-node@v4	2026-08-20T03:35:27.9186618Z with:
test (24)	Run actions/setup-node@v4	2026-08-20T03:35:27.9187533Z   node-version: 24
test (24)	Run actions/setup-node@v4	2026-08-20T03:35:27.9188535Z   always-auth: false
test (24)	Run actions/setup-node@v4	2026-08-20T03:35:27.9189566Z   check-latest: false
test (24)	Run actions/setup-node@v4	2026-08-20T03:35:27.9197918Z   token: ***
test (24)	Run actions/setup-node@v4	2026-08-20T03:35:27.9198884Z ##[endgroup]
test (24)	Run actions/setup-node@v4	2026-08-20T03:35:28.0583476Z Found in cache @ /opt/hostedtoolcache/node/24.19.0/x64
test (24)	Run actions/setup-node@v4	2026-08-20T03:35:28.0587841Z (node:2321) [DEP0040] DeprecationWarning: The `punycode` module is deprecated. Please use a userland alternative instead.
test (24)	Run actions/setup-node@v4	2026-08-20T03:35:28.0591301Z (Use `node --trace-deprecation ...` to show where the warning was created)
test (24)	Run actions/setup-node@v4	2026-08-20T03:35:28.0594203Z ##[group]Environment details
test (24)	Run actions/setup-node@v4	2026-08-20T03:35:30.6011828Z node: v24.19.0
test (24)	Run actions/setup-node@v4	2026-08-20T03:35:30.6012701Z npm: 11.17.0
test (24)	Run actions/setup-node@v4	2026-08-20T03:35:30.6013051Z yarn: 1.22.22
test (24)	Run actions/setup-node@v4	2026-08-20T03:35:30.6014523Z ##[endgroup]
test (24)	Run node --test test/*.test.js	﻿2026-08-20T03:35:30.6164173Z ##[group]Run node --test test/*.test.js
test (24)	Run node --test test/*.test.js	2026-08-20T03:35:30.6235689Z [36;1mnode --test test/*.test.js[0m
test (24)	Run node --test test/*.test.js	2026-08-20T03:35:30.6333822Z shell: /usr/bin/bash -e {0}
test (24)	Run node --test test/*.test.js	2026-08-20T03:35:30.6334198Z ##[endgroup]
test (24)	Run node --test test/*.test.js	2026-08-20T03:35:30.7775441Z ✔ zero args: no error, no filters set (5.040684ms)
test (24)	Run node --test test/*.test.js	2026-08-20T03:35:30.7786533Z ✔ --author <name> sets author string (0.170001ms)
test (24)	Run node --test test/*.test.js	2026-08-20T03:35:30.7788139Z ✔ --author=<name> equals form sets author string (0.130674ms)
test (24)	Run node --test test/*.test.js	2026-08-20T03:35:30.7789503Z ✔ --tag <tag> sets tag string (0.246585ms)
test (24)	Run node --test test/*.test.js	2026-08-20T03:35:30.7790793Z ✔ --tag=<tag> equals form sets tag string (0.208048ms)
test (24)	Run node --test test/*.test.js	2026-08-20T03:35:30.7795922Z ✔ combined --author X --tag Y sets both (0.139557ms)
test (24)	Run node --test test/*.test.js	2026-08-20T03:35:30.7803622Z ✔ --seed <n> parses as a number (0.191203ms)
test (24)	Run node --test test/*.test.js	2026-08-20T03:35:30.7804997Z ✔ --seed=<n> equals form parses as a number (0.143472ms)
test (24)	Run node --test test/*.test.js	2026-08-20T03:35:30.7806507Z ✔ --seed <n> accepts a negative number (0.260526ms)
test (24)	Run node --test test/*.test.js	2026-08-20T03:35:30.7809571Z ✔ --seed=<n> equals form accepts a negative number (0.240627ms)
test (24)	Run node --test test/*.test.js	2026-08-20T03:35:30.7810729Z ✔ non-numeric --seed is a usage error (0.62122ms)
test (24)	Run node --test test/*.test.js	2026-08-20T03:35:30.7832663Z ✔ non-numeric --seed= equals form is a usage error (0.255979ms)
test (24)	Run node --test test/*.test.js	2026-08-20T03:35:30.7893896Z ✔ --list sets list: true (0.151404ms)
test (24)	Run node --test test/*.test.js	2026-08-20T03:35:30.7895315Z ✔ --json sets json: true (3.130466ms)
test (24)	Run node --test test/*.test.js	2026-08-20T03:35:30.7896276Z ✔ --help sets help: true (0.154389ms)
test (24)	Run node --test test/*.test.js	2026-08-20T03:35:30.7897207Z ✔ -h sets help: true (0.145045ms)
test (24)	Run node --test test/*.test.js	2026-08-20T03:35:30.7898040Z ✔ unknown flag is a usage error (1.045538ms)
test (24)	Run node --test test/*.test.js	2026-08-20T03:35:30.7898932Z ✔ unknown short flag is a usage error (0.130964ms)
test (24)	Run node --test test/*.test.js	2026-08-20T03:35:30.7900233Z ✔ --author missing value at end of argv is a usage error (0.177202ms)
test (24)	Run node --test test/*.test.js	2026-08-20T03:35:30.7903260Z ✔ --tag missing value because next token is another flag is a usage error (0.151996ms)
test (24)	Run node --test test/*.test.js	2026-08-20T03:35:30.7904717Z ✔ --seed missing value at end of argv is a usage error (0.145065ms)
test (24)	Run node --test test/*.test.js	2026-08-20T03:35:30.7905932Z ✔ --author= with empty value is a usage error (0.139026ms)
test (24)	Run node --test test/*.test.js	2026-08-20T03:35:30.7907201Z ✔ a bare positional argument (not a flag) is a usage error (0.116513ms)
test (24)	Run node --test test/*.test.js	2026-08-20T03:35:30.7908334Z ✔ parseArgs never throws on malformed input (0.270351ms)
test (24)	Run node --test test/*.test.js	2026-08-20T03:35:30.7909364Z ✔ absent options are undefined/false, never null (0.186436ms)
test (24)	Run node --test test/*.test.js	2026-08-20T03:35:30.7910484Z ✔ HELP is a non-empty string mentioning every flag name (0.192625ms)
test (24)	Run node --test test/*.test.js	2026-08-20T03:35:30.7911795Z ✔ HELP fits comfortably on one 24-line terminal screen (0.109852ms)
test (24)	Run node --test test/*.test.js	2026-08-20T03:35:30.7913399Z ✔ --seed Infinity / --seed -Infinity parse to numbers, not a usage error (0.158234ms)
test (24)	Run node --test test/*.test.js	2026-08-20T03:35:33.9474317Z ✔ bare invocation prints one attributed aphorism and exits 0 (49.911052ms)
test (24)	Run node --test test/*.test.js	2026-08-20T03:35:33.9475903Z ✔ --seed is deterministic across separate processes (74.450071ms)
test (24)	Run node --test test/*.test.js	2026-08-20T03:35:33.9476949Z ✔ different seeds do not all collapse to one aphorism (469.731216ms)
test (24)	Run node --test test/*.test.js	2026-08-20T03:35:33.9478649Z ✔ --json emits a single-line JSON object with text/author/tags (39.010099ms)
test (24)	Run node --test test/*.test.js	2026-08-20T03:35:33.9479690Z ✔ --list prints every entry in the filtered set (32.186414ms)
test (24)	Run node --test test/*.test.js	2026-08-20T03:35:33.9484519Z ✔ --help prints usage to stdout and exits 0 (33.107207ms)
test (24)	Run node --test test/*.test.js	2026-08-20T03:35:33.9485361Z ✔ no match exits 1 with stderr only and zero bytes on stdout (40.802239ms)
test (24)	Run node --test test/*.test.js	2026-08-20T03:35:33.9486266Z ✔ unknown flag is a usage error, exit 2, stdout clean (38.68339ms)
test (24)	Run node --test test/*.test.js	2026-08-20T03:35:33.9497035Z ✔ non-numeric seed is a usage error, exit 2 (33.336507ms)
test (24)	Run node --test test/*.test.js	2026-08-20T03:35:33.9498106Z ✔ author filter is case-insensitive and narrows the list (64.229045ms)
test (24)	Run node --test test/*.test.js	2026-08-20T03:35:33.9499165Z ✔ output is pipe-safe — no ANSI escapes when not a TTY (32.392744ms)
test (24)	Run node --test test/*.test.js	2026-08-20T03:35:33.9500398Z ✔ --tag matches membership, not substring containment (67.965884ms)
test (24)	Run node --test test/*.test.js	2026-08-20T03:35:33.9501444Z ✔ --list prints exactly one line per matching entry, no drops (31.116359ms)
test (24)	Run node --test test/*.test.js	2026-08-20T03:35:33.9502862Z ✔ --list preserves corpus order (first and last line match) (30.43491ms)
test (24)	Run node --test test/*.test.js	2026-08-20T03:35:33.9503993Z ✔ --json output is exactly one line, never pretty-printed (34.137883ms)
test (24)	Run node --test test/*.test.js	2026-08-20T03:35:33.9506179Z ✔ --list --json emits newline-delimited JSON, one object per line, in corpus order (37.758736ms)
test (24)	Run node --test test/*.test.js	2026-08-20T03:35:33.9507887Z ✔ --json composes with --seed: the seeded JSON pick is reproducible AND is the same entry as the plain-text pick (579.701097ms)
test (24)	Run node --test test/*.test.js	2026-08-20T03:35:33.9509205Z ✔ --json composes with the filter flags: the JSON pick is always a member of the FILTERED set (745.602555ms)
test (24)	Run node --test test/*.test.js	2026-08-20T03:35:33.9510065Z ✔ --list accepts a valid --seed and IGNORES it: output is byte-identical across seeds (306.755706ms)
test (24)	Run node --test test/*.test.js	2026-08-20T03:35:33.9510947Z ✔ --list --seed abc is a usage error, exit 2, stdout empty, stderr carries the diagnostic (31.049159ms)
test (24)	Run node --test test/*.test.js	2026-08-20T03:35:33.9548215Z ✔ --seed abc --list (erroring flag BEFORE --list) is still a usage error, exit 2, stdout empty (29.572763ms)
test (24)	Run node --test test/*.test.js	2026-08-20T03:35:33.9549476Z ✔ --list --seed=  (empty seed value) is a usage error, exit 2, stdout empty (31.709939ms)
test (24)	Run node --test test/*.test.js	2026-08-20T03:35:33.9550962Z ✔ --list --seed "   " (whitespace-only seed value) is a usage error, exit 2, stdout empty (29.990376ms)
test (24)	Run node --test test/*.test.js	2026-08-20T03:35:33.9552521Z ✔ --list --nosuchflag (unknown flag) is a usage error, exit 2, stdout empty — --list does not swallow it (28.603077ms)
test (24)	Run node --test test/*.test.js	2026-08-20T03:35:33.9554034Z ✔ --nosuchflag --list (unknown flag BEFORE --list) is still a usage error, exit 2, stdout empty (31.042931ms)
test (24)	Run node --test test/*.test.js	2026-08-20T03:35:33.9555695Z ✔ plain single-pick output is TWO lines: text, newline, four-space indent, EM DASH, space, author (31.544929ms)
test (24)	Run node --test test/*.test.js	2026-08-20T03:35:33.9556729Z ✔ --seed Infinity and --seed -Infinity (typed as CLI strings) are accepted and deterministic (123.996192ms)
test (24)	Run node --test test/*.test.js	2026-08-20T03:35:33.9557582Z ✔ --list with a filter that matches nothing is STILL exit 1, stderr only, stdout empty (61.021605ms)
test (24)	Run node --test test/*.test.js	2026-08-20T03:35:33.9559012Z ✔ --tag "" (bare empty-string value) matches nothing: whole-tag equality against the literal "" is not a filter no-op (30.625723ms)
test (24)	Run node --test test/*.test.js	2026-08-20T03:35:33.9632472Z ﹣ README Node support citation: cited git diff must be empty (or the check must skip on a missing precondition) (13.657115ms) # cited base commit 0c2ed40 is not reachable in this checkout (likely a shallow clone) -- cannot evaluate the README's Node support citation
test (24)	Run node --test test/*.test.js	2026-08-20T03:35:33.9634833Z ✔ --list | true: exits quietly, zero stderr, no crash banner (56.364218ms)
test (24)	Run node --test test/*.test.js	2026-08-20T03:35:33.9635929Z ✔ | true (no --list, single aphorism): exits quietly, zero stderr (53.23916ms)
test (24)	Run node --test test/*.test.js	2026-08-20T03:35:33.9637025Z ✔ --list | head -0: exits quietly, zero stderr, no crash banner (49.463168ms)
test (24)	Run node --test test/*.test.js	2026-08-20T03:35:33.9643646Z ✔ --list | /nonexistent-cmd-xyz: no crash banner from the CLI itself (54.306952ms)
test (24)	Run node --test test/*.test.js	2026-08-20T03:35:33.9645000Z ✔ non-EPIPE stdout write failure: reported, not silent, not exit 1, no stack trace (45.353147ms)
test (24)	Run node --test test/*.test.js	2026-08-20T03:35:33.9646334Z ✔ usage error survives a closed stderr reader: still exits 2, not clobbered to 1 (116.222751ms)
test (24)	Run node --test test/*.test.js	2026-08-20T03:35:33.9647976Z ✔ no-match exit code survives a closed stderr reader: still exits 1, not misreported (104.937209ms)
test (24)	Run node --test test/*.test.js	2026-08-20T03:35:33.9648853Z ✔ non-EPIPE stderr write failure: not silent, not the earned exit code, no stack trace (32.958672ms)
test (24)	Run node --test test/*.test.js	2026-08-20T03:35:33.9649557Z ✔ control: --list | head -1 stays completely clean (41.356143ms)
test (24)	Run node --test test/*.test.js	2026-08-20T03:35:33.9650118Z ✔ control: --list | head -5 stays completely clean (32.142934ms)
test (24)	Run node --test test/*.test.js	2026-08-20T03:35:33.9650661Z ✔ control: --list | sed 1q stays completely clean (32.834704ms)
test (24)	Run node --test test/*.test.js	2026-08-20T03:35:33.9651225Z ✔ control: --list | grep -q . stays completely clean (42.290768ms)
test (24)	Run node --test test/*.test.js	2026-08-20T03:35:33.9651747Z ✔ control: | wc -l stays completely clean (41.588076ms)
test (24)	Run node --test test/*.test.js	2026-08-20T03:35:33.9652513Z ✔ control: --list --json | head -2 stays completely clean (32.851639ms)
test (24)	Run node --test test/*.test.js	2026-08-20T03:35:33.9653168Z ✔ control: exit 1 / exit 2 stderr messages and codes are unchanged (68.270365ms)
test (24)	Run node --test test/*.test.js	2026-08-20T03:35:33.9653906Z ✔ control: a normal (non-full) stdout target still exits 0 with empty stderr (64.042789ms)
test (24)	Run node --test test/*.test.js	2026-08-20T03:35:33.9654571Z ✔ README tags must exist in corpus (2.696072ms)
test (24)	Run node --test test/*.test.js	2026-08-20T03:35:33.9655086Z ✔ README tag counts must match corpus (0.524677ms)
test (24)	Run node --test test/*.test.js	2026-08-20T03:35:33.9655890Z ✔ README must state total unique tags correctly (0.388556ms)
test (24)	Run node --test test/*.test.js	2026-08-20T03:35:33.9656530Z ✔ README must correctly describe single-entry tag count (0.552909ms)
test (24)	Run node --test test/*.test.js	2026-08-20T03:35:33.9657126Z ✔ README must list all single-entry tags (0.399592ms)
test (24)	Run node --test test/*.test.js	2026-08-20T03:35:33.9658210Z ✔ README Tag vocabulary section carries a tag+entry sentence with a single-entry marker (token co-occurrence guard, not a meaning check) (0.746726ms)
test (24)	Run node --test test/*.test.js	2026-08-20T03:35:33.9659790Z ✔ extractBandTablesFromReadme tolerates a prose sentence between a band heading and its table (T-025), without mis-attaching a table when the real one is missing (5.98277ms)
test (24)	Run node --test test/*.test.js	2026-08-20T03:35:33.9661108Z ✔ extractBandTablesFromReadme does not let a band-shaped PROSE line steal a real heading's table (T-039) (0.239806ms)
test (24)	Run node --test test/*.test.js	2026-08-20T03:35:33.9662356Z ✔ extractBandTablesFromReadme does not read a fenced example block as a second, real band table (0.306934ms)
test (24)	Run node --test test/*.test.js	2026-08-20T03:35:33.9664142Z ✔ extractBandTablesFromReadme's recognised bands account for every structural `| Tag | Count |` table -- a table under an unrecognised heading shape is a loud mismatch, not a silent miss (0.980172ms)
test (24)	Run node --test test/*.test.js	2026-08-20T03:35:33.9665815Z ✔ every `| Tag | Count |` table in the real README Tag vocabulary section is a recognised band table (no table may hide under an unrecognised heading shape) (0.583724ms)
test (24)	Run node --test test/*.test.js	2026-08-20T03:35:33.9667123Z ✔ every band table in README Tag vocabulary contains exactly the corpus tags whose count fits that band (1.910009ms)
test (24)	Run node --test test/*.test.js	2026-08-20T03:35:33.9668235Z ✔ every corpus tag appearing on 2+ entries must have a row in some band table (no band table may be deleted wholesale) (T-019) (0.482445ms)
test (24)	Run node --test test/*.test.js	2026-08-20T03:35:33.9669600Z ✔ extractBandTablesFromReadme derives a band's row count purely from its table, ignoring decoy "N tags" phrases in the heading line (T-024b) (0.239655ms)
test (24)	Run node --test test/*.test.js	2026-08-20T03:35:33.9671355Z ✔ README opening sentence must state correct multi-entry and single-entry tag counts (0.535403ms)
test (24)	Run node --test test/*.test.js	2026-08-20T03:35:33.9672880Z ✔ README Tag vocabulary section must contain no unrecognised count-claim digits (J-5) (1.006591ms)
test (24)	Run node --test test/*.test.js	2026-08-20T03:35:33.9673970Z ✔ README Attribution table "Entries ranked" count must match corpus.length and the triage doc (C1) (1.399062ms)
test (24)	Run node --test test/*.test.js	2026-08-20T03:35:33.9674866Z ✔ README Attribution table "Rated HIGH risk" count must match the triage doc table (C2) (0.680658ms)
test (24)	Run node --test test/*.test.js	2026-08-20T03:35:33.9675702Z ✔ README Attribution section must contain no digit runs outside the counts table (C7) (0.40539ms)
test (24)	Run node --test test/*.test.js	2026-08-20T03:35:33.9676426Z ✔ README Layout section paths must exist on disk (C6) (0.513681ms)
test (24)	Run node --test test/*.test.js	2026-08-20T03:35:33.9677373Z ✔ getListBehaviourSection tolerates a reformatted "--list behaviour" heading with no backticks (T-021) (0.444498ms)
test (24)	Run node --test test/*.test.js	2026-08-20T03:35:33.9678591Z ✔ getListBehaviourSection still fails on a SEPARATOR MISMATCH (not a heading-parse error) when a reformatted heading's literal is mutated (T-021) (0.333234ms)
test (24)	Run node --test test/*.test.js	2026-08-20T03:35:33.9680099Z ✔ getListBehaviourSection reports ambiguity loudly instead of taking the first of two qualifying headings (T-021) (1.264733ms)
test (24)	Run node --test test/*.test.js	2026-08-20T03:35:33.9681128Z ✔ getListBehaviourSection does not let "--list-only" satisfy the standalone `--list` token (T-021) (0.264181ms)
test (24)	Run node --test test/*.test.js	2026-08-20T03:35:33.9682073Z ✔ getListBehaviourSection tolerates the American spelling "behavior" in the heading (T-027) (0.148019ms)
test (24)	Run node --test test/*.test.js	2026-08-20T03:35:33.9683442Z ✔ getListBehaviourSection still fails on a SEPARATOR MISMATCH (not a heading-parse error) under an American-spelled heading (T-027) (0.222069ms)
test (24)	Run node --test test/*.test.js	2026-08-20T03:35:33.9684471Z ✔ README `--list` format literal matches the shipped binary's actual --list output (T-017) (42.142282ms)
test (24)	Run node --test test/*.test.js	2026-08-20T03:35:33.9685397Z ✔ README `--author` matching section must state the correct count of distinct corpus authors (Q-8) (0.51356ms)
test (24)	Run node --test test/*.test.js	2026-08-20T03:35:33.9686030Z ✔ corpus has at least 40 entries (1.554522ms)
test (24)	Run node --test test/*.test.js	2026-08-20T03:35:33.9686682Z ✔ every corpus entry has non-empty text, non-empty author, and an array of tags (1.858252ms)
test (24)	Run node --test test/*.test.js	2026-08-20T03:35:33.9687323Z ✔ filter: author match is case-insensitive (1.088833ms)
test (24)	Run node --test test/*.test.js	2026-08-20T03:35:33.9687980Z ✔ filter: tag match is case-insensitive (0.518237ms)
test (24)	Run node --test test/*.test.js	2026-08-20T03:35:33.9688599Z ✔ filter: author and tag together narrow to the intersection (AND) (0.534542ms)
test (24)	Run node --test test/*.test.js	2026-08-20T03:35:33.9689218Z ✔ filter: undefined/absent options do not filter (0.212935ms)
test (24)	Run node --test test/*.test.js	2026-08-20T03:35:33.9689906Z ✔ pick: same seed over the same candidates always returns the same element (0.794066ms)
test (24)	Run node --test test/*.test.js	2026-08-20T03:35:33.9690594Z ✔ pick: different seeds generally produce different results (0.312393ms)
test (24)	Run node --test test/*.test.js	2026-08-20T03:35:33.9691227Z ✔ pick: undefined seed picks a valid member (random mode) (0.549193ms)
test (24)	Run node --test test/*.test.js	2026-08-20T03:35:33.9691911Z ✔ pick: null seed also triggers random mode and returns a valid member (0.549544ms)
test (24)	Run node --test test/*.test.js	2026-08-20T03:35:33.9692794Z ✔ pick: throws RangeError on empty candidates array (0.671996ms)
test (24)	Run node --test test/*.test.js	2026-08-20T03:35:33.9693456Z ✔ pick: Infinity seed is deterministic and returns a valid member (3.508987ms)
test (24)	Run node --test test/*.test.js	2026-08-20T03:35:33.9694160Z ✔ pick: -Infinity seed is deterministic and returns a valid member (0.230081ms)
test (24)	Run node --test test/*.test.js	2026-08-20T03:35:33.9694870Z ✔ pick: NaN seed still uses the random branch and returns a valid member (0.133768ms)
test (24)	Run node --test test/*.test.js	2026-08-20T03:35:33.9695588Z ✔ pick: finite seed determinism is unchanged by the non-finite-seed fix (0.430298ms)
test (24)	Run node --test test/*.test.js	2026-08-20T03:35:33.9696230Z ✔ pick: every candidate is REACHABLE by an unseeded draw (4.100202ms)
test (24)	Run node --test test/*.test.js	2026-08-20T03:35:33.9696929Z ✔ pick: unseeded draws split the interval EQUALLY across candidates (uniform) (1.658016ms)
test (24)	Run node --test test/*.test.js	2026-08-20T03:35:33.9697801Z ✔ pick: single-element candidates always returns that element regardless of seed (0.796279ms)
test (24)	Run node --test test/*.test.js	2026-08-20T03:35:33.9698329Z ℹ tests 120
test (24)	Run node --test test/*.test.js	2026-08-20T03:35:33.9698659Z ℹ suites 0
test (24)	Run node --test test/*.test.js	2026-08-20T03:35:33.9698917Z ℹ pass 119
test (24)	Run node --test test/*.test.js	2026-08-20T03:35:33.9699137Z ℹ fail 0
test (24)	Run node --test test/*.test.js	2026-08-20T03:35:33.9699369Z ℹ cancelled 0
test (24)	Run node --test test/*.test.js	2026-08-20T03:35:33.9699607Z ℹ skipped 1
test (24)	Run node --test test/*.test.js	2026-08-20T03:35:33.9699828Z ℹ todo 0
test (24)	Run node --test test/*.test.js	2026-08-20T03:35:33.9700107Z ℹ duration_ms 3272.831028
test (24)	Coverage report (informational, not a gate)	﻿2026-08-20T03:35:33.9756722Z ##[group]Run node --test --experimental-test-coverage test/*.test.js \
test (24)	Coverage report (informational, not a gate)	2026-08-20T03:35:33.9757278Z [36;1mnode --test --experimental-test-coverage test/*.test.js \[0m
test (24)	Coverage report (informational, not a gate)	2026-08-20T03:35:33.9758050Z [36;1m  || echo "NOTE: --experimental-test-coverage exited non-zero on Node 24 (see output above). This step is informational only and does not affect job status."[0m
test (24)	Coverage report (informational, not a gate)	2026-08-20T03:35:33.9801119Z shell: /usr/bin/bash -e {0}
test (24)	Coverage report (informational, not a gate)	2026-08-20T03:35:33.9801402Z ##[endgroup]
test (24)	Coverage report (informational, not a gate)	2026-08-20T03:35:34.1194488Z ✔ zero args: no error, no filters set (1.930088ms)
test (24)	Coverage report (informational, not a gate)	2026-08-20T03:35:34.1220956Z ✔ --author <name> sets author string (0.223711ms)
test (24)	Coverage report (informational, not a gate)	2026-08-20T03:35:34.1264156Z ✔ --author=<name> equals form sets author string (0.203001ms)
test (24)	Coverage report (informational, not a gate)	2026-08-20T03:35:34.1265519Z ✔ --tag <tag> sets tag string (1.058407ms)
test (24)	Coverage report (informational, not a gate)	2026-08-20T03:35:34.1266739Z ✔ --tag=<tag> equals form sets tag string (1.04636ms)
test (24)	Coverage report (informational, not a gate)	2026-08-20T03:35:34.1268023Z ✔ combined --author X --tag Y sets both (0.26977ms)
test (24)	Coverage report (informational, not a gate)	2026-08-20T03:35:34.1269632Z ✔ --seed <n> parses as a number (0.262869ms)
test (24)	Coverage report (informational, not a gate)	2026-08-20T03:35:34.1270784Z ✔ --seed=<n> equals form parses as a number (0.12837ms)
test (24)	Coverage report (informational, not a gate)	2026-08-20T03:35:34.1271846Z ✔ --seed <n> accepts a negative number (0.412852ms)
test (24)	Coverage report (informational, not a gate)	2026-08-20T03:35:34.1273251Z ✔ --seed=<n> equals form accepts a negative number (0.183041ms)
test (24)	Coverage report (informational, not a gate)	2026-08-20T03:35:34.1274387Z ✔ non-numeric --seed is a usage error (0.305061ms)
test (24)	Coverage report (informational, not a gate)	2026-08-20T03:35:34.1275588Z ✔ non-numeric --seed= equals form is a usage error (0.228358ms)
test (24)	Coverage report (informational, not a gate)	2026-08-20T03:35:34.1276632Z ✔ --list sets list: true (0.193065ms)
test (24)	Coverage report (informational, not a gate)	2026-08-20T03:35:34.1277548Z ✔ --json sets json: true (0.164564ms)
test (24)	Coverage report (informational, not a gate)	2026-08-20T03:35:34.1278455Z ✔ --help sets help: true (0.15575ms)
test (24)	Coverage report (informational, not a gate)	2026-08-20T03:35:34.1279331Z ✔ -h sets help: true (0.171854ms)
test (24)	Coverage report (informational, not a gate)	2026-08-20T03:35:34.1280247Z ✔ unknown flag is a usage error (0.192615ms)
test (24)	Coverage report (informational, not a gate)	2026-08-20T03:35:34.1281270Z ✔ unknown short flag is a usage error (0.097374ms)
test (24)	Coverage report (informational, not a gate)	2026-08-20T03:35:34.1282662Z ✔ --author missing value at end of argv is a usage error (0.193817ms)
test (24)	Coverage report (informational, not a gate)	2026-08-20T03:35:34.1284216Z ✔ --tag missing value because next token is another flag is a usage error (0.150493ms)
test (24)	Coverage report (informational, not a gate)	2026-08-20T03:35:34.1285711Z ✔ --seed missing value at end of argv is a usage error (0.147258ms)
test (24)	Coverage report (informational, not a gate)	2026-08-20T03:35:34.1288115Z ✔ --author= with empty value is a usage error (0.115891ms)
test (24)	Coverage report (informational, not a gate)	2026-08-20T03:35:34.1289663Z ✔ a bare positional argument (not a flag) is a usage error (0.151073ms)
test (24)	Coverage report (informational, not a gate)	2026-08-20T03:35:34.1290903Z ✔ parseArgs never throws on malformed input (0.24346ms)
test (24)	Coverage report (informational, not a gate)	2026-08-20T03:35:34.1292317Z ✔ absent options are undefined/false, never null (0.144083ms)
test (24)	Coverage report (informational, not a gate)	2026-08-20T03:35:34.1293678Z ✔ HELP is a non-empty string mentioning every flag name (0.179946ms)
test (24)	Coverage report (informational, not a gate)	2026-08-20T03:35:34.1294975Z ✔ HELP fits comfortably on one 24-line terminal screen (0.376528ms)
test (24)	Coverage report (informational, not a gate)	2026-08-20T03:35:34.1296791Z ✔ --seed Infinity / --seed -Infinity parse to numbers, not a usage error (0.232284ms)
test (24)	Coverage report (informational, not a gate)	2026-08-20T03:35:37.8179148Z ✔ bare invocation prints one attributed aphorism and exits 0 (55.382159ms)
test (24)	Coverage report (informational, not a gate)	2026-08-20T03:35:37.8183404Z ✔ --seed is deterministic across separate processes (112.600882ms)
test (24)	Coverage report (informational, not a gate)	2026-08-20T03:35:37.8184590Z ✔ different seeds do not all collapse to one aphorism (538.623521ms)
test (24)	Coverage report (informational, not a gate)	2026-08-20T03:35:37.8185818Z ✔ --json emits a single-line JSON object with text/author/tags (37.779794ms)
test (24)	Coverage report (informational, not a gate)	2026-08-20T03:35:37.8187195Z ✔ --list prints every entry in the filtered set (38.123504ms)
test (24)	Coverage report (informational, not a gate)	2026-08-20T03:35:37.8187971Z ✔ --help prints usage to stdout and exits 0 (44.802606ms)
test (24)	Coverage report (informational, not a gate)	2026-08-20T03:35:37.8189227Z ✔ no match exits 1 with stderr only and zero bytes on stdout (37.290918ms)
test (24)	Coverage report (informational, not a gate)	2026-08-20T03:35:37.8190466Z ✔ unknown flag is a usage error, exit 2, stdout clean (38.454155ms)
test (24)	Coverage report (informational, not a gate)	2026-08-20T03:35:37.8193752Z ✔ non-numeric seed is a usage error, exit 2 (41.625464ms)
test (24)	Coverage report (informational, not a gate)	2026-08-20T03:35:37.8194996Z ✔ author filter is case-insensitive and narrows the list (78.320943ms)
test (24)	Coverage report (informational, not a gate)	2026-08-20T03:35:37.8196332Z ✔ output is pipe-safe — no ANSI escapes when not a TTY (38.367251ms)
test (24)	Coverage report (informational, not a gate)	2026-08-20T03:35:37.8197259Z ✔ --tag matches membership, not substring containment (82.985132ms)
test (24)	Coverage report (informational, not a gate)	2026-08-20T03:35:37.8203998Z ✔ --list prints exactly one line per matching entry, no drops (37.848302ms)
test (24)	Coverage report (informational, not a gate)	2026-08-20T03:35:37.8205704Z ✔ --list preserves corpus order (first and last line match) (36.1269ms)
test (24)	Coverage report (informational, not a gate)	2026-08-20T03:35:37.8206759Z ✔ --json output is exactly one line, never pretty-printed (36.424672ms)
test (24)	Coverage report (informational, not a gate)	2026-08-20T03:35:37.8209889Z ✔ --list --json emits newline-delimited JSON, one object per line, in corpus order (36.427746ms)
test (24)	Coverage report (informational, not a gate)	2026-08-20T03:35:37.8211589Z ✔ --json composes with --seed: the seeded JSON pick is reproducible AND is the same entry as the plain-text pick (675.039598ms)
test (24)	Coverage report (informational, not a gate)	2026-08-20T03:35:37.8223807Z ✔ --json composes with the filter flags: the JSON pick is always a member of the FILTERED set (878.968148ms)
test (24)	Coverage report (informational, not a gate)	2026-08-20T03:35:37.8225785Z ✔ --list accepts a valid --seed and IGNORES it: output is byte-identical across seeds (359.553586ms)
test (24)	Coverage report (informational, not a gate)	2026-08-20T03:35:37.8228133Z ✔ --list --seed abc is a usage error, exit 2, stdout empty, stderr carries the diagnostic (35.598695ms)
test (24)	Coverage report (informational, not a gate)	2026-08-20T03:35:37.8230220Z ✔ --seed abc --list (erroring flag BEFORE --list) is still a usage error, exit 2, stdout empty (37.118713ms)
test (24)	Coverage report (informational, not a gate)	2026-08-20T03:35:37.8231997Z ✔ --list --seed=  (empty seed value) is a usage error, exit 2, stdout empty (37.916397ms)
test (24)	Coverage report (informational, not a gate)	2026-08-20T03:35:37.8234042Z ✔ --list --seed "   " (whitespace-only seed value) is a usage error, exit 2, stdout empty (35.057772ms)
test (24)	Coverage report (informational, not a gate)	2026-08-20T03:35:37.8253324Z ✔ --list --nosuchflag (unknown flag) is a usage error, exit 2, stdout empty — --list does not swallow it (37.738918ms)
test (24)	Coverage report (informational, not a gate)	2026-08-20T03:35:37.8259634Z ✔ --nosuchflag --list (unknown flag BEFORE --list) is still a usage error, exit 2, stdout empty (38.074241ms)
test (24)	Coverage report (informational, not a gate)	2026-08-20T03:35:37.8261721Z ✔ plain single-pick output is TWO lines: text, newline, four-space indent, EM DASH, space, author (36.419164ms)
test (24)	Coverage report (informational, not a gate)	2026-08-20T03:35:37.8263760Z ✔ --seed Infinity and --seed -Infinity (typed as CLI strings) are accepted and deterministic (146.04ms)
test (24)	Coverage report (informational, not a gate)	2026-08-20T03:35:37.8265577Z ✔ --list with a filter that matches nothing is STILL exit 1, stderr only, stdout empty (72.071149ms)
test (24)	Coverage report (informational, not a gate)	2026-08-20T03:35:37.8267495Z ✔ --tag "" (bare empty-string value) matches nothing: whole-tag equality against the literal "" is not a filter no-op (36.766204ms)
test (24)	Coverage report (informational, not a gate)	2026-08-20T03:35:37.8422459Z ﹣ README Node support citation: cited git diff must be empty (or the check must skip on a missing precondition) (18.15179ms) # cited base commit 0c2ed40 is not reachable in this checkout (likely a shallow clone) -- cannot evaluate the README's Node support citation
test (24)	Coverage report (informational, not a gate)	2026-08-20T03:35:37.8424752Z ✔ --list | true: exits quietly, zero stderr, no crash banner (62.855706ms)
test (24)	Coverage report (informational, not a gate)	2026-08-20T03:35:37.8425850Z ✔ | true (no --list, single aphorism): exits quietly, zero stderr (44.108509ms)
test (24)	Coverage report (informational, not a gate)	2026-08-20T03:35:37.8426950Z ✔ --list | head -0: exits quietly, zero stderr, no crash banner (56.099691ms)
test (24)	Coverage report (informational, not a gate)	2026-08-20T03:35:37.8428070Z ✔ --list | /nonexistent-cmd-xyz: no crash banner from the CLI itself (53.886899ms)
test (24)	Coverage report (informational, not a gate)	2026-08-20T03:35:37.8429346Z ✔ non-EPIPE stdout write failure: reported, not silent, not exit 1, no stack trace (44.659966ms)
test (24)	Coverage report (informational, not a gate)	2026-08-20T03:35:37.8430745Z ✔ usage error survives a closed stderr reader: still exits 2, not clobbered to 1 (121.817054ms)
test (24)	Coverage report (informational, not a gate)	2026-08-20T03:35:37.8432292Z ✔ no-match exit code survives a closed stderr reader: still exits 1, not misreported (135.85292ms)
test (24)	Coverage report (informational, not a gate)	2026-08-20T03:35:37.8433686Z ✔ non-EPIPE stderr write failure: not silent, not the earned exit code, no stack trace (45.13914ms)
test (24)	Coverage report (informational, not a gate)	2026-08-20T03:35:37.8434796Z ✔ control: --list | head -1 stays completely clean (40.483248ms)
test (24)	Coverage report (informational, not a gate)	2026-08-20T03:35:37.8435688Z ✔ control: --list | head -5 stays completely clean (44.794429ms)
test (24)	Coverage report (informational, not a gate)	2026-08-20T03:35:37.8436571Z ✔ control: --list | sed 1q stays completely clean (47.982043ms)
test (24)	Coverage report (informational, not a gate)	2026-08-20T03:35:37.8437427Z ✔ control: --list | grep -q . stays completely clean (43.032113ms)
test (24)	Coverage report (informational, not a gate)	2026-08-20T03:35:37.8438251Z ✔ control: | wc -l stays completely clean (42.545971ms)
test (24)	Coverage report (informational, not a gate)	2026-08-20T03:35:37.8439146Z ✔ control: --list --json | head -2 stays completely clean (41.979639ms)
test (24)	Coverage report (informational, not a gate)	2026-08-20T03:35:37.8440189Z ✔ control: exit 1 / exit 2 stderr messages and codes are unchanged (79.492779ms)
test (24)	Coverage report (informational, not a gate)	2026-08-20T03:35:37.8441742Z ✔ control: a normal (non-full) stdout target still exits 0 with empty stderr (77.754236ms)
test (24)	Coverage report (informational, not a gate)	2026-08-20T03:35:37.8442902Z ✔ README tags must exist in corpus (3.163215ms)
test (24)	Coverage report (informational, not a gate)	2026-08-20T03:35:37.8443607Z ✔ README tag counts must match corpus (0.532239ms)
test (24)	Coverage report (informational, not a gate)	2026-08-20T03:35:37.8444422Z ✔ README must state total unique tags correctly (0.33817ms)
test (24)	Coverage report (informational, not a gate)	2026-08-20T03:35:37.8445318Z ✔ README must correctly describe single-entry tag count (0.342156ms)
test (24)	Coverage report (informational, not a gate)	2026-08-20T03:35:37.8446160Z ✔ README must list all single-entry tags (0.37146ms)
test (24)	Coverage report (informational, not a gate)	2026-08-20T03:35:37.8447723Z ✔ README Tag vocabulary section carries a tag+entry sentence with a single-entry marker (token co-occurrence guard, not a meaning check) (0.998138ms)
test (24)	Coverage report (informational, not a gate)	2026-08-20T03:35:37.8450087Z ✔ extractBandTablesFromReadme tolerates a prose sentence between a band heading and its table (T-025), without mis-attaching a table when the real one is missing (1.959682ms)
test (24)	Coverage report (informational, not a gate)	2026-08-20T03:35:37.8452358Z ✔ extractBandTablesFromReadme does not let a band-shaped PROSE line steal a real heading's table (T-039) (0.228258ms)
test (24)	Coverage report (informational, not a gate)	2026-08-20T03:35:37.8454319Z ✔ extractBandTablesFromReadme does not read a fenced example block as a second, real band table (1.445751ms)
test (24)	Coverage report (informational, not a gate)	2026-08-20T03:35:37.8456645Z ✔ extractBandTablesFromReadme's recognised bands account for every structural `| Tag | Count |` table -- a table under an unrecognised heading shape is a loud mismatch, not a silent miss (0.445579ms)
test (24)	Coverage report (informational, not a gate)	2026-08-20T03:35:37.8459227Z ✔ every `| Tag | Count |` table in the real README Tag vocabulary section is a recognised band table (no table may hide under an unrecognised heading shape) (0.573229ms)
test (24)	Coverage report (informational, not a gate)	2026-08-20T03:35:37.8461139Z ✔ every band table in README Tag vocabulary contains exactly the corpus tags whose count fits that band (1.564476ms)
test (24)	Coverage report (informational, not a gate)	2026-08-20T03:35:37.8463125Z ✔ every corpus tag appearing on 2+ entries must have a row in some band table (no band table may be deleted wholesale) (T-019) (0.450127ms)
test (24)	Coverage report (informational, not a gate)	2026-08-20T03:35:37.8465201Z ✔ extractBandTablesFromReadme derives a band's row count purely from its table, ignoring decoy "N tags" phrases in the heading line (T-024b) (0.687308ms)
test (24)	Coverage report (informational, not a gate)	2026-08-20T03:35:37.8466950Z ✔ README opening sentence must state correct multi-entry and single-entry tag counts (0.543204ms)
test (24)	Coverage report (informational, not a gate)	2026-08-20T03:35:37.8468363Z ✔ README Tag vocabulary section must contain no unrecognised count-claim digits (J-5) (1.123634ms)
test (24)	Coverage report (informational, not a gate)	2026-08-20T03:35:37.8469929Z ✔ README Attribution table "Entries ranked" count must match corpus.length and the triage doc (C1) (1.788438ms)
test (24)	Coverage report (informational, not a gate)	2026-08-20T03:35:37.8471423Z ✔ README Attribution table "Rated HIGH risk" count must match the triage doc table (C2) (0.630624ms)
test (24)	Coverage report (informational, not a gate)	2026-08-20T03:35:37.8473027Z ✔ README Attribution section must contain no digit runs outside the counts table (C7) (0.421014ms)
test (24)	Coverage report (informational, not a gate)	2026-08-20T03:35:37.8474172Z ✔ README Layout section paths must exist on disk (C6) (0.551857ms)
test (24)	Coverage report (informational, not a gate)	2026-08-20T03:35:37.8475559Z ✔ getListBehaviourSection tolerates a reformatted "--list behaviour" heading with no backticks (T-021) (0.504196ms)
test (24)	Coverage report (informational, not a gate)	2026-08-20T03:35:37.8477600Z ✔ getListBehaviourSection still fails on a SEPARATOR MISMATCH (not a heading-parse error) when a reformatted heading's literal is mutated (T-021) (0.345171ms)
test (24)	Coverage report (informational, not a gate)	2026-08-20T03:35:37.8479587Z ✔ getListBehaviourSection reports ambiguity loudly instead of taking the first of two qualifying headings (T-021) (1.416117ms)
test (24)	Coverage report (informational, not a gate)	2026-08-20T03:35:37.8481314Z ✔ getListBehaviourSection does not let "--list-only" satisfy the standalone `--list` token (T-021) (0.257831ms)
test (24)	Coverage report (informational, not a gate)	2026-08-20T03:35:37.8484976Z ✔ getListBehaviourSection tolerates the American spelling "behavior" in the heading (T-027) (0.164523ms)
test (24)	Coverage report (informational, not a gate)	2026-08-20T03:35:37.8486916Z ✔ getListBehaviourSection still fails on a SEPARATOR MISMATCH (not a heading-parse error) under an American-spelled heading (T-027) (0.17561ms)
test (24)	Coverage report (informational, not a gate)	2026-08-20T03:35:37.8488707Z ✔ README `--list` format literal matches the shipped binary's actual --list output (T-017) (59.916508ms)
test (24)	Coverage report (informational, not a gate)	2026-08-20T03:35:37.8490278Z ✔ README `--author` matching section must state the correct count of distinct corpus authors (Q-8) (0.547591ms)
test (24)	Coverage report (informational, not a gate)	2026-08-20T03:35:37.8491605Z ✔ corpus has at least 40 entries (2.206888ms)
test (24)	Coverage report (informational, not a gate)	2026-08-20T03:35:37.8492832Z ✔ every corpus entry has non-empty text, non-empty author, and an array of tags (0.39169ms)
test (24)	Coverage report (informational, not a gate)	2026-08-20T03:35:37.8493864Z ✔ filter: author match is case-insensitive (1.046199ms)
test (24)	Coverage report (informational, not a gate)	2026-08-20T03:35:37.8494652Z ✔ filter: tag match is case-insensitive (0.421854ms)
test (24)	Coverage report (informational, not a gate)	2026-08-20T03:35:37.8495604Z ✔ filter: author and tag together narrow to the intersection (AND) (0.355115ms)
test (24)	Coverage report (informational, not a gate)	2026-08-20T03:35:37.8496576Z ✔ filter: undefined/absent options do not filter (0.177983ms)
test (24)	Coverage report (informational, not a gate)	2026-08-20T03:35:37.8497659Z ✔ pick: same seed over the same candidates always returns the same element (0.489115ms)
test (24)	Coverage report (informational, not a gate)	2026-08-20T03:35:37.8498790Z ✔ pick: different seeds generally produce different results (0.248898ms)
test (24)	Coverage report (informational, not a gate)	2026-08-20T03:35:37.8499865Z ✔ pick: undefined seed picks a valid member (random mode) (0.201699ms)
test (24)	Coverage report (informational, not a gate)	2026-08-20T03:35:37.8500974Z ✔ pick: null seed also triggers random mode and returns a valid member (0.218744ms)
test (24)	Coverage report (informational, not a gate)	2026-08-20T03:35:37.8502587Z ✔ pick: throws RangeError on empty candidates array (0.743ms)
test (24)	Coverage report (informational, not a gate)	2026-08-20T03:35:37.8503659Z ✔ pick: Infinity seed is deterministic and returns a valid member (0.255588ms)
test (24)	Coverage report (informational, not a gate)	2026-08-20T03:35:37.8504787Z ✔ pick: -Infinity seed is deterministic and returns a valid member (1.129393ms)
test (24)	Coverage report (informational, not a gate)	2026-08-20T03:35:37.8505928Z ✔ pick: NaN seed still uses the random branch and returns a valid member (0.112486ms)
test (24)	Coverage report (informational, not a gate)	2026-08-20T03:35:37.8507097Z ✔ pick: finite seed determinism is unchanged by the non-finite-seed fix (0.383538ms)
test (24)	Coverage report (informational, not a gate)	2026-08-20T03:35:37.8508158Z ✔ pick: every candidate is REACHABLE by an unseeded draw (2.710914ms)
test (24)	Coverage report (informational, not a gate)	2026-08-20T03:35:37.8509286Z ✔ pick: unseeded draws split the interval EQUALLY across candidates (uniform) (1.12104ms)
test (24)	Coverage report (informational, not a gate)	2026-08-20T03:35:37.8510621Z ✔ pick: single-element candidates always returns that element regardless of seed (0.218854ms)
test (24)	Coverage report (informational, not a gate)	2026-08-20T03:35:38.0600941Z ℹ tests 120
test (24)	Coverage report (informational, not a gate)	2026-08-20T03:35:38.0601523Z ℹ suites 0
test (24)	Coverage report (informational, not a gate)	2026-08-20T03:35:38.0601970Z ℹ pass 119
test (24)	Coverage report (informational, not a gate)	2026-08-20T03:35:38.0602863Z ℹ fail 0
test (24)	Coverage report (informational, not a gate)	2026-08-20T03:35:38.0603286Z ℹ cancelled 0
test (24)	Coverage report (informational, not a gate)	2026-08-20T03:35:38.0603690Z ℹ skipped 1
test (24)	Coverage report (informational, not a gate)	2026-08-20T03:35:38.0604163Z ℹ todo 0
test (24)	Coverage report (informational, not a gate)	2026-08-20T03:35:38.0604598Z ℹ duration_ms 3824.325842
test (24)	Coverage report (informational, not a gate)	2026-08-20T03:35:38.0633036Z ℹ start of coverage report
test (24)	Coverage report (informational, not a gate)	2026-08-20T03:35:38.0633925Z ℹ -------------------------------------------------------------
test (24)	Coverage report (informational, not a gate)	2026-08-20T03:35:38.0634890Z ℹ file         | line % | branch % | funcs % | uncovered lines
test (24)	Coverage report (informational, not a gate)	2026-08-20T03:35:38.0635792Z ℹ -------------------------------------------------------------
test (24)	Coverage report (informational, not a gate)	2026-08-20T03:35:38.0636587Z ℹ bin          |        |          |         | 
test (24)	Coverage report (informational, not a gate)	2026-08-20T03:35:38.0637331Z ℹ  aphorism.js | 100.00 |    85.71 |  100.00 | 
test (24)	Coverage report (informational, not a gate)	2026-08-20T03:35:38.0638120Z ℹ src          |        |          |         | 
test (24)	Coverage report (informational, not a gate)	2026-08-20T03:35:38.0638826Z ℹ  args.js     | 100.00 |   100.00 |  100.00 | 
test (24)	Coverage report (informational, not a gate)	2026-08-20T03:35:38.0639507Z ℹ  corpus.js   | 100.00 |   100.00 |  100.00 | 
test (24)	Coverage report (informational, not a gate)	2026-08-20T03:35:38.0640196Z ℹ  select.js   | 100.00 |   100.00 |  100.00 | 
test (24)	Coverage report (informational, not a gate)	2026-08-20T03:35:38.0641045Z ℹ -------------------------------------------------------------
test (24)	Coverage report (informational, not a gate)	2026-08-20T03:35:38.0641861Z ℹ all files    | 100.00 |    98.44 |  100.00 | 
test (24)	Coverage report (informational, not a gate)	2026-08-20T03:35:38.0642887Z ℹ -------------------------------------------------------------
test (24)	Coverage report (informational, not a gate)	2026-08-20T03:35:38.0643580Z ℹ end of coverage report
test (24)	Post Run actions/setup-node@v4	﻿2026-08-20T03:35:38.0787855Z Node 20 is being deprecated. This workflow is running with Node 24 by default. If you need to temporarily use Node 20, you can set the ACTIONS_ALLOW_USE_UNSECURE_NODE_VERSION=true environment variable. For more information see: https://github.blog/changelog/2025-09-19-deprecation-of-node-20-on-github-actions-runners/
test (24)	Post Run actions/setup-node@v4	2026-08-20T03:35:38.0789034Z Post job cleanup.
test (24)	Post Run actions/setup-node@v4	2026-08-20T03:35:38.1972579Z (node:4191) [DEP0040] DeprecationWarning: The `punycode` module is deprecated. Please use a userland alternative instead.
test (24)	Post Run actions/setup-node@v4	2026-08-20T03:35:38.1973454Z (Use `node --trace-deprecation ...` to show where the warning was created)
test (24)	Post Run actions/checkout@v4	﻿2026-08-20T03:35:38.2237766Z Node 20 is being deprecated. This workflow is running with Node 24 by default. If you need to temporarily use Node 20, you can set the ACTIONS_ALLOW_USE_UNSECURE_NODE_VERSION=true environment variable. For more information see: https://github.blog/changelog/2025-09-19-deprecation-of-node-20-on-github-actions-runners/
test (24)	Post Run actions/checkout@v4	2026-08-20T03:35:38.2239899Z Post job cleanup.
test (24)	Post Run actions/checkout@v4	2026-08-20T03:35:38.3171094Z [command]/usr/bin/git version
test (24)	Post Run actions/checkout@v4	2026-08-20T03:35:38.3218074Z git version 2.54.0
test (24)	Post Run actions/checkout@v4	2026-08-20T03:35:38.3256549Z Temporarily overriding HOME='/home/runner/work/_temp/2d4043c5-de5f-4e60-a249-dc7d35311db3' before making global git config changes
test (24)	Post Run actions/checkout@v4	2026-08-20T03:35:38.3258030Z Adding repository directory to the temporary git global config as a safe directory
test (24)	Post Run actions/checkout@v4	2026-08-20T03:35:38.3261847Z [command]/usr/bin/git config --global --add safe.directory /home/runner/work/aphorism-cli/aphorism-cli
test (24)	Post Run actions/checkout@v4	2026-08-20T03:35:38.3306526Z [command]/usr/bin/git config --local --name-only --get-regexp core\.sshCommand
test (24)	Post Run actions/checkout@v4	2026-08-20T03:35:38.3341982Z [command]/usr/bin/git submodule foreach --recursive sh -c "git config --local --name-only --get-regexp 'core\.sshCommand' && git config --local --unset-all 'core.sshCommand' || :"
test (24)	Post Run actions/checkout@v4	2026-08-20T03:35:38.3635913Z [command]/usr/bin/git config --local --name-only --get-regexp http\.https\:\/\/github\.com\/\.extraheader
test (24)	Post Run actions/checkout@v4	2026-08-20T03:35:38.3663250Z http.https://github.com/.extraheader
test (24)	Post Run actions/checkout@v4	2026-08-20T03:35:38.3674961Z [command]/usr/bin/git config --local --unset-all http.https://github.com/.extraheader
test (24)	Post Run actions/checkout@v4	2026-08-20T03:35:38.3710280Z [command]/usr/bin/git submodule foreach --recursive sh -c "git config --local --name-only --get-regexp 'http\.https\:\/\/github\.com\/\.extraheader' && git config --local --unset-all 'http.https://github.com/.extraheader' || :"
test (24)	Post Run actions/checkout@v4	2026-08-20T03:35:38.3987393Z [command]/usr/bin/git config --local --name-only --get-regexp ^includeIf\.gitdir:
test (24)	Post Run actions/checkout@v4	2026-08-20T03:35:38.4027989Z [command]/usr/bin/git submodule foreach --recursive git config --local --show-origin --name-only --get-regexp remote.origin.url
test (24)	Complete job	﻿2026-08-20T03:35:38.4433376Z Cleaning up orphan processes
test (24)	Complete job	2026-08-20T03:35:38.4759762Z ##[warning]Node.js 20 is deprecated. The following actions target Node.js 20 but are being forced to run on Node.js 24: actions/checkout@v4, actions/setup-node@v4. For more information see: https://github.blog/changelog/2025-09-19-deprecation-of-node-20-on-github-actions-runners/
test (18)	Set up job	﻿2026-08-20T03:35:25.9599388Z Current runner version: '2.336.0'
test (18)	Set up job	2026-08-20T03:35:25.9626864Z ##[group]Runner Image Provisioner
test (18)	Set up job	2026-08-20T03:35:25.9627817Z Hosted Compute Agent
test (18)	Set up job	2026-08-20T03:35:25.9628461Z Version: 20260729.566
test (18)	Set up job	2026-08-20T03:35:25.9629084Z Commit: cf7153fe6e25b664e8693c24944bf2b00355d109
test (18)	Set up job	2026-08-20T03:35:25.9630093Z Build Date: 2026-07-29T19:17:02Z
test (18)	Set up job	2026-08-20T03:35:25.9630840Z Worker ID: {39d19815-e637-4d28-a3b1-53bf0b518eb2}
test (18)	Set up job	2026-08-20T03:35:25.9631654Z Azure Region: eastus
test (18)	Set up job	2026-08-20T03:35:25.9632234Z ##[endgroup]
test (18)	Set up job	2026-08-20T03:35:25.9634230Z ##[group]Operating System
test (18)	Set up job	2026-08-20T03:35:25.9634948Z Ubuntu
test (18)	Set up job	2026-08-20T03:35:25.9635513Z 24.04.4
test (18)	Set up job	2026-08-20T03:35:25.9636114Z LTS
test (18)	Set up job	2026-08-20T03:35:25.9636632Z ##[endgroup]
test (18)	Set up job	2026-08-20T03:35:25.9637170Z ##[group]Runner Image
test (18)	Set up job	2026-08-20T03:35:25.9637836Z Image: ubuntu-24.04
test (18)	Set up job	2026-08-20T03:35:25.9638438Z Version: 20260816.277.1
test (18)	Set up job	2026-08-20T03:35:25.9640477Z Included Software: https://github.com/actions/runner-images/blob/ubuntu24/20260816.277/images/ubuntu/Ubuntu2404-Readme.md
test (18)	Set up job	2026-08-20T03:35:25.9642261Z Image Release: https://github.com/actions/runner-images/releases/tag/ubuntu24%2F20260816.277
test (18)	Set up job	2026-08-20T03:35:25.9643360Z ##[endgroup]
test (18)	Set up job	2026-08-20T03:35:25.9644692Z ##[group]GITHUB_TOKEN Permissions
test (18)	Set up job	2026-08-20T03:35:25.9646970Z Contents: read
test (18)	Set up job	2026-08-20T03:35:25.9647600Z Metadata: read
test (18)	Set up job	2026-08-20T03:35:25.9648310Z Packages: read
test (18)	Set up job	2026-08-20T03:35:25.9648908Z ##[endgroup]
test (18)	Set up job	2026-08-20T03:35:25.9651726Z Secret source: Actions
test (18)	Set up job	2026-08-20T03:35:25.9653212Z Prepare workflow directory
test (18)	Set up job	2026-08-20T03:35:25.9994129Z Prepare all required actions
test (18)	Set up job	2026-08-20T03:35:26.0044917Z Getting action download info
test (18)	Set up job	2026-08-20T03:35:26.2070829Z Download action repository 'actions/checkout@v4' (SHA:11d5960a326750d5838078e36cf38b85af677262)
test (18)	Set up job	2026-08-20T03:35:26.3140093Z Download action repository 'actions/setup-node@v4' (SHA:49933ea5288caeca8642d1e84afbd3f7d6820020)
test (18)	Set up job	2026-08-20T03:35:26.5065505Z Complete job name: test (18)
test (18)	Run actions/checkout@v4	﻿2026-08-20T03:35:26.5823702Z Node 20 is being deprecated. This workflow is running with Node 24 by default. If you need to temporarily use Node 20, you can set the ACTIONS_ALLOW_USE_UNSECURE_NODE_VERSION=true environment variable. For more information see: https://github.blog/changelog/2025-09-19-deprecation-of-node-20-on-github-actions-runners/
test (18)	Run actions/checkout@v4	2026-08-20T03:35:26.5832235Z ##[group]Run actions/checkout@v4
test (18)	Run actions/checkout@v4	2026-08-20T03:35:26.5833023Z with:
test (18)	Run actions/checkout@v4	2026-08-20T03:35:26.5833490Z   repository: trmnmc/aphorism-cli
test (18)	Run actions/checkout@v4	2026-08-20T03:35:26.5837236Z   token: ***
test (18)	Run actions/checkout@v4	2026-08-20T03:35:26.5837671Z   ssh-strict: true
test (18)	Run actions/checkout@v4	2026-08-20T03:35:26.5838113Z   ssh-user: git
test (18)	Run actions/checkout@v4	2026-08-20T03:35:26.5838556Z   persist-credentials: true
test (18)	Run actions/checkout@v4	2026-08-20T03:35:26.5839051Z   clean: true
test (18)	Run actions/checkout@v4	2026-08-20T03:35:26.5839497Z   sparse-checkout-cone-mode: true
test (18)	Run actions/checkout@v4	2026-08-20T03:35:26.5840291Z   fetch-depth: 1
test (18)	Run actions/checkout@v4	2026-08-20T03:35:26.5840730Z   fetch-tags: false
test (18)	Run actions/checkout@v4	2026-08-20T03:35:26.5841179Z   show-progress: true
test (18)	Run actions/checkout@v4	2026-08-20T03:35:26.5841624Z   lfs: false
test (18)	Run actions/checkout@v4	2026-08-20T03:35:26.5842030Z   submodules: false
test (18)	Run actions/checkout@v4	2026-08-20T03:35:26.5842519Z   set-safe-directory: true
test (18)	Run actions/checkout@v4	2026-08-20T03:35:26.5843044Z   allow-unsafe-pr-checkout: false
test (18)	Run actions/checkout@v4	2026-08-20T03:35:26.5843848Z ##[endgroup]
test (18)	Run actions/checkout@v4	2026-08-20T03:35:26.6931168Z Syncing repository: trmnmc/aphorism-cli
test (18)	Run actions/checkout@v4	2026-08-20T03:35:26.6934027Z ##[group]Getting Git version info
test (18)	Run actions/checkout@v4	2026-08-20T03:35:26.6935351Z Working directory is '/home/runner/work/aphorism-cli/aphorism-cli'
test (18)	Run actions/checkout@v4	2026-08-20T03:35:26.6937200Z [command]/usr/bin/git version
test (18)	Run actions/checkout@v4	2026-08-20T03:35:26.6981400Z git version 2.55.0
test (18)	Run actions/checkout@v4	2026-08-20T03:35:26.7049913Z ##[endgroup]
test (18)	Run actions/checkout@v4	2026-08-20T03:35:26.7057982Z Temporarily overriding HOME='/home/runner/work/_temp/fb33a1f5-6b37-4814-8346-c57143be8419' before making global git config changes
test (18)	Run actions/checkout@v4	2026-08-20T03:35:26.7060762Z Adding repository directory to the temporary git global config as a safe directory
test (18)	Run actions/checkout@v4	2026-08-20T03:35:26.7067004Z [command]/usr/bin/git config --global --add safe.directory /home/runner/work/aphorism-cli/aphorism-cli
test (18)	Run actions/checkout@v4	2026-08-20T03:35:26.7125139Z Deleting the contents of '/home/runner/work/aphorism-cli/aphorism-cli'
test (18)	Run actions/checkout@v4	2026-08-20T03:35:26.7137573Z ##[group]Initializing the repository
test (18)	Run actions/checkout@v4	2026-08-20T03:35:26.7146426Z [command]/usr/bin/git init /home/runner/work/aphorism-cli/aphorism-cli
test (18)	Run actions/checkout@v4	2026-08-20T03:35:26.7252705Z hint: Using 'master' as the name for the initial branch. This default branch name
test (18)	Run actions/checkout@v4	2026-08-20T03:35:26.7254748Z hint: will change to "main" in Git 3.0. To configure the initial branch name
test (18)	Run actions/checkout@v4	2026-08-20T03:35:26.7256532Z hint: to use in all of your new repositories, which will suppress this warning,
test (18)	Run actions/checkout@v4	2026-08-20T03:35:26.7257794Z hint: call:
test (18)	Run actions/checkout@v4	2026-08-20T03:35:26.7258803Z hint:
test (18)	Run actions/checkout@v4	2026-08-20T03:35:26.7259975Z hint: 	git config --global init.defaultBranch <name>
test (18)	Run actions/checkout@v4	2026-08-20T03:35:26.7261419Z hint:
test (18)	Run actions/checkout@v4	2026-08-20T03:35:26.7262652Z hint: Names commonly chosen instead of 'master' are 'main', 'trunk' and
test (18)	Run actions/checkout@v4	2026-08-20T03:35:26.7263908Z hint: 'development'. The just-created branch can be renamed via this command:
test (18)	Run actions/checkout@v4	2026-08-20T03:35:26.7264709Z hint:
test (18)	Run actions/checkout@v4	2026-08-20T03:35:26.7265206Z hint: 	git branch -m <name>
test (18)	Run actions/checkout@v4	2026-08-20T03:35:26.7265848Z hint:
test (18)	Run actions/checkout@v4	2026-08-20T03:35:26.7266928Z hint: Disable this message with "git config set advice.defaultBranchName false"
test (18)	Run actions/checkout@v4	2026-08-20T03:35:26.7268336Z Initialized empty Git repository in /home/runner/work/aphorism-cli/aphorism-cli/.git/
test (18)	Run actions/checkout@v4	2026-08-20T03:35:26.7270442Z [command]/usr/bin/git remote add origin https://github.com/trmnmc/aphorism-cli
test (18)	Run actions/checkout@v4	2026-08-20T03:35:26.7316821Z ##[endgroup]
test (18)	Run actions/checkout@v4	2026-08-20T03:35:26.7318165Z ##[group]Disabling automatic garbage collection
test (18)	Run actions/checkout@v4	2026-08-20T03:35:26.7322538Z [command]/usr/bin/git config --local gc.auto 0
test (18)	Run actions/checkout@v4	2026-08-20T03:35:26.7357040Z ##[endgroup]
test (18)	Run actions/checkout@v4	2026-08-20T03:35:26.7358410Z ##[group]Setting up auth
test (18)	Run actions/checkout@v4	2026-08-20T03:35:26.7367002Z [command]/usr/bin/git config --local --name-only --get-regexp core\.sshCommand
test (18)	Run actions/checkout@v4	2026-08-20T03:35:26.7406830Z [command]/usr/bin/git submodule foreach --recursive sh -c "git config --local --name-only --get-regexp 'core\.sshCommand' && git config --local --unset-all 'core.sshCommand' || :"
test (18)	Run actions/checkout@v4	2026-08-20T03:35:26.7784624Z [command]/usr/bin/git config --local --name-only --get-regexp http\.https\:\/\/github\.com\/\.extraheader
test (18)	Run actions/checkout@v4	2026-08-20T03:35:26.7826896Z [command]/usr/bin/git submodule foreach --recursive sh -c "git config --local --name-only --get-regexp 'http\.https\:\/\/github\.com\/\.extraheader' && git config --local --unset-all 'http.https://github.com/.extraheader' || :"
test (18)	Run actions/checkout@v4	2026-08-20T03:35:26.8055426Z [command]/usr/bin/git config --local --name-only --get-regexp ^includeIf\.gitdir:
test (18)	Run actions/checkout@v4	2026-08-20T03:35:26.8092691Z [command]/usr/bin/git submodule foreach --recursive git config --local --show-origin --name-only --get-regexp remote.origin.url
test (18)	Run actions/checkout@v4	2026-08-20T03:35:26.8324407Z [command]/usr/bin/git config --local http.https://github.com/.extraheader AUTHORIZATION: basic ***
test (18)	Run actions/checkout@v4	2026-08-20T03:35:26.8365722Z ##[endgroup]
test (18)	Run actions/checkout@v4	2026-08-20T03:35:26.8366813Z ##[group]Fetching the repository
test (18)	Run actions/checkout@v4	2026-08-20T03:35:26.8376498Z [command]/usr/bin/git -c protocol.version=2 fetch --no-tags --prune --no-recurse-submodules --depth=1 origin +5f833abc150c5a578ab5a215ff0d1e09161d20d2:refs/remotes/origin/master
test (18)	Run actions/checkout@v4	2026-08-20T03:35:27.2649349Z From https://github.com/trmnmc/aphorism-cli
test (18)	Run actions/checkout@v4	2026-08-20T03:35:27.2651125Z  * [new ref]         5f833abc150c5a578ab5a215ff0d1e09161d20d2 -> origin/master
test (18)	Run actions/checkout@v4	2026-08-20T03:35:27.2654742Z ##[endgroup]
test (18)	Run actions/checkout@v4	2026-08-20T03:35:27.2655677Z ##[group]Determining the checkout info
test (18)	Run actions/checkout@v4	2026-08-20T03:35:27.2658867Z ##[endgroup]
test (18)	Run actions/checkout@v4	2026-08-20T03:35:27.2666970Z [command]/usr/bin/git sparse-checkout disable
test (18)	Run actions/checkout@v4	2026-08-20T03:35:27.2720351Z [command]/usr/bin/git config --local --unset-all extensions.worktreeConfig
test (18)	Run actions/checkout@v4	2026-08-20T03:35:27.2754273Z ##[group]Checking out the ref
test (18)	Run actions/checkout@v4	2026-08-20T03:35:27.2761017Z [command]/usr/bin/git checkout --progress --force -B master refs/remotes/origin/master
test (18)	Run actions/checkout@v4	2026-08-20T03:35:27.3632136Z Reset branch 'master'
test (18)	Run actions/checkout@v4	2026-08-20T03:35:27.3635726Z branch 'master' set up to track 'origin/master'.
test (18)	Run actions/checkout@v4	2026-08-20T03:35:27.3646091Z ##[endgroup]
test (18)	Run actions/checkout@v4	2026-08-20T03:35:27.3694371Z [command]/usr/bin/git log -1 --format=%H
test (18)	Run actions/checkout@v4	2026-08-20T03:35:27.3724097Z 5f833abc150c5a578ab5a215ff0d1e09161d20d2
test (18)	Run actions/setup-node@v4	﻿2026-08-20T03:35:27.4117549Z Node 20 is being deprecated. This workflow is running with Node 24 by default. If you need to temporarily use Node 20, you can set the ACTIONS_ALLOW_USE_UNSECURE_NODE_VERSION=true environment variable. For more information see: https://github.blog/changelog/2025-09-19-deprecation-of-node-20-on-github-actions-runners/
test (18)	Run actions/setup-node@v4	2026-08-20T03:35:27.4124133Z ##[group]Run actions/setup-node@v4
test (18)	Run actions/setup-node@v4	2026-08-20T03:35:27.4125381Z with:
test (18)	Run actions/setup-node@v4	2026-08-20T03:35:27.4126307Z   node-version: 18
test (18)	Run actions/setup-node@v4	2026-08-20T03:35:27.4127331Z   always-auth: false
test (18)	Run actions/setup-node@v4	2026-08-20T03:35:27.4128390Z   check-latest: false
test (18)	Run actions/setup-node@v4	2026-08-20T03:35:27.4138999Z   token: ***
test (18)	Run actions/setup-node@v4	2026-08-20T03:35:27.4140269Z ##[endgroup]
test (18)	Run actions/setup-node@v4	2026-08-20T03:35:27.5597843Z Attempting to download 18...
test (18)	Run actions/setup-node@v4	2026-08-20T03:35:27.5711926Z (node:2323) [DEP0040] DeprecationWarning: The `punycode` module is deprecated. Please use a userland alternative instead.
test (18)	Run actions/setup-node@v4	2026-08-20T03:35:27.5716801Z (Use `node --trace-deprecation ...` to show where the warning was created)
test (18)	Run actions/setup-node@v4	2026-08-20T03:35:27.9789203Z Acquiring 18.20.8 - x64 from https://github.com/actions/node-versions/releases/download/18.20.8-14110393767/node-18.20.8-linux-x64.tar.gz
test (18)	Run actions/setup-node@v4	2026-08-20T03:35:28.3773680Z Extracting ...
test (18)	Run actions/setup-node@v4	2026-08-20T03:35:28.3892035Z [command]/usr/bin/tar xz --strip 1 --warning=no-unknown-keyword --overwrite -C /home/runner/work/_temp/a1d5cb1b-4444-45a2-b8e5-72fd8fecd81b -f /home/runner/work/_temp/91cbc6cf-a385-4223-88f3-92d44d8ed567
test (18)	Run actions/setup-node@v4	2026-08-20T03:35:29.3826464Z Adding to the cache ...
test (18)	Run actions/setup-node@v4	2026-08-20T03:35:31.2830827Z ##[group]Environment details
test (18)	Run actions/setup-node@v4	2026-08-20T03:35:31.5255345Z node: v18.20.8
test (18)	Run actions/setup-node@v4	2026-08-20T03:35:31.5256110Z npm: 10.8.2
test (18)	Run actions/setup-node@v4	2026-08-20T03:35:31.5256526Z yarn: 1.22.22
test (18)	Run actions/setup-node@v4	2026-08-20T03:35:31.5257701Z ##[endgroup]
test (18)	Run node --test test/*.test.js	﻿2026-08-20T03:35:31.5446232Z ##[group]Run node --test test/*.test.js
test (18)	Run node --test test/*.test.js	2026-08-20T03:35:31.5446698Z [36;1mnode --test test/*.test.js[0m
test (18)	Run node --test test/*.test.js	2026-08-20T03:35:31.5491534Z shell: /usr/bin/bash -e {0}
test (18)	Run node --test test/*.test.js	2026-08-20T03:35:31.5491851Z ##[endgroup]
test (18)	Run node --test test/*.test.js	2026-08-20T03:35:31.6092044Z TAP version 13
test (18)	Run node --test test/*.test.js	2026-08-20T03:35:31.6792026Z # Subtest: zero args: no error, no filters set
test (18)	Run node --test test/*.test.js	2026-08-20T03:35:31.6840860Z ok 1 - zero args: no error, no filters set
test (18)	Run node --test test/*.test.js	2026-08-20T03:35:31.6901024Z   ---
test (18)	Run node --test test/*.test.js	2026-08-20T03:35:31.6960744Z   duration_ms: 1.879236
test (18)	Run node --test test/*.test.js	2026-08-20T03:35:31.6972176Z   ...
test (18)	Run node --test test/*.test.js	2026-08-20T03:35:31.7020802Z # Subtest: --author <name> sets author string
test (18)	Run node --test test/*.test.js	2026-08-20T03:35:31.7051216Z ok 2 - --author <name> sets author string
test (18)	Run node --test test/*.test.js	2026-08-20T03:35:31.7070722Z   ---
test (18)	Run node --test test/*.test.js	2026-08-20T03:35:31.7081642Z   duration_ms: 0.290837
test (18)	Run node --test test/*.test.js	2026-08-20T03:35:31.7087028Z   ...
test (18)	Run node --test test/*.test.js	2026-08-20T03:35:31.7088008Z # Subtest: --author=<name> equals form sets author string
test (18)	Run node --test test/*.test.js	2026-08-20T03:35:31.7089202Z ok 3 - --author=<name> equals form sets author string
test (18)	Run node --test test/*.test.js	2026-08-20T03:35:31.7090483Z   ---
test (18)	Run node --test test/*.test.js	2026-08-20T03:35:31.7091162Z   duration_ms: 0.155453
test (18)	Run node --test test/*.test.js	2026-08-20T03:35:31.7091944Z   ...
test (18)	Run node --test test/*.test.js	2026-08-20T03:35:31.7092751Z # Subtest: --tag <tag> sets tag string
test (18)	Run node --test test/*.test.js	2026-08-20T03:35:31.7093862Z ok 4 - --tag <tag> sets tag string
test (18)	Run node --test test/*.test.js	2026-08-20T03:35:31.7094730Z   ---
test (18)	Run node --test test/*.test.js	2026-08-20T03:35:31.7095493Z   duration_ms: 1.534978
test (18)	Run node --test test/*.test.js	2026-08-20T03:35:31.7096210Z   ...
test (18)	Run node --test test/*.test.js	2026-08-20T03:35:31.7097172Z # Subtest: --tag=<tag> equals form sets tag string
test (18)	Run node --test test/*.test.js	2026-08-20T03:35:31.7098317Z ok 5 - --tag=<tag> equals form sets tag string
test (18)	Run node --test test/*.test.js	2026-08-20T03:35:31.7099303Z   ---
test (18)	Run node --test test/*.test.js	2026-08-20T03:35:31.7100400Z   duration_ms: 0.18062
test (18)	Run node --test test/*.test.js	2026-08-20T03:35:31.7101278Z   ...
test (18)	Run node --test test/*.test.js	2026-08-20T03:35:31.7102482Z # Subtest: combined --author X --tag Y sets both
test (18)	Run node --test test/*.test.js	2026-08-20T03:35:31.7103970Z ok 6 - combined --author X --tag Y sets both
test (18)	Run node --test test/*.test.js	2026-08-20T03:35:31.7105121Z   ---
test (18)	Run node --test test/*.test.js	2026-08-20T03:35:31.7106152Z   duration_ms: 0.154971
test (18)	Run node --test test/*.test.js	2026-08-20T03:35:31.7107163Z   ...
test (18)	Run node --test test/*.test.js	2026-08-20T03:35:31.7108130Z # Subtest: --seed <n> parses as a number
test (18)	Run node --test test/*.test.js	2026-08-20T03:35:31.7109380Z ok 7 - --seed <n> parses as a number
test (18)	Run node --test test/*.test.js	2026-08-20T03:35:31.7110547Z   ---
test (18)	Run node --test test/*.test.js	2026-08-20T03:35:31.7111374Z   duration_ms: 0.196149
test (18)	Run node --test test/*.test.js	2026-08-20T03:35:31.7112236Z   ...
test (18)	Run node --test test/*.test.js	2026-08-20T03:35:31.7113307Z # Subtest: --seed=<n> equals form parses as a number
test (18)	Run node --test test/*.test.js	2026-08-20T03:35:31.7114636Z ok 8 - --seed=<n> equals form parses as a number
test (18)	Run node --test test/*.test.js	2026-08-20T03:35:31.7115666Z   ---
test (18)	Run node --test test/*.test.js	2026-08-20T03:35:31.7116421Z   duration_ms: 0.186571
test (18)	Run node --test test/*.test.js	2026-08-20T03:35:31.7117188Z   ...
test (18)	Run node --test test/*.test.js	2026-08-20T03:35:31.7118764Z # Subtest: --seed <n> accepts a negative number
test (18)	Run node --test test/*.test.js	2026-08-20T03:35:31.7120170Z ok 9 - --seed <n> accepts a negative number
test (18)	Run node --test test/*.test.js	2026-08-20T03:35:31.7121319Z   ---
test (18)	Run node --test test/*.test.js	2026-08-20T03:35:31.7122218Z   duration_ms: 0.28157
test (18)	Run node --test test/*.test.js	2026-08-20T03:35:31.7123005Z   ...
test (18)	Run node --test test/*.test.js	2026-08-20T03:35:31.7123979Z # Subtest: --seed=<n> equals form accepts a negative number
test (18)	Run node --test test/*.test.js	2026-08-20T03:35:31.7125301Z ok 10 - --seed=<n> equals form accepts a negative number
test (18)	Run node --test test/*.test.js	2026-08-20T03:35:31.7150446Z   ---
test (18)	Run node --test test/*.test.js	2026-08-20T03:35:31.7156251Z   duration_ms: 0.397838
test (18)	Run node --test test/*.test.js	2026-08-20T03:35:31.7157017Z   ...
test (18)	Run node --test test/*.test.js	2026-08-20T03:35:31.7157791Z # Subtest: non-numeric --seed is a usage error
test (18)	Run node --test test/*.test.js	2026-08-20T03:35:31.7158687Z ok 11 - non-numeric --seed is a usage error
test (18)	Run node --test test/*.test.js	2026-08-20T03:35:31.7159414Z   ---
test (18)	Run node --test test/*.test.js	2026-08-20T03:35:31.7160310Z   duration_ms: 0.306817
test (18)	Run node --test test/*.test.js	2026-08-20T03:35:31.7161001Z   ...
test (18)	Run node --test test/*.test.js	2026-08-20T03:35:31.7161912Z # Subtest: non-numeric --seed= equals form is a usage error
test (18)	Run node --test test/*.test.js	2026-08-20T03:35:31.7163043Z ok 12 - non-numeric --seed= equals form is a usage error
test (18)	Run node --test test/*.test.js	2026-08-20T03:35:31.7163862Z   ---
test (18)	Run node --test test/*.test.js	2026-08-20T03:35:31.7164476Z   duration_ms: 0.245442
test (18)	Run node --test test/*.test.js	2026-08-20T03:35:31.7165220Z   ...
test (18)	Run node --test test/*.test.js	2026-08-20T03:35:31.7166079Z # Subtest: --list sets list: true
test (18)	Run node --test test/*.test.js	2026-08-20T03:35:31.7167068Z ok 13 - --list sets list: true
test (18)	Run node --test test/*.test.js	2026-08-20T03:35:31.7167878Z   ---
test (18)	Run node --test test/*.test.js	2026-08-20T03:35:31.7168608Z   duration_ms: 0.151234
test (18)	Run node --test test/*.test.js	2026-08-20T03:35:31.7169393Z   ...
test (18)	Run node --test test/*.test.js	2026-08-20T03:35:31.7170480Z # Subtest: --json sets json: true
test (18)	Run node --test test/*.test.js	2026-08-20T03:35:31.7171450Z ok 14 - --json sets json: true
test (18)	Run node --test test/*.test.js	2026-08-20T03:35:31.7172299Z   ---
test (18)	Run node --test test/*.test.js	2026-08-20T03:35:31.7173088Z   duration_ms: 0.260761
test (18)	Run node --test test/*.test.js	2026-08-20T03:35:31.7174073Z   ...
test (18)	Run node --test test/*.test.js	2026-08-20T03:35:31.7175038Z # Subtest: --help sets help: true
test (18)	Run node --test test/*.test.js	2026-08-20T03:35:31.7176632Z ok 15 - --help sets help: true
test (18)	Run node --test test/*.test.js	2026-08-20T03:35:31.7177466Z   ---
test (18)	Run node --test test/*.test.js	2026-08-20T03:35:31.7178545Z   duration_ms: 0.141717
test (18)	Run node --test test/*.test.js	2026-08-20T03:35:31.7179462Z   ...
test (18)	Run node --test test/*.test.js	2026-08-20T03:35:31.7180626Z # Subtest: -h sets help: true
test (18)	Run node --test test/*.test.js	2026-08-20T03:35:31.7181560Z ok 16 - -h sets help: true
test (18)	Run node --test test/*.test.js	2026-08-20T03:35:31.7182443Z   ---
test (18)	Run node --test test/*.test.js	2026-08-20T03:35:31.7183299Z   duration_ms: 0.152487
test (18)	Run node --test test/*.test.js	2026-08-20T03:35:31.7184192Z   ...
test (18)	Run node --test test/*.test.js	2026-08-20T03:35:31.7185104Z # Subtest: unknown flag is a usage error
test (18)	Run node --test test/*.test.js	2026-08-20T03:35:31.7186170Z ok 17 - unknown flag is a usage error
test (18)	Run node --test test/*.test.js	2026-08-20T03:35:31.7187022Z   ---
test (18)	Run node --test test/*.test.js	2026-08-20T03:35:31.7187798Z   duration_ms: 0.292009
test (18)	Run node --test test/*.test.js	2026-08-20T03:35:31.7188568Z   ...
test (18)	Run node --test test/*.test.js	2026-08-20T03:35:31.7189454Z # Subtest: unknown short flag is a usage error
test (18)	Run node --test test/*.test.js	2026-08-20T03:35:31.7190858Z ok 18 - unknown short flag is a usage error
test (18)	Run node --test test/*.test.js	2026-08-20T03:35:31.7191762Z   ---
test (18)	Run node --test test/*.test.js	2026-08-20T03:35:31.7192519Z   duration_ms: 0.314091
test (18)	Run node --test test/*.test.js	2026-08-20T03:35:31.7193208Z   ...
test (18)	Run node --test test/*.test.js	2026-08-20T03:35:31.7194081Z # Subtest: --author missing value at end of argv is a usage error
test (18)	Run node --test test/*.test.js	2026-08-20T03:35:31.7195229Z ok 19 - --author missing value at end of argv is a usage error
test (18)	Run node --test test/*.test.js	2026-08-20T03:35:31.7196028Z   ---
test (18)	Run node --test test/*.test.js	2026-08-20T03:35:31.7196596Z   duration_ms: 0.197652
test (18)	Run node --test test/*.test.js	2026-08-20T03:35:31.7197359Z   ...
test (18)	Run node --test test/*.test.js	2026-08-20T03:35:31.7198477Z # Subtest: --tag missing value because next token is another flag is a usage error
test (18)	Run node --test test/*.test.js	2026-08-20T03:35:31.7200437Z ok 20 - --tag missing value because next token is another flag is a usage error
test (18)	Run node --test test/*.test.js	2026-08-20T03:35:31.7201559Z   ---
test (18)	Run node --test test/*.test.js	2026-08-20T03:35:31.7202299Z   duration_ms: 0.278664
test (18)	Run node --test test/*.test.js	2026-08-20T03:35:31.7203014Z   ...
test (18)	Run node --test test/*.test.js	2026-08-20T03:35:31.7204064Z # Subtest: --seed missing value at end of argv is a usage error
test (18)	Run node --test test/*.test.js	2026-08-20T03:35:31.7205367Z ok 21 - --seed missing value at end of argv is a usage error
test (18)	Run node --test test/*.test.js	2026-08-20T03:35:31.7206338Z   ---
test (18)	Run node --test test/*.test.js	2026-08-20T03:35:31.7206981Z   duration_ms: 0.183064
test (18)	Run node --test test/*.test.js	2026-08-20T03:35:31.7207626Z   ...
test (18)	Run node --test test/*.test.js	2026-08-20T03:35:31.7208440Z # Subtest: --author= with empty value is a usage error
test (18)	Run node --test test/*.test.js	2026-08-20T03:35:31.7209482Z ok 22 - --author= with empty value is a usage error
test (18)	Run node --test test/*.test.js	2026-08-20T03:35:31.7210617Z   ---
test (18)	Run node --test test/*.test.js	2026-08-20T03:35:31.7211342Z   duration_ms: 0.12758
test (18)	Run node --test test/*.test.js	2026-08-20T03:35:31.7212021Z   ...
test (18)	Run node --test test/*.test.js	2026-08-20T03:35:31.7212969Z # Subtest: a bare positional argument (not a flag) is a usage error
test (18)	Run node --test test/*.test.js	2026-08-20T03:35:31.7214104Z ok 23 - a bare positional argument (not a flag) is a usage error
test (18)	Run node --test test/*.test.js	2026-08-20T03:35:31.7215310Z   ---
test (18)	Run node --test test/*.test.js	2026-08-20T03:35:31.7215996Z   duration_ms: 0.118994
test (18)	Run node --test test/*.test.js	2026-08-20T03:35:31.7217160Z   ...
test (18)	Run node --test test/*.test.js	2026-08-20T03:35:31.7218066Z # Subtest: parseArgs never throws on malformed input
test (18)	Run node --test test/*.test.js	2026-08-20T03:35:31.7218791Z ok 24 - parseArgs never throws on malformed input
test (18)	Run node --test test/*.test.js	2026-08-20T03:35:31.7219340Z   ---
test (18)	Run node --test test/*.test.js	2026-08-20T03:35:31.7220446Z   duration_ms: 0.389783
test (18)	Run node --test test/*.test.js	2026-08-20T03:35:31.7220864Z   ...
test (18)	Run node --test test/*.test.js	2026-08-20T03:35:31.7221439Z # Subtest: absent options are undefined/false, never null
test (18)	Run node --test test/*.test.js	2026-08-20T03:35:31.7221914Z ok 25 - absent options are undefined/false, never null
test (18)	Run node --test test/*.test.js	2026-08-20T03:35:31.7222226Z   ---
test (18)	Run node --test test/*.test.js	2026-08-20T03:35:31.7222432Z   duration_ms: 0.193784
test (18)	Run node --test test/*.test.js	2026-08-20T03:35:31.7222687Z   ...
test (18)	Run node --test test/*.test.js	2026-08-20T03:35:31.7223052Z # Subtest: HELP is a non-empty string mentioning every flag name
test (18)	Run node --test test/*.test.js	2026-08-20T03:35:31.7223543Z ok 26 - HELP is a non-empty string mentioning every flag name
test (18)	Run node --test test/*.test.js	2026-08-20T03:35:31.7223869Z   ---
test (18)	Run node --test test/*.test.js	2026-08-20T03:35:31.7224074Z   duration_ms: 3.197357
test (18)	Run node --test test/*.test.js	2026-08-20T03:35:31.7224293Z   ...
test (18)	Run node --test test/*.test.js	2026-08-20T03:35:31.7224644Z # Subtest: HELP fits comfortably on one 24-line terminal screen
test (18)	Run node --test test/*.test.js	2026-08-20T03:35:31.7225170Z ok 27 - HELP fits comfortably on one 24-line terminal screen
test (18)	Run node --test test/*.test.js	2026-08-20T03:35:31.7225497Z   ---
test (18)	Run node --test test/*.test.js	2026-08-20T03:35:31.7225703Z   duration_ms: 0.130626
test (18)	Run node --test test/*.test.js	2026-08-20T03:35:31.7225929Z   ...
test (18)	Run node --test test/*.test.js	2026-08-20T03:35:31.7226397Z # Subtest: --seed Infinity / --seed -Infinity parse to numbers, not a usage error
test (18)	Run node --test test/*.test.js	2026-08-20T03:35:31.7227028Z ok 28 - --seed Infinity / --seed -Infinity parse to numbers, not a usage error
test (18)	Run node --test test/*.test.js	2026-08-20T03:35:31.7227421Z   ---
test (18)	Run node --test test/*.test.js	2026-08-20T03:35:31.7227622Z   duration_ms: 0.162366
test (18)	Run node --test test/*.test.js	2026-08-20T03:35:35.1853141Z   ...
test (18)	Run node --test test/*.test.js	2026-08-20T03:35:35.1854823Z # Subtest: bare invocation prints one attributed aphorism and exits 0
test (18)	Run node --test test/*.test.js	2026-08-20T03:35:35.1860813Z ok 29 - bare invocation prints one attributed aphorism and exits 0
test (18)	Run node --test test/*.test.js	2026-08-20T03:35:35.1861960Z   ---
test (18)	Run node --test test/*.test.js	2026-08-20T03:35:35.1862716Z   duration_ms: 53.150206
test (18)	Run node --test test/*.test.js	2026-08-20T03:35:35.1863446Z   ...
test (18)	Run node --test test/*.test.js	2026-08-20T03:35:35.1864556Z # Subtest: --seed is deterministic across separate processes
test (18)	Run node --test test/*.test.js	2026-08-20T03:35:35.1865950Z ok 30 - --seed is deterministic across separate processes
test (18)	Run node --test test/*.test.js	2026-08-20T03:35:35.1866920Z   ---
test (18)	Run node --test test/*.test.js	2026-08-20T03:35:35.1867640Z   duration_ms: 97.800845
test (18)	Run node --test test/*.test.js	2026-08-20T03:35:35.1868373Z   ...
test (18)	Run node --test test/*.test.js	2026-08-20T03:35:35.1869354Z # Subtest: different seeds do not all collapse to one aphorism
test (18)	Run node --test test/*.test.js	2026-08-20T03:35:35.1870989Z ok 31 - different seeds do not all collapse to one aphorism
test (18)	Run node --test test/*.test.js	2026-08-20T03:35:35.1871968Z   ---
test (18)	Run node --test test/*.test.js	2026-08-20T03:35:35.1872670Z   duration_ms: 630.585603
test (18)	Run node --test test/*.test.js	2026-08-20T03:35:35.1873412Z   ...
test (18)	Run node --test test/*.test.js	2026-08-20T03:35:35.1874510Z # Subtest: --json emits a single-line JSON object with text/author/tags
test (18)	Run node --test test/*.test.js	2026-08-20T03:35:35.1875905Z ok 32 - --json emits a single-line JSON object with text/author/tags
test (18)	Run node --test test/*.test.js	2026-08-20T03:35:35.1876925Z   ---
test (18)	Run node --test test/*.test.js	2026-08-20T03:35:35.1877605Z   duration_ms: 41.00919
test (18)	Run node --test test/*.test.js	2026-08-20T03:35:35.1878318Z   ...
test (18)	Run node --test test/*.test.js	2026-08-20T03:35:35.1879197Z # Subtest: --list prints every entry in the filtered set
test (18)	Run node --test test/*.test.js	2026-08-20T03:35:35.1880687Z ok 33 - --list prints every entry in the filtered set
test (18)	Run node --test test/*.test.js	2026-08-20T03:35:35.1881592Z   ---
test (18)	Run node --test test/*.test.js	2026-08-20T03:35:35.1882272Z   duration_ms: 41.697531
test (18)	Run node --test test/*.test.js	2026-08-20T03:35:35.1883037Z   ...
test (18)	Run node --test test/*.test.js	2026-08-20T03:35:35.1884101Z # Subtest: --help prints usage to stdout and exits 0
test (18)	Run node --test test/*.test.js	2026-08-20T03:35:35.1885190Z ok 34 - --help prints usage to stdout and exits 0
test (18)	Run node --test test/*.test.js	2026-08-20T03:35:35.1886062Z   ---
test (18)	Run node --test test/*.test.js	2026-08-20T03:35:35.1886899Z   duration_ms: 42.982403
test (18)	Run node --test test/*.test.js	2026-08-20T03:35:35.1887647Z   ...
test (18)	Run node --test test/*.test.js	2026-08-20T03:35:35.1888630Z # Subtest: no match exits 1 with stderr only and zero bytes on stdout
test (18)	Run node --test test/*.test.js	2026-08-20T03:35:35.1890236Z ok 35 - no match exits 1 with stderr only and zero bytes on stdout
test (18)	Run node --test test/*.test.js	2026-08-20T03:35:35.1891223Z   ---
test (18)	Run node --test test/*.test.js	2026-08-20T03:35:35.1891918Z   duration_ms: 49.913101
test (18)	Run node --test test/*.test.js	2026-08-20T03:35:35.1892645Z   ...
test (18)	Run node --test test/*.test.js	2026-08-20T03:35:35.1893680Z # Subtest: unknown flag is a usage error, exit 2, stdout clean
test (18)	Run node --test test/*.test.js	2026-08-20T03:35:35.1894885Z ok 36 - unknown flag is a usage error, exit 2, stdout clean
test (18)	Run node --test test/*.test.js	2026-08-20T03:35:35.1895793Z   ---
test (18)	Run node --test test/*.test.js	2026-08-20T03:35:35.1896468Z   duration_ms: 46.865962
test (18)	Run node --test test/*.test.js	2026-08-20T03:35:35.1897220Z   ...
test (18)	Run node --test test/*.test.js	2026-08-20T03:35:35.1898735Z # Subtest: non-numeric seed is a usage error, exit 2
test (18)	Run node --test test/*.test.js	2026-08-20T03:35:35.1899971Z ok 37 - non-numeric seed is a usage error, exit 2
test (18)	Run node --test test/*.test.js	2026-08-20T03:35:35.1900767Z   ---
test (18)	Run node --test test/*.test.js	2026-08-20T03:35:35.1901428Z   duration_ms: 47.868689
test (18)	Run node --test test/*.test.js	2026-08-20T03:35:35.1902139Z   ...
test (18)	Run node --test test/*.test.js	2026-08-20T03:35:35.1903092Z # Subtest: author filter is case-insensitive and narrows the list
test (18)	Run node --test test/*.test.js	2026-08-20T03:35:35.1904314Z ok 38 - author filter is case-insensitive and narrows the list
test (18)	Run node --test test/*.test.js	2026-08-20T03:35:35.1905141Z   ---
test (18)	Run node --test test/*.test.js	2026-08-20T03:35:35.1905690Z   duration_ms: 74.230124
test (18)	Run node --test test/*.test.js	2026-08-20T03:35:35.1906311Z   ...
test (18)	Run node --test test/*.test.js	2026-08-20T03:35:35.1922430Z # Subtest: output is pipe-safe — no ANSI escapes when not a TTY
test (18)	Run node --test test/*.test.js	2026-08-20T03:35:35.1960773Z ok 39 - output is pipe-safe — no ANSI escapes when not a TTY
test (18)	Run node --test test/*.test.js	2026-08-20T03:35:35.1961713Z   ---
test (18)	Run node --test test/*.test.js	2026-08-20T03:35:35.1968896Z   duration_ms: 34.885594
test (18)	Run node --test test/*.test.js	2026-08-20T03:35:35.2037262Z   ...
test (18)	Run node --test test/*.test.js	2026-08-20T03:35:35.2038367Z # Subtest: --tag matches membership, not substring containment
test (18)	Run node --test test/*.test.js	2026-08-20T03:35:35.2042431Z ok 40 - --tag matches membership, not substring containment
test (18)	Run node --test test/*.test.js	2026-08-20T03:35:35.2043481Z   ---
test (18)	Run node --test test/*.test.js	2026-08-20T03:35:35.2044142Z   duration_ms: 73.7176
test (18)	Run node --test test/*.test.js	2026-08-20T03:35:35.2044795Z   ...
test (18)	Run node --test test/*.test.js	2026-08-20T03:35:35.2045736Z # Subtest: --list prints exactly one line per matching entry, no drops
test (18)	Run node --test test/*.test.js	2026-08-20T03:35:35.2047033Z ok 41 - --list prints exactly one line per matching entry, no drops
test (18)	Run node --test test/*.test.js	2026-08-20T03:35:35.2049108Z   ---
test (18)	Run node --test test/*.test.js	2026-08-20T03:35:35.2050153Z   duration_ms: 32.75901
test (18)	Run node --test test/*.test.js	2026-08-20T03:35:35.2050786Z   ...
test (18)	Run node --test test/*.test.js	2026-08-20T03:35:35.2051697Z # Subtest: --list preserves corpus order (first and last line match)
test (18)	Run node --test test/*.test.js	2026-08-20T03:35:35.2052919Z ok 42 - --list preserves corpus order (first and last line match)
test (18)	Run node --test test/*.test.js	2026-08-20T03:35:35.2054180Z   ---
test (18)	Run node --test test/*.test.js	2026-08-20T03:35:35.2054769Z   duration_ms: 33.024824
test (18)	Run node --test test/*.test.js	2026-08-20T03:35:35.2055358Z   ...
test (18)	Run node --test test/*.test.js	2026-08-20T03:35:35.2056212Z # Subtest: --json output is exactly one line, never pretty-printed
test (18)	Run node --test test/*.test.js	2026-08-20T03:35:35.2057358Z ok 43 - --json output is exactly one line, never pretty-printed
test (18)	Run node --test test/*.test.js	2026-08-20T03:35:35.2058179Z   ---
test (18)	Run node --test test/*.test.js	2026-08-20T03:35:35.2058753Z   duration_ms: 32.025515
test (18)	Run node --test test/*.test.js	2026-08-20T03:35:35.2059350Z   ...
test (18)	Run node --test test/*.test.js	2026-08-20T03:35:35.2060786Z # Subtest: --list --json emits newline-delimited JSON, one object per line, in corpus order
test (18)	Run node --test test/*.test.js	2026-08-20T03:35:35.2062318Z ok 44 - --list --json emits newline-delimited JSON, one object per line, in corpus order
test (18)	Run node --test test/*.test.js	2026-08-20T03:35:35.2063304Z   ---
test (18)	Run node --test test/*.test.js	2026-08-20T03:35:35.2063846Z   duration_ms: 33.509158
test (18)	Run node --test test/*.test.js	2026-08-20T03:35:35.2064566Z   ...
test (18)	Run node --test test/*.test.js	2026-08-20T03:35:35.2065924Z # Subtest: --json composes with --seed: the seeded JSON pick is reproducible AND is the same entry as the plain-text pick
test (18)	Run node --test test/*.test.js	2026-08-20T03:35:35.2067902Z ok 45 - --json composes with --seed: the seeded JSON pick is reproducible AND is the same entry as the plain-text pick
test (18)	Run node --test test/*.test.js	2026-08-20T03:35:35.2069040Z   ---
test (18)	Run node --test test/*.test.js	2026-08-20T03:35:35.2069992Z   duration_ms: 584.016894
test (18)	Run node --test test/*.test.js	2026-08-20T03:35:35.2070628Z   ...
test (18)	Run node --test test/*.test.js	2026-08-20T03:35:35.2071772Z # Subtest: --json composes with the filter flags: the JSON pick is always a member of the FILTERED set
test (18)	Run node --test test/*.test.js	2026-08-20T03:35:35.2073415Z ok 46 - --json composes with the filter flags: the JSON pick is always a member of the FILTERED set
test (18)	Run node --test test/*.test.js	2026-08-20T03:35:35.2074448Z   ---
test (18)	Run node --test test/*.test.js	2026-08-20T03:35:35.2074978Z   duration_ms: 784.101162
test (18)	Run node --test test/*.test.js	2026-08-20T03:35:35.2075564Z   ...
test (18)	Run node --test test/*.test.js	2026-08-20T03:35:35.2076593Z # Subtest: --list accepts a valid --seed and IGNORES it: output is byte-identical across seeds
test (18)	Run node --test test/*.test.js	2026-08-20T03:35:35.2078173Z ok 47 - --list accepts a valid --seed and IGNORES it: output is byte-identical across seeds
test (18)	Run node --test test/*.test.js	2026-08-20T03:35:35.2079182Z   ---
test (18)	Run node --test test/*.test.js	2026-08-20T03:35:35.2080040Z   duration_ms: 323.815302
test (18)	Run node --test test/*.test.js	2026-08-20T03:35:35.2080630Z   ...
test (18)	Run node --test test/*.test.js	2026-08-20T03:35:35.2081676Z # Subtest: --list --seed abc is a usage error, exit 2, stdout empty, stderr carries the diagnostic
test (18)	Run node --test test/*.test.js	2026-08-20T03:35:35.2083188Z ok 48 - --list --seed abc is a usage error, exit 2, stdout empty, stderr carries the diagnostic
test (18)	Run node --test test/*.test.js	2026-08-20T03:35:35.2084242Z   ---
test (18)	Run node --test test/*.test.js	2026-08-20T03:35:35.2084778Z   duration_ms: 39.62624
test (18)	Run node --test test/*.test.js	2026-08-20T03:35:35.2085347Z   ...
test (18)	Run node --test test/*.test.js	2026-08-20T03:35:35.2086441Z # Subtest: --seed abc --list (erroring flag BEFORE --list) is still a usage error, exit 2, stdout empty
test (18)	Run node --test test/*.test.js	2026-08-20T03:35:35.2088436Z ok 49 - --seed abc --list (erroring flag BEFORE --list) is still a usage error, exit 2, stdout empty
test (18)	Run node --test test/*.test.js	2026-08-20T03:35:35.2089445Z   ---
test (18)	Run node --test test/*.test.js	2026-08-20T03:35:35.2090245Z   duration_ms: 32.354146
test (18)	Run node --test test/*.test.js	2026-08-20T03:35:35.2090823Z   ...
test (18)	Run node --test test/*.test.js	2026-08-20T03:35:35.2091745Z # Subtest: --list --seed=  (empty seed value) is a usage error, exit 2, stdout empty
test (18)	Run node --test test/*.test.js	2026-08-20T03:35:35.2093121Z ok 50 - --list --seed=  (empty seed value) is a usage error, exit 2, stdout empty
test (18)	Run node --test test/*.test.js	2026-08-20T03:35:35.2094044Z   ---
test (18)	Run node --test test/*.test.js	2026-08-20T03:35:35.2094632Z   duration_ms: 32.043142
test (18)	Run node --test test/*.test.js	2026-08-20T03:35:35.2095216Z   ...
test (18)	Run node --test test/*.test.js	2026-08-20T03:35:35.2096275Z # Subtest: --list --seed "   " (whitespace-only seed value) is a usage error, exit 2, stdout empty
test (18)	Run node --test test/*.test.js	2026-08-20T03:35:35.2097801Z ok 51 - --list --seed "   " (whitespace-only seed value) is a usage error, exit 2, stdout empty
test (18)	Run node --test test/*.test.js	2026-08-20T03:35:35.2098767Z   ---
test (18)	Run node --test test/*.test.js	2026-08-20T03:35:35.2099360Z   duration_ms: 32.494103
test (18)	Run node --test test/*.test.js	2026-08-20T03:35:35.2100277Z   ...
test (18)	Run node --test test/*.test.js	2026-08-20T03:35:35.2102266Z # Subtest: --list --nosuchflag (unknown flag) is a usage error, exit 2, stdout empty — --list does not swallow it
test (18)	Run node --test test/*.test.js	2026-08-20T03:35:35.2104544Z ok 52 - --list --nosuchflag (unknown flag) is a usage error, exit 2, stdout empty — --list does not swallow it
test (18)	Run node --test test/*.test.js	2026-08-20T03:35:35.2105456Z   ---
test (18)	Run node --test test/*.test.js	2026-08-20T03:35:35.2105854Z   duration_ms: 31.749368
test (18)	Run node --test test/*.test.js	2026-08-20T03:35:35.2106278Z   ...
test (18)	Run node --test test/*.test.js	2026-08-20T03:35:35.2107063Z # Subtest: --nosuchflag --list (unknown flag BEFORE --list) is still a usage error, exit 2, stdout empty
test (18)	Run node --test test/*.test.js	2026-08-20T03:35:35.2108142Z ok 53 - --nosuchflag --list (unknown flag BEFORE --list) is still a usage error, exit 2, stdout empty
test (18)	Run node --test test/*.test.js	2026-08-20T03:35:35.2109245Z   ---
test (18)	Run node --test test/*.test.js	2026-08-20T03:35:35.2110062Z   duration_ms: 31.354117
test (18)	Run node --test test/*.test.js	2026-08-20T03:35:35.2110726Z   ...
test (18)	Run node --test test/*.test.js	2026-08-20T03:35:35.2111911Z # Subtest: plain single-pick output is TWO lines: text, newline, four-space indent, EM DASH, space, author
test (18)	Run node --test test/*.test.js	2026-08-20T03:35:35.2112955Z ok 54 - plain single-pick output is TWO lines: text, newline, four-space indent, EM DASH, space, author
test (18)	Run node --test test/*.test.js	2026-08-20T03:35:35.2113573Z   ---
test (18)	Run node --test test/*.test.js	2026-08-20T03:35:35.2113772Z   duration_ms: 31.535535
test (18)	Run node --test test/*.test.js	2026-08-20T03:35:35.2114018Z   ...
test (18)	Run node --test test/*.test.js	2026-08-20T03:35:35.2114523Z # Subtest: --seed Infinity and --seed -Infinity (typed as CLI strings) are accepted and deterministic
test (18)	Run node --test test/*.test.js	2026-08-20T03:35:35.2115746Z ok 55 - --seed Infinity and --seed -Infinity (typed as CLI strings) are accepted and deterministic
test (18)	Run node --test test/*.test.js	2026-08-20T03:35:35.2116367Z   ---
test (18)	Run node --test test/*.test.js	2026-08-20T03:35:35.2116572Z   duration_ms: 127.593871
test (18)	Run node --test test/*.test.js	2026-08-20T03:35:35.2116854Z   ...
test (18)	Run node --test test/*.test.js	2026-08-20T03:35:35.2117351Z # Subtest: --list with a filter that matches nothing is STILL exit 1, stderr only, stdout empty
test (18)	Run node --test test/*.test.js	2026-08-20T03:35:35.2118043Z ok 56 - --list with a filter that matches nothing is STILL exit 1, stderr only, stdout empty
test (18)	Run node --test test/*.test.js	2026-08-20T03:35:35.2118456Z   ---
test (18)	Run node --test test/*.test.js	2026-08-20T03:35:35.2118652Z   duration_ms: 64.377423
test (18)	Run node --test test/*.test.js	2026-08-20T03:35:35.2118869Z   ...
test (18)	Run node --test test/*.test.js	2026-08-20T03:35:35.2119467Z # Subtest: --tag "" (bare empty-string value) matches nothing: whole-tag equality against the literal "" is not a filter no-op
test (18)	Run node --test test/*.test.js	2026-08-20T03:35:35.2120745Z ok 57 - --tag "" (bare empty-string value) matches nothing: whole-tag equality against the literal "" is not a filter no-op
test (18)	Run node --test test/*.test.js	2026-08-20T03:35:35.2121274Z   ---
test (18)	Run node --test test/*.test.js	2026-08-20T03:35:35.2121466Z   duration_ms: 32.149054
test (18)	Run node --test test/*.test.js	2026-08-20T03:35:35.2121681Z   ...
test (18)	Run node --test test/*.test.js	2026-08-20T03:35:35.2150098Z # Subtest: README Node support citation: cited git diff must be empty (or the check must skip on a missing precondition)
test (18)	Run node --test test/*.test.js	2026-08-20T03:35:35.2152887Z ok 58 - README Node support citation: cited git diff must be empty (or the check must skip on a missing precondition) # SKIP cited base commit 0c2ed40 is not reachable in this checkout (likely a shallow clone) -- cannot evaluate the README's Node support citation
test (18)	Run node --test test/*.test.js	2026-08-20T03:35:35.2154966Z   ---
test (18)	Run node --test test/*.test.js	2026-08-20T03:35:35.2155347Z   duration_ms: 12.278287
test (18)	Run node --test test/*.test.js	2026-08-20T03:35:35.2155779Z   ...
test (18)	Run node --test test/*.test.js	2026-08-20T03:35:35.2159176Z # Subtest: --list | true: exits quietly, zero stderr, no crash banner
test (18)	Run node --test test/*.test.js	2026-08-20T03:35:35.2166841Z ok 59 - --list | true: exits quietly, zero stderr, no crash banner
test (18)	Run node --test test/*.test.js	2026-08-20T03:35:35.2167240Z   ---
test (18)	Run node --test test/*.test.js	2026-08-20T03:35:35.2167459Z   duration_ms: 55.241788
test (18)	Run node --test test/*.test.js	2026-08-20T03:35:35.2167683Z   ...
test (18)	Run node --test test/*.test.js	2026-08-20T03:35:35.2168079Z # Subtest: | true (no --list, single aphorism): exits quietly, zero stderr
test (18)	Run node --test test/*.test.js	2026-08-20T03:35:35.2169012Z ok 60 - | true (no --list, single aphorism): exits quietly, zero stderr
test (18)	Run node --test test/*.test.js	2026-08-20T03:35:35.2169751Z   ---
test (18)	Run node --test test/*.test.js	2026-08-20T03:35:35.2170219Z   duration_ms: 60.130833
test (18)	Run node --test test/*.test.js	2026-08-20T03:35:35.2170707Z   ...
test (18)	Run node --test test/*.test.js	2026-08-20T03:35:35.2171385Z # Subtest: --list | head -0: exits quietly, zero stderr, no crash banner
test (18)	Run node --test test/*.test.js	2026-08-20T03:35:35.2175805Z ok 61 - --list | head -0: exits quietly, zero stderr, no crash banner
test (18)	Run node --test test/*.test.js	2026-08-20T03:35:35.2176396Z   ---
test (18)	Run node --test test/*.test.js	2026-08-20T03:35:35.2176673Z   duration_ms: 49.309776
test (18)	Run node --test test/*.test.js	2026-08-20T03:35:35.2176901Z   ...
test (18)	Run node --test test/*.test.js	2026-08-20T03:35:35.2177700Z # Subtest: --list | /nonexistent-cmd-xyz: no crash banner from the CLI itself
test (18)	Run node --test test/*.test.js	2026-08-20T03:35:35.2178940Z ok 62 - --list | /nonexistent-cmd-xyz: no crash banner from the CLI itself
test (18)	Run node --test test/*.test.js	2026-08-20T03:35:35.2180423Z   ---
test (18)	Run node --test test/*.test.js	2026-08-20T03:35:35.2180826Z   duration_ms: 58.300798
test (18)	Run node --test test/*.test.js	2026-08-20T03:35:35.2181258Z   ...
test (18)	Run node --test test/*.test.js	2026-08-20T03:35:35.2182328Z # Subtest: non-EPIPE stdout write failure: reported, not silent, not exit 1, no stack trace
test (18)	Run node --test test/*.test.js	2026-08-20T03:35:35.2183836Z ok 63 - non-EPIPE stdout write failure: reported, not silent, not exit 1, no stack trace
test (18)	Run node --test test/*.test.js	2026-08-20T03:35:35.2184864Z   ---
test (18)	Run node --test test/*.test.js	2026-08-20T03:35:35.2185373Z   duration_ms: 58.855854
test (18)	Run node --test test/*.test.js	2026-08-20T03:35:35.2185961Z   ...
test (18)	Run node --test test/*.test.js	2026-08-20T03:35:35.2186937Z # Subtest: usage error survives a closed stderr reader: still exits 2, not clobbered to 1
test (18)	Run node --test test/*.test.js	2026-08-20T03:35:35.2188781Z ok 64 - usage error survives a closed stderr reader: still exits 2, not clobbered to 1
test (18)	Run node --test test/*.test.js	2026-08-20T03:35:35.2189969Z   ---
test (18)	Run node --test test/*.test.js	2026-08-20T03:35:35.2190394Z   duration_ms: 119.824824
test (18)	Run node --test test/*.test.js	2026-08-20T03:35:35.2190969Z   ...
test (18)	Run node --test test/*.test.js	2026-08-20T03:35:35.2191880Z # Subtest: no-match exit code survives a closed stderr reader: still exits 1, not misreported
test (18)	Run node --test test/*.test.js	2026-08-20T03:35:35.2193403Z ok 65 - no-match exit code survives a closed stderr reader: still exits 1, not misreported
test (18)	Run node --test test/*.test.js	2026-08-20T03:35:35.2224885Z   ---
test (18)	Run node --test test/*.test.js	2026-08-20T03:35:35.2250687Z   duration_ms: 122.145122
test (18)	Run node --test test/*.test.js	2026-08-20T03:35:35.2256652Z   ...
test (18)	Run node --test test/*.test.js	2026-08-20T03:35:35.2257647Z # Subtest: non-EPIPE stderr write failure: not silent, not the earned exit code, no stack trace
test (18)	Run node --test test/*.test.js	2026-08-20T03:35:35.2259035Z ok 66 - non-EPIPE stderr write failure: not silent, not the earned exit code, no stack trace
test (18)	Run node --test test/*.test.js	2026-08-20T03:35:35.2260167Z   ---
test (18)	Run node --test test/*.test.js	2026-08-20T03:35:35.2260562Z   duration_ms: 46.988442
test (18)	Run node --test test/*.test.js	2026-08-20T03:35:35.2261026Z   ...
test (18)	Run node --test test/*.test.js	2026-08-20T03:35:35.2261707Z # Subtest: control: --list | head -1 stays completely clean
test (18)	Run node --test test/*.test.js	2026-08-20T03:35:35.2262581Z ok 67 - control: --list | head -1 stays completely clean
test (18)	Run node --test test/*.test.js	2026-08-20T03:35:35.2263176Z   ---
test (18)	Run node --test test/*.test.js	2026-08-20T03:35:35.2263548Z   duration_ms: 54.19713
test (18)	Run node --test test/*.test.js	2026-08-20T03:35:35.2263956Z   ...
test (18)	Run node --test test/*.test.js	2026-08-20T03:35:35.2264644Z # Subtest: control: --list | head -5 stays completely clean
test (18)	Run node --test test/*.test.js	2026-08-20T03:35:35.2265540Z ok 68 - control: --list | head -5 stays completely clean
test (18)	Run node --test test/*.test.js	2026-08-20T03:35:35.2266132Z   ---
test (18)	Run node --test test/*.test.js	2026-08-20T03:35:35.2266507Z   duration_ms: 43.513695
test (18)	Run node --test test/*.test.js	2026-08-20T03:35:35.2266934Z   ...
test (18)	Run node --test test/*.test.js	2026-08-20T03:35:35.2267547Z # Subtest: control: --list | sed 1q stays completely clean
test (18)	Run node --test test/*.test.js	2026-08-20T03:35:35.2268407Z ok 69 - control: --list | sed 1q stays completely clean
test (18)	Run node --test test/*.test.js	2026-08-20T03:35:35.2269021Z   ---
test (18)	Run node --test test/*.test.js	2026-08-20T03:35:35.2269385Z   duration_ms: 43.152704
test (18)	Run node --test test/*.test.js	2026-08-20T03:35:35.2270051Z   ...
test (18)	Run node --test test/*.test.js	2026-08-20T03:35:35.2270708Z # Subtest: control: --list | grep -q . stays completely clean
test (18)	Run node --test test/*.test.js	2026-08-20T03:35:35.2271634Z ok 70 - control: --list | grep -q . stays completely clean
test (18)	Run node --test test/*.test.js	2026-08-20T03:35:35.2272226Z   ---
test (18)	Run node --test test/*.test.js	2026-08-20T03:35:35.2272596Z   duration_ms: 40.649864
test (18)	Run node --test test/*.test.js	2026-08-20T03:35:35.2273011Z   ...
test (18)	Run node --test test/*.test.js	2026-08-20T03:35:35.2273559Z # Subtest: control: | wc -l stays completely clean
test (18)	Run node --test test/*.test.js	2026-08-20T03:35:35.2274314Z ok 71 - control: | wc -l stays completely clean
test (18)	Run node --test test/*.test.js	2026-08-20T03:35:35.2274867Z   ---
test (18)	Run node --test test/*.test.js	2026-08-20T03:35:35.2275617Z   duration_ms: 48.971865
test (18)	Run node --test test/*.test.js	2026-08-20T03:35:35.2276046Z   ...
test (18)	Run node --test test/*.test.js	2026-08-20T03:35:35.2276717Z # Subtest: control: --list --json | head -2 stays completely clean
test (18)	Run node --test test/*.test.js	2026-08-20T03:35:35.2277639Z ok 72 - control: --list --json | head -2 stays completely clean
test (18)	Run node --test test/*.test.js	2026-08-20T03:35:35.2278201Z   ---
test (18)	Run node --test test/*.test.js	2026-08-20T03:35:35.2278485Z   duration_ms: 48.646371
test (18)	Run node --test test/*.test.js	2026-08-20T03:35:35.2278790Z   ...
test (18)	Run node --test test/*.test.js	2026-08-20T03:35:35.2279333Z # Subtest: control: exit 1 / exit 2 stderr messages and codes are unchanged
test (18)	Run node --test test/*.test.js	2026-08-20T03:35:35.2280703Z ok 73 - control: exit 1 / exit 2 stderr messages and codes are unchanged
test (18)	Run node --test test/*.test.js	2026-08-20T03:35:35.2281409Z   ---
test (18)	Run node --test test/*.test.js	2026-08-20T03:35:35.2281764Z   duration_ms: 93.538589
test (18)	Run node --test test/*.test.js	2026-08-20T03:35:35.2282201Z   ...
test (18)	Run node --test test/*.test.js	2026-08-20T03:35:35.2283014Z # Subtest: control: a normal (non-full) stdout target still exits 0 with empty stderr
test (18)	Run node --test test/*.test.js	2026-08-20T03:35:35.2284219Z ok 74 - control: a normal (non-full) stdout target still exits 0 with empty stderr
test (18)	Run node --test test/*.test.js	2026-08-20T03:35:35.2284951Z   ---
test (18)	Run node --test test/*.test.js	2026-08-20T03:35:35.2285312Z   duration_ms: 86.376732
test (18)	Run node --test test/*.test.js	2026-08-20T03:35:35.2285737Z   ...
test (18)	Run node --test test/*.test.js	2026-08-20T03:35:35.2286244Z # Subtest: README tags must exist in corpus
test (18)	Run node --test test/*.test.js	2026-08-20T03:35:35.2286901Z ok 75 - README tags must exist in corpus
test (18)	Run node --test test/*.test.js	2026-08-20T03:35:35.2287399Z   ---
test (18)	Run node --test test/*.test.js	2026-08-20T03:35:35.2287753Z   duration_ms: 4.483577
test (18)	Run node --test test/*.test.js	2026-08-20T03:35:35.2288146Z   ...
test (18)	Run node --test test/*.test.js	2026-08-20T03:35:35.2288649Z # Subtest: README tag counts must match corpus
test (18)	Run node --test test/*.test.js	2026-08-20T03:35:35.2289335Z ok 76 - README tag counts must match corpus
test (18)	Run node --test test/*.test.js	2026-08-20T03:35:35.2290200Z   ---
test (18)	Run node --test test/*.test.js	2026-08-20T03:35:35.2290585Z   duration_ms: 0.652869
test (18)	Run node --test test/*.test.js	2026-08-20T03:35:35.2290981Z   ...
test (18)	Run node --test test/*.test.js	2026-08-20T03:35:35.2291559Z # Subtest: README must state total unique tags correctly
test (18)	Run node --test test/*.test.js	2026-08-20T03:35:35.2292663Z ok 77 - README must state total unique tags correctly
test (18)	Run node --test test/*.test.js	2026-08-20T03:35:35.2293243Z   ---
test (18)	Run node --test test/*.test.js	2026-08-20T03:35:35.2293612Z   duration_ms: 0.404451
test (18)	Run node --test test/*.test.js	2026-08-20T03:35:35.2294011Z   ...
test (18)	Run node --test test/*.test.js	2026-08-20T03:35:35.2294660Z # Subtest: README must correctly describe single-entry tag count
test (18)	Run node --test test/*.test.js	2026-08-20T03:35:35.2295610Z ok 78 - README must correctly describe single-entry tag count
test (18)	Run node --test test/*.test.js	2026-08-20T03:35:35.2296254Z   ---
test (18)	Run node --test test/*.test.js	2026-08-20T03:35:35.2296620Z   duration_ms: 0.411474
test (18)	Run node --test test/*.test.js	2026-08-20T03:35:35.2297034Z   ...
test (18)	Run node --test test/*.test.js	2026-08-20T03:35:35.2297575Z # Subtest: README must list all single-entry tags
test (18)	Run node --test test/*.test.js	2026-08-20T03:35:35.2298309Z ok 79 - README must list all single-entry tags
test (18)	Run node --test test/*.test.js	2026-08-20T03:35:35.2298855Z   ---
test (18)	Run node --test test/*.test.js	2026-08-20T03:35:35.2299221Z   duration_ms: 0.385726
test (18)	Run node --test test/*.test.js	2026-08-20T03:35:35.2299867Z   ...
test (18)	Run node --test test/*.test.js	2026-08-20T03:35:35.2301263Z # Subtest: README Tag vocabulary section carries a tag+entry sentence with a single-entry marker (token co-occurrence guard, not a meaning check)
test (18)	Run node --test test/*.test.js	2026-08-20T03:35:35.2303427Z ok 80 - README Tag vocabulary section carries a tag+entry sentence with a single-entry marker (token co-occurrence guard, not a meaning check)
test (18)	Run node --test test/*.test.js	2026-08-20T03:35:35.2304593Z   ---
test (18)	Run node --test test/*.test.js	2026-08-20T03:35:35.2304966Z   duration_ms: 1.459025
test (18)	Run node --test test/*.test.js	2026-08-20T03:35:35.2305376Z   ...
test (18)	Run node --test test/*.test.js	2026-08-20T03:35:35.2306965Z # Subtest: extractBandTablesFromReadme tolerates a prose sentence between a band heading and its table (T-025), without mis-attaching a table when the real one is missing
test (18)	Run node --test test/*.test.js	2026-08-20T03:35:35.2309777Z ok 81 - extractBandTablesFromReadme tolerates a prose sentence between a band heading and its table (T-025), without mis-attaching a table when the real one is missing
test (18)	Run node --test test/*.test.js	2026-08-20T03:35:35.2311124Z   ---
test (18)	Run node --test test/*.test.js	2026-08-20T03:35:35.2311499Z   duration_ms: 1.313582
test (18)	Run node --test test/*.test.js	2026-08-20T03:35:35.2311905Z   ...
test (18)	Run node --test test/*.test.js	2026-08-20T03:35:35.2312993Z # Subtest: extractBandTablesFromReadme does not let a band-shaped PROSE line steal a real heading's table (T-039)
test (18)	Run node --test test/*.test.js	2026-08-20T03:35:35.2314728Z ok 82 - extractBandTablesFromReadme does not let a band-shaped PROSE line steal a real heading's table (T-039)
test (18)	Run node --test test/*.test.js	2026-08-20T03:35:35.2315739Z   ---
test (18)	Run node --test test/*.test.js	2026-08-20T03:35:35.2316115Z   duration_ms: 0.75496
test (18)	Run node --test test/*.test.js	2026-08-20T03:35:35.2316519Z   ...
test (18)	Run node --test test/*.test.js	2026-08-20T03:35:35.2317530Z # Subtest: extractBandTablesFromReadme does not read a fenced example block as a second, real band table
test (18)	Run node --test test/*.test.js	2026-08-20T03:35:35.2319102Z ok 83 - extractBandTablesFromReadme does not read a fenced example block as a second, real band table
test (18)	Run node --test test/*.test.js	2026-08-20T03:35:35.2320674Z   ---
test (18)	Run node --test test/*.test.js	2026-08-20T03:35:35.2321082Z   duration_ms: 0.301157
test (18)	Run node --test test/*.test.js	2026-08-20T03:35:35.2321509Z   ...
test (18)	Run node --test test/*.test.js	2026-08-20T03:35:35.2323306Z # Subtest: extractBandTablesFromReadme's recognised bands account for every structural `| Tag | Count |` table -- a table under an unrecognised heading shape is a loud mismatch, not a silent miss
test (18)	Run node --test test/*.test.js	2026-08-20T03:35:35.2326287Z ok 84 - extractBandTablesFromReadme's recognised bands account for every structural `| Tag | Count |` table -- a table under an unrecognised heading shape is a loud mismatch, not a silent miss
test (18)	Run node --test test/*.test.js	2026-08-20T03:35:35.2327766Z   ---
test (18)	Run node --test test/*.test.js	2026-08-20T03:35:35.2328131Z   duration_ms: 0.556297
test (18)	Run node --test test/*.test.js	2026-08-20T03:35:35.2328569Z   ...
test (18)	Run node --test test/*.test.js	2026-08-20T03:35:35.2330259Z # Subtest: every `| Tag | Count |` table in the real README Tag vocabulary section is a recognised band table (no table may hide under an unrecognised heading shape)
test (18)	Run node --test test/*.test.js	2026-08-20T03:35:35.2332669Z ok 85 - every `| Tag | Count |` table in the real README Tag vocabulary section is a recognised band table (no table may hide under an unrecognised heading shape)
test (18)	Run node --test test/*.test.js	2026-08-20T03:35:35.2333794Z   ---
test (18)	Run node --test test/*.test.js	2026-08-20T03:35:35.2334139Z   duration_ms: 2.356214
test (18)	Run node --test test/*.test.js	2026-08-20T03:35:35.2334506Z   ...
test (18)	Run node --test test/*.test.js	2026-08-20T03:35:35.2335499Z # Subtest: every band table in README Tag vocabulary contains exactly the corpus tags whose count fits that band
test (18)	Run node --test test/*.test.js	2026-08-20T03:35:35.2337100Z ok 86 - every band table in README Tag vocabulary contains exactly the corpus tags whose count fits that band
test (18)	Run node --test test/*.test.js	2026-08-20T03:35:35.2338026Z   ---
test (18)	Run node --test test/*.test.js	2026-08-20T03:35:35.2338403Z   duration_ms: 0.652288
test (18)	Run node --test test/*.test.js	2026-08-20T03:35:35.2339144Z   ...
test (18)	Run node --test test/*.test.js	2026-08-20T03:35:35.2340624Z # Subtest: every corpus tag appearing on 2+ entries must have a row in some band table (no band table may be deleted wholesale) (T-019)
test (18)	Run node --test test/*.test.js	2026-08-20T03:35:35.2342491Z ok 87 - every corpus tag appearing on 2+ entries must have a row in some band table (no band table may be deleted wholesale) (T-019)
test (18)	Run node --test test/*.test.js	2026-08-20T03:35:35.2343562Z   ---
test (18)	Run node --test test/*.test.js	2026-08-20T03:35:35.2343955Z   duration_ms: 0.412275
test (18)	Run node --test test/*.test.js	2026-08-20T03:35:35.2344365Z   ...
test (18)	Run node --test test/*.test.js	2026-08-20T03:35:35.2345741Z # Subtest: extractBandTablesFromReadme derives a band's row count purely from its table, ignoring decoy "N tags" phrases in the heading line (T-024b)
test (18)	Run node --test test/*.test.js	2026-08-20T03:35:35.2348093Z ok 88 - extractBandTablesFromReadme derives a band's row count purely from its table, ignoring decoy "N tags" phrases in the heading line (T-024b)
test (18)	Run node --test test/*.test.js	2026-08-20T03:35:35.2349164Z   ---
test (18)	Run node --test test/*.test.js	2026-08-20T03:35:35.2349491Z   duration_ms: 0.353845
test (18)	Run node --test test/*.test.js	2026-08-20T03:35:35.2350168Z   ...
test (18)	Run node --test test/*.test.js	2026-08-20T03:35:35.2350991Z # Subtest: README opening sentence must state correct multi-entry and single-entry tag counts
test (18)	Run node --test test/*.test.js	2026-08-20T03:35:35.2352228Z ok 89 - README opening sentence must state correct multi-entry and single-entry tag counts
test (18)	Run node --test test/*.test.js	2026-08-20T03:35:35.2352931Z   ---
test (18)	Run node --test test/*.test.js	2026-08-20T03:35:35.2353238Z   duration_ms: 0.82359
test (18)	Run node --test test/*.test.js	2026-08-20T03:35:35.2353577Z   ...
test (18)	Run node --test test/*.test.js	2026-08-20T03:35:35.2354418Z # Subtest: README Tag vocabulary section must contain no unrecognised count-claim digits (J-5)
test (18)	Run node --test test/*.test.js	2026-08-20T03:35:35.2355712Z ok 90 - README Tag vocabulary section must contain no unrecognised count-claim digits (J-5)
test (18)	Run node --test test/*.test.js	2026-08-20T03:35:35.2356592Z   ---
test (18)	Run node --test test/*.test.js	2026-08-20T03:35:35.2356960Z   duration_ms: 1.470658
test (18)	Run node --test test/*.test.js	2026-08-20T03:35:35.2357353Z   ...
test (18)	Run node --test test/*.test.js	2026-08-20T03:35:35.2358340Z # Subtest: README Attribution table "Entries ranked" count must match corpus.length and the triage doc (C1)
test (18)	Run node --test test/*.test.js	2026-08-20T03:35:35.2360192Z ok 91 - README Attribution table "Entries ranked" count must match corpus.length and the triage doc (C1)
test (18)	Run node --test test/*.test.js	2026-08-20T03:35:35.2361119Z   ---
test (18)	Run node --test test/*.test.js	2026-08-20T03:35:35.2361490Z   duration_ms: 1.709856
test (18)	Run node --test test/*.test.js	2026-08-20T03:35:35.2361913Z   ...
test (18)	Run node --test test/*.test.js	2026-08-20T03:35:35.2362872Z # Subtest: README Attribution table "Rated HIGH risk" count must match the triage doc table (C2)
test (18)	Run node --test test/*.test.js	2026-08-20T03:35:35.2364021Z ok 92 - README Attribution table "Rated HIGH risk" count must match the triage doc table (C2)
test (18)	Run node --test test/*.test.js	2026-08-20T03:35:35.2364792Z   ---
test (18)	Run node --test test/*.test.js	2026-08-20T03:35:35.2365117Z   duration_ms: 0.963132
test (18)	Run node --test test/*.test.js	2026-08-20T03:35:35.2365465Z   ...
test (18)	Run node --test test/*.test.js	2026-08-20T03:35:35.2366551Z # Subtest: README Attribution section must contain no digit runs outside the counts table (C7)
test (18)	Run node --test test/*.test.js	2026-08-20T03:35:35.2367796Z ok 93 - README Attribution section must contain no digit runs outside the counts table (C7)
test (18)	Run node --test test/*.test.js	2026-08-20T03:35:35.2368501Z   ---
test (18)	Run node --test test/*.test.js	2026-08-20T03:35:35.2368807Z   duration_ms: 0.582246
test (18)	Run node --test test/*.test.js	2026-08-20T03:35:35.2369143Z   ...
test (18)	Run node --test test/*.test.js	2026-08-20T03:35:35.2369938Z # Subtest: README Layout section paths must exist on disk (C6)
test (18)	Run node --test test/*.test.js	2026-08-20T03:35:35.2370720Z ok 94 - README Layout section paths must exist on disk (C6)
test (18)	Run node --test test/*.test.js	2026-08-20T03:35:35.2371229Z   ---
test (18)	Run node --test test/*.test.js	2026-08-20T03:35:35.2371533Z   duration_ms: 0.812439
test (18)	Run node --test test/*.test.js	2026-08-20T03:35:35.2371888Z   ...
test (18)	Run node --test test/*.test.js	2026-08-20T03:35:35.2372960Z # Subtest: getListBehaviourSection tolerates a reformatted "--list behaviour" heading with no backticks (T-021)
test (18)	Run node --test test/*.test.js	2026-08-20T03:35:35.2374705Z ok 95 - getListBehaviourSection tolerates a reformatted "--list behaviour" heading with no backticks (T-021)
test (18)	Run node --test test/*.test.js	2026-08-20T03:35:35.2375694Z   ---
test (18)	Run node --test test/*.test.js	2026-08-20T03:35:35.2376061Z   duration_ms: 0.517664
test (18)	Run node --test test/*.test.js	2026-08-20T03:35:35.2376470Z   ...
test (18)	Run node --test test/*.test.js	2026-08-20T03:35:35.2377936Z # Subtest: getListBehaviourSection still fails on a SEPARATOR MISMATCH (not a heading-parse error) when a reformatted heading's literal is mutated (T-021)
test (18)	Run node --test test/*.test.js	2026-08-20T03:35:35.2380676Z ok 96 - getListBehaviourSection still fails on a SEPARATOR MISMATCH (not a heading-parse error) when a reformatted heading's literal is mutated (T-021)
test (18)	Run node --test test/*.test.js	2026-08-20T03:35:35.2382046Z   ---
test (18)	Run node --test test/*.test.js	2026-08-20T03:35:35.2382435Z   duration_ms: 0.425111
test (18)	Run node --test test/*.test.js	2026-08-20T03:35:35.2382856Z   ...
test (18)	Run node --test test/*.test.js	2026-08-20T03:35:35.2384165Z # Subtest: getListBehaviourSection reports ambiguity loudly instead of taking the first of two qualifying headings (T-021)
test (18)	Run node --test test/*.test.js	2026-08-20T03:35:35.2386485Z ok 97 - getListBehaviourSection reports ambiguity loudly instead of taking the first of two qualifying headings (T-021)
test (18)	Run node --test test/*.test.js	2026-08-20T03:35:35.2387660Z   ---
test (18)	Run node --test test/*.test.js	2026-08-20T03:35:35.2388124Z   duration_ms: 1.405886
test (18)	Run node --test test/*.test.js	2026-08-20T03:35:35.2388628Z   ...
test (18)	Run node --test test/*.test.js	2026-08-20T03:35:35.2389872Z # Subtest: getListBehaviourSection does not let "--list-only" satisfy the standalone `--list` token (T-021)
test (18)	Run node --test test/*.test.js	2026-08-20T03:35:35.2392258Z ok 98 - getListBehaviourSection does not let "--list-only" satisfy the standalone `--list` token (T-021)
test (18)	Run node --test test/*.test.js	2026-08-20T03:35:35.2392937Z   ---
test (18)	Run node --test test/*.test.js	2026-08-20T03:35:35.2393148Z   duration_ms: 0.298792
test (18)	Run node --test test/*.test.js	2026-08-20T03:35:35.2393374Z   ...
test (18)	Run node --test test/*.test.js	2026-08-20T03:35:35.2393890Z # Subtest: getListBehaviourSection tolerates the American spelling "behavior" in the heading (T-027)
test (18)	Run node --test test/*.test.js	2026-08-20T03:35:35.2394674Z ok 99 - getListBehaviourSection tolerates the American spelling "behavior" in the heading (T-027)
test (18)	Run node --test test/*.test.js	2026-08-20T03:35:35.2395137Z   ---
test (18)	Run node --test test/*.test.js	2026-08-20T03:35:35.2395343Z   duration_ms: 0.156515
test (18)	Run node --test test/*.test.js	2026-08-20T03:35:35.2395555Z   ...
test (18)	Run node --test test/*.test.js	2026-08-20T03:35:35.2396243Z # Subtest: getListBehaviourSection still fails on a SEPARATOR MISMATCH (not a heading-parse error) under an American-spelled heading (T-027)
test (18)	Run node --test test/*.test.js	2026-08-20T03:35:35.2397321Z ok 100 - getListBehaviourSection still fails on a SEPARATOR MISMATCH (not a heading-parse error) under an American-spelled heading (T-027)
test (18)	Run node --test test/*.test.js	2026-08-20T03:35:35.2397912Z   ---
test (18)	Run node --test test/*.test.js	2026-08-20T03:35:35.2398099Z   duration_ms: 0.208923
test (18)	Run node --test test/*.test.js	2026-08-20T03:35:35.2398307Z   ...
test (18)	Run node --test test/*.test.js	2026-08-20T03:35:35.2398784Z # Subtest: README `--list` format literal matches the shipped binary's actual --list output (T-017)
test (18)	Run node --test test/*.test.js	2026-08-20T03:35:35.2399786Z ok 101 - README `--list` format literal matches the shipped binary's actual --list output (T-017)
test (18)	Run node --test test/*.test.js	2026-08-20T03:35:35.2400352Z   ---
test (18)	Run node --test test/*.test.js	2026-08-20T03:35:35.2400553Z   duration_ms: 62.148211
test (18)	Run node --test test/*.test.js	2026-08-20T03:35:35.2400770Z   ...
test (18)	Run node --test test/*.test.js	2026-08-20T03:35:35.2401378Z # Subtest: README `--author` matching section must state the correct count of distinct corpus authors (Q-8)
test (18)	Run node --test test/*.test.js	2026-08-20T03:35:35.2402889Z ok 102 - README `--author` matching section must state the correct count of distinct corpus authors (Q-8)
test (18)	Run node --test test/*.test.js	2026-08-20T03:35:35.2403742Z   ---
test (18)	Run node --test test/*.test.js	2026-08-20T03:35:35.2404056Z   duration_ms: 0.563551
test (18)	Run node --test test/*.test.js	2026-08-20T03:35:35.2404409Z   ...
test (18)	Run node --test test/*.test.js	2026-08-20T03:35:35.2404820Z # Subtest: corpus has at least 40 entries
test (18)	Run node --test test/*.test.js	2026-08-20T03:35:35.2405406Z ok 103 - corpus has at least 40 entries
test (18)	Run node --test test/*.test.js	2026-08-20T03:35:35.2406056Z   ---
test (18)	Run node --test test/*.test.js	2026-08-20T03:35:35.2406362Z   duration_ms: 1.999332
test (18)	Run node --test test/*.test.js	2026-08-20T03:35:35.2406723Z   ...
test (18)	Run node --test test/*.test.js	2026-08-20T03:35:35.2407721Z # Subtest: every corpus entry has non-empty text, non-empty author, and an array of tags
test (18)	Run node --test test/*.test.js	2026-08-20T03:35:35.2431261Z ok 104 - every corpus entry has non-empty text, non-empty author, and an array of tags
test (18)	Run node --test test/*.test.js	2026-08-20T03:35:35.2432002Z   ---
test (18)	Run node --test test/*.test.js	2026-08-20T03:35:35.2432230Z   duration_ms: 0.694346
test (18)	Run node --test test/*.test.js	2026-08-20T03:35:35.2432458Z   ...
test (18)	Run node --test test/*.test.js	2026-08-20T03:35:35.2432762Z # Subtest: filter: author match is case-insensitive
test (18)	Run node --test test/*.test.js	2026-08-20T03:35:35.2433172Z ok 105 - filter: author match is case-insensitive
test (18)	Run node --test test/*.test.js	2026-08-20T03:35:35.2433490Z   ---
test (18)	Run node --test test/*.test.js	2026-08-20T03:35:35.2433699Z   duration_ms: 1.075484
test (18)	Run node --test test/*.test.js	2026-08-20T03:35:35.2433917Z   ...
test (18)	Run node --test test/*.test.js	2026-08-20T03:35:35.2434202Z # Subtest: filter: tag match is case-insensitive
test (18)	Run node --test test/*.test.js	2026-08-20T03:35:35.2434592Z ok 106 - filter: tag match is case-insensitive
test (18)	Run node --test test/*.test.js	2026-08-20T03:35:35.2434872Z   ---
test (18)	Run node --test test/*.test.js	2026-08-20T03:35:35.2435069Z   duration_ms: 0.399302
test (18)	Run node --test test/*.test.js	2026-08-20T03:35:35.2435295Z   ...
test (18)	Run node --test test/*.test.js	2026-08-20T03:35:35.2435680Z # Subtest: filter: author and tag together narrow to the intersection (AND)
test (18)	Run node --test test/*.test.js	2026-08-20T03:35:35.2436256Z ok 107 - filter: author and tag together narrow to the intersection (AND)
test (18)	Run node --test test/*.test.js	2026-08-20T03:35:35.2436615Z   ---
test (18)	Run node --test test/*.test.js	2026-08-20T03:35:35.2436806Z   duration_ms: 0.508477
test (18)	Run node --test test/*.test.js	2026-08-20T03:35:35.2437017Z   ...
test (18)	Run node --test test/*.test.js	2026-08-20T03:35:35.2437330Z # Subtest: filter: undefined/absent options do not filter
test (18)	Run node --test test/*.test.js	2026-08-20T03:35:35.2437758Z ok 108 - filter: undefined/absent options do not filter
test (18)	Run node --test test/*.test.js	2026-08-20T03:35:35.2438056Z   ---
test (18)	Run node --test test/*.test.js	2026-08-20T03:35:35.2438240Z   duration_ms: 0.372
test (18)	Run node --test test/*.test.js	2026-08-20T03:35:35.2438682Z   ...
test (18)	Run node --test test/*.test.js	2026-08-20T03:35:35.2439091Z # Subtest: pick: same seed over the same candidates always returns the same element
test (18)	Run node --test test/*.test.js	2026-08-20T03:35:35.2440038Z ok 109 - pick: same seed over the same candidates always returns the same element
test (18)	Run node --test test/*.test.js	2026-08-20T03:35:35.2440441Z   ---
test (18)	Run node --test test/*.test.js	2026-08-20T03:35:35.2440635Z   duration_ms: 0.618504
test (18)	Run node --test test/*.test.js	2026-08-20T03:35:35.2440847Z   ...
test (18)	Run node --test test/*.test.js	2026-08-20T03:35:35.2441211Z # Subtest: pick: different seeds generally produce different results
test (18)	Run node --test test/*.test.js	2026-08-20T03:35:35.2441727Z ok 110 - pick: different seeds generally produce different results
test (18)	Run node --test test/*.test.js	2026-08-20T03:35:35.2442073Z   ---
test (18)	Run node --test test/*.test.js	2026-08-20T03:35:35.2442268Z   duration_ms: 0.494791
test (18)	Run node --test test/*.test.js	2026-08-20T03:35:35.2442482Z   ...
test (18)	Run node --test test/*.test.js	2026-08-20T03:35:35.2442822Z # Subtest: pick: undefined seed picks a valid member (random mode)
test (18)	Run node --test test/*.test.js	2026-08-20T03:35:35.2443323Z ok 111 - pick: undefined seed picks a valid member (random mode)
test (18)	Run node --test test/*.test.js	2026-08-20T03:35:35.2443655Z   ---
test (18)	Run node --test test/*.test.js	2026-08-20T03:35:35.2443845Z   duration_ms: 0.184387
test (18)	Run node --test test/*.test.js	2026-08-20T03:35:35.2444060Z   ...
test (18)	Run node --test test/*.test.js	2026-08-20T03:35:35.2444457Z # Subtest: pick: null seed also triggers random mode and returns a valid member
test (18)	Run node --test test/*.test.js	2026-08-20T03:35:35.2445035Z ok 112 - pick: null seed also triggers random mode and returns a valid member
test (18)	Run node --test test/*.test.js	2026-08-20T03:35:35.2445396Z   ---
test (18)	Run node --test test/*.test.js	2026-08-20T03:35:35.2445582Z   duration_ms: 0.388892
test (18)	Run node --test test/*.test.js	2026-08-20T03:35:35.2445788Z   ...
test (18)	Run node --test test/*.test.js	2026-08-20T03:35:35.2446108Z # Subtest: pick: throws RangeError on empty candidates array
test (18)	Run node --test test/*.test.js	2026-08-20T03:35:35.2446561Z ok 113 - pick: throws RangeError on empty candidates array
test (18)	Run node --test test/*.test.js	2026-08-20T03:35:35.2446865Z   ---
test (18)	Run node --test test/*.test.js	2026-08-20T03:35:35.2447052Z   duration_ms: 0.702212
test (18)	Run node --test test/*.test.js	2026-08-20T03:35:35.2447256Z   ...
test (18)	Run node --test test/*.test.js	2026-08-20T03:35:35.2447631Z # Subtest: pick: Infinity seed is deterministic and returns a valid member
test (18)	Run node --test test/*.test.js	2026-08-20T03:35:35.2448191Z ok 114 - pick: Infinity seed is deterministic and returns a valid member
test (18)	Run node --test test/*.test.js	2026-08-20T03:35:35.2448545Z   ---
test (18)	Run node --test test/*.test.js	2026-08-20T03:35:35.2448736Z   duration_ms: 0.248578
test (18)	Run node --test test/*.test.js	2026-08-20T03:35:35.2448944Z   ...
test (18)	Run node --test test/*.test.js	2026-08-20T03:35:35.2449317Z # Subtest: pick: -Infinity seed is deterministic and returns a valid member
test (18)	Run node --test test/*.test.js	2026-08-20T03:35:35.2450132Z ok 115 - pick: -Infinity seed is deterministic and returns a valid member
test (18)	Run node --test test/*.test.js	2026-08-20T03:35:35.2450503Z   ---
test (18)	Run node --test test/*.test.js	2026-08-20T03:35:35.2450694Z   duration_ms: 0.259078
test (18)	Run node --test test/*.test.js	2026-08-20T03:35:35.2450904Z   ...
test (18)	Run node --test test/*.test.js	2026-08-20T03:35:35.2451298Z # Subtest: pick: NaN seed still uses the random branch and returns a valid member
test (18)	Run node --test test/*.test.js	2026-08-20T03:35:35.2452069Z ok 116 - pick: NaN seed still uses the random branch and returns a valid member
test (18)	Run node --test test/*.test.js	2026-08-20T03:35:35.2452441Z   ---
test (18)	Run node --test test/*.test.js	2026-08-20T03:35:35.2452636Z   duration_ms: 0.187172
test (18)	Run node --test test/*.test.js	2026-08-20T03:35:35.2452884Z   ...
test (18)	Run node --test test/*.test.js	2026-08-20T03:35:35.2453282Z # Subtest: pick: finite seed determinism is unchanged by the non-finite-seed fix
test (18)	Run node --test test/*.test.js	2026-08-20T03:35:35.2453873Z ok 117 - pick: finite seed determinism is unchanged by the non-finite-seed fix
test (18)	Run node --test test/*.test.js	2026-08-20T03:35:35.2454244Z   ---
test (18)	Run node --test test/*.test.js	2026-08-20T03:35:35.2454437Z   duration_ms: 0.342094
test (18)	Run node --test test/*.test.js	2026-08-20T03:35:35.2454648Z   ...
test (18)	Run node --test test/*.test.js	2026-08-20T03:35:35.2454976Z # Subtest: pick: every candidate is REACHABLE by an unseeded draw
test (18)	Run node --test test/*.test.js	2026-08-20T03:35:35.2455464Z ok 118 - pick: every candidate is REACHABLE by an unseeded draw
test (18)	Run node --test test/*.test.js	2026-08-20T03:35:35.2455790Z   ---
test (18)	Run node --test test/*.test.js	2026-08-20T03:35:35.2455981Z   duration_ms: 5.881848
test (18)	Run node --test test/*.test.js	2026-08-20T03:35:35.2456201Z   ...
test (18)	Run node --test test/*.test.js	2026-08-20T03:35:35.2456634Z # Subtest: pick: unseeded draws split the interval EQUALLY across candidates (uniform)
test (18)	Run node --test test/*.test.js	2026-08-20T03:35:35.2457274Z ok 119 - pick: unseeded draws split the interval EQUALLY across candidates (uniform)
test (18)	Run node --test test/*.test.js	2026-08-20T03:35:35.2457679Z   ---
test (18)	Run node --test test/*.test.js	2026-08-20T03:35:35.2457870Z   duration_ms: 3.921119
test (18)	Run node --test test/*.test.js	2026-08-20T03:35:35.2458082Z   ...
test (18)	Run node --test test/*.test.js	2026-08-20T03:35:35.2458523Z # Subtest: pick: single-element candidates always returns that element regardless of seed
test (18)	Run node --test test/*.test.js	2026-08-20T03:35:35.2459190Z ok 120 - pick: single-element candidates always returns that element regardless of seed
test (18)	Run node --test test/*.test.js	2026-08-20T03:35:35.2459906Z   ---
test (18)	Run node --test test/*.test.js	2026-08-20T03:35:35.2460224Z   duration_ms: 0.378473
test (18)	Run node --test test/*.test.js	2026-08-20T03:35:35.2460587Z   ...
test (18)	Run node --test test/*.test.js	2026-08-20T03:35:35.2460896Z 1..120
test (18)	Run node --test test/*.test.js	2026-08-20T03:35:35.2461100Z # tests 120
test (18)	Run node --test test/*.test.js	2026-08-20T03:35:35.2461470Z # suites 0
test (18)	Run node --test test/*.test.js	2026-08-20T03:35:35.2461662Z # pass 119
test (18)	Run node --test test/*.test.js	2026-08-20T03:35:35.2461845Z # fail 0
test (18)	Run node --test test/*.test.js	2026-08-20T03:35:35.2462036Z # cancelled 0
test (18)	Run node --test test/*.test.js	2026-08-20T03:35:35.2462236Z # skipped 1
test (18)	Run node --test test/*.test.js	2026-08-20T03:35:35.2462422Z # todo 0
test (18)	Run node --test test/*.test.js	2026-08-20T03:35:35.2462632Z # duration_ms 3629.126165
test (18)	Coverage report (informational, not a gate)	﻿2026-08-20T03:35:35.2517611Z ##[group]Run node --test --experimental-test-coverage test/*.test.js \
test (18)	Coverage report (informational, not a gate)	2026-08-20T03:35:35.2518197Z [36;1mnode --test --experimental-test-coverage test/*.test.js \[0m
test (18)	Coverage report (informational, not a gate)	2026-08-20T03:35:35.2518982Z [36;1m  || echo "NOTE: --experimental-test-coverage exited non-zero on Node 18 (see output above). This step is informational only and does not affect job status."[0m
test (18)	Coverage report (informational, not a gate)	2026-08-20T03:35:35.2559294Z shell: /usr/bin/bash -e {0}
test (18)	Coverage report (informational, not a gate)	2026-08-20T03:35:35.2559837Z ##[endgroup]
test (18)	Coverage report (informational, not a gate)	2026-08-20T03:35:35.3156247Z TAP version 13
test (18)	Coverage report (informational, not a gate)	2026-08-20T03:35:35.3902394Z # Subtest: zero args: no error, no filters set
test (18)	Coverage report (informational, not a gate)	2026-08-20T03:35:35.3930644Z ok 1 - zero args: no error, no filters set
test (18)	Coverage report (informational, not a gate)	2026-08-20T03:35:35.3960422Z   ---
test (18)	Coverage report (informational, not a gate)	2026-08-20T03:35:35.3961127Z   duration_ms: 3.863651
test (18)	Coverage report (informational, not a gate)	2026-08-20T03:35:35.3990403Z   ...
test (18)	Coverage report (informational, not a gate)	2026-08-20T03:35:35.3997658Z # Subtest: --author <name> sets author string
test (18)	Coverage report (informational, not a gate)	2026-08-20T03:35:35.3998525Z ok 2 - --author <name> sets author string
test (18)	Coverage report (informational, not a gate)	2026-08-20T03:35:35.3999165Z   ---
test (18)	Coverage report (informational, not a gate)	2026-08-20T03:35:35.3999985Z   duration_ms: 0.256783
test (18)	Coverage report (informational, not a gate)	2026-08-20T03:35:35.4000633Z   ...
test (18)	Coverage report (informational, not a gate)	2026-08-20T03:35:35.4001362Z # Subtest: --author=<name> equals form sets author string
test (18)	Coverage report (informational, not a gate)	2026-08-20T03:35:35.4002323Z ok 3 - --author=<name> equals form sets author string
test (18)	Coverage report (informational, not a gate)	2026-08-20T03:35:35.4003022Z   ---
test (18)	Coverage report (informational, not a gate)	2026-08-20T03:35:35.4003511Z   duration_ms: 0.260841
test (18)	Coverage report (informational, not a gate)	2026-08-20T03:35:35.4004026Z   ...
test (18)	Coverage report (informational, not a gate)	2026-08-20T03:35:35.4004625Z # Subtest: --tag <tag> sets tag string
test (18)	Coverage report (informational, not a gate)	2026-08-20T03:35:35.4005362Z ok 4 - --tag <tag> sets tag string
test (18)	Coverage report (informational, not a gate)	2026-08-20T03:35:35.4005940Z   ---
test (18)	Coverage report (informational, not a gate)	2026-08-20T03:35:35.4006436Z   duration_ms: 0.210096
test (18)	Coverage report (informational, not a gate)	2026-08-20T03:35:35.4006956Z   ...
test (18)	Coverage report (informational, not a gate)	2026-08-20T03:35:35.4007599Z # Subtest: --tag=<tag> equals form sets tag string
test (18)	Coverage report (informational, not a gate)	2026-08-20T03:35:35.4008437Z ok 5 - --tag=<tag> equals form sets tag string
test (18)	Coverage report (informational, not a gate)	2026-08-20T03:35:35.4009086Z   ---
test (18)	Coverage report (informational, not a gate)	2026-08-20T03:35:35.4009829Z   duration_ms: 0.203663
test (18)	Coverage report (informational, not a gate)	2026-08-20T03:35:35.4010429Z   ...
test (18)	Coverage report (informational, not a gate)	2026-08-20T03:35:35.4011075Z # Subtest: combined --author X --tag Y sets both
test (18)	Coverage report (informational, not a gate)	2026-08-20T03:35:35.4011971Z ok 6 - combined --author X --tag Y sets both
test (18)	Coverage report (informational, not a gate)	2026-08-20T03:35:35.4012607Z   ---
test (18)	Coverage report (informational, not a gate)	2026-08-20T03:35:35.4013102Z   duration_ms: 0.220074
test (18)	Coverage report (informational, not a gate)	2026-08-20T03:35:35.4014036Z   ...
test (18)	Coverage report (informational, not a gate)	2026-08-20T03:35:35.4014622Z # Subtest: --seed <n> parses as a number
test (18)	Coverage report (informational, not a gate)	2026-08-20T03:35:35.4015351Z ok 7 - --seed <n> parses as a number
test (18)	Coverage report (informational, not a gate)	2026-08-20T03:35:35.4015948Z   ---
test (18)	Coverage report (informational, not a gate)	2026-08-20T03:35:35.4016440Z   duration_ms: 0.240362
test (18)	Coverage report (informational, not a gate)	2026-08-20T03:35:35.4016962Z   ...
test (18)	Coverage report (informational, not a gate)	2026-08-20T03:35:35.4017637Z # Subtest: --seed=<n> equals form parses as a number
test (18)	Coverage report (informational, not a gate)	2026-08-20T03:35:35.4018521Z ok 8 - --seed=<n> equals form parses as a number
test (18)	Coverage report (informational, not a gate)	2026-08-20T03:35:35.4019184Z   ---
test (18)	Coverage report (informational, not a gate)	2026-08-20T03:35:35.4019933Z   duration_ms: 0.189186
test (18)	Coverage report (informational, not a gate)	2026-08-20T03:35:35.4020492Z   ...
test (18)	Coverage report (informational, not a gate)	2026-08-20T03:35:35.4021152Z # Subtest: --seed <n> accepts a negative number
test (18)	Coverage report (informational, not a gate)	2026-08-20T03:35:35.4021976Z ok 9 - --seed <n> accepts a negative number
test (18)	Coverage report (informational, not a gate)	2026-08-20T03:35:35.4032061Z   ---
test (18)	Coverage report (informational, not a gate)	2026-08-20T03:35:35.4032613Z   duration_ms: 0.177785
test (18)	Coverage report (informational, not a gate)	2026-08-20T03:35:35.4033191Z   ...
test (18)	Coverage report (informational, not a gate)	2026-08-20T03:35:35.4033953Z # Subtest: --seed=<n> equals form accepts a negative number
test (18)	Coverage report (informational, not a gate)	2026-08-20T03:35:35.4034950Z ok 10 - --seed=<n> equals form accepts a negative number
test (18)	Coverage report (informational, not a gate)	2026-08-20T03:35:35.4035648Z   ---
test (18)	Coverage report (informational, not a gate)	2026-08-20T03:35:35.4036145Z   duration_ms: 0.226727
test (18)	Coverage report (informational, not a gate)	2026-08-20T03:35:35.4036674Z   ...
test (18)	Coverage report (informational, not a gate)	2026-08-20T03:35:35.4037394Z # Subtest: non-numeric --seed is a usage error
test (18)	Coverage report (informational, not a gate)	2026-08-20T03:35:35.4038226Z ok 11 - non-numeric --seed is a usage error
test (18)	Coverage report (informational, not a gate)	2026-08-20T03:35:35.4038874Z   ---
test (18)	Coverage report (informational, not a gate)	2026-08-20T03:35:35.4039363Z   duration_ms: 0.390104
test (18)	Coverage report (informational, not a gate)	2026-08-20T03:35:35.4040145Z   ...
test (18)	Coverage report (informational, not a gate)	2026-08-20T03:35:35.4080623Z # Subtest: non-numeric --seed= equals form is a usage error
test (18)	Coverage report (informational, not a gate)	2026-08-20T03:35:35.4081835Z ok 12 - non-numeric --seed= equals form is a usage error
test (18)	Coverage report (informational, not a gate)	2026-08-20T03:35:35.4092666Z   ---
test (18)	Coverage report (informational, not a gate)	2026-08-20T03:35:35.4120549Z   duration_ms: 0.342434
test (18)	Coverage report (informational, not a gate)	2026-08-20T03:35:35.4127959Z   ...
test (18)	Coverage report (informational, not a gate)	2026-08-20T03:35:35.4128632Z # Subtest: --list sets list: true
test (18)	Coverage report (informational, not a gate)	2026-08-20T03:35:35.4129355Z ok 13 - --list sets list: true
test (18)	Coverage report (informational, not a gate)	2026-08-20T03:35:35.4130223Z   ---
test (18)	Coverage report (informational, not a gate)	2026-08-20T03:35:35.4130742Z   duration_ms: 0.186841
test (18)	Coverage report (informational, not a gate)	2026-08-20T03:35:35.4131295Z   ...
test (18)	Coverage report (informational, not a gate)	2026-08-20T03:35:35.4132304Z # Subtest: --json sets json: true
test (18)	Coverage report (informational, not a gate)	2026-08-20T03:35:35.4133025Z ok 14 - --json sets json: true
test (18)	Coverage report (informational, not a gate)	2026-08-20T03:35:35.4133595Z   ---
test (18)	Coverage report (informational, not a gate)	2026-08-20T03:35:35.4134082Z   duration_ms: 0.190969
test (18)	Coverage report (informational, not a gate)	2026-08-20T03:35:35.4134615Z   ...
test (18)	Coverage report (informational, not a gate)	2026-08-20T03:35:35.4135186Z # Subtest: --help sets help: true
test (18)	Coverage report (informational, not a gate)	2026-08-20T03:35:35.4135951Z ok 15 - --help sets help: true
test (18)	Coverage report (informational, not a gate)	2026-08-20T03:35:35.4136728Z   ---
test (18)	Coverage report (informational, not a gate)	2026-08-20T03:35:35.4137412Z   duration_ms: 0.177554
test (18)	Coverage report (informational, not a gate)	2026-08-20T03:35:35.4138172Z   ...
test (18)	Coverage report (informational, not a gate)	2026-08-20T03:35:35.4139817Z # Subtest: -h sets help: true
test (18)	Coverage report (informational, not a gate)	2026-08-20T03:35:35.4140643Z ok 16 - -h sets help: true
test (18)	Coverage report (informational, not a gate)	2026-08-20T03:35:35.4141358Z   ---
test (18)	Coverage report (informational, not a gate)	2026-08-20T03:35:35.4142021Z   duration_ms: 0.203833
test (18)	Coverage report (informational, not a gate)	2026-08-20T03:35:35.4142608Z   ...
test (18)	Coverage report (informational, not a gate)	2026-08-20T03:35:35.4143266Z # Subtest: unknown flag is a usage error
test (18)	Coverage report (informational, not a gate)	2026-08-20T03:35:35.4144026Z ok 17 - unknown flag is a usage error
test (18)	Coverage report (informational, not a gate)	2026-08-20T03:35:35.4144699Z   ---
test (18)	Coverage report (informational, not a gate)	2026-08-20T03:35:35.4145169Z   duration_ms: 0.276099
test (18)	Coverage report (informational, not a gate)	2026-08-20T03:35:35.4145714Z   ...
test (18)	Coverage report (informational, not a gate)	2026-08-20T03:35:35.4146331Z # Subtest: unknown short flag is a usage error
test (18)	Coverage report (informational, not a gate)	2026-08-20T03:35:35.4147134Z ok 18 - unknown short flag is a usage error
test (18)	Coverage report (informational, not a gate)	2026-08-20T03:35:35.4147756Z   ---
test (18)	Coverage report (informational, not a gate)	2026-08-20T03:35:35.4148223Z   duration_ms: 0.166543
test (18)	Coverage report (informational, not a gate)	2026-08-20T03:35:35.4148725Z   ...
test (18)	Coverage report (informational, not a gate)	2026-08-20T03:35:35.4149473Z # Subtest: --author missing value at end of argv is a usage error
test (18)	Coverage report (informational, not a gate)	2026-08-20T03:35:35.4150755Z ok 19 - --author missing value at end of argv is a usage error
test (18)	Coverage report (informational, not a gate)	2026-08-20T03:35:35.4151471Z   ---
test (18)	Coverage report (informational, not a gate)	2026-08-20T03:35:35.4151935Z   duration_ms: 0.198003
test (18)	Coverage report (informational, not a gate)	2026-08-20T03:35:35.4152435Z   ...
test (18)	Coverage report (informational, not a gate)	2026-08-20T03:35:35.4153307Z # Subtest: --tag missing value because next token is another flag is a usage error
test (18)	Coverage report (informational, not a gate)	2026-08-20T03:35:35.4154624Z ok 20 - --tag missing value because next token is another flag is a usage error
test (18)	Coverage report (informational, not a gate)	2026-08-20T03:35:35.4155447Z   ---
test (18)	Coverage report (informational, not a gate)	2026-08-20T03:35:35.4155913Z   duration_ms: 0.227268
test (18)	Coverage report (informational, not a gate)	2026-08-20T03:35:35.4156424Z   ...
test (18)	Coverage report (informational, not a gate)	2026-08-20T03:35:35.4157161Z # Subtest: --seed missing value at end of argv is a usage error
test (18)	Coverage report (informational, not a gate)	2026-08-20T03:35:35.4159069Z ok 21 - --seed missing value at end of argv is a usage error
test (18)	Coverage report (informational, not a gate)	2026-08-20T03:35:35.4160891Z   ---
test (18)	Coverage report (informational, not a gate)	2026-08-20T03:35:35.4161684Z   duration_ms: 0.142829
test (18)	Coverage report (informational, not a gate)	2026-08-20T03:35:35.4162206Z   ...
test (18)	Coverage report (informational, not a gate)	2026-08-20T03:35:35.4174500Z # Subtest: --author= with empty value is a usage error
test (18)	Coverage report (informational, not a gate)	2026-08-20T03:35:35.4190427Z ok 22 - --author= with empty value is a usage error
test (18)	Coverage report (informational, not a gate)	2026-08-20T03:35:35.4220361Z   ---
test (18)	Coverage report (informational, not a gate)	2026-08-20T03:35:35.4221095Z   duration_ms: 0.109926
test (18)	Coverage report (informational, not a gate)	2026-08-20T03:35:35.4221696Z   ...
test (18)	Coverage report (informational, not a gate)	2026-08-20T03:35:35.4222573Z # Subtest: a bare positional argument (not a flag) is a usage error
test (18)	Coverage report (informational, not a gate)	2026-08-20T03:35:35.4223762Z ok 23 - a bare positional argument (not a flag) is a usage error
test (18)	Coverage report (informational, not a gate)	2026-08-20T03:35:35.4224580Z   ---
test (18)	Coverage report (informational, not a gate)	2026-08-20T03:35:35.4225161Z   duration_ms: 0.100979
test (18)	Coverage report (informational, not a gate)	2026-08-20T03:35:35.4225769Z   ...
test (18)	Coverage report (informational, not a gate)	2026-08-20T03:35:35.4226542Z # Subtest: parseArgs never throws on malformed input
test (18)	Coverage report (informational, not a gate)	2026-08-20T03:35:35.4227607Z ok 24 - parseArgs never throws on malformed input
test (18)	Coverage report (informational, not a gate)	2026-08-20T03:35:35.4228324Z   ---
test (18)	Coverage report (informational, not a gate)	2026-08-20T03:35:35.4228817Z   duration_ms: 0.386638
test (18)	Coverage report (informational, not a gate)	2026-08-20T03:35:35.4229390Z   ...
test (18)	Coverage report (informational, not a gate)	2026-08-20T03:35:35.4230608Z # Subtest: absent options are undefined/false, never null
test (18)	Coverage report (informational, not a gate)	2026-08-20T03:35:35.4232484Z ok 25 - absent options are undefined/false, never null
test (18)	Coverage report (informational, not a gate)	2026-08-20T03:35:35.4233225Z   ---
test (18)	Coverage report (informational, not a gate)	2026-08-20T03:35:35.4233716Z   duration_ms: 0.152427
test (18)	Coverage report (informational, not a gate)	2026-08-20T03:35:35.4234265Z   ...
test (18)	Coverage report (informational, not a gate)	2026-08-20T03:35:35.4235108Z # Subtest: HELP is a non-empty string mentioning every flag name
test (18)	Coverage report (informational, not a gate)	2026-08-20T03:35:35.4236342Z ok 26 - HELP is a non-empty string mentioning every flag name
test (18)	Coverage report (informational, not a gate)	2026-08-20T03:35:35.4237131Z   ---
test (18)	Coverage report (informational, not a gate)	2026-08-20T03:35:35.4237633Z   duration_ms: 0.192512
test (18)	Coverage report (informational, not a gate)	2026-08-20T03:35:35.4238150Z   ...
test (18)	Coverage report (informational, not a gate)	2026-08-20T03:35:35.4238908Z # Subtest: HELP fits comfortably on one 24-line terminal screen
test (18)	Coverage report (informational, not a gate)	2026-08-20T03:35:35.4240358Z ok 27 - HELP fits comfortably on one 24-line terminal screen
test (18)	Coverage report (informational, not a gate)	2026-08-20T03:35:35.4241099Z   ---
test (18)	Coverage report (informational, not a gate)	2026-08-20T03:35:35.4241587Z   duration_ms: 0.115026
test (18)	Coverage report (informational, not a gate)	2026-08-20T03:35:35.4242124Z   ...
test (18)	Coverage report (informational, not a gate)	2026-08-20T03:35:35.4243043Z # Subtest: --seed Infinity / --seed -Infinity parse to numbers, not a usage error
test (18)	Coverage report (informational, not a gate)	2026-08-20T03:35:35.4244768Z ok 28 - --seed Infinity / --seed -Infinity parse to numbers, not a usage error
test (18)	Coverage report (informational, not a gate)	2026-08-20T03:35:35.4245669Z   ---
test (18)	Coverage report (informational, not a gate)	2026-08-20T03:35:35.4246173Z   duration_ms: 0.151194
test (18)	Coverage report (informational, not a gate)	2026-08-20T03:35:35.4246702Z   ...
test (18)	Coverage report (informational, not a gate)	2026-08-20T03:35:39.6567800Z # Subtest: bare invocation prints one attributed aphorism and exits 0
test (18)	Coverage report (informational, not a gate)	2026-08-20T03:35:39.6569190Z ok 29 - bare invocation prints one attributed aphorism and exits 0
test (18)	Coverage report (informational, not a gate)	2026-08-20T03:35:39.6570227Z   ---
test (18)	Coverage report (informational, not a gate)	2026-08-20T03:35:39.6570626Z   duration_ms: 64.334961
test (18)	Coverage report (informational, not a gate)	2026-08-20T03:35:39.6571039Z   ...
test (18)	Coverage report (informational, not a gate)	2026-08-20T03:35:39.6592136Z # Subtest: --seed is deterministic across separate processes
test (18)	Coverage report (informational, not a gate)	2026-08-20T03:35:39.6593407Z ok 30 - --seed is deterministic across separate processes
test (18)	Coverage report (informational, not a gate)	2026-08-20T03:35:39.6594343Z   ---
test (18)	Coverage report (informational, not a gate)	2026-08-20T03:35:39.6595179Z   duration_ms: 129.173766
test (18)	Coverage report (informational, not a gate)	2026-08-20T03:35:39.6595941Z   ...
test (18)	Coverage report (informational, not a gate)	2026-08-20T03:35:39.6596847Z # Subtest: different seeds do not all collapse to one aphorism
test (18)	Coverage report (informational, not a gate)	2026-08-20T03:35:39.6598090Z ok 31 - different seeds do not all collapse to one aphorism
test (18)	Coverage report (informational, not a gate)	2026-08-20T03:35:39.6598979Z   ---
test (18)	Coverage report (informational, not a gate)	2026-08-20T03:35:39.6599812Z   duration_ms: 630.195894
test (18)	Coverage report (informational, not a gate)	2026-08-20T03:35:39.6600479Z   ...
test (18)	Coverage report (informational, not a gate)	2026-08-20T03:35:39.6601467Z # Subtest: --json emits a single-line JSON object with text/author/tags
test (18)	Coverage report (informational, not a gate)	2026-08-20T03:35:39.6602742Z ok 32 - --json emits a single-line JSON object with text/author/tags
test (18)	Coverage report (informational, not a gate)	2026-08-20T03:35:39.6603658Z   ---
test (18)	Coverage report (informational, not a gate)	2026-08-20T03:35:39.6604237Z   duration_ms: 44.361806
test (18)	Coverage report (informational, not a gate)	2026-08-20T03:35:39.6604944Z   ...
test (18)	Coverage report (informational, not a gate)	2026-08-20T03:35:39.6605801Z # Subtest: --list prints every entry in the filtered set
test (18)	Coverage report (informational, not a gate)	2026-08-20T03:35:39.6606884Z ok 33 - --list prints every entry in the filtered set
test (18)	Coverage report (informational, not a gate)	2026-08-20T03:35:39.6607694Z   ---
test (18)	Coverage report (informational, not a gate)	2026-08-20T03:35:39.6608261Z   duration_ms: 44.86939
test (18)	Coverage report (informational, not a gate)	2026-08-20T03:35:39.6608874Z   ...
test (18)	Coverage report (informational, not a gate)	2026-08-20T03:35:39.6611975Z # Subtest: --help prints usage to stdout and exits 0
test (18)	Coverage report (informational, not a gate)	2026-08-20T03:35:39.6614035Z ok 34 - --help prints usage to stdout and exits 0
test (18)	Coverage report (informational, not a gate)	2026-08-20T03:35:39.6615157Z   ---
test (18)	Coverage report (informational, not a gate)	2026-08-20T03:35:39.6615529Z   duration_ms: 44.634458
test (18)	Coverage report (informational, not a gate)	2026-08-20T03:35:39.6615952Z   ...
test (18)	Coverage report (informational, not a gate)	2026-08-20T03:35:39.6617693Z # Subtest: no match exits 1 with stderr only and zero bytes on stdout
test (18)	Coverage report (informational, not a gate)	2026-08-20T03:35:39.6619988Z ok 35 - no match exits 1 with stderr only and zero bytes on stdout
test (18)	Coverage report (informational, not a gate)	2026-08-20T03:35:39.6620942Z   ---
test (18)	Coverage report (informational, not a gate)	2026-08-20T03:35:39.6621304Z   duration_ms: 43.820647
test (18)	Coverage report (informational, not a gate)	2026-08-20T03:35:39.6621700Z   ...
test (18)	Coverage report (informational, not a gate)	2026-08-20T03:35:39.6623083Z # Subtest: unknown flag is a usage error, exit 2, stdout clean
test (18)	Coverage report (informational, not a gate)	2026-08-20T03:35:39.6624631Z ok 36 - unknown flag is a usage error, exit 2, stdout clean
test (18)	Coverage report (informational, not a gate)	2026-08-20T03:35:39.6625545Z   ---
test (18)	Coverage report (informational, not a gate)	2026-08-20T03:35:39.6625911Z   duration_ms: 44.387144
test (18)	Coverage report (informational, not a gate)	2026-08-20T03:35:39.6626316Z   ...
test (18)	Coverage report (informational, not a gate)	2026-08-20T03:35:39.6640748Z # Subtest: non-numeric seed is a usage error, exit 2
test (18)	Coverage report (informational, not a gate)	2026-08-20T03:35:39.6641755Z ok 37 - non-numeric seed is a usage error, exit 2
test (18)	Coverage report (informational, not a gate)	2026-08-20T03:35:39.6642551Z   ---
test (18)	Coverage report (informational, not a gate)	2026-08-20T03:35:39.6643179Z   duration_ms: 43.100672
test (18)	Coverage report (informational, not a gate)	2026-08-20T03:35:39.6643775Z   ...
test (18)	Coverage report (informational, not a gate)	2026-08-20T03:35:39.6644610Z # Subtest: author filter is case-insensitive and narrows the list
test (18)	Coverage report (informational, not a gate)	2026-08-20T03:35:39.6645779Z ok 38 - author filter is case-insensitive and narrows the list
test (18)	Coverage report (informational, not a gate)	2026-08-20T03:35:39.6646604Z   ---
test (18)	Coverage report (informational, not a gate)	2026-08-20T03:35:39.6647135Z   duration_ms: 88.646425
test (18)	Coverage report (informational, not a gate)	2026-08-20T03:35:39.6647717Z   ...
test (18)	Coverage report (informational, not a gate)	2026-08-20T03:35:39.6653830Z # Subtest: output is pipe-safe — no ANSI escapes when not a TTY
test (18)	Coverage report (informational, not a gate)	2026-08-20T03:35:39.6659310Z ok 39 - output is pipe-safe — no ANSI escapes when not a TTY
test (18)	Coverage report (informational, not a gate)	2026-08-20T03:35:39.6660552Z   ---
test (18)	Coverage report (informational, not a gate)	2026-08-20T03:35:39.6660955Z   duration_ms: 44.965661
test (18)	Coverage report (informational, not a gate)	2026-08-20T03:35:39.6661372Z   ...
test (18)	Coverage report (informational, not a gate)	2026-08-20T03:35:39.6663311Z # Subtest: --tag matches membership, not substring containment
test (18)	Coverage report (informational, not a gate)	2026-08-20T03:35:39.6672034Z ok 40 - --tag matches membership, not substring containment
test (18)	Coverage report (informational, not a gate)	2026-08-20T03:35:39.6672600Z   ---
test (18)	Coverage report (informational, not a gate)	2026-08-20T03:35:39.6672829Z   duration_ms: 88.936381
test (18)	Coverage report (informational, not a gate)	2026-08-20T03:35:39.6673069Z   ...
test (18)	Coverage report (informational, not a gate)	2026-08-20T03:35:39.6673447Z # Subtest: --list prints exactly one line per matching entry, no drops
test (18)	Coverage report (informational, not a gate)	2026-08-20T03:35:39.6674005Z ok 41 - --list prints exactly one line per matching entry, no drops
test (18)	Coverage report (informational, not a gate)	2026-08-20T03:35:39.6674866Z   ---
test (18)	Coverage report (informational, not a gate)	2026-08-20T03:35:39.6675252Z   duration_ms: 41.529124
test (18)	Coverage report (informational, not a gate)	2026-08-20T03:35:39.6675650Z   ...
test (18)	Coverage report (informational, not a gate)	2026-08-20T03:35:39.6696201Z # Subtest: --list preserves corpus order (first and last line match)
test (18)	Coverage report (informational, not a gate)	2026-08-20T03:35:39.6699338Z ok 42 - --list preserves corpus order (first and last line match)
test (18)	Coverage report (informational, not a gate)	2026-08-20T03:35:39.6711405Z   ---
test (18)	Coverage report (informational, not a gate)	2026-08-20T03:35:39.6712022Z   duration_ms: 42.460808
test (18)	Coverage report (informational, not a gate)	2026-08-20T03:35:39.6712460Z   ...
test (18)	Coverage report (informational, not a gate)	2026-08-20T03:35:39.6713182Z # Subtest: --json output is exactly one line, never pretty-printed
test (18)	Coverage report (informational, not a gate)	2026-08-20T03:35:39.6714160Z ok 43 - --json output is exactly one line, never pretty-printed
test (18)	Coverage report (informational, not a gate)	2026-08-20T03:35:39.6714779Z   ---
test (18)	Coverage report (informational, not a gate)	2026-08-20T03:35:39.6715132Z   duration_ms: 42.123594
test (18)	Coverage report (informational, not a gate)	2026-08-20T03:35:39.6715541Z   ...
test (18)	Coverage report (informational, not a gate)	2026-08-20T03:35:39.6716384Z # Subtest: --list --json emits newline-delimited JSON, one object per line, in corpus order
test (18)	Coverage report (informational, not a gate)	2026-08-20T03:35:39.6717701Z ok 44 - --list --json emits newline-delimited JSON, one object per line, in corpus order
test (18)	Coverage report (informational, not a gate)	2026-08-20T03:35:39.6718490Z   ---
test (18)	Coverage report (informational, not a gate)	2026-08-20T03:35:39.6718826Z   duration_ms: 42.519869
test (18)	Coverage report (informational, not a gate)	2026-08-20T03:35:39.6719219Z   ...
test (18)	Coverage report (informational, not a gate)	2026-08-20T03:35:39.6720535Z # Subtest: --json composes with --seed: the seeded JSON pick is reproducible AND is the same entry as the plain-text pick
test (18)	Coverage report (informational, not a gate)	2026-08-20T03:35:39.6722221Z ok 45 - --json composes with --seed: the seeded JSON pick is reproducible AND is the same entry as the plain-text pick
test (18)	Coverage report (informational, not a gate)	2026-08-20T03:35:39.6723148Z   ---
test (18)	Coverage report (informational, not a gate)	2026-08-20T03:35:39.6723476Z   duration_ms: 759.523162
test (18)	Coverage report (informational, not a gate)	2026-08-20T03:35:39.6723850Z   ...
test (18)	Coverage report (informational, not a gate)	2026-08-20T03:35:39.6724770Z # Subtest: --json composes with the filter flags: the JSON pick is always a member of the FILTERED set
test (18)	Coverage report (informational, not a gate)	2026-08-20T03:35:39.6726401Z ok 46 - --json composes with the filter flags: the JSON pick is always a member of the FILTERED set
test (18)	Coverage report (informational, not a gate)	2026-08-20T03:35:39.6727368Z   ---
test (18)	Coverage report (informational, not a gate)	2026-08-20T03:35:39.6727742Z   duration_ms: 1020.128285
test (18)	Coverage report (informational, not a gate)	2026-08-20T03:35:39.6728339Z   ...
test (18)	Coverage report (informational, not a gate)	2026-08-20T03:35:39.6729406Z # Subtest: --list accepts a valid --seed and IGNORES it: output is byte-identical across seeds
test (18)	Coverage report (informational, not a gate)	2026-08-20T03:35:39.6736267Z ok 47 - --list accepts a valid --seed and IGNORES it: output is byte-identical across seeds
test (18)	Coverage report (informational, not a gate)	2026-08-20T03:35:39.6737744Z   ---
test (18)	Coverage report (informational, not a gate)	2026-08-20T03:35:39.6738319Z   duration_ms: 425.449693
test (18)	Coverage report (informational, not a gate)	2026-08-20T03:35:39.6738917Z   ...
test (18)	Coverage report (informational, not a gate)	2026-08-20T03:35:39.6740250Z # Subtest: --list --seed abc is a usage error, exit 2, stdout empty, stderr carries the diagnostic
test (18)	Coverage report (informational, not a gate)	2026-08-20T03:35:39.6742350Z ok 48 - --list --seed abc is a usage error, exit 2, stdout empty, stderr carries the diagnostic
test (18)	Coverage report (informational, not a gate)	2026-08-20T03:35:39.6743181Z   ---
test (18)	Coverage report (informational, not a gate)	2026-08-20T03:35:39.6743553Z   duration_ms: 42.852114
test (18)	Coverage report (informational, not a gate)	2026-08-20T03:35:39.6743941Z   ...
test (18)	Coverage report (informational, not a gate)	2026-08-20T03:35:39.6751104Z # Subtest: --seed abc --list (erroring flag BEFORE --list) is still a usage error, exit 2, stdout empty
test (18)	Coverage report (informational, not a gate)	2026-08-20T03:35:39.6752500Z ok 49 - --seed abc --list (erroring flag BEFORE --list) is still a usage error, exit 2, stdout empty
test (18)	Coverage report (informational, not a gate)	2026-08-20T03:35:39.6753276Z   ---
test (18)	Coverage report (informational, not a gate)	2026-08-20T03:35:39.6753602Z   duration_ms: 42.08473
test (18)	Coverage report (informational, not a gate)	2026-08-20T03:35:39.6753970Z   ...
test (18)	Coverage report (informational, not a gate)	2026-08-20T03:35:39.6754701Z # Subtest: --list --seed=  (empty seed value) is a usage error, exit 2, stdout empty
test (18)	Coverage report (informational, not a gate)	2026-08-20T03:35:39.6755788Z ok 50 - --list --seed=  (empty seed value) is a usage error, exit 2, stdout empty
test (18)	Coverage report (informational, not a gate)	2026-08-20T03:35:39.6756438Z   ---
test (18)	Coverage report (informational, not a gate)	2026-08-20T03:35:39.6756757Z   duration_ms: 42.075533
test (18)	Coverage report (informational, not a gate)	2026-08-20T03:35:39.6757130Z   ...
test (18)	Coverage report (informational, not a gate)	2026-08-20T03:35:39.6759145Z # Subtest: --list --seed "   " (whitespace-only seed value) is a usage error, exit 2, stdout empty
test (18)	Coverage report (informational, not a gate)	2026-08-20T03:35:39.6761270Z ok 51 - --list --seed "   " (whitespace-only seed value) is a usage error, exit 2, stdout empty
test (18)	Coverage report (informational, not a gate)	2026-08-20T03:35:39.6762032Z   ---
test (18)	Coverage report (informational, not a gate)	2026-08-20T03:35:39.6762363Z   duration_ms: 42.723059
test (18)	Coverage report (informational, not a gate)	2026-08-20T03:35:39.6762734Z   ...
test (18)	Coverage report (informational, not a gate)	2026-08-20T03:35:39.6792996Z # Subtest: --list --nosuchflag (unknown flag) is a usage error, exit 2, stdout empty — --list does not swallow it
test (18)	Coverage report (informational, not a gate)	2026-08-20T03:35:39.6794744Z ok 52 - --list --nosuchflag (unknown flag) is a usage error, exit 2, stdout empty — --list does not swallow it
test (18)	Coverage report (informational, not a gate)	2026-08-20T03:35:39.6795905Z   ---
test (18)	Coverage report (informational, not a gate)	2026-08-20T03:35:39.6796228Z   duration_ms: 42.1429
test (18)	Coverage report (informational, not a gate)	2026-08-20T03:35:39.6796601Z   ...
test (18)	Coverage report (informational, not a gate)	2026-08-20T03:35:39.6799152Z # Subtest: --nosuchflag --list (unknown flag BEFORE --list) is still a usage error, exit 2, stdout empty
test (18)	Coverage report (informational, not a gate)	2026-08-20T03:35:39.6801049Z ok 53 - --nosuchflag --list (unknown flag BEFORE --list) is still a usage error, exit 2, stdout empty
test (18)	Coverage report (informational, not a gate)	2026-08-20T03:35:39.6802024Z   ---
test (18)	Coverage report (informational, not a gate)	2026-08-20T03:35:39.6802471Z   duration_ms: 42.164109
test (18)	Coverage report (informational, not a gate)	2026-08-20T03:35:39.6803028Z   ...
test (18)	Coverage report (informational, not a gate)	2026-08-20T03:35:39.6804170Z # Subtest: plain single-pick output is TWO lines: text, newline, four-space indent, EM DASH, space, author
test (18)	Coverage report (informational, not a gate)	2026-08-20T03:35:39.6805935Z ok 54 - plain single-pick output is TWO lines: text, newline, four-space indent, EM DASH, space, author
test (18)	Coverage report (informational, not a gate)	2026-08-20T03:35:39.6806931Z   ---
test (18)	Coverage report (informational, not a gate)	2026-08-20T03:35:39.6807428Z   duration_ms: 42.896307
test (18)	Coverage report (informational, not a gate)	2026-08-20T03:35:39.6807981Z   ...
test (18)	Coverage report (informational, not a gate)	2026-08-20T03:35:39.6809147Z # Subtest: --seed Infinity and --seed -Infinity (typed as CLI strings) are accepted and deterministic
test (18)	Coverage report (informational, not a gate)	2026-08-20T03:35:39.6811015Z ok 55 - --seed Infinity and --seed -Infinity (typed as CLI strings) are accepted and deterministic
test (18)	Coverage report (informational, not a gate)	2026-08-20T03:35:39.6811996Z   ---
test (18)	Coverage report (informational, not a gate)	2026-08-20T03:35:39.6812517Z   duration_ms: 172.480455
test (18)	Coverage report (informational, not a gate)	2026-08-20T03:35:39.6813087Z   ...
test (18)	Coverage report (informational, not a gate)	2026-08-20T03:35:39.6814142Z # Subtest: --list with a filter that matches nothing is STILL exit 1, stderr only, stdout empty
test (18)	Coverage report (informational, not a gate)	2026-08-20T03:35:39.6815614Z ok 56 - --list with a filter that matches nothing is STILL exit 1, stderr only, stdout empty
test (18)	Coverage report (informational, not a gate)	2026-08-20T03:35:39.6822675Z   ---
test (18)	Coverage report (informational, not a gate)	2026-08-20T03:35:39.6830461Z   duration_ms: 86.710954
test (18)	Coverage report (informational, not a gate)	2026-08-20T03:35:39.6831117Z   ...
test (18)	Coverage report (informational, not a gate)	2026-08-20T03:35:39.6832495Z # Subtest: --tag "" (bare empty-string value) matches nothing: whole-tag equality against the literal "" is not a filter no-op
test (18)	Coverage report (informational, not a gate)	2026-08-20T03:35:39.6834539Z ok 57 - --tag "" (bare empty-string value) matches nothing: whole-tag equality against the literal "" is not a filter no-op
test (18)	Coverage report (informational, not a gate)	2026-08-20T03:35:39.6835734Z   ---
test (18)	Coverage report (informational, not a gate)	2026-08-20T03:35:39.6836285Z   duration_ms: 42.896596
test (18)	Coverage report (informational, not a gate)	2026-08-20T03:35:39.6836917Z   ...
test (18)	Coverage report (informational, not a gate)	2026-08-20T03:35:39.8591896Z # Subtest: README Node support citation: cited git diff must be empty (or the check must skip on a missing precondition)
test (18)	Coverage report (informational, not a gate)	2026-08-20T03:35:39.8595547Z ok 58 - README Node support citation: cited git diff must be empty (or the check must skip on a missing precondition) # SKIP cited base commit 0c2ed40 is not reachable in this checkout (likely a shallow clone) -- cannot evaluate the README's Node support citation
test (18)	Coverage report (informational, not a gate)	2026-08-20T03:35:39.8597443Z   ---
test (18)	Coverage report (informational, not a gate)	2026-08-20T03:35:39.8597820Z   duration_ms: 15.993248
test (18)	Coverage report (informational, not a gate)	2026-08-20T03:35:39.8598237Z   ...
test (18)	Coverage report (informational, not a gate)	2026-08-20T03:35:39.8601215Z # Subtest: --list | true: exits quietly, zero stderr, no crash banner
test (18)	Coverage report (informational, not a gate)	2026-08-20T03:35:39.8602239Z ok 59 - --list | true: exits quietly, zero stderr, no crash banner
test (18)	Coverage report (informational, not a gate)	2026-08-20T03:35:39.8602887Z   ---
test (18)	Coverage report (informational, not a gate)	2026-08-20T03:35:39.8603246Z   duration_ms: 81.797135
test (18)	Coverage report (informational, not a gate)	2026-08-20T03:35:39.8603657Z   ...
test (18)	Coverage report (informational, not a gate)	2026-08-20T03:35:39.8604368Z # Subtest: | true (no --list, single aphorism): exits quietly, zero stderr
test (18)	Coverage report (informational, not a gate)	2026-08-20T03:35:39.8605423Z ok 60 - | true (no --list, single aphorism): exits quietly, zero stderr
test (18)	Coverage report (informational, not a gate)	2026-08-20T03:35:39.8606097Z   ---
test (18)	Coverage report (informational, not a gate)	2026-08-20T03:35:39.8606435Z   duration_ms: 60.947744
test (18)	Coverage report (informational, not a gate)	2026-08-20T03:35:39.8606796Z   ...
test (18)	Coverage report (informational, not a gate)	2026-08-20T03:35:39.8607793Z # Subtest: --list | head -0: exits quietly, zero stderr, no crash banner
test (18)	Coverage report (informational, not a gate)	2026-08-20T03:35:39.8608840Z ok 61 - --list | head -0: exits quietly, zero stderr, no crash banner
test (18)	Coverage report (informational, not a gate)	2026-08-20T03:35:39.8609499Z   ---
test (18)	Coverage report (informational, not a gate)	2026-08-20T03:35:39.8610109Z   duration_ms: 54.961658
test (18)	Coverage report (informational, not a gate)	2026-08-20T03:35:39.8610520Z   ...
test (18)	Coverage report (informational, not a gate)	2026-08-20T03:35:39.8611276Z # Subtest: --list | /nonexistent-cmd-xyz: no crash banner from the CLI itself
test (18)	Coverage report (informational, not a gate)	2026-08-20T03:35:39.8612417Z ok 62 - --list | /nonexistent-cmd-xyz: no crash banner from the CLI itself
test (18)	Coverage report (informational, not a gate)	2026-08-20T03:35:39.8613116Z   ---
test (18)	Coverage report (informational, not a gate)	2026-08-20T03:35:39.8613467Z   duration_ms: 67.709825
test (18)	Coverage report (informational, not a gate)	2026-08-20T03:35:39.8613871Z   ...
test (18)	Coverage report (informational, not a gate)	2026-08-20T03:35:39.8614735Z # Subtest: non-EPIPE stdout write failure: reported, not silent, not exit 1, no stack trace
test (18)	Coverage report (informational, not a gate)	2026-08-20T03:35:39.8616439Z ok 63 - non-EPIPE stdout write failure: reported, not silent, not exit 1, no stack trace
test (18)	Coverage report (informational, not a gate)	2026-08-20T03:35:39.8617239Z   ---
test (18)	Coverage report (informational, not a gate)	2026-08-20T03:35:39.8617601Z   duration_ms: 60.780986
test (18)	Coverage report (informational, not a gate)	2026-08-20T03:35:39.8618017Z   ...
test (18)	Coverage report (informational, not a gate)	2026-08-20T03:35:39.8618856Z # Subtest: usage error survives a closed stderr reader: still exits 2, not clobbered to 1
test (18)	Coverage report (informational, not a gate)	2026-08-20T03:35:39.8620490Z ok 64 - usage error survives a closed stderr reader: still exits 2, not clobbered to 1
test (18)	Coverage report (informational, not a gate)	2026-08-20T03:35:39.8621283Z   ---
test (18)	Coverage report (informational, not a gate)	2026-08-20T03:35:39.8621646Z   duration_ms: 141.459996
test (18)	Coverage report (informational, not a gate)	2026-08-20T03:35:39.8622061Z   ...
test (18)	Coverage report (informational, not a gate)	2026-08-20T03:35:39.8622933Z # Subtest: no-match exit code survives a closed stderr reader: still exits 1, not misreported
test (18)	Coverage report (informational, not a gate)	2026-08-20T03:35:39.8624277Z ok 65 - no-match exit code survives a closed stderr reader: still exits 1, not misreported
test (18)	Coverage report (informational, not a gate)	2026-08-20T03:35:39.8625092Z   ---
test (18)	Coverage report (informational, not a gate)	2026-08-20T03:35:39.8625449Z   duration_ms: 142.656067
test (18)	Coverage report (informational, not a gate)	2026-08-20T03:35:39.8625855Z   ...
test (18)	Coverage report (informational, not a gate)	2026-08-20T03:35:39.8626743Z # Subtest: non-EPIPE stderr write failure: not silent, not the earned exit code, no stack trace
test (18)	Coverage report (informational, not a gate)	2026-08-20T03:35:39.8628200Z ok 66 - non-EPIPE stderr write failure: not silent, not the earned exit code, no stack trace
test (18)	Coverage report (informational, not a gate)	2026-08-20T03:35:39.8629020Z   ---
test (18)	Coverage report (informational, not a gate)	2026-08-20T03:35:39.8629396Z   duration_ms: 43.506544
test (18)	Coverage report (informational, not a gate)	2026-08-20T03:35:39.8630074Z   ...
test (18)	Coverage report (informational, not a gate)	2026-08-20T03:35:39.8630696Z # Subtest: control: --list | head -1 stays completely clean
test (18)	Coverage report (informational, not a gate)	2026-08-20T03:35:39.8631553Z ok 67 - control: --list | head -1 stays completely clean
test (18)	Coverage report (informational, not a gate)	2026-08-20T03:35:39.8632124Z   ---
test (18)	Coverage report (informational, not a gate)	2026-08-20T03:35:39.8632489Z   duration_ms: 43.078191
test (18)	Coverage report (informational, not a gate)	2026-08-20T03:35:39.8632884Z   ...
test (18)	Coverage report (informational, not a gate)	2026-08-20T03:35:39.8633467Z # Subtest: control: --list | head -5 stays completely clean
test (18)	Coverage report (informational, not a gate)	2026-08-20T03:35:39.8634328Z ok 68 - control: --list | head -5 stays completely clean
test (18)	Coverage report (informational, not a gate)	2026-08-20T03:35:39.8634907Z   ---
test (18)	Coverage report (informational, not a gate)	2026-08-20T03:35:39.8635257Z   duration_ms: 44.160656
test (18)	Coverage report (informational, not a gate)	2026-08-20T03:35:39.8635661Z   ...
test (18)	Coverage report (informational, not a gate)	2026-08-20T03:35:39.8636249Z # Subtest: control: --list | sed 1q stays completely clean
test (18)	Coverage report (informational, not a gate)	2026-08-20T03:35:39.8637079Z ok 69 - control: --list | sed 1q stays completely clean
test (18)	Coverage report (informational, not a gate)	2026-08-20T03:35:39.8637954Z   ---
test (18)	Coverage report (informational, not a gate)	2026-08-20T03:35:39.8638314Z   duration_ms: 43.844159
test (18)	Coverage report (informational, not a gate)	2026-08-20T03:35:39.8638712Z   ...
test (18)	Coverage report (informational, not a gate)	2026-08-20T03:35:39.8639352Z # Subtest: control: --list | grep -q . stays completely clean
test (18)	Coverage report (informational, not a gate)	2026-08-20T03:35:39.8640480Z ok 70 - control: --list | grep -q . stays completely clean
test (18)	Coverage report (informational, not a gate)	2026-08-20T03:35:39.8641074Z   ---
test (18)	Coverage report (informational, not a gate)	2026-08-20T03:35:39.8641436Z   duration_ms: 43.694631
test (18)	Coverage report (informational, not a gate)	2026-08-20T03:35:39.8641844Z   ...
test (18)	Coverage report (informational, not a gate)	2026-08-20T03:35:39.8642462Z # Subtest: control: | wc -l stays completely clean
test (18)	Coverage report (informational, not a gate)	2026-08-20T03:35:39.8643230Z ok 71 - control: | wc -l stays completely clean
test (18)	Coverage report (informational, not a gate)	2026-08-20T03:35:39.8643770Z   ---
test (18)	Coverage report (informational, not a gate)	2026-08-20T03:35:39.8644130Z   duration_ms: 44.093941
test (18)	Coverage report (informational, not a gate)	2026-08-20T03:35:39.8644528Z   ...
test (18)	Coverage report (informational, not a gate)	2026-08-20T03:35:39.8645302Z # Subtest: control: --list --json | head -2 stays completely clean
test (18)	Coverage report (informational, not a gate)	2026-08-20T03:35:39.8646257Z ok 72 - control: --list --json | head -2 stays completely clean
test (18)	Coverage report (informational, not a gate)	2026-08-20T03:35:39.8646882Z   ---
test (18)	Coverage report (informational, not a gate)	2026-08-20T03:35:39.8647241Z   duration_ms: 44.124759
test (18)	Coverage report (informational, not a gate)	2026-08-20T03:35:39.8647661Z   ...
test (18)	Coverage report (informational, not a gate)	2026-08-20T03:35:39.8648371Z # Subtest: control: exit 1 / exit 2 stderr messages and codes are unchanged
test (18)	Coverage report (informational, not a gate)	2026-08-20T03:35:39.8649443Z ok 73 - control: exit 1 / exit 2 stderr messages and codes are unchanged
test (18)	Coverage report (informational, not a gate)	2026-08-20T03:35:39.8650374Z   ---
test (18)	Coverage report (informational, not a gate)	2026-08-20T03:35:39.8650742Z   duration_ms: 86.079945
test (18)	Coverage report (informational, not a gate)	2026-08-20T03:35:39.8651154Z   ...
test (18)	Coverage report (informational, not a gate)	2026-08-20T03:35:39.8651952Z # Subtest: control: a normal (non-full) stdout target still exits 0 with empty stderr
test (18)	Coverage report (informational, not a gate)	2026-08-20T03:35:39.8654056Z ok 74 - control: a normal (non-full) stdout target still exits 0 with empty stderr
test (18)	Coverage report (informational, not a gate)	2026-08-20T03:35:39.8654798Z   ---
test (18)	Coverage report (informational, not a gate)	2026-08-20T03:35:39.8655147Z   duration_ms: 87.362297
test (18)	Coverage report (informational, not a gate)	2026-08-20T03:35:39.8655538Z   ...
test (18)	Coverage report (informational, not a gate)	2026-08-20T03:35:39.8663597Z # Subtest: README tags must exist in corpus
test (18)	Coverage report (informational, not a gate)	2026-08-20T03:35:39.8664588Z ok 75 - README tags must exist in corpus
test (18)	Coverage report (informational, not a gate)	2026-08-20T03:35:39.8665423Z   ---
test (18)	Coverage report (informational, not a gate)	2026-08-20T03:35:39.8665994Z   duration_ms: 3.25756
test (18)	Coverage report (informational, not a gate)	2026-08-20T03:35:39.8666583Z   ...
test (18)	Coverage report (informational, not a gate)	2026-08-20T03:35:39.8667326Z # Subtest: README tag counts must match corpus
test (18)	Coverage report (informational, not a gate)	2026-08-20T03:35:39.8668501Z ok 76 - README tag counts must match corpus
test (18)	Coverage report (informational, not a gate)	2026-08-20T03:35:39.8669123Z   ---
test (18)	Coverage report (informational, not a gate)	2026-08-20T03:35:39.8669854Z   duration_ms: 0.747577
test (18)	Coverage report (informational, not a gate)	2026-08-20T03:35:39.8670489Z   ...
test (18)	Coverage report (informational, not a gate)	2026-08-20T03:35:39.8671304Z # Subtest: README must state total unique tags correctly
test (18)	Coverage report (informational, not a gate)	2026-08-20T03:35:39.8672360Z ok 77 - README must state total unique tags correctly
test (18)	Coverage report (informational, not a gate)	2026-08-20T03:35:39.8673155Z   ---
test (18)	Coverage report (informational, not a gate)	2026-08-20T03:35:39.8673727Z   duration_ms: 0.53174
test (18)	Coverage report (informational, not a gate)	2026-08-20T03:35:39.8674313Z   ...
test (18)	Coverage report (informational, not a gate)	2026-08-20T03:35:39.8675397Z # Subtest: README must correctly describe single-entry tag count
test (18)	Coverage report (informational, not a gate)	2026-08-20T03:35:39.8676374Z ok 78 - README must correctly describe single-entry tag count
test (18)	Coverage report (informational, not a gate)	2026-08-20T03:35:39.8677042Z   ---
test (18)	Coverage report (informational, not a gate)	2026-08-20T03:35:39.8677356Z   duration_ms: 0.512335
test (18)	Coverage report (informational, not a gate)	2026-08-20T03:35:39.8677585Z   ...
test (18)	Coverage report (informational, not a gate)	2026-08-20T03:35:39.8679022Z # Subtest: README must list all single-entry tags
test (18)	Coverage report (informational, not a gate)	2026-08-20T03:35:39.8680302Z ok 79 - README must list all single-entry tags
test (18)	Coverage report (informational, not a gate)	2026-08-20T03:35:39.8680927Z   ---
test (18)	Coverage report (informational, not a gate)	2026-08-20T03:35:39.8681186Z   duration_ms: 0.464625
test (18)	Coverage report (informational, not a gate)	2026-08-20T03:35:39.8681427Z   ...
test (18)	Coverage report (informational, not a gate)	2026-08-20T03:35:39.8683069Z # Subtest: README Tag vocabulary section carries a tag+entry sentence with a single-entry marker (token co-occurrence guard, not a meaning check)
test (18)	Coverage report (informational, not a gate)	2026-08-20T03:35:39.8685365Z ok 80 - README Tag vocabulary section carries a tag+entry sentence with a single-entry marker (token co-occurrence guard, not a meaning check)
test (18)	Coverage report (informational, not a gate)	2026-08-20T03:35:39.8686640Z   ---
test (18)	Coverage report (informational, not a gate)	2026-08-20T03:35:39.8687104Z   duration_ms: 2.898074
test (18)	Coverage report (informational, not a gate)	2026-08-20T03:35:39.8687684Z   ...
test (18)	Coverage report (informational, not a gate)	2026-08-20T03:35:39.8689126Z # Subtest: extractBandTablesFromReadme tolerates a prose sentence between a band heading and its table (T-025), without mis-attaching a table when the real one is missing
test (18)	Coverage report (informational, not a gate)	2026-08-20T03:35:39.8691028Z ok 81 - extractBandTablesFromReadme tolerates a prose sentence between a band heading and its table (T-025), without mis-attaching a table when the real one is missing
test (18)	Coverage report (informational, not a gate)	2026-08-20T03:35:39.8692328Z   ---
test (18)	Coverage report (informational, not a gate)	2026-08-20T03:35:39.8692638Z   duration_ms: 2.132022
test (18)	Coverage report (informational, not a gate)	2026-08-20T03:35:39.8693096Z   ...
test (18)	Coverage report (informational, not a gate)	2026-08-20T03:35:39.8694373Z # Subtest: extractBandTablesFromReadme does not let a band-shaped PROSE line steal a real heading's table (T-039)
test (18)	Coverage report (informational, not a gate)	2026-08-20T03:35:39.8695642Z ok 82 - extractBandTablesFromReadme does not let a band-shaped PROSE line steal a real heading's table (T-039)
test (18)	Coverage report (informational, not a gate)	2026-08-20T03:35:39.8696423Z   ---
test (18)	Coverage report (informational, not a gate)	2026-08-20T03:35:39.8696730Z   duration_ms: 0.262213
test (18)	Coverage report (informational, not a gate)	2026-08-20T03:35:39.8697114Z   ...
test (18)	Coverage report (informational, not a gate)	2026-08-20T03:35:39.8697941Z # Subtest: extractBandTablesFromReadme does not read a fenced example block as a second, real band table
test (18)	Coverage report (informational, not a gate)	2026-08-20T03:35:39.8699143Z ok 83 - extractBandTablesFromReadme does not read a fenced example block as a second, real band table
test (18)	Coverage report (informational, not a gate)	2026-08-20T03:35:39.8700087Z   ---
test (18)	Coverage report (informational, not a gate)	2026-08-20T03:35:39.8700385Z   duration_ms: 0.230674
test (18)	Coverage report (informational, not a gate)	2026-08-20T03:35:39.8700755Z   ...
test (18)	Coverage report (informational, not a gate)	2026-08-20T03:35:39.8702026Z # Subtest: extractBandTablesFromReadme's recognised bands account for every structural `| Tag | Count |` table -- a table under an unrecognised heading shape is a loud mismatch, not a silent miss
test (18)	Coverage report (informational, not a gate)	2026-08-20T03:35:39.8704114Z ok 84 - extractBandTablesFromReadme's recognised bands account for every structural `| Tag | Count |` table -- a table under an unrecognised heading shape is a loud mismatch, not a silent miss
test (18)	Coverage report (informational, not a gate)	2026-08-20T03:35:39.8705301Z   ---
test (18)	Coverage report (informational, not a gate)	2026-08-20T03:35:39.8705637Z   duration_ms: 0.430069
test (18)	Coverage report (informational, not a gate)	2026-08-20T03:35:39.8706018Z   ...
test (18)	Coverage report (informational, not a gate)	2026-08-20T03:35:39.8707079Z # Subtest: every `| Tag | Count |` table in the real README Tag vocabulary section is a recognised band table (no table may hide under an unrecognised heading shape)
test (18)	Coverage report (informational, not a gate)	2026-08-20T03:35:39.8708876Z ok 85 - every `| Tag | Count |` table in the real README Tag vocabulary section is a recognised band table (no table may hide under an unrecognised heading shape)
test (18)	Coverage report (informational, not a gate)	2026-08-20T03:35:39.8709861Z   ---
test (18)	Coverage report (informational, not a gate)	2026-08-20T03:35:39.8710067Z   duration_ms: 0.846863
test (18)	Coverage report (informational, not a gate)	2026-08-20T03:35:39.8710281Z   ...
test (18)	Coverage report (informational, not a gate)	2026-08-20T03:35:39.8711035Z # Subtest: every band table in README Tag vocabulary contains exactly the corpus tags whose count fits that band
test (18)	Coverage report (informational, not a gate)	2026-08-20T03:35:39.8712434Z ok 86 - every band table in README Tag vocabulary contains exactly the corpus tags whose count fits that band
test (18)	Coverage report (informational, not a gate)	2026-08-20T03:35:39.8712940Z   ---
test (18)	Coverage report (informational, not a gate)	2026-08-20T03:35:39.8713130Z   duration_ms: 0.590041
test (18)	Coverage report (informational, not a gate)	2026-08-20T03:35:39.8713341Z   ...
test (18)	Coverage report (informational, not a gate)	2026-08-20T03:35:39.8713964Z # Subtest: every corpus tag appearing on 2+ entries must have a row in some band table (no band table may be deleted wholesale) (T-019)
test (18)	Coverage report (informational, not a gate)	2026-08-20T03:35:39.8715105Z ok 87 - every corpus tag appearing on 2+ entries must have a row in some band table (no band table may be deleted wholesale) (T-019)
test (18)	Coverage report (informational, not a gate)	2026-08-20T03:35:39.8715734Z   ---
test (18)	Coverage report (informational, not a gate)	2026-08-20T03:35:39.8716187Z   duration_ms: 0.476687
test (18)	Coverage report (informational, not a gate)	2026-08-20T03:35:39.8716510Z   ...
test (18)	Coverage report (informational, not a gate)	2026-08-20T03:35:39.8717349Z # Subtest: extractBandTablesFromReadme derives a band's row count purely from its table, ignoring decoy "N tags" phrases in the heading line (T-024b)
test (18)	Coverage report (informational, not a gate)	2026-08-20T03:35:39.8718638Z ok 88 - extractBandTablesFromReadme derives a band's row count purely from its table, ignoring decoy "N tags" phrases in the heading line (T-024b)
test (18)	Coverage report (informational, not a gate)	2026-08-20T03:35:39.8719351Z   ---
test (18)	Coverage report (informational, not a gate)	2026-08-20T03:35:39.8720148Z   duration_ms: 0.262834
test (18)	Coverage report (informational, not a gate)	2026-08-20T03:35:39.8720536Z   ...
test (18)	Coverage report (informational, not a gate)	2026-08-20T03:35:39.8721097Z # Subtest: README opening sentence must state correct multi-entry and single-entry tag counts
test (18)	Coverage report (informational, not a gate)	2026-08-20T03:35:39.8784095Z ok 89 - README opening sentence must state correct multi-entry and single-entry tag counts
test (18)	Coverage report (informational, not a gate)	2026-08-20T03:35:39.8784957Z   ---
test (18)	Coverage report (informational, not a gate)	2026-08-20T03:35:39.8785304Z   duration_ms: 0.71728
test (18)	Coverage report (informational, not a gate)	2026-08-20T03:35:39.8785672Z   ...
test (18)	Coverage report (informational, not a gate)	2026-08-20T03:35:39.8786530Z # Subtest: README Tag vocabulary section must contain no unrecognised count-claim digits (J-5)
test (18)	Coverage report (informational, not a gate)	2026-08-20T03:35:39.8787927Z ok 90 - README Tag vocabulary section must contain no unrecognised count-claim digits (J-5)
test (18)	Coverage report (informational, not a gate)	2026-08-20T03:35:39.8788724Z   ---
test (18)	Coverage report (informational, not a gate)	2026-08-20T03:35:39.8789061Z   duration_ms: 1.646339
test (18)	Coverage report (informational, not a gate)	2026-08-20T03:35:39.8789440Z   ...
test (18)	Coverage report (informational, not a gate)	2026-08-20T03:35:39.8792222Z # Subtest: README Attribution table "Entries ranked" count must match corpus.length and the triage doc (C1)
test (18)	Coverage report (informational, not a gate)	2026-08-20T03:35:39.8793785Z ok 91 - README Attribution table "Entries ranked" count must match corpus.length and the triage doc (C1)
test (18)	Coverage report (informational, not a gate)	2026-08-20T03:35:39.8795016Z   ---
test (18)	Coverage report (informational, not a gate)	2026-08-20T03:35:39.8795345Z   duration_ms: 2.128846
test (18)	Coverage report (informational, not a gate)	2026-08-20T03:35:39.8795709Z   ...
test (18)	Coverage report (informational, not a gate)	2026-08-20T03:35:39.8796553Z # Subtest: README Attribution table "Rated HIGH risk" count must match the triage doc table (C2)
test (18)	Coverage report (informational, not a gate)	2026-08-20T03:35:39.8798068Z ok 92 - README Attribution table "Rated HIGH risk" count must match the triage doc table (C2)
test (18)	Coverage report (informational, not a gate)	2026-08-20T03:35:39.8798839Z   ---
test (18)	Coverage report (informational, not a gate)	2026-08-20T03:35:39.8799172Z   duration_ms: 0.718532
test (18)	Coverage report (informational, not a gate)	2026-08-20T03:35:39.8800466Z   ...
test (18)	Coverage report (informational, not a gate)	2026-08-20T03:35:39.8801358Z # Subtest: README Attribution section must contain no digit runs outside the counts table (C7)
test (18)	Coverage report (informational, not a gate)	2026-08-20T03:35:39.8802677Z ok 93 - README Attribution section must contain no digit runs outside the counts table (C7)
test (18)	Coverage report (informational, not a gate)	2026-08-20T03:35:39.8803461Z   ---
test (18)	Coverage report (informational, not a gate)	2026-08-20T03:35:39.8803788Z   duration_ms: 0.577407
test (18)	Coverage report (informational, not a gate)	2026-08-20T03:35:39.8804158Z   ...
test (18)	Coverage report (informational, not a gate)	2026-08-20T03:35:39.8804768Z # Subtest: README Layout section paths must exist on disk (C6)
test (18)	Coverage report (informational, not a gate)	2026-08-20T03:35:39.8805662Z ok 94 - README Layout section paths must exist on disk (C6)
test (18)	Coverage report (informational, not a gate)	2026-08-20T03:35:39.8806228Z   ---
test (18)	Coverage report (informational, not a gate)	2026-08-20T03:35:39.8806549Z   duration_ms: 0.905884
test (18)	Coverage report (informational, not a gate)	2026-08-20T03:35:39.8806916Z   ...
test (18)	Coverage report (informational, not a gate)	2026-08-20T03:35:39.8807920Z # Subtest: getListBehaviourSection tolerates a reformatted "--list behaviour" heading with no backticks (T-021)
test (18)	Coverage report (informational, not a gate)	2026-08-20T03:35:39.8809781Z ok 95 - getListBehaviourSection tolerates a reformatted "--list behaviour" heading with no backticks (T-021)
test (18)	Coverage report (informational, not a gate)	2026-08-20T03:35:39.8810723Z   ---
test (18)	Coverage report (informational, not a gate)	2026-08-20T03:35:39.8811045Z   duration_ms: 1.537794
test (18)	Coverage report (informational, not a gate)	2026-08-20T03:35:39.8811404Z   ...
test (18)	Coverage report (informational, not a gate)	2026-08-20T03:35:39.8812790Z # Subtest: getListBehaviourSection still fails on a SEPARATOR MISMATCH (not a heading-parse error) when a reformatted heading's literal is mutated (T-021)
test (18)	Coverage report (informational, not a gate)	2026-08-20T03:35:39.8815061Z ok 96 - getListBehaviourSection still fails on a SEPARATOR MISMATCH (not a heading-parse error) when a reformatted heading's literal is mutated (T-021)
test (18)	Coverage report (informational, not a gate)	2026-08-20T03:35:39.8816468Z   ---
test (18)	Coverage report (informational, not a gate)	2026-08-20T03:35:39.8816791Z   duration_ms: 0.505471
test (18)	Coverage report (informational, not a gate)	2026-08-20T03:35:39.8817169Z   ...
test (18)	Coverage report (informational, not a gate)	2026-08-20T03:35:39.8818267Z # Subtest: getListBehaviourSection reports ambiguity loudly instead of taking the first of two qualifying headings (T-021)
test (18)	Coverage report (informational, not a gate)	2026-08-20T03:35:39.8820326Z ok 97 - getListBehaviourSection reports ambiguity loudly instead of taking the first of two qualifying headings (T-021)
test (18)	Coverage report (informational, not a gate)	2026-08-20T03:35:39.8821360Z   ---
test (18)	Coverage report (informational, not a gate)	2026-08-20T03:35:39.8821716Z   duration_ms: 1.705991
test (18)	Coverage report (informational, not a gate)	2026-08-20T03:35:39.8822102Z   ...
test (18)	Coverage report (informational, not a gate)	2026-08-20T03:35:39.8823075Z # Subtest: getListBehaviourSection does not let "--list-only" satisfy the standalone `--list` token (T-021)
test (18)	Coverage report (informational, not a gate)	2026-08-20T03:35:39.8824604Z ok 98 - getListBehaviourSection does not let "--list-only" satisfy the standalone `--list` token (T-021)
test (18)	Coverage report (informational, not a gate)	2026-08-20T03:35:39.8825467Z   ---
test (18)	Coverage report (informational, not a gate)	2026-08-20T03:35:39.8825797Z   duration_ms: 0.471297
test (18)	Coverage report (informational, not a gate)	2026-08-20T03:35:39.8826157Z   ...
test (18)	Coverage report (informational, not a gate)	2026-08-20T03:35:39.8827105Z # Subtest: getListBehaviourSection tolerates the American spelling "behavior" in the heading (T-027)
test (18)	Coverage report (informational, not a gate)	2026-08-20T03:35:39.8828581Z ok 99 - getListBehaviourSection tolerates the American spelling "behavior" in the heading (T-027)
test (18)	Coverage report (informational, not a gate)	2026-08-20T03:35:39.8829407Z   ---
test (18)	Coverage report (informational, not a gate)	2026-08-20T03:35:39.8829959Z   duration_ms: 0.188545
test (18)	Coverage report (informational, not a gate)	2026-08-20T03:35:39.8830328Z   ...
test (18)	Coverage report (informational, not a gate)	2026-08-20T03:35:39.8831570Z # Subtest: getListBehaviourSection still fails on a SEPARATOR MISMATCH (not a heading-parse error) under an American-spelled heading (T-027)
test (18)	Coverage report (informational, not a gate)	2026-08-20T03:35:39.8833631Z ok 100 - getListBehaviourSection still fails on a SEPARATOR MISMATCH (not a heading-parse error) under an American-spelled heading (T-027)
test (18)	Coverage report (informational, not a gate)	2026-08-20T03:35:39.8834744Z   ---
test (18)	Coverage report (informational, not a gate)	2026-08-20T03:35:39.8835086Z   duration_ms: 0.248587
test (18)	Coverage report (informational, not a gate)	2026-08-20T03:35:39.8835454Z   ...
test (18)	Coverage report (informational, not a gate)	2026-08-20T03:35:39.8836336Z # Subtest: README `--list` format literal matches the shipped binary's actual --list output (T-017)
test (18)	Coverage report (informational, not a gate)	2026-08-20T03:35:39.8837689Z ok 101 - README `--list` format literal matches the shipped binary's actual --list output (T-017)
test (18)	Coverage report (informational, not a gate)	2026-08-20T03:35:39.8838742Z   ---
test (18)	Coverage report (informational, not a gate)	2026-08-20T03:35:39.8839072Z   duration_ms: 58.695845
test (18)	Coverage report (informational, not a gate)	2026-08-20T03:35:39.8839469Z   ...
test (18)	Coverage report (informational, not a gate)	2026-08-20T03:35:39.8840667Z # Subtest: README `--author` matching section must state the correct count of distinct corpus authors (Q-8)
test (18)	Coverage report (informational, not a gate)	2026-08-20T03:35:39.8842188Z ok 102 - README `--author` matching section must state the correct count of distinct corpus authors (Q-8)
test (18)	Coverage report (informational, not a gate)	2026-08-20T03:35:39.8843056Z   ---
test (18)	Coverage report (informational, not a gate)	2026-08-20T03:35:39.8843399Z   duration_ms: 0.642529
test (18)	Coverage report (informational, not a gate)	2026-08-20T03:35:39.8843777Z   ...
test (18)	Coverage report (informational, not a gate)	2026-08-20T03:35:39.8844231Z # Subtest: corpus has at least 40 entries
test (18)	Coverage report (informational, not a gate)	2026-08-20T03:35:39.8844842Z ok 103 - corpus has at least 40 entries
test (18)	Coverage report (informational, not a gate)	2026-08-20T03:35:39.8845301Z   ---
test (18)	Coverage report (informational, not a gate)	2026-08-20T03:35:39.8845637Z   duration_ms: 3.624912
test (18)	Coverage report (informational, not a gate)	2026-08-20T03:35:39.8846004Z   ...
test (18)	Coverage report (informational, not a gate)	2026-08-20T03:35:39.8846783Z # Subtest: every corpus entry has non-empty text, non-empty author, and an array of tags
test (18)	Coverage report (informational, not a gate)	2026-08-20T03:35:39.8847982Z ok 104 - every corpus entry has non-empty text, non-empty author, and an array of tags
test (18)	Coverage report (informational, not a gate)	2026-08-20T03:35:39.8848718Z   ---
test (18)	Coverage report (informational, not a gate)	2026-08-20T03:35:39.8849043Z   duration_ms: 0.534806
test (18)	Coverage report (informational, not a gate)	2026-08-20T03:35:39.8849406Z   ...
test (18)	Coverage report (informational, not a gate)	2026-08-20T03:35:39.8850141Z # Subtest: filter: author match is case-insensitive
test (18)	Coverage report (informational, not a gate)	2026-08-20T03:35:39.8850845Z ok 105 - filter: author match is case-insensitive
test (18)	Coverage report (informational, not a gate)	2026-08-20T03:35:39.8851367Z   ---
test (18)	Coverage report (informational, not a gate)	2026-08-20T03:35:39.8851691Z   duration_ms: 1.313301
test (18)	Coverage report (informational, not a gate)	2026-08-20T03:35:39.8852055Z   ...
test (18)	Coverage report (informational, not a gate)	2026-08-20T03:35:39.8852540Z # Subtest: filter: tag match is case-insensitive
test (18)	Coverage report (informational, not a gate)	2026-08-20T03:35:39.8853213Z ok 106 - filter: tag match is case-insensitive
test (18)	Coverage report (informational, not a gate)	2026-08-20T03:35:39.8853705Z   ---
test (18)	Coverage report (informational, not a gate)	2026-08-20T03:35:39.8854029Z   duration_ms: 0.446039
test (18)	Coverage report (informational, not a gate)	2026-08-20T03:35:39.8854403Z   ...
test (18)	Coverage report (informational, not a gate)	2026-08-20T03:35:39.8855091Z # Subtest: filter: author and tag together narrow to the intersection (AND)
test (18)	Coverage report (informational, not a gate)	2026-08-20T03:35:39.8856124Z ok 107 - filter: author and tag together narrow to the intersection (AND)
test (18)	Coverage report (informational, not a gate)	2026-08-20T03:35:39.8856774Z   ---
test (18)	Coverage report (informational, not a gate)	2026-08-20T03:35:39.8857096Z   duration_ms: 0.500402
test (18)	Coverage report (informational, not a gate)	2026-08-20T03:35:39.8857703Z   ...
test (18)	Coverage report (informational, not a gate)	2026-08-20T03:35:39.8858264Z # Subtest: filter: undefined/absent options do not filter
test (18)	Coverage report (informational, not a gate)	2026-08-20T03:35:39.8859059Z ok 108 - filter: undefined/absent options do not filter
test (18)	Coverage report (informational, not a gate)	2026-08-20T03:35:39.8859909Z   ---
test (18)	Coverage report (informational, not a gate)	2026-08-20T03:35:39.8860254Z   duration_ms: 0.269447
test (18)	Coverage report (informational, not a gate)	2026-08-20T03:35:39.8860623Z   ...
test (18)	Coverage report (informational, not a gate)	2026-08-20T03:35:39.8861350Z # Subtest: pick: same seed over the same candidates always returns the same element
test (18)	Coverage report (informational, not a gate)	2026-08-20T03:35:39.8862452Z ok 109 - pick: same seed over the same candidates always returns the same element
test (18)	Coverage report (informational, not a gate)	2026-08-20T03:35:39.8863136Z   ---
test (18)	Coverage report (informational, not a gate)	2026-08-20T03:35:39.8863463Z   duration_ms: 0.535939
test (18)	Coverage report (informational, not a gate)	2026-08-20T03:35:39.8863826Z   ...
test (18)	Coverage report (informational, not a gate)	2026-08-20T03:35:39.8864453Z # Subtest: pick: different seeds generally produce different results
test (18)	Coverage report (informational, not a gate)	2026-08-20T03:35:39.8865401Z ok 110 - pick: different seeds generally produce different results
test (18)	Coverage report (informational, not a gate)	2026-08-20T03:35:39.8866012Z   ---
test (18)	Coverage report (informational, not a gate)	2026-08-20T03:35:39.8866343Z   duration_ms: 0.365949
test (18)	Coverage report (informational, not a gate)	2026-08-20T03:35:39.8866717Z   ...
test (18)	Coverage report (informational, not a gate)	2026-08-20T03:35:39.8867346Z # Subtest: pick: undefined seed picks a valid member (random mode)
test (18)	Coverage report (informational, not a gate)	2026-08-20T03:35:39.8868286Z ok 111 - pick: undefined seed picks a valid member (random mode)
test (18)	Coverage report (informational, not a gate)	2026-08-20T03:35:39.8868886Z   ---
test (18)	Coverage report (informational, not a gate)	2026-08-20T03:35:39.8869218Z   duration_ms: 0.177344
test (18)	Coverage report (informational, not a gate)	2026-08-20T03:35:39.8869825Z   ...
test (18)	Coverage report (informational, not a gate)	2026-08-20T03:35:39.8870548Z # Subtest: pick: null seed also triggers random mode and returns a valid member
test (18)	Coverage report (informational, not a gate)	2026-08-20T03:35:39.8871173Z ok 112 - pick: null seed also triggers random mode and returns a valid member
test (18)	Coverage report (informational, not a gate)	2026-08-20T03:35:39.8871552Z   ---
test (18)	Coverage report (informational, not a gate)	2026-08-20T03:35:39.8871749Z   duration_ms: 0.195699
test (18)	Coverage report (informational, not a gate)	2026-08-20T03:35:39.8872153Z   ...
test (18)	Coverage report (informational, not a gate)	2026-08-20T03:35:39.8872674Z # Subtest: pick: throws RangeError on empty candidates array
test (18)	Coverage report (informational, not a gate)	2026-08-20T03:35:39.8873388Z ok 113 - pick: throws RangeError on empty candidates array
test (18)	Coverage report (informational, not a gate)	2026-08-20T03:35:39.8873869Z   ---
test (18)	Coverage report (informational, not a gate)	2026-08-20T03:35:39.8874154Z   duration_ms: 0.690159
test (18)	Coverage report (informational, not a gate)	2026-08-20T03:35:39.8874468Z   ...
test (18)	Coverage report (informational, not a gate)	2026-08-20T03:35:39.8875123Z # Subtest: pick: Infinity seed is deterministic and returns a valid member
test (18)	Coverage report (informational, not a gate)	2026-08-20T03:35:39.8876092Z ok 114 - pick: Infinity seed is deterministic and returns a valid member
test (18)	Coverage report (informational, not a gate)	2026-08-20T03:35:39.8877244Z   ---
test (18)	Coverage report (informational, not a gate)	2026-08-20T03:35:39.8877570Z   duration_ms: 0.265118
test (18)	Coverage report (informational, not a gate)	2026-08-20T03:35:39.8877934Z   ...
test (18)	Coverage report (informational, not a gate)	2026-08-20T03:35:39.8878611Z # Subtest: pick: -Infinity seed is deterministic and returns a valid member
test (18)	Coverage report (informational, not a gate)	2026-08-20T03:35:39.8879497Z ok 115 - pick: -Infinity seed is deterministic and returns a valid member
test (18)	Coverage report (informational, not a gate)	2026-08-20T03:35:39.8880307Z   ---
test (18)	Coverage report (informational, not a gate)	2026-08-20T03:35:39.8880712Z   duration_ms: 1.303804
test (18)	Coverage report (informational, not a gate)	2026-08-20T03:35:39.8880941Z   ...
test (18)	Coverage report (informational, not a gate)	2026-08-20T03:35:39.8881593Z # Subtest: pick: NaN seed still uses the random branch and returns a valid member
test (18)	Coverage report (informational, not a gate)	2026-08-20T03:35:39.8882193Z ok 116 - pick: NaN seed still uses the random branch and returns a valid member
test (18)	Coverage report (informational, not a gate)	2026-08-20T03:35:39.8882575Z   ---
test (18)	Coverage report (informational, not a gate)	2026-08-20T03:35:39.8882763Z   duration_ms: 0.173767
test (18)	Coverage report (informational, not a gate)	2026-08-20T03:35:39.8882976Z   ...
test (18)	Coverage report (informational, not a gate)	2026-08-20T03:35:39.8883374Z # Subtest: pick: finite seed determinism is unchanged by the non-finite-seed fix
test (18)	Coverage report (informational, not a gate)	2026-08-20T03:35:39.8884014Z ok 117 - pick: finite seed determinism is unchanged by the non-finite-seed fix
test (18)	Coverage report (informational, not a gate)	2026-08-20T03:35:39.8884396Z   ---
test (18)	Coverage report (informational, not a gate)	2026-08-20T03:35:39.8884619Z   duration_ms: 0.240021
test (18)	Coverage report (informational, not a gate)	2026-08-20T03:35:39.8884861Z   ...
test (18)	Coverage report (informational, not a gate)	2026-08-20T03:35:39.8885196Z # Subtest: pick: every candidate is REACHABLE by an unseeded draw
test (18)	Coverage report (informational, not a gate)	2026-08-20T03:35:39.8885668Z ok 118 - pick: every candidate is REACHABLE by an unseeded draw
test (18)	Coverage report (informational, not a gate)	2026-08-20T03:35:39.8886018Z   ---
test (18)	Coverage report (informational, not a gate)	2026-08-20T03:35:39.8886214Z   duration_ms: 3.564167
test (18)	Coverage report (informational, not a gate)	2026-08-20T03:35:39.8886422Z   ...
test (18)	Coverage report (informational, not a gate)	2026-08-20T03:35:39.8886849Z # Subtest: pick: unseeded draws split the interval EQUALLY across candidates (uniform)
test (18)	Coverage report (informational, not a gate)	2026-08-20T03:35:39.8887484Z ok 119 - pick: unseeded draws split the interval EQUALLY across candidates (uniform)
test (18)	Coverage report (informational, not a gate)	2026-08-20T03:35:39.8887872Z   ---
test (18)	Coverage report (informational, not a gate)	2026-08-20T03:35:39.8888061Z   duration_ms: 2.124639
test (18)	Coverage report (informational, not a gate)	2026-08-20T03:35:39.8888282Z   ...
test (18)	Coverage report (informational, not a gate)	2026-08-20T03:35:39.8888720Z # Subtest: pick: single-element candidates always returns that element regardless of seed
test (18)	Coverage report (informational, not a gate)	2026-08-20T03:35:39.8889387Z ok 120 - pick: single-element candidates always returns that element regardless of seed
test (18)	Coverage report (informational, not a gate)	2026-08-20T03:35:39.8890544Z   ---
test (18)	Coverage report (informational, not a gate)	2026-08-20T03:35:39.8890745Z   duration_ms: 0.181752
test (18)	Coverage report (informational, not a gate)	2026-08-20T03:35:39.8890965Z   ...
test (18)	Coverage report (informational, not a gate)	2026-08-20T03:35:39.8891146Z 1..120
test (18)	Coverage report (informational, not a gate)	2026-08-20T03:35:39.8891330Z # tests 120
test (18)	Coverage report (informational, not a gate)	2026-08-20T03:35:39.8891518Z # suites 0
test (18)	Coverage report (informational, not a gate)	2026-08-20T03:35:39.8891704Z # pass 119
test (18)	Coverage report (informational, not a gate)	2026-08-20T03:35:39.8891885Z # fail 0
test (18)	Coverage report (informational, not a gate)	2026-08-20T03:35:39.8892066Z # cancelled 0
test (18)	Coverage report (informational, not a gate)	2026-08-20T03:35:39.8892261Z # skipped 1
test (18)	Coverage report (informational, not a gate)	2026-08-20T03:35:39.8892457Z # todo 0
test (18)	Coverage report (informational, not a gate)	2026-08-20T03:35:39.8892669Z # duration_ms 4411.765625
test (18)	Coverage report (informational, not a gate)	2026-08-20T03:35:39.8892922Z # start of coverage report
test (18)	Coverage report (informational, not a gate)	2026-08-20T03:35:39.8893263Z # file | line % | branch % | funcs % | uncovered lines
test (18)	Coverage report (informational, not a gate)	2026-08-20T03:35:39.8893644Z # bin/aphorism.js | 100.00 | 85.71 | 100.00 | 
test (18)	Coverage report (informational, not a gate)	2026-08-20T03:35:39.8893985Z # src/args.js | 100.00 | 100.00 | 100.00 | 
test (18)	Coverage report (informational, not a gate)	2026-08-20T03:35:39.8894324Z # src/corpus.js | 100.00 | 100.00 | 100.00 | 
test (18)	Coverage report (informational, not a gate)	2026-08-20T03:35:39.8894661Z # src/select.js | 100.00 | 100.00 | 100.00 | 
test (18)	Coverage report (informational, not a gate)	2026-08-20T03:35:39.8895016Z # test/args.test.js | 100.00 | 100.00 | 100.00 | 
test (18)	Coverage report (informational, not a gate)	2026-08-20T03:35:39.8895383Z # test/cli.test.js | 100.00 | 100.00 | 100.00 | 
test (18)	Coverage report (informational, not a gate)	2026-08-20T03:35:39.8896281Z # test/node-support-citation.test.js | 77.62 | 44.44 | 100.00 | 84, 85, 86, 95, 96, 97, 116, 117, 118, 119, 120, 121, 122, 123, 124, 125, 127, 128, 129, 130, 131, 132, 133, 134, 135, 136, 137, 138, 139, 140, 141, 142
test (18)	Coverage report (informational, not a gate)	2026-08-20T03:35:39.8897122Z # test/pipe.test.js | 96.73 | 83.33 | 100.00 | 50, 51, 89, 90, 91, 163, 164, 165
test (18)	Coverage report (informational, not a gate)	2026-08-20T03:35:39.8898074Z # test/readme-tags.test.js | 98.71 | 86.81 | 96.15 | 125, 126, 146, 147, 156, 157, 531, 532, 534, 535, 549, 550, 551, 552, 1324, 1325, 1674, 1675, 1874, 1875, 1876, 1877, 1878, 1879, 1880, 1881, 1882, 1883, 1884
test (18)	Coverage report (informational, not a gate)	2026-08-20T03:35:39.8898817Z # test/select.test.js | 100.00 | 97.92 | 100.00 | 
test (18)	Coverage report (informational, not a gate)	2026-08-20T03:35:39.8899154Z # all files | 98.39 | 91.53 | 98.63 |
test (18)	Coverage report (informational, not a gate)	2026-08-20T03:35:39.8899432Z # end of coverage report
test (18)	Post Run actions/setup-node@v4	﻿2026-08-20T03:35:39.9103437Z Node 20 is being deprecated. This workflow is running with Node 24 by default. If you need to temporarily use Node 20, you can set the ACTIONS_ALLOW_USE_UNSECURE_NODE_VERSION=true environment variable. For more information see: https://github.blog/changelog/2025-09-19-deprecation-of-node-20-on-github-actions-runners/
test (18)	Post Run actions/setup-node@v4	2026-08-20T03:35:39.9104887Z Post job cleanup.
test (18)	Post Run actions/setup-node@v4	2026-08-20T03:35:40.0344837Z (node:4198) [DEP0040] DeprecationWarning: The `punycode` module is deprecated. Please use a userland alternative instead.
test (18)	Post Run actions/setup-node@v4	2026-08-20T03:35:40.0345790Z (Use `node --trace-deprecation ...` to show where the warning was created)
test (18)	Post Run actions/checkout@v4	﻿2026-08-20T03:35:40.0591420Z Node 20 is being deprecated. This workflow is running with Node 24 by default. If you need to temporarily use Node 20, you can set the ACTIONS_ALLOW_USE_UNSECURE_NODE_VERSION=true environment variable. For more information see: https://github.blog/changelog/2025-09-19-deprecation-of-node-20-on-github-actions-runners/
test (18)	Post Run actions/checkout@v4	2026-08-20T03:35:40.0593647Z Post job cleanup.
test (18)	Post Run actions/checkout@v4	2026-08-20T03:35:40.1518745Z [command]/usr/bin/git version
test (18)	Post Run actions/checkout@v4	2026-08-20T03:35:40.1564215Z git version 2.55.0
test (18)	Post Run actions/checkout@v4	2026-08-20T03:35:40.1610431Z Temporarily overriding HOME='/home/runner/work/_temp/07192ca0-2269-4e8e-b1cc-7bd87b26df95' before making global git config changes
test (18)	Post Run actions/checkout@v4	2026-08-20T03:35:40.1611409Z Adding repository directory to the temporary git global config as a safe directory
test (18)	Post Run actions/checkout@v4	2026-08-20T03:35:40.1618582Z [command]/usr/bin/git config --global --add safe.directory /home/runner/work/aphorism-cli/aphorism-cli
test (18)	Post Run actions/checkout@v4	2026-08-20T03:35:40.1660093Z [command]/usr/bin/git config --local --name-only --get-regexp core\.sshCommand
test (18)	Post Run actions/checkout@v4	2026-08-20T03:35:40.1697530Z [command]/usr/bin/git submodule foreach --recursive sh -c "git config --local --name-only --get-regexp 'core\.sshCommand' && git config --local --unset-all 'core.sshCommand' || :"
test (18)	Post Run actions/checkout@v4	2026-08-20T03:35:40.1966623Z [command]/usr/bin/git config --local --name-only --get-regexp http\.https\:\/\/github\.com\/\.extraheader
test (18)	Post Run actions/checkout@v4	2026-08-20T03:35:40.1992982Z http.https://github.com/.extraheader
test (18)	Post Run actions/checkout@v4	2026-08-20T03:35:40.2004937Z [command]/usr/bin/git config --local --unset-all http.https://github.com/.extraheader
test (18)	Post Run actions/checkout@v4	2026-08-20T03:35:40.2046747Z [command]/usr/bin/git submodule foreach --recursive sh -c "git config --local --name-only --get-regexp 'http\.https\:\/\/github\.com\/\.extraheader' && git config --local --unset-all 'http.https://github.com/.extraheader' || :"
test (18)	Post Run actions/checkout@v4	2026-08-20T03:35:40.2311463Z [command]/usr/bin/git config --local --name-only --get-regexp ^includeIf\.gitdir:
test (18)	Post Run actions/checkout@v4	2026-08-20T03:35:40.2351077Z [command]/usr/bin/git submodule foreach --recursive git config --local --show-origin --name-only --get-regexp remote.origin.url
test (18)	Complete job	﻿2026-08-20T03:35:40.2754263Z Cleaning up orphan processes
test (18)	Complete job	2026-08-20T03:35:40.3057935Z ##[warning]Node.js 20 is deprecated. The following actions target Node.js 20 but are being forced to run on Node.js 24: actions/checkout@v4, actions/setup-node@v4. For more information see: https://github.blog/changelog/2025-09-19-deprecation-of-node-20-on-github-actions-runners/
test (20)	Set up job	﻿2026-08-20T03:35:25.7786359Z Current runner version: '2.336.0'
test (20)	Set up job	2026-08-20T03:35:25.7807946Z ##[group]Runner Image Provisioner
test (20)	Set up job	2026-08-20T03:35:25.7809125Z Hosted Compute Agent
test (20)	Set up job	2026-08-20T03:35:25.7809752Z Version: 20260729.566
test (20)	Set up job	2026-08-20T03:35:25.7810624Z Commit: cf7153fe6e25b664e8693c24944bf2b00355d109
test (20)	Set up job	2026-08-20T03:35:25.7811488Z Build Date: 2026-07-29T19:17:02Z
test (20)	Set up job	2026-08-20T03:35:25.7812348Z Worker ID: {3d420b80-1ea5-4052-b6ac-1b4ce84eae1c}
test (20)	Set up job	2026-08-20T03:35:25.7813217Z Azure Region: eastus
test (20)	Set up job	2026-08-20T03:35:25.7813943Z ##[endgroup]
test (20)	Set up job	2026-08-20T03:35:25.7815666Z ##[group]Operating System
test (20)	Set up job	2026-08-20T03:35:25.7816427Z Ubuntu
test (20)	Set up job	2026-08-20T03:35:25.7817077Z 24.04.4
test (20)	Set up job	2026-08-20T03:35:25.7817711Z LTS
test (20)	Set up job	2026-08-20T03:35:25.7818542Z ##[endgroup]
test (20)	Set up job	2026-08-20T03:35:25.7819356Z ##[group]Runner Image
test (20)	Set up job	2026-08-20T03:35:25.7820081Z Image: ubuntu-24.04
test (20)	Set up job	2026-08-20T03:35:25.7820730Z Version: 20260810.271.1
test (20)	Set up job	2026-08-20T03:35:25.7822190Z Included Software: https://github.com/actions/runner-images/blob/ubuntu24/20260810.271/images/ubuntu/Ubuntu2404-Readme.md
test (20)	Set up job	2026-08-20T03:35:25.7824744Z Image Release: https://github.com/actions/runner-images/releases/tag/ubuntu24%2F20260810.271
test (20)	Set up job	2026-08-20T03:35:25.7825966Z ##[endgroup]
test (20)	Set up job	2026-08-20T03:35:25.7827490Z ##[group]GITHUB_TOKEN Permissions
test (20)	Set up job	2026-08-20T03:35:25.7829878Z Contents: read
test (20)	Set up job	2026-08-20T03:35:25.7830761Z Metadata: read
test (20)	Set up job	2026-08-20T03:35:25.7831463Z Packages: read
test (20)	Set up job	2026-08-20T03:35:25.7832124Z ##[endgroup]
test (20)	Set up job	2026-08-20T03:35:25.7834425Z Secret source: Actions
test (20)	Set up job	2026-08-20T03:35:25.7835686Z Prepare workflow directory
test (20)	Set up job	2026-08-20T03:35:25.8192977Z Prepare all required actions
test (20)	Set up job	2026-08-20T03:35:25.8246690Z Getting action download info
test (20)	Set up job	2026-08-20T03:35:25.9791310Z Download action repository 'actions/checkout@v4' (SHA:11d5960a326750d5838078e36cf38b85af677262)
test (20)	Set up job	2026-08-20T03:35:26.1327184Z Download action repository 'actions/setup-node@v4' (SHA:49933ea5288caeca8642d1e84afbd3f7d6820020)
test (20)	Set up job	2026-08-20T03:35:26.3202941Z Complete job name: test (20)
test (20)	Run actions/checkout@v4	﻿2026-08-20T03:35:26.3778711Z Node 20 is being deprecated. This workflow is running with Node 24 by default. If you need to temporarily use Node 20, you can set the ACTIONS_ALLOW_USE_UNSECURE_NODE_VERSION=true environment variable. For more information see: https://github.blog/changelog/2025-09-19-deprecation-of-node-20-on-github-actions-runners/
test (20)	Run actions/checkout@v4	2026-08-20T03:35:26.3785536Z ##[group]Run actions/checkout@v4
test (20)	Run actions/checkout@v4	2026-08-20T03:35:26.3786162Z with:
test (20)	Run actions/checkout@v4	2026-08-20T03:35:26.3786535Z   repository: trmnmc/aphorism-cli
test (20)	Run actions/checkout@v4	2026-08-20T03:35:26.3789925Z   token: ***
test (20)	Run actions/checkout@v4	2026-08-20T03:35:26.3790270Z   ssh-strict: true
test (20)	Run actions/checkout@v4	2026-08-20T03:35:26.3790625Z   ssh-user: git
test (20)	Run actions/checkout@v4	2026-08-20T03:35:26.3790979Z   persist-credentials: true
test (20)	Run actions/checkout@v4	2026-08-20T03:35:26.3791364Z   clean: true
test (20)	Run actions/checkout@v4	2026-08-20T03:35:26.3791719Z   sparse-checkout-cone-mode: true
test (20)	Run actions/checkout@v4	2026-08-20T03:35:26.3792124Z   fetch-depth: 1
test (20)	Run actions/checkout@v4	2026-08-20T03:35:26.3792462Z   fetch-tags: false
test (20)	Run actions/checkout@v4	2026-08-20T03:35:26.3792808Z   show-progress: true
test (20)	Run actions/checkout@v4	2026-08-20T03:35:26.3793164Z   lfs: false
test (20)	Run actions/checkout@v4	2026-08-20T03:35:26.3793494Z   submodules: false
test (20)	Run actions/checkout@v4	2026-08-20T03:35:26.3793897Z   set-safe-directory: true
test (20)	Run actions/checkout@v4	2026-08-20T03:35:26.3794302Z   allow-unsafe-pr-checkout: false
test (20)	Run actions/checkout@v4	2026-08-20T03:35:26.3794858Z ##[endgroup]
test (20)	Run actions/checkout@v4	2026-08-20T03:35:26.4582368Z Syncing repository: trmnmc/aphorism-cli
test (20)	Run actions/checkout@v4	2026-08-20T03:35:26.4583887Z ##[group]Getting Git version info
test (20)	Run actions/checkout@v4	2026-08-20T03:35:26.4584489Z Working directory is '/home/runner/work/aphorism-cli/aphorism-cli'
test (20)	Run actions/checkout@v4	2026-08-20T03:35:26.4585338Z [command]/usr/bin/git version
test (20)	Run actions/checkout@v4	2026-08-20T03:35:26.4617008Z git version 2.54.0
test (20)	Run actions/checkout@v4	2026-08-20T03:35:26.4665109Z ##[endgroup]
test (20)	Run actions/checkout@v4	2026-08-20T03:35:26.4677799Z Temporarily overriding HOME='/home/runner/work/_temp/a98077ad-b19c-431a-bb5d-e5317dd17e03' before making global git config changes
test (20)	Run actions/checkout@v4	2026-08-20T03:35:26.4679910Z Adding repository directory to the temporary git global config as a safe directory
test (20)	Run actions/checkout@v4	2026-08-20T03:35:26.4682822Z [command]/usr/bin/git config --global --add safe.directory /home/runner/work/aphorism-cli/aphorism-cli
test (20)	Run actions/checkout@v4	2026-08-20T03:35:26.4715087Z Deleting the contents of '/home/runner/work/aphorism-cli/aphorism-cli'
test (20)	Run actions/checkout@v4	2026-08-20T03:35:26.4727808Z ##[group]Initializing the repository
test (20)	Run actions/checkout@v4	2026-08-20T03:35:26.4729869Z [command]/usr/bin/git init /home/runner/work/aphorism-cli/aphorism-cli
test (20)	Run actions/checkout@v4	2026-08-20T03:35:26.4805148Z hint: Using 'master' as the name for the initial branch. This default branch name
test (20)	Run actions/checkout@v4	2026-08-20T03:35:26.4814229Z hint: will change to "main" in Git 3.0. To configure the initial branch name
test (20)	Run actions/checkout@v4	2026-08-20T03:35:26.4815826Z hint: to use in all of your new repositories, which will suppress this warning,
test (20)	Run actions/checkout@v4	2026-08-20T03:35:26.4816785Z hint: call:
test (20)	Run actions/checkout@v4	2026-08-20T03:35:26.4817268Z hint:
test (20)	Run actions/checkout@v4	2026-08-20T03:35:26.4817855Z hint: 	git config --global init.defaultBranch <name>
test (20)	Run actions/checkout@v4	2026-08-20T03:35:26.4818812Z hint:
test (20)	Run actions/checkout@v4	2026-08-20T03:35:26.4819530Z hint: Names commonly chosen instead of 'master' are 'main', 'trunk' and
test (20)	Run actions/checkout@v4	2026-08-20T03:35:26.4820691Z hint: 'development'. The just-created branch can be renamed via this command:
test (20)	Run actions/checkout@v4	2026-08-20T03:35:26.4821285Z hint:
test (20)	Run actions/checkout@v4	2026-08-20T03:35:26.4821619Z hint: 	git branch -m <name>
test (20)	Run actions/checkout@v4	2026-08-20T03:35:26.4821995Z hint:
test (20)	Run actions/checkout@v4	2026-08-20T03:35:26.4822507Z hint: Disable this message with "git config set advice.defaultBranchName false"
test (20)	Run actions/checkout@v4	2026-08-20T03:35:26.4823323Z Initialized empty Git repository in /home/runner/work/aphorism-cli/aphorism-cli/.git/
test (20)	Run actions/checkout@v4	2026-08-20T03:35:26.4824610Z [command]/usr/bin/git remote add origin https://github.com/trmnmc/aphorism-cli
test (20)	Run actions/checkout@v4	2026-08-20T03:35:26.4845313Z ##[endgroup]
test (20)	Run actions/checkout@v4	2026-08-20T03:35:26.4846359Z ##[group]Disabling automatic garbage collection
test (20)	Run actions/checkout@v4	2026-08-20T03:35:26.4848675Z [command]/usr/bin/git config --local gc.auto 0
test (20)	Run actions/checkout@v4	2026-08-20T03:35:26.4875734Z ##[endgroup]
test (20)	Run actions/checkout@v4	2026-08-20T03:35:26.4876960Z ##[group]Setting up auth
test (20)	Run actions/checkout@v4	2026-08-20T03:35:26.4881253Z [command]/usr/bin/git config --local --name-only --get-regexp core\.sshCommand
test (20)	Run actions/checkout@v4	2026-08-20T03:35:26.4920751Z [command]/usr/bin/git submodule foreach --recursive sh -c "git config --local --name-only --get-regexp 'core\.sshCommand' && git config --local --unset-all 'core.sshCommand' || :"
test (20)	Run actions/checkout@v4	2026-08-20T03:35:26.5199278Z [command]/usr/bin/git config --local --name-only --get-regexp http\.https\:\/\/github\.com\/\.extraheader
test (20)	Run actions/checkout@v4	2026-08-20T03:35:26.5230503Z [command]/usr/bin/git submodule foreach --recursive sh -c "git config --local --name-only --get-regexp 'http\.https\:\/\/github\.com\/\.extraheader' && git config --local --unset-all 'http.https://github.com/.extraheader' || :"
test (20)	Run actions/checkout@v4	2026-08-20T03:35:26.5433640Z [command]/usr/bin/git config --local --name-only --get-regexp ^includeIf\.gitdir:
test (20)	Run actions/checkout@v4	2026-08-20T03:35:26.5464977Z [command]/usr/bin/git submodule foreach --recursive git config --local --show-origin --name-only --get-regexp remote.origin.url
test (20)	Run actions/checkout@v4	2026-08-20T03:35:26.5654645Z [command]/usr/bin/git config --local http.https://github.com/.extraheader AUTHORIZATION: basic ***
test (20)	Run actions/checkout@v4	2026-08-20T03:35:26.5686631Z ##[endgroup]
test (20)	Run actions/checkout@v4	2026-08-20T03:35:26.5687271Z ##[group]Fetching the repository
test (20)	Run actions/checkout@v4	2026-08-20T03:35:26.5694318Z [command]/usr/bin/git -c protocol.version=2 fetch --no-tags --prune --no-recurse-submodules --depth=1 origin +5f833abc150c5a578ab5a215ff0d1e09161d20d2:refs/remotes/origin/master
test (20)	Run actions/checkout@v4	2026-08-20T03:35:26.9803103Z From https://github.com/trmnmc/aphorism-cli
test (20)	Run actions/checkout@v4	2026-08-20T03:35:26.9804095Z  * [new ref]         5f833abc150c5a578ab5a215ff0d1e09161d20d2 -> origin/master
test (20)	Run actions/checkout@v4	2026-08-20T03:35:26.9829800Z ##[endgroup]
test (20)	Run actions/checkout@v4	2026-08-20T03:35:26.9831217Z ##[group]Determining the checkout info
test (20)	Run actions/checkout@v4	2026-08-20T03:35:26.9832110Z ##[endgroup]
test (20)	Run actions/checkout@v4	2026-08-20T03:35:26.9832807Z [command]/usr/bin/git sparse-checkout disable
test (20)	Run actions/checkout@v4	2026-08-20T03:35:26.9866260Z [command]/usr/bin/git config --local --unset-all extensions.worktreeConfig
test (20)	Run actions/checkout@v4	2026-08-20T03:35:26.9895702Z ##[group]Checking out the ref
test (20)	Run actions/checkout@v4	2026-08-20T03:35:26.9896571Z [command]/usr/bin/git checkout --progress --force -B master refs/remotes/origin/master
test (20)	Run actions/checkout@v4	2026-08-20T03:35:27.0592381Z Reset branch 'master'
test (20)	Run actions/checkout@v4	2026-08-20T03:35:27.0593307Z branch 'master' set up to track 'origin/master'.
test (20)	Run actions/checkout@v4	2026-08-20T03:35:27.0599634Z ##[endgroup]
test (20)	Run actions/checkout@v4	2026-08-20T03:35:27.0640876Z [command]/usr/bin/git log -1 --format=%H
test (20)	Run actions/checkout@v4	2026-08-20T03:35:27.0665409Z 5f833abc150c5a578ab5a215ff0d1e09161d20d2
test (20)	Run actions/setup-node@v4	﻿2026-08-20T03:35:27.0951617Z Node 20 is being deprecated. This workflow is running with Node 24 by default. If you need to temporarily use Node 20, you can set the ACTIONS_ALLOW_USE_UNSECURE_NODE_VERSION=true environment variable. For more information see: https://github.blog/changelog/2025-09-19-deprecation-of-node-20-on-github-actions-runners/
test (20)	Run actions/setup-node@v4	2026-08-20T03:35:27.0955640Z ##[group]Run actions/setup-node@v4
test (20)	Run actions/setup-node@v4	2026-08-20T03:35:27.0956211Z with:
test (20)	Run actions/setup-node@v4	2026-08-20T03:35:27.0956582Z   node-version: 20
test (20)	Run actions/setup-node@v4	2026-08-20T03:35:27.0957017Z   always-auth: false
test (20)	Run actions/setup-node@v4	2026-08-20T03:35:27.0957466Z   check-latest: false
test (20)	Run actions/setup-node@v4	2026-08-20T03:35:27.0964882Z   token: ***
test (20)	Run actions/setup-node@v4	2026-08-20T03:35:27.0965275Z ##[endgroup]
test (20)	Run actions/setup-node@v4	2026-08-20T03:35:27.2073151Z Attempting to download 20...
test (20)	Run actions/setup-node@v4	2026-08-20T03:35:27.2154116Z (node:2083) [DEP0040] DeprecationWarning: The `punycode` module is deprecated. Please use a userland alternative instead.
test (20)	Run actions/setup-node@v4	2026-08-20T03:35:27.2155966Z (Use `node --trace-deprecation ...` to show where the warning was created)
test (20)	Run actions/setup-node@v4	2026-08-20T03:35:27.5056702Z Acquiring 20.20.2 - x64 from https://github.com/actions/node-versions/releases/download/20.20.2-23521894959/node-20.20.2-linux-x64.tar.gz
test (20)	Run actions/setup-node@v4	2026-08-20T03:35:27.7596343Z Extracting ...
test (20)	Run actions/setup-node@v4	2026-08-20T03:35:27.7692230Z [command]/usr/bin/tar xz --strip 1 --warning=no-unknown-keyword --overwrite -C /home/runner/work/_temp/9f544298-2394-4c4a-9de5-63f25435e4cf -f /home/runner/work/_temp/3021d14a-c1e1-4056-9975-a2fd363b4860
test (20)	Run actions/setup-node@v4	2026-08-20T03:35:28.6391469Z Adding to the cache ...
test (20)	Run actions/setup-node@v4	2026-08-20T03:35:30.4027637Z ##[group]Environment details
test (20)	Run actions/setup-node@v4	2026-08-20T03:35:30.6018768Z node: v20.20.2
test (20)	Run actions/setup-node@v4	2026-08-20T03:35:30.6019418Z npm: 10.8.2
test (20)	Run actions/setup-node@v4	2026-08-20T03:35:30.6019724Z yarn: 1.22.22
test (20)	Run actions/setup-node@v4	2026-08-20T03:35:30.6020628Z ##[endgroup]
test (20)	Run node --test test/*.test.js	﻿2026-08-20T03:35:30.6142354Z ##[group]Run node --test test/*.test.js
test (20)	Run node --test test/*.test.js	2026-08-20T03:35:30.6142740Z [36;1mnode --test test/*.test.js[0m
test (20)	Run node --test test/*.test.js	2026-08-20T03:35:30.6181114Z shell: /usr/bin/bash -e {0}
test (20)	Run node --test test/*.test.js	2026-08-20T03:35:30.6181400Z ##[endgroup]
test (20)	Run node --test test/*.test.js	2026-08-20T03:35:30.6585761Z TAP version 13
test (20)	Run node --test test/*.test.js	2026-08-20T03:35:30.7039950Z # Subtest: zero args: no error, no filters set
test (20)	Run node --test test/*.test.js	2026-08-20T03:35:30.7078912Z ok 1 - zero args: no error, no filters set
test (20)	Run node --test test/*.test.js	2026-08-20T03:35:30.7080204Z   ---
test (20)	Run node --test test/*.test.js	2026-08-20T03:35:30.7105424Z   duration_ms: 1.347166
test (20)	Run node --test test/*.test.js	2026-08-20T03:35:30.7106124Z   ...
test (20)	Run node --test test/*.test.js	2026-08-20T03:35:30.7106585Z # Subtest: --author <name> sets author string
test (20)	Run node --test test/*.test.js	2026-08-20T03:35:30.7107125Z ok 2 - --author <name> sets author string
test (20)	Run node --test test/*.test.js	2026-08-20T03:35:30.7107517Z   ---
test (20)	Run node --test test/*.test.js	2026-08-20T03:35:30.7107817Z   duration_ms: 0.168592
test (20)	Run node --test test/*.test.js	2026-08-20T03:35:30.7108445Z   ...
test (20)	Run node --test test/*.test.js	2026-08-20T03:35:30.7108940Z # Subtest: --author=<name> equals form sets author string
test (20)	Run node --test test/*.test.js	2026-08-20T03:35:30.7109526Z ok 3 - --author=<name> equals form sets author string
test (20)	Run node --test test/*.test.js	2026-08-20T03:35:30.7109968Z   ---
test (20)	Run node --test test/*.test.js	2026-08-20T03:35:30.7110265Z   duration_ms: 0.197816
test (20)	Run node --test test/*.test.js	2026-08-20T03:35:30.7110658Z   ...
test (20)	Run node --test test/*.test.js	2026-08-20T03:35:30.7111056Z # Subtest: --tag <tag> sets tag string
test (20)	Run node --test test/*.test.js	2026-08-20T03:35:30.7111506Z ok 4 - --tag <tag> sets tag string
test (20)	Run node --test test/*.test.js	2026-08-20T03:35:30.7111860Z   ---
test (20)	Run node --test test/*.test.js	2026-08-20T03:35:30.7112158Z   duration_ms: 0.163975
test (20)	Run node --test test/*.test.js	2026-08-20T03:35:30.7112476Z   ...
test (20)	Run node --test test/*.test.js	2026-08-20T03:35:30.7112910Z # Subtest: --tag=<tag> equals form sets tag string
test (20)	Run node --test test/*.test.js	2026-08-20T03:35:30.7113484Z ok 5 - --tag=<tag> equals form sets tag string
test (20)	Run node --test test/*.test.js	2026-08-20T03:35:30.7113763Z   ---
test (20)	Run node --test test/*.test.js	2026-08-20T03:35:30.7113969Z   duration_ms: 1.373965
test (20)	Run node --test test/*.test.js	2026-08-20T03:35:30.7114197Z   ...
test (20)	Run node --test test/*.test.js	2026-08-20T03:35:30.7114543Z # Subtest: combined --author X --tag Y sets both
test (20)	Run node --test test/*.test.js	2026-08-20T03:35:30.7114882Z ok 6 - combined --author X --tag Y sets both
test (20)	Run node --test test/*.test.js	2026-08-20T03:35:30.7115137Z   ---
test (20)	Run node --test test/*.test.js	2026-08-20T03:35:30.7115346Z   duration_ms: 0.161642
test (20)	Run node --test test/*.test.js	2026-08-20T03:35:30.7115556Z   ...
test (20)	Run node --test test/*.test.js	2026-08-20T03:35:30.7115812Z # Subtest: --seed <n> parses as a number
test (20)	Run node --test test/*.test.js	2026-08-20T03:35:30.7116188Z ok 7 - --seed <n> parses as a number
test (20)	Run node --test test/*.test.js	2026-08-20T03:35:30.7116565Z   ---
test (20)	Run node --test test/*.test.js	2026-08-20T03:35:30.7116856Z   duration_ms: 0.212758
test (20)	Run node --test test/*.test.js	2026-08-20T03:35:30.7117178Z   ...
test (20)	Run node --test test/*.test.js	2026-08-20T03:35:30.7117604Z # Subtest: --seed=<n> equals form parses as a number
test (20)	Run node --test test/*.test.js	2026-08-20T03:35:30.7118281Z ok 8 - --seed=<n> equals form parses as a number
test (20)	Run node --test test/*.test.js	2026-08-20T03:35:30.7118706Z   ---
test (20)	Run node --test test/*.test.js	2026-08-20T03:35:30.7118993Z   duration_ms: 0.205327
test (20)	Run node --test test/*.test.js	2026-08-20T03:35:30.7119307Z   ...
test (20)	Run node --test test/*.test.js	2026-08-20T03:35:30.7120053Z # Subtest: --seed <n> accepts a negative number
test (20)	Run node --test test/*.test.js	2026-08-20T03:35:30.7120401Z ok 9 - --seed <n> accepts a negative number
test (20)	Run node --test test/*.test.js	2026-08-20T03:35:30.7120665Z   ---
test (20)	Run node --test test/*.test.js	2026-08-20T03:35:30.7120871Z   duration_ms: 0.246218
test (20)	Run node --test test/*.test.js	2026-08-20T03:35:30.7121084Z   ...
test (20)	Run node --test test/*.test.js	2026-08-20T03:35:30.7121381Z # Subtest: --seed=<n> equals form accepts a negative number
test (20)	Run node --test test/*.test.js	2026-08-20T03:35:30.7121775Z ok 10 - --seed=<n> equals form accepts a negative number
test (20)	Run node --test test/*.test.js	2026-08-20T03:35:30.7122055Z   ---
test (20)	Run node --test test/*.test.js	2026-08-20T03:35:30.7122254Z   duration_ms: 0.251696
test (20)	Run node --test test/*.test.js	2026-08-20T03:35:30.7122473Z   ...
test (20)	Run node --test test/*.test.js	2026-08-20T03:35:30.7122734Z # Subtest: non-numeric --seed is a usage error
test (20)	Run node --test test/*.test.js	2026-08-20T03:35:30.7123065Z ok 11 - non-numeric --seed is a usage error
test (20)	Run node --test test/*.test.js	2026-08-20T03:35:30.7123323Z   ---
test (20)	Run node --test test/*.test.js	2026-08-20T03:35:30.7123516Z   duration_ms: 0.307751
test (20)	Run node --test test/*.test.js	2026-08-20T03:35:30.7123727Z   ...
test (20)	Run node --test test/*.test.js	2026-08-20T03:35:30.7124019Z # Subtest: non-numeric --seed= equals form is a usage error
test (20)	Run node --test test/*.test.js	2026-08-20T03:35:30.7124427Z ok 12 - non-numeric --seed= equals form is a usage error
test (20)	Run node --test test/*.test.js	2026-08-20T03:35:30.7124818Z   ---
test (20)	Run node --test test/*.test.js	2026-08-20T03:35:30.7125014Z   duration_ms: 0.20054
test (20)	Run node --test test/*.test.js	2026-08-20T03:35:30.7125230Z   ...
test (20)	Run node --test test/*.test.js	2026-08-20T03:35:30.7125485Z # Subtest: --list sets list: true
test (20)	Run node --test test/*.test.js	2026-08-20T03:35:30.7125767Z ok 13 - --list sets list: true
test (20)	Run node --test test/*.test.js	2026-08-20T03:35:30.7158694Z   ---
test (20)	Run node --test test/*.test.js	2026-08-20T03:35:30.7188698Z   duration_ms: 0.155623
test (20)	Run node --test test/*.test.js	2026-08-20T03:35:30.7189259Z   ...
test (20)	Run node --test test/*.test.js	2026-08-20T03:35:30.7189857Z # Subtest: --json sets json: true
test (20)	Run node --test test/*.test.js	2026-08-20T03:35:30.7190468Z ok 14 - --json sets json: true
test (20)	Run node --test test/*.test.js	2026-08-20T03:35:30.7190978Z   ---
test (20)	Run node --test test/*.test.js	2026-08-20T03:35:30.7191427Z   duration_ms: 0.152218
test (20)	Run node --test test/*.test.js	2026-08-20T03:35:30.7191902Z   ...
test (20)	Run node --test test/*.test.js	2026-08-20T03:35:30.7192406Z # Subtest: --help sets help: true
test (20)	Run node --test test/*.test.js	2026-08-20T03:35:30.7193397Z ok 15 - --help sets help: true
test (20)	Run node --test test/*.test.js	2026-08-20T03:35:30.7193926Z   ---
test (20)	Run node --test test/*.test.js	2026-08-20T03:35:30.7194394Z   duration_ms: 0.102394
test (20)	Run node --test test/*.test.js	2026-08-20T03:35:30.7194874Z   ...
test (20)	Run node --test test/*.test.js	2026-08-20T03:35:30.7195395Z # Subtest: -h sets help: true
test (20)	Run node --test test/*.test.js	2026-08-20T03:35:30.7195974Z ok 16 - -h sets help: true
test (20)	Run node --test test/*.test.js	2026-08-20T03:35:30.7196519Z   ---
test (20)	Run node --test test/*.test.js	2026-08-20T03:35:30.7196962Z   duration_ms: 0.202062
test (20)	Run node --test test/*.test.js	2026-08-20T03:35:30.7197420Z   ...
test (20)	Run node --test test/*.test.js	2026-08-20T03:35:30.7197943Z # Subtest: unknown flag is a usage error
test (20)	Run node --test test/*.test.js	2026-08-20T03:35:30.7198741Z ok 17 - unknown flag is a usage error
test (20)	Run node --test test/*.test.js	2026-08-20T03:35:30.7199257Z   ---
test (20)	Run node --test test/*.test.js	2026-08-20T03:35:30.7199694Z   duration_ms: 0.14705
test (20)	Run node --test test/*.test.js	2026-08-20T03:35:30.7200152Z   ...
test (20)	Run node --test test/*.test.js	2026-08-20T03:35:30.7200721Z # Subtest: unknown short flag is a usage error
test (20)	Run node --test test/*.test.js	2026-08-20T03:35:30.7201414Z ok 18 - unknown short flag is a usage error
test (20)	Run node --test test/*.test.js	2026-08-20T03:35:30.7201953Z   ---
test (20)	Run node --test test/*.test.js	2026-08-20T03:35:30.7202359Z   duration_ms: 0.181541
test (20)	Run node --test test/*.test.js	2026-08-20T03:35:30.7202792Z   ...
test (20)	Run node --test test/*.test.js	2026-08-20T03:35:30.7203452Z # Subtest: --author missing value at end of argv is a usage error
test (20)	Run node --test test/*.test.js	2026-08-20T03:35:30.7204345Z ok 19 - --author missing value at end of argv is a usage error
test (20)	Run node --test test/*.test.js	2026-08-20T03:35:30.7204960Z   ---
test (20)	Run node --test test/*.test.js	2026-08-20T03:35:30.7205391Z   duration_ms: 0.139369
test (20)	Run node --test test/*.test.js	2026-08-20T03:35:30.7205851Z   ...
test (20)	Run node --test test/*.test.js	2026-08-20T03:35:30.7206606Z # Subtest: --tag missing value because next token is another flag is a usage error
test (20)	Run node --test test/*.test.js	2026-08-20T03:35:30.7207593Z ok 20 - --tag missing value because next token is another flag is a usage error
test (20)	Run node --test test/*.test.js	2026-08-20T03:35:30.7208405Z   ---
test (20)	Run node --test test/*.test.js	2026-08-20T03:35:30.7208896Z   duration_ms: 0.177967
test (20)	Run node --test test/*.test.js	2026-08-20T03:35:30.7209365Z   ...
test (20)	Run node --test test/*.test.js	2026-08-20T03:35:30.7209986Z # Subtest: --seed missing value at end of argv is a usage error
test (20)	Run node --test test/*.test.js	2026-08-20T03:35:30.7210788Z ok 21 - --seed missing value at end of argv is a usage error
test (20)	Run node --test test/*.test.js	2026-08-20T03:35:30.7211368Z   ---
test (20)	Run node --test test/*.test.js	2026-08-20T03:35:30.7211796Z   duration_ms: 0.177566
test (20)	Run node --test test/*.test.js	2026-08-20T03:35:30.7212255Z   ...
test (20)	Run node --test test/*.test.js	2026-08-20T03:35:30.7212821Z # Subtest: --author= with empty value is a usage error
test (20)	Run node --test test/*.test.js	2026-08-20T03:35:30.7213567Z ok 22 - --author= with empty value is a usage error
test (20)	Run node --test test/*.test.js	2026-08-20T03:35:30.7214160Z   ---
test (20)	Run node --test test/*.test.js	2026-08-20T03:35:30.7214612Z   duration_ms: 0.135763
test (20)	Run node --test test/*.test.js	2026-08-20T03:35:30.7215097Z   ...
test (20)	Run node --test test/*.test.js	2026-08-20T03:35:30.7215950Z # Subtest: a bare positional argument (not a flag) is a usage error
test (20)	Run node --test test/*.test.js	2026-08-20T03:35:30.7219115Z ok 23 - a bare positional argument (not a flag) is a usage error
test (20)	Run node --test test/*.test.js	2026-08-20T03:35:30.7220075Z   ---
test (20)	Run node --test test/*.test.js	2026-08-20T03:35:30.7220582Z   duration_ms: 0.110966
test (20)	Run node --test test/*.test.js	2026-08-20T03:35:30.7221069Z   ...
test (20)	Run node --test test/*.test.js	2026-08-20T03:35:30.7221684Z # Subtest: parseArgs never throws on malformed input
test (20)	Run node --test test/*.test.js	2026-08-20T03:35:30.7222445Z ok 24 - parseArgs never throws on malformed input
test (20)	Run node --test test/*.test.js	2026-08-20T03:35:30.7223039Z   ---
test (20)	Run node --test test/*.test.js	2026-08-20T03:35:30.7223491Z   duration_ms: 0.313209
test (20)	Run node --test test/*.test.js	2026-08-20T03:35:30.7224112Z   ...
test (20)	Run node --test test/*.test.js	2026-08-20T03:35:30.7224823Z # Subtest: absent options are undefined/false, never null
test (20)	Run node --test test/*.test.js	2026-08-20T03:35:30.7225654Z ok 25 - absent options are undefined/false, never null
test (20)	Run node --test test/*.test.js	2026-08-20T03:35:30.7226257Z   ---
test (20)	Run node --test test/*.test.js	2026-08-20T03:35:30.7226717Z   duration_ms: 0.852275
test (20)	Run node --test test/*.test.js	2026-08-20T03:35:30.7227222Z   ...
test (20)	Run node --test test/*.test.js	2026-08-20T03:35:30.7227893Z # Subtest: HELP is a non-empty string mentioning every flag name
test (20)	Run node --test test/*.test.js	2026-08-20T03:35:30.7239061Z ok 26 - HELP is a non-empty string mentioning every flag name
test (20)	Run node --test test/*.test.js	2026-08-20T03:35:30.7239859Z   ---
test (20)	Run node --test test/*.test.js	2026-08-20T03:35:30.7240351Z   duration_ms: 0.150465
test (20)	Run node --test test/*.test.js	2026-08-20T03:35:30.7240871Z   ...
test (20)	Run node --test test/*.test.js	2026-08-20T03:35:30.7241566Z # Subtest: HELP fits comfortably on one 24-line terminal screen
test (20)	Run node --test test/*.test.js	2026-08-20T03:35:30.7242477Z ok 27 - HELP fits comfortably on one 24-line terminal screen
test (20)	Run node --test test/*.test.js	2026-08-20T03:35:30.7243163Z   ---
test (20)	Run node --test test/*.test.js	2026-08-20T03:35:30.7243647Z   duration_ms: 0.090836
test (20)	Run node --test test/*.test.js	2026-08-20T03:35:30.7244205Z   ...
test (20)	Run node --test test/*.test.js	2026-08-20T03:35:30.7244998Z # Subtest: --seed Infinity / --seed -Infinity parse to numbers, not a usage error
test (20)	Run node --test test/*.test.js	2026-08-20T03:35:30.7246128Z ok 28 - --seed Infinity / --seed -Infinity parse to numbers, not a usage error
test (20)	Run node --test test/*.test.js	2026-08-20T03:35:30.7246849Z   ---
test (20)	Run node --test test/*.test.js	2026-08-20T03:35:30.7247335Z   duration_ms: 0.138757
test (20)	Run node --test test/*.test.js	2026-08-20T03:35:30.7247838Z   ...
test (20)	Run node --test test/*.test.js	2026-08-20T03:35:33.0799967Z # Subtest: bare invocation prints one attributed aphorism and exits 0
test (20)	Run node --test test/*.test.js	2026-08-20T03:35:33.0827465Z ok 29 - bare invocation prints one attributed aphorism and exits 0
test (20)	Run node --test test/*.test.js	2026-08-20T03:35:33.0858896Z   ---
test (20)	Run node --test test/*.test.js	2026-08-20T03:35:33.0859450Z   duration_ms: 35.100343
test (20)	Run node --test test/*.test.js	2026-08-20T03:35:33.0859743Z   ...
test (20)	Run node --test test/*.test.js	2026-08-20T03:35:33.0860056Z # Subtest: --seed is deterministic across separate processes
test (20)	Run node --test test/*.test.js	2026-08-20T03:35:33.0860477Z ok 30 - --seed is deterministic across separate processes
test (20)	Run node --test test/*.test.js	2026-08-20T03:35:33.0860772Z   ---
test (20)	Run node --test test/*.test.js	2026-08-20T03:35:33.0860942Z   duration_ms: 64.005879
test (20)	Run node --test test/*.test.js	2026-08-20T03:35:33.0861145Z   ...
test (20)	Run node --test test/*.test.js	2026-08-20T03:35:33.0861434Z # Subtest: different seeds do not all collapse to one aphorism
test (20)	Run node --test test/*.test.js	2026-08-20T03:35:33.0861803Z ok 31 - different seeds do not all collapse to one aphorism
test (20)	Run node --test test/*.test.js	2026-08-20T03:35:33.0862059Z   ---
test (20)	Run node --test test/*.test.js	2026-08-20T03:35:33.0862219Z   duration_ms: 320.099237
test (20)	Run node --test test/*.test.js	2026-08-20T03:35:33.0862394Z   ...
test (20)	Run node --test test/*.test.js	2026-08-20T03:35:33.0862732Z # Subtest: --json emits a single-line JSON object with text/author/tags
test (20)	Run node --test test/*.test.js	2026-08-20T03:35:33.0863155Z ok 32 - --json emits a single-line JSON object with text/author/tags
test (20)	Run node --test test/*.test.js	2026-08-20T03:35:33.0863420Z   ---
test (20)	Run node --test test/*.test.js	2026-08-20T03:35:33.0863585Z   duration_ms: 34.652053
test (20)	Run node --test test/*.test.js	2026-08-20T03:35:33.0863767Z   ...
test (20)	Run node --test test/*.test.js	2026-08-20T03:35:33.0864003Z # Subtest: --list prints every entry in the filtered set
test (20)	Run node --test test/*.test.js	2026-08-20T03:35:33.0864326Z ok 33 - --list prints every entry in the filtered set
test (20)	Run node --test test/*.test.js	2026-08-20T03:35:33.0864557Z   ---
test (20)	Run node --test test/*.test.js	2026-08-20T03:35:33.0864719Z   duration_ms: 32.276159
test (20)	Run node --test test/*.test.js	2026-08-20T03:35:33.0864894Z   ...
test (20)	Run node --test test/*.test.js	2026-08-20T03:35:33.0865127Z # Subtest: --help prints usage to stdout and exits 0
test (20)	Run node --test test/*.test.js	2026-08-20T03:35:33.0865435Z ok 34 - --help prints usage to stdout and exits 0
test (20)	Run node --test test/*.test.js	2026-08-20T03:35:33.0865664Z   ---
test (20)	Run node --test test/*.test.js	2026-08-20T03:35:33.0865822Z   duration_ms: 32.290289
test (20)	Run node --test test/*.test.js	2026-08-20T03:35:33.0866105Z   ...
test (20)	Run node --test test/*.test.js	2026-08-20T03:35:33.0866391Z # Subtest: no match exits 1 with stderr only and zero bytes on stdout
test (20)	Run node --test test/*.test.js	2026-08-20T03:35:33.0866781Z ok 35 - no match exits 1 with stderr only and zero bytes on stdout
test (20)	Run node --test test/*.test.js	2026-08-20T03:35:33.0867039Z   ---
test (20)	Run node --test test/*.test.js	2026-08-20T03:35:33.0867198Z   duration_ms: 33.713759
test (20)	Run node --test test/*.test.js	2026-08-20T03:35:33.0867377Z   ...
test (20)	Run node --test test/*.test.js	2026-08-20T03:35:33.0867635Z # Subtest: unknown flag is a usage error, exit 2, stdout clean
test (20)	Run node --test test/*.test.js	2026-08-20T03:35:33.0868177Z ok 36 - unknown flag is a usage error, exit 2, stdout clean
test (20)	Run node --test test/*.test.js	2026-08-20T03:35:33.0868520Z   ---
test (20)	Run node --test test/*.test.js	2026-08-20T03:35:33.0868762Z   duration_ms: 33.534912
test (20)	Run node --test test/*.test.js	2026-08-20T03:35:33.0869044Z   ...
test (20)	Run node --test test/*.test.js	2026-08-20T03:35:33.0869853Z # Subtest: non-numeric seed is a usage error, exit 2
test (20)	Run node --test test/*.test.js	2026-08-20T03:35:33.0870368Z ok 37 - non-numeric seed is a usage error, exit 2
test (20)	Run node --test test/*.test.js	2026-08-20T03:35:33.0870755Z   ---
test (20)	Run node --test test/*.test.js	2026-08-20T03:35:33.0871010Z   duration_ms: 33.022354
test (20)	Run node --test test/*.test.js	2026-08-20T03:35:33.0871293Z   ...
test (20)	Run node --test test/*.test.js	2026-08-20T03:35:33.0871739Z # Subtest: author filter is case-insensitive and narrows the list
test (20)	Run node --test test/*.test.js	2026-08-20T03:35:33.0872365Z ok 38 - author filter is case-insensitive and narrows the list
test (20)	Run node --test test/*.test.js	2026-08-20T03:35:33.0872780Z   ---
test (20)	Run node --test test/*.test.js	2026-08-20T03:35:33.0873044Z   duration_ms: 55.7182
test (20)	Run node --test test/*.test.js	2026-08-20T03:35:33.0873316Z   ...
test (20)	Run node --test test/*.test.js	2026-08-20T03:35:33.0874083Z # Subtest: output is pipe-safe — no ANSI escapes when not a TTY
test (20)	Run node --test test/*.test.js	2026-08-20T03:35:33.0874807Z ok 39 - output is pipe-safe — no ANSI escapes when not a TTY
test (20)	Run node --test test/*.test.js	2026-08-20T03:35:33.0875223Z   ---
test (20)	Run node --test test/*.test.js	2026-08-20T03:35:33.0875482Z   duration_ms: 34.387376
test (20)	Run node --test test/*.test.js	2026-08-20T03:35:33.0875777Z   ...
test (20)	Run node --test test/*.test.js	2026-08-20T03:35:33.0876396Z # Subtest: --tag matches membership, not substring containment
test (20)	Run node --test test/*.test.js	2026-08-20T03:35:33.0877001Z ok 40 - --tag matches membership, not substring containment
test (20)	Run node --test test/*.test.js	2026-08-20T03:35:33.0877424Z   ---
test (20)	Run node --test test/*.test.js	2026-08-20T03:35:33.0877672Z   duration_ms: 54.207209
test (20)	Run node --test test/*.test.js	2026-08-20T03:35:33.0877938Z   ...
test (20)	Run node --test test/*.test.js	2026-08-20T03:35:33.0878620Z # Subtest: --list prints exactly one line per matching entry, no drops
test (20)	Run node --test test/*.test.js	2026-08-20T03:35:33.0879238Z ok 41 - --list prints exactly one line per matching entry, no drops
test (20)	Run node --test test/*.test.js	2026-08-20T03:35:33.0879639Z   ---
test (20)	Run node --test test/*.test.js	2026-08-20T03:35:33.0879870Z   duration_ms: 23.63538
test (20)	Run node --test test/*.test.js	2026-08-20T03:35:33.0880114Z   ...
test (20)	Run node --test test/*.test.js	2026-08-20T03:35:33.0880530Z # Subtest: --list preserves corpus order (first and last line match)
test (20)	Run node --test test/*.test.js	2026-08-20T03:35:33.0881133Z ok 42 - --list preserves corpus order (first and last line match)
test (20)	Run node --test test/*.test.js	2026-08-20T03:35:33.0881721Z   ---
test (20)	Run node --test test/*.test.js	2026-08-20T03:35:33.0881936Z   duration_ms: 23.309253
test (20)	Run node --test test/*.test.js	2026-08-20T03:35:33.0882183Z   ...
test (20)	Run node --test test/*.test.js	2026-08-20T03:35:33.0882579Z # Subtest: --json output is exactly one line, never pretty-printed
test (20)	Run node --test test/*.test.js	2026-08-20T03:35:33.0883105Z ok 43 - --json output is exactly one line, never pretty-printed
test (20)	Run node --test test/*.test.js	2026-08-20T03:35:33.0883495Z   ---
test (20)	Run node --test test/*.test.js	2026-08-20T03:35:33.0883727Z   duration_ms: 22.790136
test (20)	Run node --test test/*.test.js	2026-08-20T03:35:33.0884022Z   ...
test (20)	Run node --test test/*.test.js	2026-08-20T03:35:33.0884570Z # Subtest: --list --json emits newline-delimited JSON, one object per line, in corpus order
test (20)	Run node --test test/*.test.js	2026-08-20T03:35:33.0885425Z ok 44 - --list --json emits newline-delimited JSON, one object per line, in corpus order
test (20)	Run node --test test/*.test.js	2026-08-20T03:35:33.0885963Z   ---
test (20)	Run node --test test/*.test.js	2026-08-20T03:35:33.0886207Z   duration_ms: 25.066662
test (20)	Run node --test test/*.test.js	2026-08-20T03:35:33.0886486Z   ...
test (20)	Run node --test test/*.test.js	2026-08-20T03:35:33.0887210Z # Subtest: --json composes with --seed: the seeded JSON pick is reproducible AND is the same entry as the plain-text pick
test (20)	Run node --test test/*.test.js	2026-08-20T03:35:33.0893098Z ok 45 - --json composes with --seed: the seeded JSON pick is reproducible AND is the same entry as the plain-text pick
test (20)	Run node --test test/*.test.js	2026-08-20T03:35:33.0893807Z   ---
test (20)	Run node --test test/*.test.js	2026-08-20T03:35:33.0894077Z   duration_ms: 418.056351
test (20)	Run node --test test/*.test.js	2026-08-20T03:35:33.0894376Z   ...
test (20)	Run node --test test/*.test.js	2026-08-20T03:35:33.0895041Z # Subtest: --json composes with the filter flags: the JSON pick is always a member of the FILTERED set
test (20)	Run node --test test/*.test.js	2026-08-20T03:35:33.0896024Z ok 46 - --json composes with the filter flags: the JSON pick is always a member of the FILTERED set
test (20)	Run node --test test/*.test.js	2026-08-20T03:35:33.0896394Z   ---
test (20)	Run node --test test/*.test.js	2026-08-20T03:35:33.0896562Z   duration_ms: 551.611132
test (20)	Run node --test test/*.test.js	2026-08-20T03:35:33.0896749Z   ...
test (20)	Run node --test test/*.test.js	2026-08-20T03:35:33.0897124Z # Subtest: --list accepts a valid --seed and IGNORES it: output is byte-identical across seeds
test (20)	Run node --test test/*.test.js	2026-08-20T03:35:33.0897640Z ok 47 - --list accepts a valid --seed and IGNORES it: output is byte-identical across seeds
test (20)	Run node --test test/*.test.js	2026-08-20T03:35:33.0897958Z   ---
test (20)	Run node --test test/*.test.js	2026-08-20T03:35:33.0898331Z   duration_ms: 231.036522
test (20)	Run node --test test/*.test.js	2026-08-20T03:35:33.0898509Z   ...
test (20)	Run node --test test/*.test.js	2026-08-20T03:35:33.0898885Z # Subtest: --list --seed abc is a usage error, exit 2, stdout empty, stderr carries the diagnostic
test (20)	Run node --test test/*.test.js	2026-08-20T03:35:33.0899424Z ok 48 - --list --seed abc is a usage error, exit 2, stdout empty, stderr carries the diagnostic
test (20)	Run node --test test/*.test.js	2026-08-20T03:35:33.0899741Z   ---
test (20)	Run node --test test/*.test.js	2026-08-20T03:35:33.0899918Z   duration_ms: 27.295407
test (20)	Run node --test test/*.test.js	2026-08-20T03:35:33.0900096Z   ...
test (20)	Run node --test test/*.test.js	2026-08-20T03:35:33.0900481Z # Subtest: --seed abc --list (erroring flag BEFORE --list) is still a usage error, exit 2, stdout empty
test (20)	Run node --test test/*.test.js	2026-08-20T03:35:33.0901309Z ok 49 - --seed abc --list (erroring flag BEFORE --list) is still a usage error, exit 2, stdout empty
test (20)	Run node --test test/*.test.js	2026-08-20T03:35:33.0901862Z   ---
test (20)	Run node --test test/*.test.js	2026-08-20T03:35:33.0902118Z   duration_ms: 23.18099
test (20)	Run node --test test/*.test.js	2026-08-20T03:35:33.0902389Z   ...
test (20)	Run node --test test/*.test.js	2026-08-20T03:35:33.0902938Z # Subtest: --list --seed=  (empty seed value) is a usage error, exit 2, stdout empty
test (20)	Run node --test test/*.test.js	2026-08-20T03:35:33.0903702Z ok 50 - --list --seed=  (empty seed value) is a usage error, exit 2, stdout empty
test (20)	Run node --test test/*.test.js	2026-08-20T03:35:33.0904165Z   ---
test (20)	Run node --test test/*.test.js	2026-08-20T03:35:33.0904429Z   duration_ms: 23.693177
test (20)	Run node --test test/*.test.js	2026-08-20T03:35:33.0904707Z   ...
test (20)	Run node --test test/*.test.js	2026-08-20T03:35:33.0905313Z # Subtest: --list --seed "   " (whitespace-only seed value) is a usage error, exit 2, stdout empty
test (20)	Run node --test test/*.test.js	2026-08-20T03:35:33.0906196Z ok 51 - --list --seed "   " (whitespace-only seed value) is a usage error, exit 2, stdout empty
test (20)	Run node --test test/*.test.js	2026-08-20T03:35:33.0906722Z   ---
test (20)	Run node --test test/*.test.js	2026-08-20T03:35:33.0906969Z   duration_ms: 21.940995
test (20)	Run node --test test/*.test.js	2026-08-20T03:35:33.0907285Z   ...
test (20)	Run node --test test/*.test.js	2026-08-20T03:35:33.0908409Z # Subtest: --list --nosuchflag (unknown flag) is a usage error, exit 2, stdout empty — --list does not swallow it
test (20)	Run node --test test/*.test.js	2026-08-20T03:35:33.0909594Z ok 52 - --list --nosuchflag (unknown flag) is a usage error, exit 2, stdout empty — --list does not swallow it
test (20)	Run node --test test/*.test.js	2026-08-20T03:35:33.0910191Z   ---
test (20)	Run node --test test/*.test.js	2026-08-20T03:35:33.0910444Z   duration_ms: 25.156216
test (20)	Run node --test test/*.test.js	2026-08-20T03:35:33.0910719Z   ...
test (20)	Run node --test test/*.test.js	2026-08-20T03:35:33.0911235Z # Subtest: --nosuchflag --list (unknown flag BEFORE --list) is still a usage error, exit 2, stdout empty
test (20)	Run node --test test/*.test.js	2026-08-20T03:35:33.0911982Z ok 53 - --nosuchflag --list (unknown flag BEFORE --list) is still a usage error, exit 2, stdout empty
test (20)	Run node --test test/*.test.js	2026-08-20T03:35:33.0912313Z   ---
test (20)	Run node --test test/*.test.js	2026-08-20T03:35:33.0912472Z   duration_ms: 25.181513
test (20)	Run node --test test/*.test.js	2026-08-20T03:35:33.0912643Z   ...
test (20)	Run node --test test/*.test.js	2026-08-20T03:35:33.0913040Z # Subtest: plain single-pick output is TWO lines: text, newline, four-space indent, EM DASH, space, author
test (20)	Run node --test test/*.test.js	2026-08-20T03:35:33.0913620Z ok 54 - plain single-pick output is TWO lines: text, newline, four-space indent, EM DASH, space, author
test (20)	Run node --test test/*.test.js	2026-08-20T03:35:33.0913965Z   ---
test (20)	Run node --test test/*.test.js	2026-08-20T03:35:33.0914122Z   duration_ms: 22.618891
test (20)	Run node --test test/*.test.js	2026-08-20T03:35:33.0914342Z   ...
test (20)	Run node --test test/*.test.js	2026-08-20T03:35:33.0914714Z # Subtest: --seed Infinity and --seed -Infinity (typed as CLI strings) are accepted and deterministic
test (20)	Run node --test test/*.test.js	2026-08-20T03:35:33.0915264Z ok 55 - --seed Infinity and --seed -Infinity (typed as CLI strings) are accepted and deterministic
test (20)	Run node --test test/*.test.js	2026-08-20T03:35:33.0915586Z   ---
test (20)	Run node --test test/*.test.js	2026-08-20T03:35:33.0915829Z   duration_ms: 94.444447
test (20)	Run node --test test/*.test.js	2026-08-20T03:35:33.0916097Z   ...
test (20)	Run node --test test/*.test.js	2026-08-20T03:35:33.0916675Z # Subtest: --list with a filter that matches nothing is STILL exit 1, stderr only, stdout empty
test (20)	Run node --test test/*.test.js	2026-08-20T03:35:33.0917205Z ok 56 - --list with a filter that matches nothing is STILL exit 1, stderr only, stdout empty
test (20)	Run node --test test/*.test.js	2026-08-20T03:35:33.0917514Z   ---
test (20)	Run node --test test/*.test.js	2026-08-20T03:35:33.0917667Z   duration_ms: 44.671512
test (20)	Run node --test test/*.test.js	2026-08-20T03:35:33.0917835Z   ...
test (20)	Run node --test test/*.test.js	2026-08-20T03:35:33.0918691Z # Subtest: --tag "" (bare empty-string value) matches nothing: whole-tag equality against the literal "" is not a filter no-op
test (20)	Run node --test test/*.test.js	2026-08-20T03:35:33.0919906Z ok 57 - --tag "" (bare empty-string value) matches nothing: whole-tag equality against the literal "" is not a filter no-op
test (20)	Run node --test test/*.test.js	2026-08-20T03:35:33.0920571Z   ---
test (20)	Run node --test test/*.test.js	2026-08-20T03:35:33.0920824Z   duration_ms: 23.101792
test (20)	Run node --test test/*.test.js	2026-08-20T03:35:33.0921104Z   ...
test (20)	Run node --test test/*.test.js	2026-08-20T03:35:33.0975454Z # Subtest: README Node support citation: cited git diff must be empty (or the check must skip on a missing precondition)
test (20)	Run node --test test/*.test.js	2026-08-20T03:35:33.0976747Z ok 58 - README Node support citation: cited git diff must be empty (or the check must skip on a missing precondition) # SKIP cited base commit 0c2ed40 is not reachable in this checkout (likely a shallow clone) -- cannot evaluate the README's Node support citation
test (20)	Run node --test test/*.test.js	2026-08-20T03:35:33.0978315Z   ---
test (20)	Run node --test test/*.test.js	2026-08-20T03:35:33.0978605Z   duration_ms: 9.982405
test (20)	Run node --test test/*.test.js	2026-08-20T03:35:33.0978808Z   ...
test (20)	Run node --test test/*.test.js	2026-08-20T03:35:33.0979264Z # Subtest: --list | true: exits quietly, zero stderr, no crash banner
test (20)	Run node --test test/*.test.js	2026-08-20T03:35:33.0980113Z ok 59 - --list | true: exits quietly, zero stderr, no crash banner
test (20)	Run node --test test/*.test.js	2026-08-20T03:35:33.0980458Z   ---
test (20)	Run node --test test/*.test.js	2026-08-20T03:35:33.0980748Z   duration_ms: 30.955022
test (20)	Run node --test test/*.test.js	2026-08-20T03:35:33.0981001Z   ...
test (20)	Run node --test test/*.test.js	2026-08-20T03:35:33.0981445Z # Subtest: | true (no --list, single aphorism): exits quietly, zero stderr
test (20)	Run node --test test/*.test.js	2026-08-20T03:35:33.0982005Z ok 60 - | true (no --list, single aphorism): exits quietly, zero stderr
test (20)	Run node --test test/*.test.js	2026-08-20T03:35:33.0982389Z   ---
test (20)	Run node --test test/*.test.js	2026-08-20T03:35:33.0982622Z   duration_ms: 31.672414
test (20)	Run node --test test/*.test.js	2026-08-20T03:35:33.0982911Z   ...
test (20)	Run node --test test/*.test.js	2026-08-20T03:35:33.0983315Z # Subtest: --list | head -0: exits quietly, zero stderr, no crash banner
test (20)	Run node --test test/*.test.js	2026-08-20T03:35:33.0983911Z ok 61 - --list | head -0: exits quietly, zero stderr, no crash banner
test (20)	Run node --test test/*.test.js	2026-08-20T03:35:33.0984331Z   ---
test (20)	Run node --test test/*.test.js	2026-08-20T03:35:33.0984562Z   duration_ms: 34.314558
test (20)	Run node --test test/*.test.js	2026-08-20T03:35:33.0984835Z   ...
test (20)	Run node --test test/*.test.js	2026-08-20T03:35:33.0985260Z # Subtest: --list | /nonexistent-cmd-xyz: no crash banner from the CLI itself
test (20)	Run node --test test/*.test.js	2026-08-20T03:35:33.0985929Z ok 62 - --list | /nonexistent-cmd-xyz: no crash banner from the CLI itself
test (20)	Run node --test test/*.test.js	2026-08-20T03:35:33.0986359Z   ---
test (20)	Run node --test test/*.test.js	2026-08-20T03:35:33.0986569Z   duration_ms: 36.041241
test (20)	Run node --test test/*.test.js	2026-08-20T03:35:33.0986778Z   ...
test (20)	Run node --test test/*.test.js	2026-08-20T03:35:33.0987137Z # Subtest: non-EPIPE stdout write failure: reported, not silent, not exit 1, no stack trace
test (20)	Run node --test test/*.test.js	2026-08-20T03:35:33.0987955Z ok 63 - non-EPIPE stdout write failure: reported, not silent, not exit 1, no stack trace
test (20)	Run node --test test/*.test.js	2026-08-20T03:35:33.0988592Z   ---
test (20)	Run node --test test/*.test.js	2026-08-20T03:35:33.0988840Z   duration_ms: 26.388856
test (20)	Run node --test test/*.test.js	2026-08-20T03:35:33.0989025Z   ...
test (20)	Run node --test test/*.test.js	2026-08-20T03:35:33.0989357Z # Subtest: usage error survives a closed stderr reader: still exits 2, not clobbered to 1
test (20)	Run node --test test/*.test.js	2026-08-20T03:35:33.0990078Z ok 64 - usage error survives a closed stderr reader: still exits 2, not clobbered to 1
test (20)	Run node --test test/*.test.js	2026-08-20T03:35:33.0990391Z   ---
test (20)	Run node --test test/*.test.js	2026-08-20T03:35:33.0990557Z   duration_ms: 83.00308
test (20)	Run node --test test/*.test.js	2026-08-20T03:35:33.0990773Z   ...
test (20)	Run node --test test/*.test.js	2026-08-20T03:35:33.0991310Z # Subtest: no-match exit code survives a closed stderr reader: still exits 1, not misreported
test (20)	Run node --test test/*.test.js	2026-08-20T03:35:33.0992060Z ok 65 - no-match exit code survives a closed stderr reader: still exits 1, not misreported
test (20)	Run node --test test/*.test.js	2026-08-20T03:35:33.0992523Z   ---
test (20)	Run node --test test/*.test.js	2026-08-20T03:35:33.0992781Z   duration_ms: 82.055557
test (20)	Run node --test test/*.test.js	2026-08-20T03:35:33.0993056Z   ...
test (20)	Run node --test test/*.test.js	2026-08-20T03:35:33.0993630Z # Subtest: non-EPIPE stderr write failure: not silent, not the earned exit code, no stack trace
test (20)	Run node --test test/*.test.js	2026-08-20T03:35:33.0994528Z ok 66 - non-EPIPE stderr write failure: not silent, not the earned exit code, no stack trace
test (20)	Run node --test test/*.test.js	2026-08-20T03:35:33.0995062Z   ---
test (20)	Run node --test test/*.test.js	2026-08-20T03:35:33.0995301Z   duration_ms: 25.901271
test (20)	Run node --test test/*.test.js	2026-08-20T03:35:33.0995574Z   ...
test (20)	Run node --test test/*.test.js	2026-08-20T03:35:33.0995988Z # Subtest: control: --list | head -1 stays completely clean
test (20)	Run node --test test/*.test.js	2026-08-20T03:35:33.0996548Z ok 67 - control: --list | head -1 stays completely clean
test (20)	Run node --test test/*.test.js	2026-08-20T03:35:33.0996925Z   ---
test (20)	Run node --test test/*.test.js	2026-08-20T03:35:33.0997169Z   duration_ms: 26.84991
test (20)	Run node --test test/*.test.js	2026-08-20T03:35:33.0997451Z   ...
test (20)	Run node --test test/*.test.js	2026-08-20T03:35:33.0997879Z # Subtest: control: --list | head -5 stays completely clean
test (20)	Run node --test test/*.test.js	2026-08-20T03:35:33.0998654Z ok 68 - control: --list | head -5 stays completely clean
test (20)	Run node --test test/*.test.js	2026-08-20T03:35:33.1001224Z   ---
test (20)	Run node --test test/*.test.js	2026-08-20T03:35:33.1001535Z   duration_ms: 23.802962
test (20)	Run node --test test/*.test.js	2026-08-20T03:35:33.1001823Z   ...
test (20)	Run node --test test/*.test.js	2026-08-20T03:35:33.1002254Z # Subtest: control: --list | sed 1q stays completely clean
test (20)	Run node --test test/*.test.js	2026-08-20T03:35:33.1002829Z ok 69 - control: --list | sed 1q stays completely clean
test (20)	Run node --test test/*.test.js	2026-08-20T03:35:33.1003220Z   ---
test (20)	Run node --test test/*.test.js	2026-08-20T03:35:33.1003471Z   duration_ms: 25.962242
test (20)	Run node --test test/*.test.js	2026-08-20T03:35:33.1003754Z   ...
test (20)	Run node --test test/*.test.js	2026-08-20T03:35:33.1004183Z # Subtest: control: --list | grep -q . stays completely clean
test (20)	Run node --test test/*.test.js	2026-08-20T03:35:33.1004803Z ok 70 - control: --list | grep -q . stays completely clean
test (20)	Run node --test test/*.test.js	2026-08-20T03:35:33.1005194Z   ---
test (20)	Run node --test test/*.test.js	2026-08-20T03:35:33.1005450Z   duration_ms: 27.112773
test (20)	Run node --test test/*.test.js	2026-08-20T03:35:33.1005736Z   ...
test (20)	Run node --test test/*.test.js	2026-08-20T03:35:33.1006111Z # Subtest: control: | wc -l stays completely clean
test (20)	Run node --test test/*.test.js	2026-08-20T03:35:33.1006617Z ok 71 - control: | wc -l stays completely clean
test (20)	Run node --test test/*.test.js	2026-08-20T03:35:33.1006997Z   ---
test (20)	Run node --test test/*.test.js	2026-08-20T03:35:33.1007428Z   duration_ms: 26.743621
test (20)	Run node --test test/*.test.js	2026-08-20T03:35:33.1007708Z   ...
test (20)	Run node --test test/*.test.js	2026-08-20T03:35:33.1008358Z # Subtest: control: --list --json | head -2 stays completely clean
test (20)	Run node --test test/*.test.js	2026-08-20T03:35:33.1009001Z ok 72 - control: --list --json | head -2 stays completely clean
test (20)	Run node --test test/*.test.js	2026-08-20T03:35:33.1009416Z   ---
test (20)	Run node --test test/*.test.js	2026-08-20T03:35:33.1009662Z   duration_ms: 25.448523
test (20)	Run node --test test/*.test.js	2026-08-20T03:35:33.1009935Z   ...
test (20)	Run node --test test/*.test.js	2026-08-20T03:35:33.1010416Z # Subtest: control: exit 1 / exit 2 stderr messages and codes are unchanged
test (20)	Run node --test test/*.test.js	2026-08-20T03:35:33.1011115Z ok 73 - control: exit 1 / exit 2 stderr messages and codes are unchanged
test (20)	Run node --test test/*.test.js	2026-08-20T03:35:33.1011565Z   ---
test (20)	Run node --test test/*.test.js	2026-08-20T03:35:33.1011824Z   duration_ms: 53.578429
test (20)	Run node --test test/*.test.js	2026-08-20T03:35:33.1012102Z   ...
test (20)	Run node --test test/*.test.js	2026-08-20T03:35:33.1012637Z # Subtest: control: a normal (non-full) stdout target still exits 0 with empty stderr
test (20)	Run node --test test/*.test.js	2026-08-20T03:35:33.1013441Z ok 74 - control: a normal (non-full) stdout target still exits 0 with empty stderr
test (20)	Run node --test test/*.test.js	2026-08-20T03:35:33.1013933Z   ---
test (20)	Run node --test test/*.test.js	2026-08-20T03:35:33.1014188Z   duration_ms: 67.373928
test (20)	Run node --test test/*.test.js	2026-08-20T03:35:33.1014478Z   ...
test (20)	Run node --test test/*.test.js	2026-08-20T03:35:33.1014811Z # Subtest: README tags must exist in corpus
test (20)	Run node --test test/*.test.js	2026-08-20T03:35:33.1015252Z ok 75 - README tags must exist in corpus
test (20)	Run node --test test/*.test.js	2026-08-20T03:35:33.1015593Z   ---
test (20)	Run node --test test/*.test.js	2026-08-20T03:35:33.1015836Z   duration_ms: 1.626022
test (20)	Run node --test test/*.test.js	2026-08-20T03:35:33.1016117Z   ...
test (20)	Run node --test test/*.test.js	2026-08-20T03:35:33.1016469Z # Subtest: README tag counts must match corpus
test (20)	Run node --test test/*.test.js	2026-08-20T03:35:33.1016927Z ok 76 - README tag counts must match corpus
test (20)	Run node --test test/*.test.js	2026-08-20T03:35:33.1017273Z   ---
test (20)	Run node --test test/*.test.js	2026-08-20T03:35:33.1017510Z   duration_ms: 1.57714
test (20)	Run node --test test/*.test.js	2026-08-20T03:35:33.1017789Z   ...
test (20)	Run node --test test/*.test.js	2026-08-20T03:35:33.1018339Z # Subtest: README must state total unique tags correctly
test (20)	Run node --test test/*.test.js	2026-08-20T03:35:33.1019067Z ok 77 - README must state total unique tags correctly
test (20)	Run node --test test/*.test.js	2026-08-20T03:35:33.1019445Z   ---
test (20)	Run node --test test/*.test.js	2026-08-20T03:35:33.1019694Z   duration_ms: 0.333409
test (20)	Run node --test test/*.test.js	2026-08-20T03:35:33.1019971Z   ...
test (20)	Run node --test test/*.test.js	2026-08-20T03:35:33.1020409Z # Subtest: README must correctly describe single-entry tag count
test (20)	Run node --test test/*.test.js	2026-08-20T03:35:33.1021044Z ok 78 - README must correctly describe single-entry tag count
test (20)	Run node --test test/*.test.js	2026-08-20T03:35:33.1021472Z   ---
test (20)	Run node --test test/*.test.js	2026-08-20T03:35:33.1021719Z   duration_ms: 0.315842
test (20)	Run node --test test/*.test.js	2026-08-20T03:35:33.1021988Z   ...
test (20)	Run node --test test/*.test.js	2026-08-20T03:35:33.1022341Z # Subtest: README must list all single-entry tags
test (20)	Run node --test test/*.test.js	2026-08-20T03:35:33.1022824Z ok 79 - README must list all single-entry tags
test (20)	Run node --test test/*.test.js	2026-08-20T03:35:33.1023182Z   ---
test (20)	Run node --test test/*.test.js	2026-08-20T03:35:33.1023433Z   duration_ms: 0.432197
test (20)	Run node --test test/*.test.js	2026-08-20T03:35:33.1023704Z   ...
test (20)	Run node --test test/*.test.js	2026-08-20T03:35:33.1024615Z # Subtest: README Tag vocabulary section carries a tag+entry sentence with a single-entry marker (token co-occurrence guard, not a meaning check)
test (20)	Run node --test test/*.test.js	2026-08-20T03:35:33.1026056Z ok 80 - README Tag vocabulary section carries a tag+entry sentence with a single-entry marker (token co-occurrence guard, not a meaning check)
test (20)	Run node --test test/*.test.js	2026-08-20T03:35:33.1026820Z   ---
test (20)	Run node --test test/*.test.js	2026-08-20T03:35:33.1027067Z   duration_ms: 0.73479
test (20)	Run node --test test/*.test.js	2026-08-20T03:35:33.1027343Z   ...
test (20)	Run node --test test/*.test.js	2026-08-20T03:35:33.1028927Z # Subtest: extractBandTablesFromReadme tolerates a prose sentence between a band heading and its table (T-025), without mis-attaching a table when the real one is missing
test (20)	Run node --test test/*.test.js	2026-08-20T03:35:33.1030686Z ok 81 - extractBandTablesFromReadme tolerates a prose sentence between a band heading and its table (T-025), without mis-attaching a table when the real one is missing
test (20)	Run node --test test/*.test.js	2026-08-20T03:35:33.1031573Z   ---
test (20)	Run node --test test/*.test.js	2026-08-20T03:35:33.1031825Z   duration_ms: 1.261517
test (20)	Run node --test test/*.test.js	2026-08-20T03:35:33.1032109Z   ...
test (20)	Run node --test test/*.test.js	2026-08-20T03:35:33.1032847Z # Subtest: extractBandTablesFromReadme does not let a band-shaped PROSE line steal a real heading's table (T-039)
test (20)	Run node --test test/*.test.js	2026-08-20T03:35:33.1033993Z ok 82 - extractBandTablesFromReadme does not let a band-shaped PROSE line steal a real heading's table (T-039)
test (20)	Run node --test test/*.test.js	2026-08-20T03:35:33.1034661Z   ---
test (20)	Run node --test test/*.test.js	2026-08-20T03:35:33.1034909Z   duration_ms: 0.298216
test (20)	Run node --test test/*.test.js	2026-08-20T03:35:33.1035183Z   ...
test (20)	Run node --test test/*.test.js	2026-08-20T03:35:33.1035882Z # Subtest: extractBandTablesFromReadme does not read a fenced example block as a second, real band table
test (20)	Run node --test test/*.test.js	2026-08-20T03:35:33.1036932Z ok 83 - extractBandTablesFromReadme does not read a fenced example block as a second, real band table
test (20)	Run node --test test/*.test.js	2026-08-20T03:35:33.1037712Z   ---
test (20)	Run node --test test/*.test.js	2026-08-20T03:35:33.1037959Z   duration_ms: 0.31422
test (20)	Run node --test test/*.test.js	2026-08-20T03:35:33.1038387Z   ...
test (20)	Run node --test test/*.test.js	2026-08-20T03:35:33.1039569Z # Subtest: extractBandTablesFromReadme's recognised bands account for every structural `| Tag | Count |` table -- a table under an unrecognised heading shape is a loud mismatch, not a silent miss
test (20)	Run node --test test/*.test.js	2026-08-20T03:35:33.1041351Z ok 84 - extractBandTablesFromReadme's recognised bands account for every structural `| Tag | Count |` table -- a table under an unrecognised heading shape is a loud mismatch, not a silent miss
test (20)	Run node --test test/*.test.js	2026-08-20T03:35:33.1041949Z   ---
test (20)	Run node --test test/*.test.js	2026-08-20T03:35:33.1042108Z   duration_ms: 0.450303
test (20)	Run node --test test/*.test.js	2026-08-20T03:35:33.1042283Z   ...
test (20)	Run node --test test/*.test.js	2026-08-20T03:35:33.1042839Z # Subtest: every `| Tag | Count |` table in the real README Tag vocabulary section is a recognised band table (no table may hide under an unrecognised heading shape)
test (20)	Run node --test test/*.test.js	2026-08-20T03:35:33.1043736Z ok 85 - every `| Tag | Count |` table in the real README Tag vocabulary section is a recognised band table (no table may hide under an unrecognised heading shape)
test (20)	Run node --test test/*.test.js	2026-08-20T03:35:33.1044250Z   ---
test (20)	Run node --test test/*.test.js	2026-08-20T03:35:33.1044422Z   duration_ms: 0.56813
test (20)	Run node --test test/*.test.js	2026-08-20T03:35:33.1044596Z   ...
test (20)	Run node --test test/*.test.js	2026-08-20T03:35:33.1045040Z # Subtest: every band table in README Tag vocabulary contains exactly the corpus tags whose count fits that band
test (20)	Run node --test test/*.test.js	2026-08-20T03:35:33.1045704Z ok 86 - every band table in README Tag vocabulary contains exactly the corpus tags whose count fits that band
test (20)	Run node --test test/*.test.js	2026-08-20T03:35:33.1046089Z   ---
test (20)	Run node --test test/*.test.js	2026-08-20T03:35:33.1046244Z   duration_ms: 1.483138
test (20)	Run node --test test/*.test.js	2026-08-20T03:35:33.1046433Z   ...
test (20)	Run node --test test/*.test.js	2026-08-20T03:35:33.1047104Z # Subtest: every corpus tag appearing on 2+ entries must have a row in some band table (no band table may be deleted wholesale) (T-019)
test (20)	Run node --test test/*.test.js	2026-08-20T03:35:33.1047915Z ok 87 - every corpus tag appearing on 2+ entries must have a row in some band table (no band table may be deleted wholesale) (T-019)
test (20)	Run node --test test/*.test.js	2026-08-20T03:35:33.1048709Z   ---
test (20)	Run node --test test/*.test.js	2026-08-20T03:35:33.1048910Z   duration_ms: 0.436112
test (20)	Run node --test test/*.test.js	2026-08-20T03:35:33.1049126Z   ...
test (20)	Run node --test test/*.test.js	2026-08-20T03:35:33.1049749Z # Subtest: extractBandTablesFromReadme derives a band's row count purely from its table, ignoring decoy "N tags" phrases in the heading line (T-024b)
test (20)	Run node --test test/*.test.js	2026-08-20T03:35:33.1050756Z ok 88 - extractBandTablesFromReadme derives a band's row count purely from its table, ignoring decoy "N tags" phrases in the heading line (T-024b)
test (20)	Run node --test test/*.test.js	2026-08-20T03:35:33.1051293Z   ---
test (20)	Run node --test test/*.test.js	2026-08-20T03:35:33.1051481Z   duration_ms: 0.261882
test (20)	Run node --test test/*.test.js	2026-08-20T03:35:33.1051658Z   ...
test (20)	Run node --test test/*.test.js	2026-08-20T03:35:33.1052109Z # Subtest: README opening sentence must state correct multi-entry and single-entry tag counts
test (20)	Run node --test test/*.test.js	2026-08-20T03:35:33.1052811Z ok 89 - README opening sentence must state correct multi-entry and single-entry tag counts
test (20)	Run node --test test/*.test.js	2026-08-20T03:35:33.1053151Z   ---
test (20)	Run node --test test/*.test.js	2026-08-20T03:35:33.1053309Z   duration_ms: 0.459848
test (20)	Run node --test test/*.test.js	2026-08-20T03:35:33.1053479Z   ...
test (20)	Run node --test test/*.test.js	2026-08-20T03:35:33.1053848Z # Subtest: README Tag vocabulary section must contain no unrecognised count-claim digits (J-5)
test (20)	Run node --test test/*.test.js	2026-08-20T03:35:33.1054381Z ok 90 - README Tag vocabulary section must contain no unrecognised count-claim digits (J-5)
test (20)	Run node --test test/*.test.js	2026-08-20T03:35:33.1054704Z   ---
test (20)	Run node --test test/*.test.js	2026-08-20T03:35:33.1054864Z   duration_ms: 1.140446
test (20)	Run node --test test/*.test.js	2026-08-20T03:35:33.1055032Z   ...
test (20)	Run node --test test/*.test.js	2026-08-20T03:35:33.1056311Z # Subtest: README Attribution table "Entries ranked" count must match corpus.length and the triage doc (C1)
test (20)	Run node --test test/*.test.js	2026-08-20T03:35:33.1057079Z ok 91 - README Attribution table "Entries ranked" count must match corpus.length and the triage doc (C1)
test (20)	Run node --test test/*.test.js	2026-08-20T03:35:33.1057441Z   ---
test (20)	Run node --test test/*.test.js	2026-08-20T03:35:33.1057608Z   duration_ms: 1.102249
test (20)	Run node --test test/*.test.js	2026-08-20T03:35:33.1057798Z   ...
test (20)	Run node --test test/*.test.js	2026-08-20T03:35:33.1058410Z # Subtest: README Attribution table "Rated HIGH risk" count must match the triage doc table (C2)
test (20)	Run node --test test/*.test.js	2026-08-20T03:35:33.1058956Z ok 92 - README Attribution table "Rated HIGH risk" count must match the triage doc table (C2)
test (20)	Run node --test test/*.test.js	2026-08-20T03:35:33.1059283Z   ---
test (20)	Run node --test test/*.test.js	2026-08-20T03:35:33.1059444Z   duration_ms: 0.513899
test (20)	Run node --test test/*.test.js	2026-08-20T03:35:33.1059621Z   ...
test (20)	Run node --test test/*.test.js	2026-08-20T03:35:33.1060119Z # Subtest: README Attribution section must contain no digit runs outside the counts table (C7)
test (20)	Run node --test test/*.test.js	2026-08-20T03:35:33.1060635Z ok 93 - README Attribution section must contain no digit runs outside the counts table (C7)
test (20)	Run node --test test/*.test.js	2026-08-20T03:35:33.1060954Z   ---
test (20)	Run node --test test/*.test.js	2026-08-20T03:35:33.1061113Z   duration_ms: 0.416212
test (20)	Run node --test test/*.test.js	2026-08-20T03:35:33.1061278Z   ...
test (20)	Run node --test test/*.test.js	2026-08-20T03:35:33.1061534Z # Subtest: README Layout section paths must exist on disk (C6)
test (20)	Run node --test test/*.test.js	2026-08-20T03:35:33.1061890Z ok 94 - README Layout section paths must exist on disk (C6)
test (20)	Run node --test test/*.test.js	2026-08-20T03:35:33.1062124Z   ---
test (20)	Run node --test test/*.test.js	2026-08-20T03:35:33.1062279Z   duration_ms: 0.42777
test (20)	Run node --test test/*.test.js	2026-08-20T03:35:33.1062450Z   ...
test (20)	Run node --test test/*.test.js	2026-08-20T03:35:33.1062871Z # Subtest: getListBehaviourSection tolerates a reformatted "--list behaviour" heading with no backticks (T-021)
test (20)	Run node --test test/*.test.js	2026-08-20T03:35:33.1063510Z ok 95 - getListBehaviourSection tolerates a reformatted "--list behaviour" heading with no backticks (T-021)
test (20)	Run node --test test/*.test.js	2026-08-20T03:35:33.1063872Z   ---
test (20)	Run node --test test/*.test.js	2026-08-20T03:35:33.1064028Z   duration_ms: 0.345968
test (20)	Run node --test test/*.test.js	2026-08-20T03:35:33.1064204Z   ...
test (20)	Run node --test test/*.test.js	2026-08-20T03:35:33.1064750Z # Subtest: getListBehaviourSection still fails on a SEPARATOR MISMATCH (not a heading-parse error) when a reformatted heading's literal is mutated (T-021)
test (20)	Run node --test test/*.test.js	2026-08-20T03:35:33.1065607Z ok 96 - getListBehaviourSection still fails on a SEPARATOR MISMATCH (not a heading-parse error) when a reformatted heading's literal is mutated (T-021)
test (20)	Run node --test test/*.test.js	2026-08-20T03:35:33.1066072Z   ---
test (20)	Run node --test test/*.test.js	2026-08-20T03:35:33.1066226Z   duration_ms: 0.22087
test (20)	Run node --test test/*.test.js	2026-08-20T03:35:33.1066428Z   ...
test (20)	Run node --test test/*.test.js	2026-08-20T03:35:33.1066924Z # Subtest: getListBehaviourSection reports ambiguity loudly instead of taking the first of two qualifying headings (T-021)
test (20)	Run node --test test/*.test.js	2026-08-20T03:35:33.1067725Z ok 97 - getListBehaviourSection reports ambiguity loudly instead of taking the first of two qualifying headings (T-021)
test (20)	Run node --test test/*.test.js	2026-08-20T03:35:33.1068345Z   ---
test (20)	Run node --test test/*.test.js	2026-08-20T03:35:33.1068564Z   duration_ms: 0.987057
test (20)	Run node --test test/*.test.js	2026-08-20T03:35:33.1068835Z   ...
test (20)	Run node --test test/*.test.js	2026-08-20T03:35:33.1069506Z # Subtest: getListBehaviourSection does not let "--list-only" satisfy the standalone `--list` token (T-021)
test (20)	Run node --test test/*.test.js	2026-08-20T03:35:33.1070407Z ok 98 - getListBehaviourSection does not let "--list-only" satisfy the standalone `--list` token (T-021)
test (20)	Run node --test test/*.test.js	2026-08-20T03:35:33.1070819Z   ---
test (20)	Run node --test test/*.test.js	2026-08-20T03:35:33.1071027Z   duration_ms: 0.235713
test (20)	Run node --test test/*.test.js	2026-08-20T03:35:33.1071497Z   ...
test (20)	Run node --test test/*.test.js	2026-08-20T03:35:33.1072112Z # Subtest: getListBehaviourSection tolerates the American spelling "behavior" in the heading (T-027)
test (20)	Run node --test test/*.test.js	2026-08-20T03:35:33.1073063Z ok 99 - getListBehaviourSection tolerates the American spelling "behavior" in the heading (T-027)
test (20)	Run node --test test/*.test.js	2026-08-20T03:35:33.1073482Z   ---
test (20)	Run node --test test/*.test.js	2026-08-20T03:35:33.1073646Z   duration_ms: 0.145577
test (20)	Run node --test test/*.test.js	2026-08-20T03:35:33.1073822Z   ...
test (20)	Run node --test test/*.test.js	2026-08-20T03:35:33.1074326Z # Subtest: getListBehaviourSection still fails on a SEPARATOR MISMATCH (not a heading-parse error) under an American-spelled heading (T-027)
test (20)	Run node --test test/*.test.js	2026-08-20T03:35:33.1075133Z ok 100 - getListBehaviourSection still fails on a SEPARATOR MISMATCH (not a heading-parse error) under an American-spelled heading (T-027)
test (20)	Run node --test test/*.test.js	2026-08-20T03:35:33.1075576Z   ---
test (20)	Run node --test test/*.test.js	2026-08-20T03:35:33.1075731Z   duration_ms: 0.157336
test (20)	Run node --test test/*.test.js	2026-08-20T03:35:33.1075901Z   ...
test (20)	Run node --test test/*.test.js	2026-08-20T03:35:33.1076267Z # Subtest: README `--list` format literal matches the shipped binary's actual --list output (T-017)
test (20)	Run node --test test/*.test.js	2026-08-20T03:35:33.1076818Z ok 101 - README `--list` format literal matches the shipped binary's actual --list output (T-017)
test (20)	Run node --test test/*.test.js	2026-08-20T03:35:33.1077139Z   ---
test (20)	Run node --test test/*.test.js	2026-08-20T03:35:33.1077292Z   duration_ms: 28.182959
test (20)	Run node --test test/*.test.js	2026-08-20T03:35:33.1077466Z   ...
test (20)	Run node --test test/*.test.js	2026-08-20T03:35:33.1077895Z # Subtest: README `--author` matching section must state the correct count of distinct corpus authors (Q-8)
test (20)	Run node --test test/*.test.js	2026-08-20T03:35:33.1078742Z ok 102 - README `--author` matching section must state the correct count of distinct corpus authors (Q-8)
test (20)	Run node --test test/*.test.js	2026-08-20T03:35:33.1079100Z   ---
test (20)	Run node --test test/*.test.js	2026-08-20T03:35:33.1079257Z   duration_ms: 0.357525
test (20)	Run node --test test/*.test.js	2026-08-20T03:35:33.1079429Z   ...
test (20)	Run node --test test/*.test.js	2026-08-20T03:35:33.1079625Z # Subtest: corpus has at least 40 entries
test (20)	Run node --test test/*.test.js	2026-08-20T03:35:33.1079885Z ok 103 - corpus has at least 40 entries
test (20)	Run node --test test/*.test.js	2026-08-20T03:35:33.1080246Z   ---
test (20)	Run node --test test/*.test.js	2026-08-20T03:35:33.1080405Z   duration_ms: 0.899886
test (20)	Run node --test test/*.test.js	2026-08-20T03:35:33.1080570Z   ...
test (20)	Run node --test test/*.test.js	2026-08-20T03:35:33.1080897Z # Subtest: every corpus entry has non-empty text, non-empty author, and an array of tags
test (20)	Run node --test test/*.test.js	2026-08-20T03:35:33.1081379Z ok 104 - every corpus entry has non-empty text, non-empty author, and an array of tags
test (20)	Run node --test test/*.test.js	2026-08-20T03:35:33.1081675Z   ---
test (20)	Run node --test test/*.test.js	2026-08-20T03:35:33.1081823Z   duration_ms: 0.298878
test (20)	Run node --test test/*.test.js	2026-08-20T03:35:33.1081992Z   ...
test (20)	Run node --test test/*.test.js	2026-08-20T03:35:33.1082213Z # Subtest: filter: author match is case-insensitive
test (20)	Run node --test test/*.test.js	2026-08-20T03:35:33.1082511Z ok 105 - filter: author match is case-insensitive
test (20)	Run node --test test/*.test.js	2026-08-20T03:35:33.1082740Z   ---
test (20)	Run node --test test/*.test.js	2026-08-20T03:35:33.1082893Z   duration_ms: 0.571746
test (20)	Run node --test test/*.test.js	2026-08-20T03:35:33.1083063Z   ...
test (20)	Run node --test test/*.test.js	2026-08-20T03:35:33.1083319Z # Subtest: filter: tag match is case-insensitive
test (20)	Run node --test test/*.test.js	2026-08-20T03:35:33.1083616Z ok 106 - filter: tag match is case-insensitive
test (20)	Run node --test test/*.test.js	2026-08-20T03:35:33.1083829Z   ---
test (20)	Run node --test test/*.test.js	2026-08-20T03:35:33.1083983Z   duration_ms: 0.890873
test (20)	Run node --test test/*.test.js	2026-08-20T03:35:33.1084156Z   ...
test (20)	Run node --test test/*.test.js	2026-08-20T03:35:33.1084444Z # Subtest: filter: author and tag together narrow to the intersection (AND)
test (20)	Run node --test test/*.test.js	2026-08-20T03:35:33.1084867Z ok 107 - filter: author and tag together narrow to the intersection (AND)
test (20)	Run node --test test/*.test.js	2026-08-20T03:35:33.1085136Z   ---
test (20)	Run node --test test/*.test.js	2026-08-20T03:35:33.1085282Z   duration_ms: 0.257325
test (20)	Run node --test test/*.test.js	2026-08-20T03:35:33.1085446Z   ...
test (20)	Run node --test test/*.test.js	2026-08-20T03:35:33.1085683Z # Subtest: filter: undefined/absent options do not filter
test (20)	Run node --test test/*.test.js	2026-08-20T03:35:33.1086005Z ok 108 - filter: undefined/absent options do not filter
test (20)	Run node --test test/*.test.js	2026-08-20T03:35:33.1101962Z   ---
test (20)	Run node --test test/*.test.js	2026-08-20T03:35:33.1102167Z   duration_ms: 0.198017
test (20)	Run node --test test/*.test.js	2026-08-20T03:35:33.1102515Z   ...
test (20)	Run node --test test/*.test.js	2026-08-20T03:35:33.1102855Z # Subtest: pick: same seed over the same candidates always returns the same element
test (20)	Run node --test test/*.test.js	2026-08-20T03:35:33.1103331Z ok 109 - pick: same seed over the same candidates always returns the same element
test (20)	Run node --test test/*.test.js	2026-08-20T03:35:33.1103625Z   ---
test (20)	Run node --test test/*.test.js	2026-08-20T03:35:33.1103790Z   duration_ms: 0.347359
test (20)	Run node --test test/*.test.js	2026-08-20T03:35:33.1103969Z   ...
test (20)	Run node --test test/*.test.js	2026-08-20T03:35:33.1104249Z # Subtest: pick: different seeds generally produce different results
test (20)	Run node --test test/*.test.js	2026-08-20T03:35:33.1104634Z ok 110 - pick: different seeds generally produce different results
test (20)	Run node --test test/*.test.js	2026-08-20T03:35:33.1104900Z   ---
test (20)	Run node --test test/*.test.js	2026-08-20T03:35:33.1105053Z   duration_ms: 0.263605
test (20)	Run node --test test/*.test.js	2026-08-20T03:35:33.1105221Z   ...
test (20)	Run node --test test/*.test.js	2026-08-20T03:35:33.1105500Z # Subtest: pick: undefined seed picks a valid member (random mode)
test (20)	Run node --test test/*.test.js	2026-08-20T03:35:33.1105881Z ok 111 - pick: undefined seed picks a valid member (random mode)
test (20)	Run node --test test/*.test.js	2026-08-20T03:35:33.1106135Z   ---
test (20)	Run node --test test/*.test.js	2026-08-20T03:35:33.1106297Z   duration_ms: 0.190916
test (20)	Run node --test test/*.test.js	2026-08-20T03:35:33.1106472Z   ...
test (20)	Run node --test test/*.test.js	2026-08-20T03:35:33.1106780Z # Subtest: pick: null seed also triggers random mode and returns a valid member
test (20)	Run node --test test/*.test.js	2026-08-20T03:35:33.1107221Z ok 112 - pick: null seed also triggers random mode and returns a valid member
test (20)	Run node --test test/*.test.js	2026-08-20T03:35:33.1107500Z   ---
test (20)	Run node --test test/*.test.js	2026-08-20T03:35:33.1107653Z   duration_ms: 0.217486
test (20)	Run node --test test/*.test.js	2026-08-20T03:35:33.1107824Z   ...
test (20)	Run node --test test/*.test.js	2026-08-20T03:35:33.1108299Z # Subtest: pick: throws RangeError on empty candidates array
test (20)	Run node --test test/*.test.js	2026-08-20T03:35:33.1108711Z ok 113 - pick: throws RangeError on empty candidates array
test (20)	Run node --test test/*.test.js	2026-08-20T03:35:33.1108964Z   ---
test (20)	Run node --test test/*.test.js	2026-08-20T03:35:33.1109122Z   duration_ms: 0.442182
test (20)	Run node --test test/*.test.js	2026-08-20T03:35:33.1109293Z   ...
test (20)	Run node --test test/*.test.js	2026-08-20T03:35:33.1109581Z # Subtest: pick: Infinity seed is deterministic and returns a valid member
test (20)	Run node --test test/*.test.js	2026-08-20T03:35:33.1110009Z ok 114 - pick: Infinity seed is deterministic and returns a valid member
test (20)	Run node --test test/*.test.js	2026-08-20T03:35:33.1110279Z   ---
test (20)	Run node --test test/*.test.js	2026-08-20T03:35:33.1110442Z   duration_ms: 0.20047
test (20)	Run node --test test/*.test.js	2026-08-20T03:35:33.1110622Z   ...
test (20)	Run node --test test/*.test.js	2026-08-20T03:35:33.1110918Z # Subtest: pick: -Infinity seed is deterministic and returns a valid member
test (20)	Run node --test test/*.test.js	2026-08-20T03:35:33.1111344Z ok 115 - pick: -Infinity seed is deterministic and returns a valid member
test (20)	Run node --test test/*.test.js	2026-08-20T03:35:33.1111618Z   ---
test (20)	Run node --test test/*.test.js	2026-08-20T03:35:33.1111768Z   duration_ms: 0.148232
test (20)	Run node --test test/*.test.js	2026-08-20T03:35:33.1111943Z   ...
test (20)	Run node --test test/*.test.js	2026-08-20T03:35:33.1112250Z # Subtest: pick: NaN seed still uses the random branch and returns a valid member
test (20)	Run node --test test/*.test.js	2026-08-20T03:35:33.1112820Z ok 116 - pick: NaN seed still uses the random branch and returns a valid member
test (20)	Run node --test test/*.test.js	2026-08-20T03:35:33.1113104Z   ---
test (20)	Run node --test test/*.test.js	2026-08-20T03:35:33.1113256Z   duration_ms: 0.145628
test (20)	Run node --test test/*.test.js	2026-08-20T03:35:33.1113426Z   ...
test (20)	Run node --test test/*.test.js	2026-08-20T03:35:33.1113733Z # Subtest: pick: finite seed determinism is unchanged by the non-finite-seed fix
test (20)	Run node --test test/*.test.js	2026-08-20T03:35:33.1114170Z ok 117 - pick: finite seed determinism is unchanged by the non-finite-seed fix
test (20)	Run node --test test/*.test.js	2026-08-20T03:35:33.1114451Z   ---
test (20)	Run node --test test/*.test.js	2026-08-20T03:35:33.1114608Z   duration_ms: 0.245628
test (20)	Run node --test test/*.test.js	2026-08-20T03:35:33.1114776Z   ...
test (20)	Run node --test test/*.test.js	2026-08-20T03:35:33.1115035Z # Subtest: pick: every candidate is REACHABLE by an unseeded draw
test (20)	Run node --test test/*.test.js	2026-08-20T03:35:33.1115422Z ok 118 - pick: every candidate is REACHABLE by an unseeded draw
test (20)	Run node --test test/*.test.js	2026-08-20T03:35:33.1115671Z   ---
test (20)	Run node --test test/*.test.js	2026-08-20T03:35:33.1115822Z   duration_ms: 2.325289
test (20)	Run node --test test/*.test.js	2026-08-20T03:35:33.1115989Z   ...
test (20)	Run node --test test/*.test.js	2026-08-20T03:35:33.1116321Z # Subtest: pick: unseeded draws split the interval EQUALLY across candidates (uniform)
test (20)	Run node --test test/*.test.js	2026-08-20T03:35:33.1116801Z ok 119 - pick: unseeded draws split the interval EQUALLY across candidates (uniform)
test (20)	Run node --test test/*.test.js	2026-08-20T03:35:33.1117116Z   ---
test (20)	Run node --test test/*.test.js	2026-08-20T03:35:33.1117269Z   duration_ms: 0.977051
test (20)	Run node --test test/*.test.js	2026-08-20T03:35:33.1117441Z   ...
test (20)	Run node --test test/*.test.js	2026-08-20T03:35:33.1117782Z # Subtest: pick: single-element candidates always returns that element regardless of seed
test (20)	Run node --test test/*.test.js	2026-08-20T03:35:33.1118513Z ok 120 - pick: single-element candidates always returns that element regardless of seed
test (20)	Run node --test test/*.test.js	2026-08-20T03:35:33.1118844Z   ---
test (20)	Run node --test test/*.test.js	2026-08-20T03:35:33.1119011Z   duration_ms: 0.2736
test (20)	Run node --test test/*.test.js	2026-08-20T03:35:33.1119184Z   ...
test (20)	Run node --test test/*.test.js	2026-08-20T03:35:33.1119328Z 1..120
test (20)	Run node --test test/*.test.js	2026-08-20T03:35:33.1119484Z # tests 120
test (20)	Run node --test test/*.test.js	2026-08-20T03:35:33.1119763Z # suites 0
test (20)	Run node --test test/*.test.js	2026-08-20T03:35:33.1119921Z # pass 119
test (20)	Run node --test test/*.test.js	2026-08-20T03:35:33.1120073Z # fail 0
test (20)	Run node --test test/*.test.js	2026-08-20T03:35:33.1120238Z # cancelled 0
test (20)	Run node --test test/*.test.js	2026-08-20T03:35:33.1120407Z # skipped 1
test (20)	Run node --test test/*.test.js	2026-08-20T03:35:33.1120565Z # todo 0
test (20)	Run node --test test/*.test.js	2026-08-20T03:35:33.1120737Z # duration_ms 2451.192761
test (20)	Coverage report (informational, not a gate)	﻿2026-08-20T03:35:33.1165790Z ##[group]Run node --test --experimental-test-coverage test/*.test.js \
test (20)	Coverage report (informational, not a gate)	2026-08-20T03:35:33.1166245Z [36;1mnode --test --experimental-test-coverage test/*.test.js \[0m
test (20)	Coverage report (informational, not a gate)	2026-08-20T03:35:33.1166847Z [36;1m  || echo "NOTE: --experimental-test-coverage exited non-zero on Node 20 (see output above). This step is informational only and does not affect job status."[0m
test (20)	Coverage report (informational, not a gate)	2026-08-20T03:35:33.1202128Z shell: /usr/bin/bash -e {0}
test (20)	Coverage report (informational, not a gate)	2026-08-20T03:35:33.1202353Z ##[endgroup]
test (20)	Coverage report (informational, not a gate)	2026-08-20T03:35:33.1609317Z TAP version 13
test (20)	Coverage report (informational, not a gate)	2026-08-20T03:35:33.2157806Z # Subtest: zero args: no error, no filters set
test (20)	Coverage report (informational, not a gate)	2026-08-20T03:35:33.2160267Z ok 1 - zero args: no error, no filters set
test (20)	Coverage report (informational, not a gate)	2026-08-20T03:35:33.2160979Z   ---
test (20)	Coverage report (informational, not a gate)	2026-08-20T03:35:33.2161442Z   duration_ms: 2.597846
test (20)	Coverage report (informational, not a gate)	2026-08-20T03:35:33.2161967Z   ...
test (20)	Coverage report (informational, not a gate)	2026-08-20T03:35:33.2162604Z # Subtest: --author <name> sets author string
test (20)	Coverage report (informational, not a gate)	2026-08-20T03:35:33.2163269Z ok 2 - --author <name> sets author string
test (20)	Coverage report (informational, not a gate)	2026-08-20T03:35:33.2163816Z   ---
test (20)	Coverage report (informational, not a gate)	2026-08-20T03:35:33.2164264Z   duration_ms: 0.209173
test (20)	Coverage report (informational, not a gate)	2026-08-20T03:35:33.2164843Z   ...
test (20)	Coverage report (informational, not a gate)	2026-08-20T03:35:33.2165461Z # Subtest: --author=<name> equals form sets author string
test (20)	Coverage report (informational, not a gate)	2026-08-20T03:35:33.2166259Z ok 3 - --author=<name> equals form sets author string
test (20)	Coverage report (informational, not a gate)	2026-08-20T03:35:33.2166857Z   ---
test (20)	Coverage report (informational, not a gate)	2026-08-20T03:35:33.2167293Z   duration_ms: 0.179799
test (20)	Coverage report (informational, not a gate)	2026-08-20T03:35:33.2167738Z   ...
test (20)	Coverage report (informational, not a gate)	2026-08-20T03:35:33.2168439Z # Subtest: --tag <tag> sets tag string
test (20)	Coverage report (informational, not a gate)	2026-08-20T03:35:33.2169080Z ok 4 - --tag <tag> sets tag string
test (20)	Coverage report (informational, not a gate)	2026-08-20T03:35:33.2169594Z   ---
test (20)	Coverage report (informational, not a gate)	2026-08-20T03:35:33.2170034Z   duration_ms: 0.180439
test (20)	Coverage report (informational, not a gate)	2026-08-20T03:35:33.2170540Z   ...
test (20)	Coverage report (informational, not a gate)	2026-08-20T03:35:33.2171137Z # Subtest: --tag=<tag> equals form sets tag string
test (20)	Coverage report (informational, not a gate)	2026-08-20T03:35:33.2171826Z ok 5 - --tag=<tag> equals form sets tag string
test (20)	Coverage report (informational, not a gate)	2026-08-20T03:35:33.2172382Z   ---
test (20)	Coverage report (informational, not a gate)	2026-08-20T03:35:33.2172830Z   duration_ms: 0.16695
test (20)	Coverage report (informational, not a gate)	2026-08-20T03:35:33.2173297Z   ...
test (20)	Coverage report (informational, not a gate)	2026-08-20T03:35:33.2173881Z # Subtest: combined --author X --tag Y sets both
test (20)	Coverage report (informational, not a gate)	2026-08-20T03:35:33.2174541Z ok 6 - combined --author X --tag Y sets both
test (20)	Coverage report (informational, not a gate)	2026-08-20T03:35:33.2175099Z   ---
test (20)	Coverage report (informational, not a gate)	2026-08-20T03:35:33.2175525Z   duration_ms: 0.146158
test (20)	Coverage report (informational, not a gate)	2026-08-20T03:35:33.2176455Z   ...
test (20)	Coverage report (informational, not a gate)	2026-08-20T03:35:33.2176999Z # Subtest: --seed <n> parses as a number
test (20)	Coverage report (informational, not a gate)	2026-08-20T03:35:33.2177590Z ok 7 - --seed <n> parses as a number
test (20)	Coverage report (informational, not a gate)	2026-08-20T03:35:33.2178331Z   ---
test (20)	Coverage report (informational, not a gate)	2026-08-20T03:35:33.2178775Z   duration_ms: 0.198507
test (20)	Coverage report (informational, not a gate)	2026-08-20T03:35:33.2179236Z   ...
test (20)	Coverage report (informational, not a gate)	2026-08-20T03:35:33.2179830Z # Subtest: --seed=<n> equals form parses as a number
test (20)	Coverage report (informational, not a gate)	2026-08-20T03:35:33.2180542Z ok 8 - --seed=<n> equals form parses as a number
test (20)	Coverage report (informational, not a gate)	2026-08-20T03:35:33.2181103Z   ---
test (20)	Coverage report (informational, not a gate)	2026-08-20T03:35:33.2181507Z   duration_ms: 0.168131
test (20)	Coverage report (informational, not a gate)	2026-08-20T03:35:33.2181924Z   ...
test (20)	Coverage report (informational, not a gate)	2026-08-20T03:35:33.2214478Z # Subtest: --seed <n> accepts a negative number
test (20)	Coverage report (informational, not a gate)	2026-08-20T03:35:33.2237223Z ok 9 - --seed <n> accepts a negative number
test (20)	Coverage report (informational, not a gate)	2026-08-20T03:35:33.2278531Z   ---
test (20)	Coverage report (informational, not a gate)	2026-08-20T03:35:33.2318649Z   duration_ms: 0.141131
test (20)	Coverage report (informational, not a gate)	2026-08-20T03:35:33.2319041Z   ...
test (20)	Coverage report (informational, not a gate)	2026-08-20T03:35:33.2319497Z # Subtest: --seed=<n> equals form accepts a negative number
test (20)	Coverage report (informational, not a gate)	2026-08-20T03:35:33.2320138Z ok 10 - --seed=<n> equals form accepts a negative number
test (20)	Coverage report (informational, not a gate)	2026-08-20T03:35:33.2320650Z   ---
test (20)	Coverage report (informational, not a gate)	2026-08-20T03:35:33.2320931Z   duration_ms: 0.121882
test (20)	Coverage report (informational, not a gate)	2026-08-20T03:35:33.2321236Z   ...
test (20)	Coverage report (informational, not a gate)	2026-08-20T03:35:33.2366545Z # Subtest: non-numeric --seed is a usage error
test (20)	Coverage report (informational, not a gate)	2026-08-20T03:35:33.2381114Z ok 11 - non-numeric --seed is a usage error
test (20)	Coverage report (informational, not a gate)	2026-08-20T03:35:33.2398796Z   ---
test (20)	Coverage report (informational, not a gate)	2026-08-20T03:35:33.2399454Z   duration_ms: 0.210014
test (20)	Coverage report (informational, not a gate)	2026-08-20T03:35:33.2399899Z   ...
test (20)	Coverage report (informational, not a gate)	2026-08-20T03:35:33.2400440Z # Subtest: non-numeric --seed= equals form is a usage error
test (20)	Coverage report (informational, not a gate)	2026-08-20T03:35:33.2401108Z ok 12 - non-numeric --seed= equals form is a usage error
test (20)	Coverage report (informational, not a gate)	2026-08-20T03:35:33.2401532Z   ---
test (20)	Coverage report (informational, not a gate)	2026-08-20T03:35:33.2401857Z   duration_ms: 0.132688
test (20)	Coverage report (informational, not a gate)	2026-08-20T03:35:33.2402233Z   ...
test (20)	Coverage report (informational, not a gate)	2026-08-20T03:35:33.2402677Z # Subtest: --list sets list: true
test (20)	Coverage report (informational, not a gate)	2026-08-20T03:35:33.2403207Z ok 13 - --list sets list: true
test (20)	Coverage report (informational, not a gate)	2026-08-20T03:35:33.2403640Z   ---
test (20)	Coverage report (informational, not a gate)	2026-08-20T03:35:33.2404000Z   duration_ms: 0.094051
test (20)	Coverage report (informational, not a gate)	2026-08-20T03:35:33.2404381Z   ...
test (20)	Coverage report (informational, not a gate)	2026-08-20T03:35:33.2405234Z # Subtest: --json sets json: true
test (20)	Coverage report (informational, not a gate)	2026-08-20T03:35:33.2405787Z ok 14 - --json sets json: true
test (20)	Coverage report (informational, not a gate)	2026-08-20T03:35:33.2406205Z   ---
test (20)	Coverage report (informational, not a gate)	2026-08-20T03:35:33.2406578Z   duration_ms: 0.081281
test (20)	Coverage report (informational, not a gate)	2026-08-20T03:35:33.2406960Z   ...
test (20)	Coverage report (informational, not a gate)	2026-08-20T03:35:33.2407476Z # Subtest: --help sets help: true
test (20)	Coverage report (informational, not a gate)	2026-08-20T03:35:33.2408229Z ok 15 - --help sets help: true
test (20)	Coverage report (informational, not a gate)	2026-08-20T03:35:33.2408718Z   ---
test (20)	Coverage report (informational, not a gate)	2026-08-20T03:35:33.2409103Z   duration_ms: 0.103805
test (20)	Coverage report (informational, not a gate)	2026-08-20T03:35:33.2409518Z   ...
test (20)	Coverage report (informational, not a gate)	2026-08-20T03:35:33.2409921Z # Subtest: -h sets help: true
test (20)	Coverage report (informational, not a gate)	2026-08-20T03:35:33.2410408Z ok 16 - -h sets help: true
test (20)	Coverage report (informational, not a gate)	2026-08-20T03:35:33.2410828Z   ---
test (20)	Coverage report (informational, not a gate)	2026-08-20T03:35:33.2411208Z   duration_ms: 0.083335
test (20)	Coverage report (informational, not a gate)	2026-08-20T03:35:33.2411606Z   ...
test (20)	Coverage report (informational, not a gate)	2026-08-20T03:35:33.2412072Z # Subtest: unknown flag is a usage error
test (20)	Coverage report (informational, not a gate)	2026-08-20T03:35:33.2458965Z ok 17 - unknown flag is a usage error
test (20)	Coverage report (informational, not a gate)	2026-08-20T03:35:33.2459541Z   ---
test (20)	Coverage report (informational, not a gate)	2026-08-20T03:35:33.2460188Z   duration_ms: 0.108873
test (20)	Coverage report (informational, not a gate)	2026-08-20T03:35:33.2460638Z   ...
test (20)	Coverage report (informational, not a gate)	2026-08-20T03:35:33.2461598Z # Subtest: unknown short flag is a usage error
test (20)	Coverage report (informational, not a gate)	2026-08-20T03:35:33.2468282Z ok 18 - unknown short flag is a usage error
test (20)	Coverage report (informational, not a gate)	2026-08-20T03:35:33.2470894Z   ---
test (20)	Coverage report (informational, not a gate)	2026-08-20T03:35:33.2471470Z   duration_ms: 0.089284
test (20)	Coverage report (informational, not a gate)	2026-08-20T03:35:33.2471989Z   ...
test (20)	Coverage report (informational, not a gate)	2026-08-20T03:35:33.2472616Z # Subtest: --author missing value at end of argv is a usage error
test (20)	Coverage report (informational, not a gate)	2026-08-20T03:35:33.2479187Z ok 19 - --author missing value at end of argv is a usage error
test (20)	Coverage report (informational, not a gate)	2026-08-20T03:35:33.2479822Z   ---
test (20)	Coverage report (informational, not a gate)	2026-08-20T03:35:33.2480232Z   duration_ms: 0.100541
test (20)	Coverage report (informational, not a gate)	2026-08-20T03:35:33.2480678Z   ...
test (20)	Coverage report (informational, not a gate)	2026-08-20T03:35:33.2481409Z # Subtest: --tag missing value because next token is another flag is a usage error
test (20)	Coverage report (informational, not a gate)	2026-08-20T03:35:33.2482456Z ok 20 - --tag missing value because next token is another flag is a usage error
test (20)	Coverage report (informational, not a gate)	2026-08-20T03:35:33.2483130Z   ---
test (20)	Coverage report (informational, not a gate)	2026-08-20T03:35:33.2483514Z   duration_ms: 0.189453
test (20)	Coverage report (informational, not a gate)	2026-08-20T03:35:33.2483896Z   ...
test (20)	Coverage report (informational, not a gate)	2026-08-20T03:35:33.2484423Z # Subtest: --seed missing value at end of argv is a usage error
test (20)	Coverage report (informational, not a gate)	2026-08-20T03:35:33.2485115Z ok 21 - --seed missing value at end of argv is a usage error
test (20)	Coverage report (informational, not a gate)	2026-08-20T03:35:33.2485649Z   ---
test (20)	Coverage report (informational, not a gate)	2026-08-20T03:35:33.2486292Z   duration_ms: 0.111396
test (20)	Coverage report (informational, not a gate)	2026-08-20T03:35:33.2486701Z   ...
test (20)	Coverage report (informational, not a gate)	2026-08-20T03:35:33.2487188Z # Subtest: --author= with empty value is a usage error
test (20)	Coverage report (informational, not a gate)	2026-08-20T03:35:33.2487821Z ok 22 - --author= with empty value is a usage error
test (20)	Coverage report (informational, not a gate)	2026-08-20T03:35:33.2488468Z   ---
test (20)	Coverage report (informational, not a gate)	2026-08-20T03:35:33.2488840Z   duration_ms: 0.078558
test (20)	Coverage report (informational, not a gate)	2026-08-20T03:35:33.2489228Z   ...
test (20)	Coverage report (informational, not a gate)	2026-08-20T03:35:33.2489796Z # Subtest: a bare positional argument (not a flag) is a usage error
test (20)	Coverage report (informational, not a gate)	2026-08-20T03:35:33.2490534Z ok 23 - a bare positional argument (not a flag) is a usage error
test (20)	Coverage report (informational, not a gate)	2026-08-20T03:35:33.2491080Z   ---
test (20)	Coverage report (informational, not a gate)	2026-08-20T03:35:33.2491433Z   duration_ms: 0.065798
test (20)	Coverage report (informational, not a gate)	2026-08-20T03:35:33.2491851Z   ...
test (20)	Coverage report (informational, not a gate)	2026-08-20T03:35:33.2492334Z # Subtest: parseArgs never throws on malformed input
test (20)	Coverage report (informational, not a gate)	2026-08-20T03:35:33.2492941Z ok 24 - parseArgs never throws on malformed input
test (20)	Coverage report (informational, not a gate)	2026-08-20T03:35:33.2493451Z   ---
test (20)	Coverage report (informational, not a gate)	2026-08-20T03:35:33.2493803Z   duration_ms: 0.252327
test (20)	Coverage report (informational, not a gate)	2026-08-20T03:35:33.2494183Z   ...
test (20)	Coverage report (informational, not a gate)	2026-08-20T03:35:33.2494680Z # Subtest: absent options are undefined/false, never null
test (20)	Coverage report (informational, not a gate)	2026-08-20T03:35:33.2495344Z ok 25 - absent options are undefined/false, never null
test (20)	Coverage report (informational, not a gate)	2026-08-20T03:35:33.2495824Z   ---
test (20)	Coverage report (informational, not a gate)	2026-08-20T03:35:33.2496173Z   duration_ms: 0.111396
test (20)	Coverage report (informational, not a gate)	2026-08-20T03:35:33.2496557Z   ...
test (20)	Coverage report (informational, not a gate)	2026-08-20T03:35:33.2497138Z # Subtest: HELP is a non-empty string mentioning every flag name
test (20)	Coverage report (informational, not a gate)	2026-08-20T03:35:33.2498164Z ok 26 - HELP is a non-empty string mentioning every flag name
test (20)	Coverage report (informational, not a gate)	2026-08-20T03:35:33.2498581Z   ---
test (20)	Coverage report (informational, not a gate)	2026-08-20T03:35:33.2498787Z   duration_ms: 0.145728
test (20)	Coverage report (informational, not a gate)	2026-08-20T03:35:33.2499008Z   ...
test (20)	Coverage report (informational, not a gate)	2026-08-20T03:35:33.2499390Z # Subtest: HELP fits comfortably on one 24-line terminal screen
test (20)	Coverage report (informational, not a gate)	2026-08-20T03:35:33.2500018Z ok 27 - HELP fits comfortably on one 24-line terminal screen
test (20)	Coverage report (informational, not a gate)	2026-08-20T03:35:33.2500422Z   ---
test (20)	Coverage report (informational, not a gate)	2026-08-20T03:35:33.2500672Z   duration_ms: 0.090967
test (20)	Coverage report (informational, not a gate)	2026-08-20T03:35:33.2500938Z   ...
test (20)	Coverage report (informational, not a gate)	2026-08-20T03:35:33.2501455Z # Subtest: --seed Infinity / --seed -Infinity parse to numbers, not a usage error
test (20)	Coverage report (informational, not a gate)	2026-08-20T03:35:33.2502524Z ok 28 - --seed Infinity / --seed -Infinity parse to numbers, not a usage error
test (20)	Coverage report (informational, not a gate)	2026-08-20T03:35:33.2502983Z   ---
test (20)	Coverage report (informational, not a gate)	2026-08-20T03:35:33.2503220Z   duration_ms: 0.10708
test (20)	Coverage report (informational, not a gate)	2026-08-20T03:35:33.2503481Z   ...
test (20)	Coverage report (informational, not a gate)	2026-08-20T03:35:36.3465846Z # Subtest: bare invocation prints one attributed aphorism and exits 0
test (20)	Coverage report (informational, not a gate)	2026-08-20T03:35:36.3486701Z ok 29 - bare invocation prints one attributed aphorism and exits 0
test (20)	Coverage report (informational, not a gate)	2026-08-20T03:35:36.3487103Z   ---
test (20)	Coverage report (informational, not a gate)	2026-08-20T03:35:36.3487298Z   duration_ms: 53.119987
test (20)	Coverage report (informational, not a gate)	2026-08-20T03:35:36.3487500Z   ...
test (20)	Coverage report (informational, not a gate)	2026-08-20T03:35:36.3487832Z # Subtest: --seed is deterministic across separate processes
test (20)	Coverage report (informational, not a gate)	2026-08-20T03:35:36.3488584Z ok 30 - --seed is deterministic across separate processes
test (20)	Coverage report (informational, not a gate)	2026-08-20T03:35:36.3488998Z   ---
test (20)	Coverage report (informational, not a gate)	2026-08-20T03:35:36.3489234Z   duration_ms: 85.041795
test (20)	Coverage report (informational, not a gate)	2026-08-20T03:35:36.3489507Z   ...
test (20)	Coverage report (informational, not a gate)	2026-08-20T03:35:36.3489770Z # Subtest: different seeds do not all collapse to one aphorism
test (20)	Coverage report (informational, not a gate)	2026-08-20T03:35:36.3490141Z ok 31 - different seeds do not all collapse to one aphorism
test (20)	Coverage report (informational, not a gate)	2026-08-20T03:35:36.3490409Z   ---
test (20)	Coverage report (informational, not a gate)	2026-08-20T03:35:36.3490579Z   duration_ms: 446.022777
test (20)	Coverage report (informational, not a gate)	2026-08-20T03:35:36.3490750Z   ...
test (20)	Coverage report (informational, not a gate)	2026-08-20T03:35:36.3491060Z # Subtest: --json emits a single-line JSON object with text/author/tags
test (20)	Coverage report (informational, not a gate)	2026-08-20T03:35:36.3491473Z ok 32 - --json emits a single-line JSON object with text/author/tags
test (20)	Coverage report (informational, not a gate)	2026-08-20T03:35:36.3491736Z   ---
test (20)	Coverage report (informational, not a gate)	2026-08-20T03:35:36.3491905Z   duration_ms: 32.574309
test (20)	Coverage report (informational, not a gate)	2026-08-20T03:35:36.3492088Z   ...
test (20)	Coverage report (informational, not a gate)	2026-08-20T03:35:36.3492335Z # Subtest: --list prints every entry in the filtered set
test (20)	Coverage report (informational, not a gate)	2026-08-20T03:35:36.3492670Z ok 33 - --list prints every entry in the filtered set
test (20)	Coverage report (informational, not a gate)	2026-08-20T03:35:36.3492895Z   ---
test (20)	Coverage report (informational, not a gate)	2026-08-20T03:35:36.3493048Z   duration_ms: 32.510118
test (20)	Coverage report (informational, not a gate)	2026-08-20T03:35:36.3493217Z   ...
test (20)	Coverage report (informational, not a gate)	2026-08-20T03:35:36.3493447Z # Subtest: --help prints usage to stdout and exits 0
test (20)	Coverage report (informational, not a gate)	2026-08-20T03:35:36.3493755Z ok 34 - --help prints usage to stdout and exits 0
test (20)	Coverage report (informational, not a gate)	2026-08-20T03:35:36.3493985Z   ---
test (20)	Coverage report (informational, not a gate)	2026-08-20T03:35:36.3494139Z   duration_ms: 31.223453
test (20)	Coverage report (informational, not a gate)	2026-08-20T03:35:36.3494379Z   ...
test (20)	Coverage report (informational, not a gate)	2026-08-20T03:35:36.3494661Z # Subtest: no match exits 1 with stderr only and zero bytes on stdout
test (20)	Coverage report (informational, not a gate)	2026-08-20T03:35:36.3495300Z ok 35 - no match exits 1 with stderr only and zero bytes on stdout
test (20)	Coverage report (informational, not a gate)	2026-08-20T03:35:36.3495557Z   ---
test (20)	Coverage report (informational, not a gate)	2026-08-20T03:35:36.3495715Z   duration_ms: 32.071633
test (20)	Coverage report (informational, not a gate)	2026-08-20T03:35:36.3495886Z   ...
test (20)	Coverage report (informational, not a gate)	2026-08-20T03:35:36.3496141Z # Subtest: unknown flag is a usage error, exit 2, stdout clean
test (20)	Coverage report (informational, not a gate)	2026-08-20T03:35:36.3496489Z ok 36 - unknown flag is a usage error, exit 2, stdout clean
test (20)	Coverage report (informational, not a gate)	2026-08-20T03:35:36.3496728Z   ---
test (20)	Coverage report (informational, not a gate)	2026-08-20T03:35:36.3496881Z   duration_ms: 31.948047
test (20)	Coverage report (informational, not a gate)	2026-08-20T03:35:36.3497067Z   ...
test (20)	Coverage report (informational, not a gate)	2026-08-20T03:35:36.3497289Z # Subtest: non-numeric seed is a usage error, exit 2
test (20)	Coverage report (informational, not a gate)	2026-08-20T03:35:36.3507927Z ok 37 - non-numeric seed is a usage error, exit 2
test (20)	Coverage report (informational, not a gate)	2026-08-20T03:35:36.3510736Z   ---
test (20)	Coverage report (informational, not a gate)	2026-08-20T03:35:36.3510999Z   duration_ms: 31.890311
test (20)	Coverage report (informational, not a gate)	2026-08-20T03:35:36.3511270Z   ...
test (20)	Coverage report (informational, not a gate)	2026-08-20T03:35:36.3511694Z # Subtest: author filter is case-insensitive and narrows the list
test (20)	Coverage report (informational, not a gate)	2026-08-20T03:35:36.3512323Z ok 38 - author filter is case-insensitive and narrows the list
test (20)	Coverage report (informational, not a gate)	2026-08-20T03:35:36.3512719Z   ---
test (20)	Coverage report (informational, not a gate)	2026-08-20T03:35:36.3512961Z   duration_ms: 63.353242
test (20)	Coverage report (informational, not a gate)	2026-08-20T03:35:36.3513232Z   ...
test (20)	Coverage report (informational, not a gate)	2026-08-20T03:35:36.3513962Z # Subtest: output is pipe-safe — no ANSI escapes when not a TTY
test (20)	Coverage report (informational, not a gate)	2026-08-20T03:35:36.3514690Z ok 39 - output is pipe-safe — no ANSI escapes when not a TTY
test (20)	Coverage report (informational, not a gate)	2026-08-20T03:35:36.3515094Z   ---
test (20)	Coverage report (informational, not a gate)	2026-08-20T03:35:36.3515346Z   duration_ms: 32.875895
test (20)	Coverage report (informational, not a gate)	2026-08-20T03:35:36.3515635Z   ...
test (20)	Coverage report (informational, not a gate)	2026-08-20T03:35:36.3523422Z # Subtest: --tag matches membership, not substring containment
test (20)	Coverage report (informational, not a gate)	2026-08-20T03:35:36.3524107Z ok 40 - --tag matches membership, not substring containment
test (20)	Coverage report (informational, not a gate)	2026-08-20T03:35:36.3524504Z   ---
test (20)	Coverage report (informational, not a gate)	2026-08-20T03:35:36.3524746Z   duration_ms: 70.659565
test (20)	Coverage report (informational, not a gate)	2026-08-20T03:35:36.3525014Z   ...
test (20)	Coverage report (informational, not a gate)	2026-08-20T03:35:36.3525467Z # Subtest: --list prints exactly one line per matching entry, no drops
test (20)	Coverage report (informational, not a gate)	2026-08-20T03:35:36.3526111Z ok 41 - --list prints exactly one line per matching entry, no drops
test (20)	Coverage report (informational, not a gate)	2026-08-20T03:35:36.3526778Z   ---
test (20)	Coverage report (informational, not a gate)	2026-08-20T03:35:36.3527016Z   duration_ms: 30.982549
test (20)	Coverage report (informational, not a gate)	2026-08-20T03:35:36.3527317Z   ...
test (20)	Coverage report (informational, not a gate)	2026-08-20T03:35:36.3527783Z # Subtest: --list preserves corpus order (first and last line match)
test (20)	Coverage report (informational, not a gate)	2026-08-20T03:35:36.3529975Z ok 42 - --list preserves corpus order (first and last line match)
test (20)	Coverage report (informational, not a gate)	2026-08-20T03:35:36.3530622Z   ---
test (20)	Coverage report (informational, not a gate)	2026-08-20T03:35:36.3531229Z   duration_ms: 31.615332
test (20)	Coverage report (informational, not a gate)	2026-08-20T03:35:36.3531752Z   ...
test (20)	Coverage report (informational, not a gate)	2026-08-20T03:35:36.3532428Z # Subtest: --json output is exactly one line, never pretty-printed
test (20)	Coverage report (informational, not a gate)	2026-08-20T03:35:36.3533271Z ok 43 - --json output is exactly one line, never pretty-printed
test (20)	Coverage report (informational, not a gate)	2026-08-20T03:35:36.3533906Z   ---
test (20)	Coverage report (informational, not a gate)	2026-08-20T03:35:36.3534364Z   duration_ms: 31.482964
test (20)	Coverage report (informational, not a gate)	2026-08-20T03:35:36.3534827Z   ...
test (20)	Coverage report (informational, not a gate)	2026-08-20T03:35:36.3535630Z # Subtest: --list --json emits newline-delimited JSON, one object per line, in corpus order
test (20)	Coverage report (informational, not a gate)	2026-08-20T03:35:36.3536703Z ok 44 - --list --json emits newline-delimited JSON, one object per line, in corpus order
test (20)	Coverage report (informational, not a gate)	2026-08-20T03:35:36.3537432Z   ---
test (20)	Coverage report (informational, not a gate)	2026-08-20T03:35:36.3537875Z   duration_ms: 32.23217
test (20)	Coverage report (informational, not a gate)	2026-08-20T03:35:36.3538591Z   ...
test (20)	Coverage report (informational, not a gate)	2026-08-20T03:35:36.3539575Z # Subtest: --json composes with --seed: the seeded JSON pick is reproducible AND is the same entry as the plain-text pick
test (20)	Coverage report (informational, not a gate)	2026-08-20T03:35:36.3540920Z ok 45 - --json composes with --seed: the seeded JSON pick is reproducible AND is the same entry as the plain-text pick
test (20)	Coverage report (informational, not a gate)	2026-08-20T03:35:36.3541775Z   ---
test (20)	Coverage report (informational, not a gate)	2026-08-20T03:35:36.3542207Z   duration_ms: 567.790565
test (20)	Coverage report (informational, not a gate)	2026-08-20T03:35:36.3542683Z   ...
test (20)	Coverage report (informational, not a gate)	2026-08-20T03:35:36.3543527Z # Subtest: --json composes with the filter flags: the JSON pick is always a member of the FILTERED set
test (20)	Coverage report (informational, not a gate)	2026-08-20T03:35:36.3544709Z ok 46 - --json composes with the filter flags: the JSON pick is always a member of the FILTERED set
test (20)	Coverage report (informational, not a gate)	2026-08-20T03:35:36.3545497Z   ---
test (20)	Coverage report (informational, not a gate)	2026-08-20T03:35:36.3545939Z   duration_ms: 747.135351
test (20)	Coverage report (informational, not a gate)	2026-08-20T03:35:36.3546411Z   ...
test (20)	Coverage report (informational, not a gate)	2026-08-20T03:35:36.3547201Z # Subtest: --list accepts a valid --seed and IGNORES it: output is byte-identical across seeds
test (20)	Coverage report (informational, not a gate)	2026-08-20T03:35:36.3548498Z ok 47 - --list accepts a valid --seed and IGNORES it: output is byte-identical across seeds
test (20)	Coverage report (informational, not a gate)	2026-08-20T03:35:36.3549581Z   ---
test (20)	Coverage report (informational, not a gate)	2026-08-20T03:35:36.3549995Z   duration_ms: 320.772658
test (20)	Coverage report (informational, not a gate)	2026-08-20T03:35:36.3550428Z   ...
test (20)	Coverage report (informational, not a gate)	2026-08-20T03:35:36.3551190Z # Subtest: --list --seed abc is a usage error, exit 2, stdout empty, stderr carries the diagnostic
test (20)	Coverage report (informational, not a gate)	2026-08-20T03:35:36.3552288Z ok 48 - --list --seed abc is a usage error, exit 2, stdout empty, stderr carries the diagnostic
test (20)	Coverage report (informational, not a gate)	2026-08-20T03:35:36.3552987Z   ---
test (20)	Coverage report (informational, not a gate)	2026-08-20T03:35:36.3553418Z   duration_ms: 30.964011
test (20)	Coverage report (informational, not a gate)	2026-08-20T03:35:36.3553858Z   ...
test (20)	Coverage report (informational, not a gate)	2026-08-20T03:35:36.3554657Z # Subtest: --seed abc --list (erroring flag BEFORE --list) is still a usage error, exit 2, stdout empty
test (20)	Coverage report (informational, not a gate)	2026-08-20T03:35:36.3555836Z ok 49 - --seed abc --list (erroring flag BEFORE --list) is still a usage error, exit 2, stdout empty
test (20)	Coverage report (informational, not a gate)	2026-08-20T03:35:36.3556573Z   ---
test (20)	Coverage report (informational, not a gate)	2026-08-20T03:35:36.3557003Z   duration_ms: 30.103723
test (20)	Coverage report (informational, not a gate)	2026-08-20T03:35:36.3557475Z   ...
test (20)	Coverage report (informational, not a gate)	2026-08-20T03:35:36.3558230Z # Subtest: --list --seed=  (empty seed value) is a usage error, exit 2, stdout empty
test (20)	Coverage report (informational, not a gate)	2026-08-20T03:35:36.3588869Z ok 50 - --list --seed=  (empty seed value) is a usage error, exit 2, stdout empty
test (20)	Coverage report (informational, not a gate)	2026-08-20T03:35:36.3590945Z   ---
test (20)	Coverage report (informational, not a gate)	2026-08-20T03:35:36.3591206Z   duration_ms: 32.670645
test (20)	Coverage report (informational, not a gate)	2026-08-20T03:35:36.3591433Z   ...
test (20)	Coverage report (informational, not a gate)	2026-08-20T03:35:36.3591837Z # Subtest: --list --seed "   " (whitespace-only seed value) is a usage error, exit 2, stdout empty
test (20)	Coverage report (informational, not a gate)	2026-08-20T03:35:36.3592396Z ok 51 - --list --seed "   " (whitespace-only seed value) is a usage error, exit 2, stdout empty
test (20)	Coverage report (informational, not a gate)	2026-08-20T03:35:36.3592725Z   ---
test (20)	Coverage report (informational, not a gate)	2026-08-20T03:35:36.3592889Z   duration_ms: 30.918553
test (20)	Coverage report (informational, not a gate)	2026-08-20T03:35:36.3593065Z   ...
test (20)	Coverage report (informational, not a gate)	2026-08-20T03:35:36.3593727Z # Subtest: --list --nosuchflag (unknown flag) is a usage error, exit 2, stdout empty — --list does not swallow it
test (20)	Coverage report (informational, not a gate)	2026-08-20T03:35:36.3594900Z ok 52 - --list --nosuchflag (unknown flag) is a usage error, exit 2, stdout empty — --list does not swallow it
test (20)	Coverage report (informational, not a gate)	2026-08-20T03:35:36.3595759Z   ---
test (20)	Coverage report (informational, not a gate)	2026-08-20T03:35:36.3596025Z   duration_ms: 29.638697
test (20)	Coverage report (informational, not a gate)	2026-08-20T03:35:36.3596468Z   ...
test (20)	Coverage report (informational, not a gate)	2026-08-20T03:35:36.3597124Z # Subtest: --nosuchflag --list (unknown flag BEFORE --list) is still a usage error, exit 2, stdout empty
test (20)	Coverage report (informational, not a gate)	2026-08-20T03:35:36.3598253Z ok 53 - --nosuchflag --list (unknown flag BEFORE --list) is still a usage error, exit 2, stdout empty
test (20)	Coverage report (informational, not a gate)	2026-08-20T03:35:36.3623088Z   ---
test (20)	Coverage report (informational, not a gate)	2026-08-20T03:35:36.3623542Z   duration_ms: 31.579412
test (20)	Coverage report (informational, not a gate)	2026-08-20T03:35:36.3624060Z   ...
test (20)	Coverage report (informational, not a gate)	2026-08-20T03:35:36.3624860Z # Subtest: plain single-pick output is TWO lines: text, newline, four-space indent, EM DASH, space, author
test (20)	Coverage report (informational, not a gate)	2026-08-20T03:35:36.3626111Z ok 54 - plain single-pick output is TWO lines: text, newline, four-space indent, EM DASH, space, author
test (20)	Coverage report (informational, not a gate)	2026-08-20T03:35:36.3626989Z   ---
test (20)	Coverage report (informational, not a gate)	2026-08-20T03:35:36.3627408Z   duration_ms: 31.618029
test (20)	Coverage report (informational, not a gate)	2026-08-20T03:35:36.3627708Z   ...
test (20)	Coverage report (informational, not a gate)	2026-08-20T03:35:36.3628538Z # Subtest: --seed Infinity and --seed -Infinity (typed as CLI strings) are accepted and deterministic
test (20)	Coverage report (informational, not a gate)	2026-08-20T03:35:36.3629548Z ok 55 - --seed Infinity and --seed -Infinity (typed as CLI strings) are accepted and deterministic
test (20)	Coverage report (informational, not a gate)	2026-08-20T03:35:36.3630129Z   ---
test (20)	Coverage report (informational, not a gate)	2026-08-20T03:35:36.3630386Z   duration_ms: 126.012481
test (20)	Coverage report (informational, not a gate)	2026-08-20T03:35:36.3630660Z   ...
test (20)	Coverage report (informational, not a gate)	2026-08-20T03:35:36.3631260Z # Subtest: --list with a filter that matches nothing is STILL exit 1, stderr only, stdout empty
test (20)	Coverage report (informational, not a gate)	2026-08-20T03:35:36.3632164Z ok 56 - --list with a filter that matches nothing is STILL exit 1, stderr only, stdout empty
test (20)	Coverage report (informational, not a gate)	2026-08-20T03:35:36.3632701Z   ---
test (20)	Coverage report (informational, not a gate)	2026-08-20T03:35:36.3632953Z   duration_ms: 62.953717
test (20)	Coverage report (informational, not a gate)	2026-08-20T03:35:36.3633257Z   ...
test (20)	Coverage report (informational, not a gate)	2026-08-20T03:35:36.3634043Z # Subtest: --tag "" (bare empty-string value) matches nothing: whole-tag equality against the literal "" is not a filter no-op
test (20)	Coverage report (informational, not a gate)	2026-08-20T03:35:36.3635277Z ok 57 - --tag "" (bare empty-string value) matches nothing: whole-tag equality against the literal "" is not a filter no-op
test (20)	Coverage report (informational, not a gate)	2026-08-20T03:35:36.3635953Z   ---
test (20)	Coverage report (informational, not a gate)	2026-08-20T03:35:36.3636205Z   duration_ms: 30.654507
test (20)	Coverage report (informational, not a gate)	2026-08-20T03:35:36.3636508Z   ...
test (20)	Coverage report (informational, not a gate)	2026-08-20T03:35:36.4813821Z # Subtest: README Node support citation: cited git diff must be empty (or the check must skip on a missing precondition)
test (20)	Coverage report (informational, not a gate)	2026-08-20T03:35:36.4816220Z ok 58 - README Node support citation: cited git diff must be empty (or the check must skip on a missing precondition) # SKIP cited base commit 0c2ed40 is not reachable in this checkout (likely a shallow clone) -- cannot evaluate the README's Node support citation
test (20)	Coverage report (informational, not a gate)	2026-08-20T03:35:36.4817422Z   ---
test (20)	Coverage report (informational, not a gate)	2026-08-20T03:35:36.4817681Z   duration_ms: 9.147655
test (20)	Coverage report (informational, not a gate)	2026-08-20T03:35:36.4817946Z   ...
test (20)	Coverage report (informational, not a gate)	2026-08-20T03:35:36.4818515Z # Subtest: --list | true: exits quietly, zero stderr, no crash banner
test (20)	Coverage report (informational, not a gate)	2026-08-20T03:35:36.4819127Z ok 59 - --list | true: exits quietly, zero stderr, no crash banner
test (20)	Coverage report (informational, not a gate)	2026-08-20T03:35:36.4819531Z   ---
test (20)	Coverage report (informational, not a gate)	2026-08-20T03:35:36.4819762Z   duration_ms: 48.480441
test (20)	Coverage report (informational, not a gate)	2026-08-20T03:35:36.4820038Z   ...
test (20)	Coverage report (informational, not a gate)	2026-08-20T03:35:36.4820504Z # Subtest: | true (no --list, single aphorism): exits quietly, zero stderr
test (20)	Coverage report (informational, not a gate)	2026-08-20T03:35:36.4821159Z ok 60 - | true (no --list, single aphorism): exits quietly, zero stderr
test (20)	Coverage report (informational, not a gate)	2026-08-20T03:35:36.4821569Z   ---
test (20)	Coverage report (informational, not a gate)	2026-08-20T03:35:36.4821793Z   duration_ms: 52.384903
test (20)	Coverage report (informational, not a gate)	2026-08-20T03:35:36.4822052Z   ...
test (20)	Coverage report (informational, not a gate)	2026-08-20T03:35:36.4822492Z # Subtest: --list | head -0: exits quietly, zero stderr, no crash banner
test (20)	Coverage report (informational, not a gate)	2026-08-20T03:35:36.4823108Z ok 61 - --list | head -0: exits quietly, zero stderr, no crash banner
test (20)	Coverage report (informational, not a gate)	2026-08-20T03:35:36.4823502Z   ---
test (20)	Coverage report (informational, not a gate)	2026-08-20T03:35:36.4823722Z   duration_ms: 47.674877
test (20)	Coverage report (informational, not a gate)	2026-08-20T03:35:36.4823974Z   ...
test (20)	Coverage report (informational, not a gate)	2026-08-20T03:35:36.4824448Z # Subtest: --list | /nonexistent-cmd-xyz: no crash banner from the CLI itself
test (20)	Coverage report (informational, not a gate)	2026-08-20T03:35:36.4825132Z ok 62 - --list | /nonexistent-cmd-xyz: no crash banner from the CLI itself
test (20)	Coverage report (informational, not a gate)	2026-08-20T03:35:36.4825560Z   ---
test (20)	Coverage report (informational, not a gate)	2026-08-20T03:35:36.4825788Z   duration_ms: 39.46922
test (20)	Coverage report (informational, not a gate)	2026-08-20T03:35:36.4826044Z   ...
test (20)	Coverage report (informational, not a gate)	2026-08-20T03:35:36.4826597Z # Subtest: non-EPIPE stdout write failure: reported, not silent, not exit 1, no stack trace
test (20)	Coverage report (informational, not a gate)	2026-08-20T03:35:36.4827421Z ok 63 - non-EPIPE stdout write failure: reported, not silent, not exit 1, no stack trace
test (20)	Coverage report (informational, not a gate)	2026-08-20T03:35:36.4828217Z   ---
test (20)	Coverage report (informational, not a gate)	2026-08-20T03:35:36.4828444Z   duration_ms: 33.710063
test (20)	Coverage report (informational, not a gate)	2026-08-20T03:35:36.4828695Z   ...
test (20)	Coverage report (informational, not a gate)	2026-08-20T03:35:36.4829225Z # Subtest: usage error survives a closed stderr reader: still exits 2, not clobbered to 1
test (20)	Coverage report (informational, not a gate)	2026-08-20T03:35:36.4829997Z ok 64 - usage error survives a closed stderr reader: still exits 2, not clobbered to 1
test (20)	Coverage report (informational, not a gate)	2026-08-20T03:35:36.4830313Z   ---
test (20)	Coverage report (informational, not a gate)	2026-08-20T03:35:36.4830467Z   duration_ms: 121.268048
test (20)	Coverage report (informational, not a gate)	2026-08-20T03:35:36.4830641Z   ...
test (20)	Coverage report (informational, not a gate)	2026-08-20T03:35:36.4831013Z # Subtest: no-match exit code survives a closed stderr reader: still exits 1, not misreported
test (20)	Coverage report (informational, not a gate)	2026-08-20T03:35:36.4831527Z ok 65 - no-match exit code survives a closed stderr reader: still exits 1, not misreported
test (20)	Coverage report (informational, not a gate)	2026-08-20T03:35:36.4831855Z   ---
test (20)	Coverage report (informational, not a gate)	2026-08-20T03:35:36.4832014Z   duration_ms: 102.832877
test (20)	Coverage report (informational, not a gate)	2026-08-20T03:35:36.4832190Z   ...
test (20)	Coverage report (informational, not a gate)	2026-08-20T03:35:36.4832592Z # Subtest: non-EPIPE stderr write failure: not silent, not the earned exit code, no stack trace
test (20)	Coverage report (informational, not a gate)	2026-08-20T03:35:36.4833148Z ok 66 - non-EPIPE stderr write failure: not silent, not the earned exit code, no stack trace
test (20)	Coverage report (informational, not a gate)	2026-08-20T03:35:36.4833486Z   ---
test (20)	Coverage report (informational, not a gate)	2026-08-20T03:35:36.4833654Z   duration_ms: 34.451062
test (20)	Coverage report (informational, not a gate)	2026-08-20T03:35:36.4833827Z   ...
test (20)	Coverage report (informational, not a gate)	2026-08-20T03:35:36.4834089Z # Subtest: control: --list | head -1 stays completely clean
test (20)	Coverage report (informational, not a gate)	2026-08-20T03:35:36.4834429Z ok 67 - control: --list | head -1 stays completely clean
test (20)	Coverage report (informational, not a gate)	2026-08-20T03:35:36.4834658Z   ---
test (20)	Coverage report (informational, not a gate)	2026-08-20T03:35:36.4834811Z   duration_ms: 31.922554
test (20)	Coverage report (informational, not a gate)	2026-08-20T03:35:36.4834982Z   ...
test (20)	Coverage report (informational, not a gate)	2026-08-20T03:35:36.4835223Z # Subtest: control: --list | head -5 stays completely clean
test (20)	Coverage report (informational, not a gate)	2026-08-20T03:35:36.4835544Z ok 68 - control: --list | head -5 stays completely clean
test (20)	Coverage report (informational, not a gate)	2026-08-20T03:35:36.4835772Z   ---
test (20)	Coverage report (informational, not a gate)	2026-08-20T03:35:36.4835922Z   duration_ms: 33.039935
test (20)	Coverage report (informational, not a gate)	2026-08-20T03:35:36.4836086Z   ...
test (20)	Coverage report (informational, not a gate)	2026-08-20T03:35:36.4836328Z # Subtest: control: --list | sed 1q stays completely clean
test (20)	Coverage report (informational, not a gate)	2026-08-20T03:35:36.4836665Z ok 69 - control: --list | sed 1q stays completely clean
test (20)	Coverage report (informational, not a gate)	2026-08-20T03:35:36.4836896Z   ---
test (20)	Coverage report (informational, not a gate)	2026-08-20T03:35:36.4837181Z   duration_ms: 31.535229
test (20)	Coverage report (informational, not a gate)	2026-08-20T03:35:36.4837357Z   ...
test (20)	Coverage report (informational, not a gate)	2026-08-20T03:35:36.4837715Z # Subtest: control: --list | grep -q . stays completely clean
test (20)	Coverage report (informational, not a gate)	2026-08-20T03:35:36.4838461Z ok 70 - control: --list | grep -q . stays completely clean
test (20)	Coverage report (informational, not a gate)	2026-08-20T03:35:36.4838854Z   ---
test (20)	Coverage report (informational, not a gate)	2026-08-20T03:35:36.4839059Z   duration_ms: 31.787838
test (20)	Coverage report (informational, not a gate)	2026-08-20T03:35:36.4839297Z   ...
test (20)	Coverage report (informational, not a gate)	2026-08-20T03:35:36.4839629Z # Subtest: control: | wc -l stays completely clean
test (20)	Coverage report (informational, not a gate)	2026-08-20T03:35:36.4840110Z ok 71 - control: | wc -l stays completely clean
test (20)	Coverage report (informational, not a gate)	2026-08-20T03:35:36.4840466Z   ---
test (20)	Coverage report (informational, not a gate)	2026-08-20T03:35:36.4840704Z   duration_ms: 31.694087
test (20)	Coverage report (informational, not a gate)	2026-08-20T03:35:36.4840970Z   ...
test (20)	Coverage report (informational, not a gate)	2026-08-20T03:35:36.4841402Z # Subtest: control: --list --json | head -2 stays completely clean
test (20)	Coverage report (informational, not a gate)	2026-08-20T03:35:36.4842005Z ok 72 - control: --list --json | head -2 stays completely clean
test (20)	Coverage report (informational, not a gate)	2026-08-20T03:35:36.4842439Z   ---
test (20)	Coverage report (informational, not a gate)	2026-08-20T03:35:36.4842682Z   duration_ms: 31.370283
test (20)	Coverage report (informational, not a gate)	2026-08-20T03:35:36.4842952Z   ...
test (20)	Coverage report (informational, not a gate)	2026-08-20T03:35:36.4843411Z # Subtest: control: exit 1 / exit 2 stderr messages and codes are unchanged
test (20)	Coverage report (informational, not a gate)	2026-08-20T03:35:36.4844080Z ok 73 - control: exit 1 / exit 2 stderr messages and codes are unchanged
test (20)	Coverage report (informational, not a gate)	2026-08-20T03:35:36.4844499Z   ---
test (20)	Coverage report (informational, not a gate)	2026-08-20T03:35:36.4844723Z   duration_ms: 60.259534
test (20)	Coverage report (informational, not a gate)	2026-08-20T03:35:36.4844981Z   ...
test (20)	Coverage report (informational, not a gate)	2026-08-20T03:35:36.4845489Z # Subtest: control: a normal (non-full) stdout target still exits 0 with empty stderr
test (20)	Coverage report (informational, not a gate)	2026-08-20T03:35:36.4846172Z ok 74 - control: a normal (non-full) stdout target still exits 0 with empty stderr
test (20)	Coverage report (informational, not a gate)	2026-08-20T03:35:36.4846468Z   ---
test (20)	Coverage report (informational, not a gate)	2026-08-20T03:35:36.4846622Z   duration_ms: 72.930781
test (20)	Coverage report (informational, not a gate)	2026-08-20T03:35:36.4846790Z   ...
test (20)	Coverage report (informational, not a gate)	2026-08-20T03:35:36.4847004Z # Subtest: README tags must exist in corpus
test (20)	Coverage report (informational, not a gate)	2026-08-20T03:35:36.4868706Z ok 75 - README tags must exist in corpus
test (20)	Coverage report (informational, not a gate)	2026-08-20T03:35:36.4881841Z   ---
test (20)	Coverage report (informational, not a gate)	2026-08-20T03:35:36.4882086Z   duration_ms: 3.437212
test (20)	Coverage report (informational, not a gate)	2026-08-20T03:35:36.4882341Z   ...
test (20)	Coverage report (informational, not a gate)	2026-08-20T03:35:36.4882658Z # Subtest: README tag counts must match corpus
test (20)	Coverage report (informational, not a gate)	2026-08-20T03:35:36.4883302Z ok 76 - README tag counts must match corpus
test (20)	Coverage report (informational, not a gate)	2026-08-20T03:35:36.4883642Z   ---
test (20)	Coverage report (informational, not a gate)	2026-08-20T03:35:36.4883878Z   duration_ms: 0.490815
test (20)	Coverage report (informational, not a gate)	2026-08-20T03:35:36.4884138Z   ...
test (20)	Coverage report (informational, not a gate)	2026-08-20T03:35:36.4884520Z # Subtest: README must state total unique tags correctly
test (20)	Coverage report (informational, not a gate)	2026-08-20T03:35:36.4884993Z ok 77 - README must state total unique tags correctly
test (20)	Coverage report (informational, not a gate)	2026-08-20T03:35:36.4885338Z   ---
test (20)	Coverage report (informational, not a gate)	2026-08-20T03:35:36.4885570Z   duration_ms: 0.322102
test (20)	Coverage report (informational, not a gate)	2026-08-20T03:35:36.4885829Z   ...
test (20)	Coverage report (informational, not a gate)	2026-08-20T03:35:36.4886251Z # Subtest: README must correctly describe single-entry tag count
test (20)	Coverage report (informational, not a gate)	2026-08-20T03:35:36.4886853Z ok 78 - README must correctly describe single-entry tag count
test (20)	Coverage report (informational, not a gate)	2026-08-20T03:35:36.4887253Z   ---
test (20)	Coverage report (informational, not a gate)	2026-08-20T03:35:36.4887505Z   duration_ms: 0.357865
test (20)	Coverage report (informational, not a gate)	2026-08-20T03:35:36.4887773Z   ...
test (20)	Coverage report (informational, not a gate)	2026-08-20T03:35:36.4888390Z # Subtest: README must list all single-entry tags
test (20)	Coverage report (informational, not a gate)	2026-08-20T03:35:36.4888879Z ok 79 - README must list all single-entry tags
test (20)	Coverage report (informational, not a gate)	2026-08-20T03:35:36.4889240Z   ---
test (20)	Coverage report (informational, not a gate)	2026-08-20T03:35:36.4889495Z   duration_ms: 0.319488
test (20)	Coverage report (informational, not a gate)	2026-08-20T03:35:36.4889772Z   ...
test (20)	Coverage report (informational, not a gate)	2026-08-20T03:35:36.4890672Z # Subtest: README Tag vocabulary section carries a tag+entry sentence with a single-entry marker (token co-occurrence guard, not a meaning check)
test (20)	Coverage report (informational, not a gate)	2026-08-20T03:35:36.4892042Z ok 80 - README Tag vocabulary section carries a tag+entry sentence with a single-entry marker (token co-occurrence guard, not a meaning check)
test (20)	Coverage report (informational, not a gate)	2026-08-20T03:35:36.4892784Z   ---
test (20)	Coverage report (informational, not a gate)	2026-08-20T03:35:36.4893025Z   duration_ms: 0.726227
test (20)	Coverage report (informational, not a gate)	2026-08-20T03:35:36.4893284Z   ...
test (20)	Coverage report (informational, not a gate)	2026-08-20T03:35:36.4894290Z # Subtest: extractBandTablesFromReadme tolerates a prose sentence between a band heading and its table (T-025), without mis-attaching a table when the real one is missing
test (20)	Coverage report (informational, not a gate)	2026-08-20T03:35:36.4895906Z ok 81 - extractBandTablesFromReadme tolerates a prose sentence between a band heading and its table (T-025), without mis-attaching a table when the real one is missing
test (20)	Coverage report (informational, not a gate)	2026-08-20T03:35:36.4896732Z   ---
test (20)	Coverage report (informational, not a gate)	2026-08-20T03:35:36.4896972Z   duration_ms: 1.423119
test (20)	Coverage report (informational, not a gate)	2026-08-20T03:35:36.4897238Z   ...
test (20)	Coverage report (informational, not a gate)	2026-08-20T03:35:36.4898270Z # Subtest: extractBandTablesFromReadme does not let a band-shaped PROSE line steal a real heading's table (T-039)
test (20)	Coverage report (informational, not a gate)	2026-08-20T03:35:36.4899257Z ok 82 - extractBandTablesFromReadme does not let a band-shaped PROSE line steal a real heading's table (T-039)
test (20)	Coverage report (informational, not a gate)	2026-08-20T03:35:36.4899679Z   ---
test (20)	Coverage report (informational, not a gate)	2026-08-20T03:35:36.4899846Z   duration_ms: 0.242262
test (20)	Coverage report (informational, not a gate)	2026-08-20T03:35:36.4900035Z   ...
test (20)	Coverage report (informational, not a gate)	2026-08-20T03:35:36.4900451Z # Subtest: extractBandTablesFromReadme does not read a fenced example block as a second, real band table
test (20)	Coverage report (informational, not a gate)	2026-08-20T03:35:36.4901083Z ok 83 - extractBandTablesFromReadme does not read a fenced example block as a second, real band table
test (20)	Coverage report (informational, not a gate)	2026-08-20T03:35:36.4901458Z   ---
test (20)	Coverage report (informational, not a gate)	2026-08-20T03:35:36.4901623Z   duration_ms: 0.177235
test (20)	Coverage report (informational, not a gate)	2026-08-20T03:35:36.4901822Z   ...
test (20)	Coverage report (informational, not a gate)	2026-08-20T03:35:36.4902553Z # Subtest: extractBandTablesFromReadme's recognised bands account for every structural `| Tag | Count |` table -- a table under an unrecognised heading shape is a loud mismatch, not a silent miss
test (20)	Coverage report (informational, not a gate)	2026-08-20T03:35:36.4903691Z ok 84 - extractBandTablesFromReadme's recognised bands account for every structural `| Tag | Count |` table -- a table under an unrecognised heading shape is a loud mismatch, not a silent miss
test (20)	Coverage report (informational, not a gate)	2026-08-20T03:35:36.4904282Z   ---
test (20)	Coverage report (informational, not a gate)	2026-08-20T03:35:36.4904461Z   duration_ms: 0.33421
test (20)	Coverage report (informational, not a gate)	2026-08-20T03:35:36.4904673Z   ...
test (20)	Coverage report (informational, not a gate)	2026-08-20T03:35:36.4905302Z # Subtest: every `| Tag | Count |` table in the real README Tag vocabulary section is a recognised band table (no table may hide under an unrecognised heading shape)
test (20)	Coverage report (informational, not a gate)	2026-08-20T03:35:36.4906249Z ok 85 - every `| Tag | Count |` table in the real README Tag vocabulary section is a recognised band table (no table may hide under an unrecognised heading shape)
test (20)	Coverage report (informational, not a gate)	2026-08-20T03:35:36.4906776Z   ---
test (20)	Coverage report (informational, not a gate)	2026-08-20T03:35:36.4906949Z   duration_ms: 0.518305
test (20)	Coverage report (informational, not a gate)	2026-08-20T03:35:36.4907162Z   ...
test (20)	Coverage report (informational, not a gate)	2026-08-20T03:35:36.4907614Z # Subtest: every band table in README Tag vocabulary contains exactly the corpus tags whose count fits that band
test (20)	Coverage report (informational, not a gate)	2026-08-20T03:35:36.4908698Z ok 86 - every band table in README Tag vocabulary contains exactly the corpus tags whose count fits that band
test (20)	Coverage report (informational, not a gate)	2026-08-20T03:35:36.4909068Z   ---
test (20)	Coverage report (informational, not a gate)	2026-08-20T03:35:36.4909226Z   duration_ms: 0.39467
test (20)	Coverage report (informational, not a gate)	2026-08-20T03:35:36.4909396Z   ...
test (20)	Coverage report (informational, not a gate)	2026-08-20T03:35:36.4909931Z # Subtest: every corpus tag appearing on 2+ entries must have a row in some band table (no band table may be deleted wholesale) (T-019)
test (20)	Coverage report (informational, not a gate)	2026-08-20T03:35:36.4910718Z ok 87 - every corpus tag appearing on 2+ entries must have a row in some band table (no band table may be deleted wholesale) (T-019)
test (20)	Coverage report (informational, not a gate)	2026-08-20T03:35:36.4911151Z   ---
test (20)	Coverage report (informational, not a gate)	2026-08-20T03:35:36.4911338Z   duration_ms: 0.349903
test (20)	Coverage report (informational, not a gate)	2026-08-20T03:35:36.4911514Z   ...
test (20)	Coverage report (informational, not a gate)	2026-08-20T03:35:36.4912110Z # Subtest: extractBandTablesFromReadme derives a band's row count purely from its table, ignoring decoy "N tags" phrases in the heading line (T-024b)
test (20)	Coverage report (informational, not a gate)	2026-08-20T03:35:36.4913045Z ok 88 - extractBandTablesFromReadme derives a band's row count purely from its table, ignoring decoy "N tags" phrases in the heading line (T-024b)
test (20)	Coverage report (informational, not a gate)	2026-08-20T03:35:36.4913543Z   ---
test (20)	Coverage report (informational, not a gate)	2026-08-20T03:35:36.4913726Z   duration_ms: 0.188782
test (20)	Coverage report (informational, not a gate)	2026-08-20T03:35:36.4913914Z   ...
test (20)	Coverage report (informational, not a gate)	2026-08-20T03:35:36.4914320Z # Subtest: README opening sentence must state correct multi-entry and single-entry tag counts
test (20)	Coverage report (informational, not a gate)	2026-08-20T03:35:36.4914917Z ok 89 - README opening sentence must state correct multi-entry and single-entry tag counts
test (20)	Coverage report (informational, not a gate)	2026-08-20T03:35:36.4915276Z   ---
test (20)	Coverage report (informational, not a gate)	2026-08-20T03:35:36.4915450Z   duration_ms: 0.47499
test (20)	Coverage report (informational, not a gate)	2026-08-20T03:35:36.4915628Z   ...
test (20)	Coverage report (informational, not a gate)	2026-08-20T03:35:36.4916026Z # Subtest: README Tag vocabulary section must contain no unrecognised count-claim digits (J-5)
test (20)	Coverage report (informational, not a gate)	2026-08-20T03:35:36.4916603Z ok 90 - README Tag vocabulary section must contain no unrecognised count-claim digits (J-5)
test (20)	Coverage report (informational, not a gate)	2026-08-20T03:35:36.4916967Z   ---
test (20)	Coverage report (informational, not a gate)	2026-08-20T03:35:36.4917132Z   duration_ms: 0.966366
test (20)	Coverage report (informational, not a gate)	2026-08-20T03:35:36.4917316Z   ...
test (20)	Coverage report (informational, not a gate)	2026-08-20T03:35:36.4917785Z # Subtest: README Attribution table "Entries ranked" count must match corpus.length and the triage doc (C1)
test (20)	Coverage report (informational, not a gate)	2026-08-20T03:35:36.4918768Z ok 91 - README Attribution table "Entries ranked" count must match corpus.length and the triage doc (C1)
test (20)	Coverage report (informational, not a gate)	2026-08-20T03:35:36.4919418Z   ---
test (20)	Coverage report (informational, not a gate)	2026-08-20T03:35:36.4919730Z   duration_ms: 1.274336
test (20)	Coverage report (informational, not a gate)	2026-08-20T03:35:36.4919987Z   ...
test (20)	Coverage report (informational, not a gate)	2026-08-20T03:35:36.4920552Z # Subtest: README Attribution table "Rated HIGH risk" count must match the triage doc table (C2)
test (20)	Coverage report (informational, not a gate)	2026-08-20T03:35:36.4921194Z ok 92 - README Attribution table "Rated HIGH risk" count must match the triage doc table (C2)
test (20)	Coverage report (informational, not a gate)	2026-08-20T03:35:36.4921616Z   ---
test (20)	Coverage report (informational, not a gate)	2026-08-20T03:35:36.4921918Z   duration_ms: 0.524315
test (20)	Coverage report (informational, not a gate)	2026-08-20T03:35:36.4922184Z   ...
test (20)	Coverage report (informational, not a gate)	2026-08-20T03:35:36.4922832Z # Subtest: README Attribution section must contain no digit runs outside the counts table (C7)
test (20)	Coverage report (informational, not a gate)	2026-08-20T03:35:36.4923955Z ok 93 - README Attribution section must contain no digit runs outside the counts table (C7)
test (20)	Coverage report (informational, not a gate)	2026-08-20T03:35:36.4924634Z   ---
test (20)	Coverage report (informational, not a gate)	2026-08-20T03:35:36.4934515Z   duration_ms: 0.413328
test (20)	Coverage report (informational, not a gate)	2026-08-20T03:35:36.4934856Z   ...
test (20)	Coverage report (informational, not a gate)	2026-08-20T03:35:36.4935271Z # Subtest: README Layout section paths must exist on disk (C6)
test (20)	Coverage report (informational, not a gate)	2026-08-20T03:35:36.4935674Z ok 94 - README Layout section paths must exist on disk (C6)
test (20)	Coverage report (informational, not a gate)	2026-08-20T03:35:36.4935946Z   ---
test (20)	Coverage report (informational, not a gate)	2026-08-20T03:35:36.4936115Z   duration_ms: 0.561119
test (20)	Coverage report (informational, not a gate)	2026-08-20T03:35:36.4936293Z   ...
test (20)	Coverage report (informational, not a gate)	2026-08-20T03:35:36.4936720Z # Subtest: getListBehaviourSection tolerates a reformatted "--list behaviour" heading with no backticks (T-021)
test (20)	Coverage report (informational, not a gate)	2026-08-20T03:35:36.4937371Z ok 95 - getListBehaviourSection tolerates a reformatted "--list behaviour" heading with no backticks (T-021)
test (20)	Coverage report (informational, not a gate)	2026-08-20T03:35:36.4937786Z   ---
test (20)	Coverage report (informational, not a gate)	2026-08-20T03:35:36.4937958Z   duration_ms: 0.485446
test (20)	Coverage report (informational, not a gate)	2026-08-20T03:35:36.4938337Z   ...
test (20)	Coverage report (informational, not a gate)	2026-08-20T03:35:36.4938906Z # Subtest: getListBehaviourSection still fails on a SEPARATOR MISMATCH (not a heading-parse error) when a reformatted heading's literal is mutated (T-021)
test (20)	Coverage report (informational, not a gate)	2026-08-20T03:35:36.4940243Z ok 96 - getListBehaviourSection still fails on a SEPARATOR MISMATCH (not a heading-parse error) when a reformatted heading's literal is mutated (T-021)
test (20)	Coverage report (informational, not a gate)	2026-08-20T03:35:36.4941200Z   ---
test (20)	Coverage report (informational, not a gate)	2026-08-20T03:35:36.4941434Z   duration_ms: 0.309694
test (20)	Coverage report (informational, not a gate)	2026-08-20T03:35:36.4941710Z   ...
test (20)	Coverage report (informational, not a gate)	2026-08-20T03:35:36.4942439Z # Subtest: getListBehaviourSection reports ambiguity loudly instead of taking the first of two qualifying headings (T-021)
test (20)	Coverage report (informational, not a gate)	2026-08-20T03:35:36.4943335Z ok 97 - getListBehaviourSection reports ambiguity loudly instead of taking the first of two qualifying headings (T-021)
test (20)	Coverage report (informational, not a gate)	2026-08-20T03:35:36.4943741Z   ---
test (20)	Coverage report (informational, not a gate)	2026-08-20T03:35:36.4943911Z   duration_ms: 1.152094
test (20)	Coverage report (informational, not a gate)	2026-08-20T03:35:36.4944088Z   ...
test (20)	Coverage report (informational, not a gate)	2026-08-20T03:35:36.4944488Z # Subtest: getListBehaviourSection does not let "--list-only" satisfy the standalone `--list` token (T-021)
test (20)	Coverage report (informational, not a gate)	2026-08-20T03:35:36.4945084Z ok 98 - getListBehaviourSection does not let "--list-only" satisfy the standalone `--list` token (T-021)
test (20)	Coverage report (informational, not a gate)	2026-08-20T03:35:36.4945436Z   ---
test (20)	Coverage report (informational, not a gate)	2026-08-20T03:35:36.4945589Z   duration_ms: 0.348662
test (20)	Coverage report (informational, not a gate)	2026-08-20T03:35:36.4945769Z   ...
test (20)	Coverage report (informational, not a gate)	2026-08-20T03:35:36.4946151Z # Subtest: getListBehaviourSection tolerates the American spelling "behavior" in the heading (T-027)
test (20)	Coverage report (informational, not a gate)	2026-08-20T03:35:36.4946740Z ok 99 - getListBehaviourSection tolerates the American spelling "behavior" in the heading (T-027)
test (20)	Coverage report (informational, not a gate)	2026-08-20T03:35:36.4947079Z   ---
test (20)	Coverage report (informational, not a gate)	2026-08-20T03:35:36.4947228Z   duration_ms: 0.159339
test (20)	Coverage report (informational, not a gate)	2026-08-20T03:35:36.4947398Z   ...
test (20)	Coverage report (informational, not a gate)	2026-08-20T03:35:36.4947906Z # Subtest: getListBehaviourSection still fails on a SEPARATOR MISMATCH (not a heading-parse error) under an American-spelled heading (T-027)
test (20)	Coverage report (informational, not a gate)	2026-08-20T03:35:36.4949092Z ok 100 - getListBehaviourSection still fails on a SEPARATOR MISMATCH (not a heading-parse error) under an American-spelled heading (T-027)
test (20)	Coverage report (informational, not a gate)	2026-08-20T03:35:36.4949545Z   ---
test (20)	Coverage report (informational, not a gate)	2026-08-20T03:35:36.4949717Z   duration_ms: 0.203644
test (20)	Coverage report (informational, not a gate)	2026-08-20T03:35:36.4949894Z   ...
test (20)	Coverage report (informational, not a gate)	2026-08-20T03:35:36.4950272Z # Subtest: README `--list` format literal matches the shipped binary's actual --list output (T-017)
test (20)	Coverage report (informational, not a gate)	2026-08-20T03:35:36.4950815Z ok 101 - README `--list` format literal matches the shipped binary's actual --list output (T-017)
test (20)	Coverage report (informational, not a gate)	2026-08-20T03:35:36.4951155Z   ---
test (20)	Coverage report (informational, not a gate)	2026-08-20T03:35:36.4951482Z   duration_ms: 50.460749
test (20)	Coverage report (informational, not a gate)	2026-08-20T03:35:36.4951656Z   ...
test (20)	Coverage report (informational, not a gate)	2026-08-20T03:35:36.4952064Z # Subtest: README `--author` matching section must state the correct count of distinct corpus authors (Q-8)
test (20)	Coverage report (informational, not a gate)	2026-08-20T03:35:36.4952667Z ok 102 - README `--author` matching section must state the correct count of distinct corpus authors (Q-8)
test (20)	Coverage report (informational, not a gate)	2026-08-20T03:35:36.4953023Z   ---
test (20)	Coverage report (informational, not a gate)	2026-08-20T03:35:36.4953180Z   duration_ms: 0.473658
test (20)	Coverage report (informational, not a gate)	2026-08-20T03:35:36.4953351Z   ...
test (20)	Coverage report (informational, not a gate)	2026-08-20T03:35:36.4953553Z # Subtest: corpus has at least 40 entries
test (20)	Coverage report (informational, not a gate)	2026-08-20T03:35:36.4953816Z ok 103 - corpus has at least 40 entries
test (20)	Coverage report (informational, not a gate)	2026-08-20T03:35:36.4954031Z   ---
test (20)	Coverage report (informational, not a gate)	2026-08-20T03:35:36.4954197Z   duration_ms: 1.610449
test (20)	Coverage report (informational, not a gate)	2026-08-20T03:35:36.4954374Z   ...
test (20)	Coverage report (informational, not a gate)	2026-08-20T03:35:36.4954712Z # Subtest: every corpus entry has non-empty text, non-empty author, and an array of tags
test (20)	Coverage report (informational, not a gate)	2026-08-20T03:35:36.4955196Z ok 104 - every corpus entry has non-empty text, non-empty author, and an array of tags
test (20)	Coverage report (informational, not a gate)	2026-08-20T03:35:36.4955508Z   ---
test (20)	Coverage report (informational, not a gate)	2026-08-20T03:35:36.4955676Z   duration_ms: 1.571822
test (20)	Coverage report (informational, not a gate)	2026-08-20T03:35:36.4955844Z   ...
test (20)	Coverage report (informational, not a gate)	2026-08-20T03:35:36.4956075Z # Subtest: filter: author match is case-insensitive
test (20)	Coverage report (informational, not a gate)	2026-08-20T03:35:36.4956381Z ok 105 - filter: author match is case-insensitive
test (20)	Coverage report (informational, not a gate)	2026-08-20T03:35:36.4956604Z   ---
test (20)	Coverage report (informational, not a gate)	2026-08-20T03:35:36.4956760Z   duration_ms: 0.993416
test (20)	Coverage report (informational, not a gate)	2026-08-20T03:35:36.4956937Z   ...
test (20)	Coverage report (informational, not a gate)	2026-08-20T03:35:36.4957149Z # Subtest: filter: tag match is case-insensitive
test (20)	Coverage report (informational, not a gate)	2026-08-20T03:35:36.4957443Z ok 106 - filter: tag match is case-insensitive
test (20)	Coverage report (informational, not a gate)	2026-08-20T03:35:36.4957664Z   ---
test (20)	Coverage report (informational, not a gate)	2026-08-20T03:35:36.4957818Z   duration_ms: 0.295141
test (20)	Coverage report (informational, not a gate)	2026-08-20T03:35:36.4958153Z   ...
test (20)	Coverage report (informational, not a gate)	2026-08-20T03:35:36.4958482Z # Subtest: filter: author and tag together narrow to the intersection (AND)
test (20)	Coverage report (informational, not a gate)	2026-08-20T03:35:36.4958910Z ok 107 - filter: author and tag together narrow to the intersection (AND)
test (20)	Coverage report (informational, not a gate)	2026-08-20T03:35:36.4959185Z   ---
test (20)	Coverage report (informational, not a gate)	2026-08-20T03:35:36.4959346Z   duration_ms: 0.392067
test (20)	Coverage report (informational, not a gate)	2026-08-20T03:35:36.4959627Z   ...
test (20)	Coverage report (informational, not a gate)	2026-08-20T03:35:36.4959874Z # Subtest: filter: undefined/absent options do not filter
test (20)	Coverage report (informational, not a gate)	2026-08-20T03:35:36.4960206Z ok 108 - filter: undefined/absent options do not filter
test (20)	Coverage report (informational, not a gate)	2026-08-20T03:35:36.4960446Z   ---
test (20)	Coverage report (informational, not a gate)	2026-08-20T03:35:36.4960601Z   duration_ms: 0.16039
test (20)	Coverage report (informational, not a gate)	2026-08-20T03:35:36.4960770Z   ...
test (20)	Coverage report (informational, not a gate)	2026-08-20T03:35:36.4961076Z # Subtest: pick: same seed over the same candidates always returns the same element
test (20)	Coverage report (informational, not a gate)	2026-08-20T03:35:36.4961526Z ok 109 - pick: same seed over the same candidates always returns the same element
test (20)	Coverage report (informational, not a gate)	2026-08-20T03:35:36.4961819Z   ---
test (20)	Coverage report (informational, not a gate)	2026-08-20T03:35:36.4961970Z   duration_ms: 0.361621
test (20)	Coverage report (informational, not a gate)	2026-08-20T03:35:36.4962136Z   ...
test (20)	Coverage report (informational, not a gate)	2026-08-20T03:35:36.4962412Z # Subtest: pick: different seeds generally produce different results
test (20)	Coverage report (informational, not a gate)	2026-08-20T03:35:36.4962799Z ok 110 - pick: different seeds generally produce different results
test (20)	Coverage report (informational, not a gate)	2026-08-20T03:35:36.4963054Z   ---
test (20)	Coverage report (informational, not a gate)	2026-08-20T03:35:36.4963208Z   duration_ms: 0.249703
test (20)	Coverage report (informational, not a gate)	2026-08-20T03:35:36.4963382Z   ...
test (20)	Coverage report (informational, not a gate)	2026-08-20T03:35:36.4963643Z # Subtest: pick: undefined seed picks a valid member (random mode)
test (20)	Coverage report (informational, not a gate)	2026-08-20T03:35:36.4964019Z ok 111 - pick: undefined seed picks a valid member (random mode)
test (20)	Coverage report (informational, not a gate)	2026-08-20T03:35:36.4964271Z   ---
test (20)	Coverage report (informational, not a gate)	2026-08-20T03:35:36.4964420Z   duration_ms: 0.167761
test (20)	Coverage report (informational, not a gate)	2026-08-20T03:35:36.4964614Z   ...
test (20)	Coverage report (informational, not a gate)	2026-08-20T03:35:36.4964920Z # Subtest: pick: null seed also triggers random mode and returns a valid member
test (20)	Coverage report (informational, not a gate)	2026-08-20T03:35:36.4965359Z ok 112 - pick: null seed also triggers random mode and returns a valid member
test (20)	Coverage report (informational, not a gate)	2026-08-20T03:35:36.4965637Z   ---
test (20)	Coverage report (informational, not a gate)	2026-08-20T03:35:36.4965788Z   duration_ms: 0.1203
test (20)	Coverage report (informational, not a gate)	2026-08-20T03:35:36.4965957Z   ...
test (20)	Coverage report (informational, not a gate)	2026-08-20T03:35:36.4966204Z # Subtest: pick: throws RangeError on empty candidates array
test (20)	Coverage report (informational, not a gate)	2026-08-20T03:35:36.4966574Z ok 113 - pick: throws RangeError on empty candidates array
test (20)	Coverage report (informational, not a gate)	2026-08-20T03:35:36.4966820Z   ---
test (20)	Coverage report (informational, not a gate)	2026-08-20T03:35:36.4966976Z   duration_ms: 0.46799
test (20)	Coverage report (informational, not a gate)	2026-08-20T03:35:36.4967151Z   ...
test (20)	Coverage report (informational, not a gate)	2026-08-20T03:35:36.4967443Z # Subtest: pick: Infinity seed is deterministic and returns a valid member
test (20)	Coverage report (informational, not a gate)	2026-08-20T03:35:36.4967863Z ok 114 - pick: Infinity seed is deterministic and returns a valid member
test (20)	Coverage report (informational, not a gate)	2026-08-20T03:35:36.4968454Z   ---
test (20)	Coverage report (informational, not a gate)	2026-08-20T03:35:36.4968610Z   duration_ms: 0.206199
test (20)	Coverage report (informational, not a gate)	2026-08-20T03:35:36.4968782Z   ...
test (20)	Coverage report (informational, not a gate)	2026-08-20T03:35:36.4969072Z # Subtest: pick: -Infinity seed is deterministic and returns a valid member
test (20)	Coverage report (informational, not a gate)	2026-08-20T03:35:36.4969479Z ok 115 - pick: -Infinity seed is deterministic and returns a valid member
test (20)	Coverage report (informational, not a gate)	2026-08-20T03:35:36.4969749Z   ---
test (20)	Coverage report (informational, not a gate)	2026-08-20T03:35:36.4969908Z   duration_ms: 0.183234
test (20)	Coverage report (informational, not a gate)	2026-08-20T03:35:36.4970076Z   ...
test (20)	Coverage report (informational, not a gate)	2026-08-20T03:35:36.4970377Z # Subtest: pick: NaN seed still uses the random branch and returns a valid member
test (20)	Coverage report (informational, not a gate)	2026-08-20T03:35:36.4970809Z ok 116 - pick: NaN seed still uses the random branch and returns a valid member
test (20)	Coverage report (informational, not a gate)	2026-08-20T03:35:36.4971082Z   ---
test (20)	Coverage report (informational, not a gate)	2026-08-20T03:35:36.4971235Z   duration_ms: 0.118387
test (20)	Coverage report (informational, not a gate)	2026-08-20T03:35:36.4971402Z   ...
test (20)	Coverage report (informational, not a gate)	2026-08-20T03:35:36.4971705Z # Subtest: pick: finite seed determinism is unchanged by the non-finite-seed fix
test (20)	Coverage report (informational, not a gate)	2026-08-20T03:35:36.4972138Z ok 117 - pick: finite seed determinism is unchanged by the non-finite-seed fix
test (20)	Coverage report (informational, not a gate)	2026-08-20T03:35:36.4972427Z   ---
test (20)	Coverage report (informational, not a gate)	2026-08-20T03:35:36.4972573Z   duration_ms: 0.164156
test (20)	Coverage report (informational, not a gate)	2026-08-20T03:35:36.4972738Z   ...
test (20)	Coverage report (informational, not a gate)	2026-08-20T03:35:36.4973003Z # Subtest: pick: every candidate is REACHABLE by an unseeded draw
test (20)	Coverage report (informational, not a gate)	2026-08-20T03:35:36.4973369Z ok 118 - pick: every candidate is REACHABLE by an unseeded draw
test (20)	Coverage report (informational, not a gate)	2026-08-20T03:35:36.4973618Z   ---
test (20)	Coverage report (informational, not a gate)	2026-08-20T03:35:36.4973768Z   duration_ms: 1.710268
test (20)	Coverage report (informational, not a gate)	2026-08-20T03:35:36.4973931Z   ...
test (20)	Coverage report (informational, not a gate)	2026-08-20T03:35:36.4974263Z # Subtest: pick: unseeded draws split the interval EQUALLY across candidates (uniform)
test (20)	Coverage report (informational, not a gate)	2026-08-20T03:35:36.4974747Z ok 119 - pick: unseeded draws split the interval EQUALLY across candidates (uniform)
test (20)	Coverage report (informational, not a gate)	2026-08-20T03:35:36.4975039Z   ---
test (20)	Coverage report (informational, not a gate)	2026-08-20T03:35:36.4975188Z   duration_ms: 2.442293
test (20)	Coverage report (informational, not a gate)	2026-08-20T03:35:36.4975348Z   ...
test (20)	Coverage report (informational, not a gate)	2026-08-20T03:35:36.4975682Z # Subtest: pick: single-element candidates always returns that element regardless of seed
test (20)	Coverage report (informational, not a gate)	2026-08-20T03:35:36.4976178Z ok 120 - pick: single-element candidates always returns that element regardless of seed
test (20)	Coverage report (informational, not a gate)	2026-08-20T03:35:36.4976618Z   ---
test (20)	Coverage report (informational, not a gate)	2026-08-20T03:35:36.4976771Z   duration_ms: 0.174922
test (20)	Coverage report (informational, not a gate)	2026-08-20T03:35:36.4976943Z   ...
test (20)	Coverage report (informational, not a gate)	2026-08-20T03:35:36.4977096Z 1..120
test (20)	Coverage report (informational, not a gate)	2026-08-20T03:35:36.4977249Z # tests 120
test (20)	Coverage report (informational, not a gate)	2026-08-20T03:35:36.4977407Z # suites 0
test (20)	Coverage report (informational, not a gate)	2026-08-20T03:35:36.4977554Z # pass 119
test (20)	Coverage report (informational, not a gate)	2026-08-20T03:35:36.4977705Z # fail 0
test (20)	Coverage report (informational, not a gate)	2026-08-20T03:35:36.4977857Z # cancelled 0
test (20)	Coverage report (informational, not a gate)	2026-08-20T03:35:36.4978220Z # skipped 1
test (20)	Coverage report (informational, not a gate)	2026-08-20T03:35:36.4978383Z # todo 0
test (20)	Coverage report (informational, not a gate)	2026-08-20T03:35:36.4978554Z # duration_ms 3227.290066
test (20)	Coverage report (informational, not a gate)	2026-08-20T03:35:36.4978778Z # start of coverage report
test (20)	Coverage report (informational, not a gate)	2026-08-20T03:35:36.4979295Z # -------------------------------------------------------------------------------------------------------------------------------------------------
test (20)	Coverage report (informational, not a gate)	2026-08-20T03:35:36.4979815Z # file                               | line % | branch % | funcs % | uncovered lines
test (20)	Coverage report (informational, not a gate)	2026-08-20T03:35:36.4980360Z # -------------------------------------------------------------------------------------------------------------------------------------------------
test (20)	Coverage report (informational, not a gate)	2026-08-20T03:35:36.4980851Z # bin/aphorism.js                    | 100.00 |    85.71 |  100.00 | 
test (20)	Coverage report (informational, not a gate)	2026-08-20T03:35:36.4981191Z # src/args.js                        | 100.00 |   100.00 |  100.00 | 
test (20)	Coverage report (informational, not a gate)	2026-08-20T03:35:36.4981521Z # src/corpus.js                      | 100.00 |   100.00 |  100.00 | 
test (20)	Coverage report (informational, not a gate)	2026-08-20T03:35:36.4981845Z # src/select.js                      | 100.00 |   100.00 |  100.00 | 
test (20)	Coverage report (informational, not a gate)	2026-08-20T03:35:36.4982176Z # test/args.test.js                  | 100.00 |   100.00 |  100.00 | 
test (20)	Coverage report (informational, not a gate)	2026-08-20T03:35:36.4982509Z # test/cli.test.js                   | 100.00 |   100.00 |  100.00 | 
test (20)	Coverage report (informational, not a gate)	2026-08-20T03:35:36.4982942Z # test/node-support-citation.test.js |  77.62 |    44.44 |  100.00 | 84-86 95-97 116-125 127-142
test (20)	Coverage report (informational, not a gate)	2026-08-20T03:35:36.4983394Z # test/pipe.test.js                  |  96.73 |    83.33 |  100.00 | 50-51 89-91 163-165
test (20)	Coverage report (informational, not a gate)	2026-08-20T03:35:36.4983952Z # test/readme-tags.test.js           |  98.71 |    86.81 |   96.15 | 125-126 146-147 156-157 531-532 534-535 549-552 1324-1325 1674-1675 1874-1884
test (20)	Coverage report (informational, not a gate)	2026-08-20T03:35:36.4984621Z # test/select.test.js                | 100.00 |    97.92 |  100.00 | 
test (20)	Coverage report (informational, not a gate)	2026-08-20T03:35:36.4985182Z # -------------------------------------------------------------------------------------------------------------------------------------------------
test (20)	Coverage report (informational, not a gate)	2026-08-20T03:35:36.4985644Z # all files                          |  98.39 |    91.53 |   98.63 |
test (20)	Coverage report (informational, not a gate)	2026-08-20T03:35:36.4986158Z # -------------------------------------------------------------------------------------------------------------------------------------------------
test (20)	Coverage report (informational, not a gate)	2026-08-20T03:35:36.4986546Z # end of coverage report
test (20)	Post Run actions/setup-node@v4	﻿2026-08-20T03:35:36.5070450Z Node 20 is being deprecated. This workflow is running with Node 24 by default. If you need to temporarily use Node 20, you can set the ACTIONS_ALLOW_USE_UNSECURE_NODE_VERSION=true environment variable. For more information see: https://github.blog/changelog/2025-09-19-deprecation-of-node-20-on-github-actions-runners/
test (20)	Post Run actions/setup-node@v4	2026-08-20T03:35:36.5071360Z Post job cleanup.
test (20)	Post Run actions/setup-node@v4	2026-08-20T03:35:36.6037104Z (node:3960) [DEP0040] DeprecationWarning: The `punycode` module is deprecated. Please use a userland alternative instead.
test (20)	Post Run actions/setup-node@v4	2026-08-20T03:35:36.6037840Z (Use `node --trace-deprecation ...` to show where the warning was created)
test (20)	Post Run actions/checkout@v4	﻿2026-08-20T03:35:36.6199092Z Node 20 is being deprecated. This workflow is running with Node 24 by default. If you need to temporarily use Node 20, you can set the ACTIONS_ALLOW_USE_UNSECURE_NODE_VERSION=true environment variable. For more information see: https://github.blog/changelog/2025-09-19-deprecation-of-node-20-on-github-actions-runners/
test (20)	Post Run actions/checkout@v4	2026-08-20T03:35:36.6200018Z Post job cleanup.
test (20)	Post Run actions/checkout@v4	2026-08-20T03:35:36.6891066Z [command]/usr/bin/git version
test (20)	Post Run actions/checkout@v4	2026-08-20T03:35:36.6927807Z git version 2.54.0
test (20)	Post Run actions/checkout@v4	2026-08-20T03:35:36.6960828Z Temporarily overriding HOME='/home/runner/work/_temp/528d225b-01ae-4122-bc3d-e241894e5281' before making global git config changes
test (20)	Post Run actions/checkout@v4	2026-08-20T03:35:36.6961891Z Adding repository directory to the temporary git global config as a safe directory
test (20)	Post Run actions/checkout@v4	2026-08-20T03:35:36.6965428Z [command]/usr/bin/git config --global --add safe.directory /home/runner/work/aphorism-cli/aphorism-cli
test (20)	Post Run actions/checkout@v4	2026-08-20T03:35:36.6997105Z [command]/usr/bin/git config --local --name-only --get-regexp core\.sshCommand
test (20)	Post Run actions/checkout@v4	2026-08-20T03:35:36.7025673Z [command]/usr/bin/git submodule foreach --recursive sh -c "git config --local --name-only --get-regexp 'core\.sshCommand' && git config --local --unset-all 'core.sshCommand' || :"
test (20)	Post Run actions/checkout@v4	2026-08-20T03:35:36.7234135Z [command]/usr/bin/git config --local --name-only --get-regexp http\.https\:\/\/github\.com\/\.extraheader
test (20)	Post Run actions/checkout@v4	2026-08-20T03:35:36.7255375Z http.https://github.com/.extraheader
test (20)	Post Run actions/checkout@v4	2026-08-20T03:35:36.7269621Z [command]/usr/bin/git config --local --unset-all http.https://github.com/.extraheader
test (20)	Post Run actions/checkout@v4	2026-08-20T03:35:36.7295582Z [command]/usr/bin/git submodule foreach --recursive sh -c "git config --local --name-only --get-regexp 'http\.https\:\/\/github\.com\/\.extraheader' && git config --local --unset-all 'http.https://github.com/.extraheader' || :"
test (20)	Post Run actions/checkout@v4	2026-08-20T03:35:36.7511898Z [command]/usr/bin/git config --local --name-only --get-regexp ^includeIf\.gitdir:
test (20)	Post Run actions/checkout@v4	2026-08-20T03:35:36.7584213Z [command]/usr/bin/git submodule foreach --recursive git config --local --show-origin --name-only --get-regexp remote.origin.url
test (20)	Complete job	﻿2026-08-20T03:35:36.7911429Z Cleaning up orphan processes
test (20)	Complete job	2026-08-20T03:35:36.8140025Z ##[warning]Node.js 20 is deprecated. The following actions target Node.js 20 but are being forced to run on Node.js 24: actions/checkout@v4, actions/setup-node@v4. For more information see: https://github.blog/changelog/2025-09-19-deprecation-of-node-20-on-github-actions-runners/
test (22)	Set up job	﻿2026-08-20T03:35:26.8907823Z Current runner version: '2.336.0'
test (22)	Set up job	2026-08-20T03:35:26.8936164Z ##[group]Runner Image Provisioner
test (22)	Set up job	2026-08-20T03:35:26.8937330Z Hosted Compute Agent
test (22)	Set up job	2026-08-20T03:35:26.8937943Z Version: 20260729.566
test (22)	Set up job	2026-08-20T03:35:26.8938867Z Commit: cf7153fe6e25b664e8693c24944bf2b00355d109
test (22)	Set up job	2026-08-20T03:35:26.8939758Z Build Date: 2026-07-29T19:17:02Z
test (22)	Set up job	2026-08-20T03:35:26.8940450Z Worker ID: {c0e73d28-a68f-4c6e-aa22-2a3b0b7435bf}
test (22)	Set up job	2026-08-20T03:35:26.8941235Z Azure Region: westus
test (22)	Set up job	2026-08-20T03:35:26.8941818Z ##[endgroup]
test (22)	Set up job	2026-08-20T03:35:26.8943691Z ##[group]Operating System
test (22)	Set up job	2026-08-20T03:35:26.8944657Z Ubuntu
test (22)	Set up job	2026-08-20T03:35:26.8945234Z 24.04.4
test (22)	Set up job	2026-08-20T03:35:26.8945799Z LTS
test (22)	Set up job	2026-08-20T03:35:26.8946314Z ##[endgroup]
test (22)	Set up job	2026-08-20T03:35:26.8946854Z ##[group]Runner Image
test (22)	Set up job	2026-08-20T03:35:26.8947558Z Image: ubuntu-24.04
test (22)	Set up job	2026-08-20T03:35:26.8948163Z Version: 20260816.277.1
test (22)	Set up job	2026-08-20T03:35:26.8949478Z Included Software: https://github.com/actions/runner-images/blob/ubuntu24/20260816.277/images/ubuntu/Ubuntu2404-Readme.md
test (22)	Set up job	2026-08-20T03:35:26.8951216Z Image Release: https://github.com/actions/runner-images/releases/tag/ubuntu24%2F20260816.277
test (22)	Set up job	2026-08-20T03:35:26.8952687Z ##[endgroup]
test (22)	Set up job	2026-08-20T03:35:26.8953950Z ##[group]GITHUB_TOKEN Permissions
test (22)	Set up job	2026-08-20T03:35:26.8956216Z Contents: read
test (22)	Set up job	2026-08-20T03:35:26.8956866Z Metadata: read
test (22)	Set up job	2026-08-20T03:35:26.8957531Z Packages: read
test (22)	Set up job	2026-08-20T03:35:26.8958111Z ##[endgroup]
test (22)	Set up job	2026-08-20T03:35:26.8960957Z Secret source: Actions
test (22)	Set up job	2026-08-20T03:35:26.8962423Z Prepare workflow directory
test (22)	Set up job	2026-08-20T03:35:26.9320382Z Prepare all required actions
test (22)	Set up job	2026-08-20T03:35:26.9374011Z Getting action download info
test (22)	Set up job	2026-08-20T03:35:27.3001861Z Download action repository 'actions/checkout@v4' (SHA:11d5960a326750d5838078e36cf38b85af677262)
test (22)	Set up job	2026-08-20T03:35:27.4203502Z Download action repository 'actions/setup-node@v4' (SHA:49933ea5288caeca8642d1e84afbd3f7d6820020)
test (22)	Set up job	2026-08-20T03:35:27.6124367Z Complete job name: test (22)
test (22)	Run actions/checkout@v4	﻿2026-08-20T03:35:27.6907058Z Node 20 is being deprecated. This workflow is running with Node 24 by default. If you need to temporarily use Node 20, you can set the ACTIONS_ALLOW_USE_UNSECURE_NODE_VERSION=true environment variable. For more information see: https://github.blog/changelog/2025-09-19-deprecation-of-node-20-on-github-actions-runners/
test (22)	Run actions/checkout@v4	2026-08-20T03:35:27.6916332Z ##[group]Run actions/checkout@v4
test (22)	Run actions/checkout@v4	2026-08-20T03:35:27.6917161Z with:
test (22)	Run actions/checkout@v4	2026-08-20T03:35:27.6917636Z   repository: trmnmc/aphorism-cli
test (22)	Run actions/checkout@v4	2026-08-20T03:35:27.6921825Z   token: ***
test (22)	Run actions/checkout@v4	2026-08-20T03:35:27.6922275Z   ssh-strict: true
test (22)	Run actions/checkout@v4	2026-08-20T03:35:27.6922718Z   ssh-user: git
test (22)	Run actions/checkout@v4	2026-08-20T03:35:27.6923167Z   persist-credentials: true
test (22)	Run actions/checkout@v4	2026-08-20T03:35:27.6923669Z   clean: true
test (22)	Run actions/checkout@v4	2026-08-20T03:35:27.6924123Z   sparse-checkout-cone-mode: true
test (22)	Run actions/checkout@v4	2026-08-20T03:35:27.6924655Z   fetch-depth: 1
test (22)	Run actions/checkout@v4	2026-08-20T03:35:27.6925101Z   fetch-tags: false
test (22)	Run actions/checkout@v4	2026-08-20T03:35:27.6925545Z   show-progress: true
test (22)	Run actions/checkout@v4	2026-08-20T03:35:27.6926005Z   lfs: false
test (22)	Run actions/checkout@v4	2026-08-20T03:35:27.6926424Z   submodules: false
test (22)	Run actions/checkout@v4	2026-08-20T03:35:27.6926927Z   set-safe-directory: true
test (22)	Run actions/checkout@v4	2026-08-20T03:35:27.6927444Z   allow-unsafe-pr-checkout: false
test (22)	Run actions/checkout@v4	2026-08-20T03:35:27.6928417Z ##[endgroup]
test (22)	Run actions/checkout@v4	2026-08-20T03:35:27.8015627Z Syncing repository: trmnmc/aphorism-cli
test (22)	Run actions/checkout@v4	2026-08-20T03:35:27.8017660Z ##[group]Getting Git version info
test (22)	Run actions/checkout@v4	2026-08-20T03:35:27.8018889Z Working directory is '/home/runner/work/aphorism-cli/aphorism-cli'
test (22)	Run actions/checkout@v4	2026-08-20T03:35:27.8020100Z [command]/usr/bin/git version
test (22)	Run actions/checkout@v4	2026-08-20T03:35:27.8071009Z git version 2.55.0
test (22)	Run actions/checkout@v4	2026-08-20T03:35:27.8099951Z ##[endgroup]
test (22)	Run actions/checkout@v4	2026-08-20T03:35:27.8114960Z Temporarily overriding HOME='/home/runner/work/_temp/7ccd0531-1141-473a-8c75-843846f3cd95' before making global git config changes
test (22)	Run actions/checkout@v4	2026-08-20T03:35:27.8117519Z Adding repository directory to the temporary git global config as a safe directory
test (22)	Run actions/checkout@v4	2026-08-20T03:35:27.8123314Z [command]/usr/bin/git config --global --add safe.directory /home/runner/work/aphorism-cli/aphorism-cli
test (22)	Run actions/checkout@v4	2026-08-20T03:35:27.8240440Z Deleting the contents of '/home/runner/work/aphorism-cli/aphorism-cli'
test (22)	Run actions/checkout@v4	2026-08-20T03:35:27.8242174Z ##[group]Initializing the repository
test (22)	Run actions/checkout@v4	2026-08-20T03:35:27.8243302Z [command]/usr/bin/git init /home/runner/work/aphorism-cli/aphorism-cli
test (22)	Run actions/checkout@v4	2026-08-20T03:35:27.8306677Z hint: Using 'master' as the name for the initial branch. This default branch name
test (22)	Run actions/checkout@v4	2026-08-20T03:35:27.8307811Z hint: will change to "main" in Git 3.0. To configure the initial branch name
test (22)	Run actions/checkout@v4	2026-08-20T03:35:27.8309123Z hint: to use in all of your new repositories, which will suppress this warning,
test (22)	Run actions/checkout@v4	2026-08-20T03:35:27.8309920Z hint: call:
test (22)	Run actions/checkout@v4	2026-08-20T03:35:27.8310343Z hint:
test (22)	Run actions/checkout@v4	2026-08-20T03:35:27.8311147Z hint: 	git config --global init.defaultBranch <name>
test (22)	Run actions/checkout@v4	2026-08-20T03:35:27.8312313Z hint:
test (22)	Run actions/checkout@v4	2026-08-20T03:35:27.8313443Z hint: Names commonly chosen instead of 'master' are 'main', 'trunk' and
test (22)	Run actions/checkout@v4	2026-08-20T03:35:27.8315158Z hint: 'development'. The just-created branch can be renamed via this command:
test (22)	Run actions/checkout@v4	2026-08-20T03:35:27.8316570Z hint:
test (22)	Run actions/checkout@v4	2026-08-20T03:35:27.8317378Z hint: 	git branch -m <name>
test (22)	Run actions/checkout@v4	2026-08-20T03:35:27.8318538Z hint:
test (22)	Run actions/checkout@v4	2026-08-20T03:35:27.8319764Z hint: Disable this message with "git config set advice.defaultBranchName false"
test (22)	Run actions/checkout@v4	2026-08-20T03:35:27.8321663Z Initialized empty Git repository in /home/runner/work/aphorism-cli/aphorism-cli/.git/
test (22)	Run actions/checkout@v4	2026-08-20T03:35:27.8328639Z [command]/usr/bin/git remote add origin https://github.com/trmnmc/aphorism-cli
test (22)	Run actions/checkout@v4	2026-08-20T03:35:27.8412555Z ##[endgroup]
test (22)	Run actions/checkout@v4	2026-08-20T03:35:27.8413843Z ##[group]Disabling automatic garbage collection
test (22)	Run actions/checkout@v4	2026-08-20T03:35:27.8416339Z [command]/usr/bin/git config --local gc.auto 0
test (22)	Run actions/checkout@v4	2026-08-20T03:35:27.8452093Z ##[endgroup]
test (22)	Run actions/checkout@v4	2026-08-20T03:35:27.8453300Z ##[group]Setting up auth
test (22)	Run actions/checkout@v4	2026-08-20T03:35:27.8459817Z [command]/usr/bin/git config --local --name-only --get-regexp core\.sshCommand
test (22)	Run actions/checkout@v4	2026-08-20T03:35:27.8493527Z [command]/usr/bin/git submodule foreach --recursive sh -c "git config --local --name-only --get-regexp 'core\.sshCommand' && git config --local --unset-all 'core.sshCommand' || :"
test (22)	Run actions/checkout@v4	2026-08-20T03:35:27.8908149Z [command]/usr/bin/git config --local --name-only --get-regexp http\.https\:\/\/github\.com\/\.extraheader
test (22)	Run actions/checkout@v4	2026-08-20T03:35:27.8952896Z [command]/usr/bin/git submodule foreach --recursive sh -c "git config --local --name-only --get-regexp 'http\.https\:\/\/github\.com\/\.extraheader' && git config --local --unset-all 'http.https://github.com/.extraheader' || :"
test (22)	Run actions/checkout@v4	2026-08-20T03:35:27.9194098Z [command]/usr/bin/git config --local --name-only --get-regexp ^includeIf\.gitdir:
test (22)	Run actions/checkout@v4	2026-08-20T03:35:27.9234305Z [command]/usr/bin/git submodule foreach --recursive git config --local --show-origin --name-only --get-regexp remote.origin.url
test (22)	Run actions/checkout@v4	2026-08-20T03:35:27.9477729Z [command]/usr/bin/git config --local http.https://github.com/.extraheader AUTHORIZATION: basic ***
test (22)	Run actions/checkout@v4	2026-08-20T03:35:27.9528806Z ##[endgroup]
test (22)	Run actions/checkout@v4	2026-08-20T03:35:27.9544146Z ##[group]Fetching the repository
test (22)	Run actions/checkout@v4	2026-08-20T03:35:27.9545648Z [command]/usr/bin/git -c protocol.version=2 fetch --no-tags --prune --no-recurse-submodules --depth=1 origin +5f833abc150c5a578ab5a215ff0d1e09161d20d2:refs/remotes/origin/master
test (22)	Run actions/checkout@v4	2026-08-20T03:35:28.6347288Z From https://github.com/trmnmc/aphorism-cli
test (22)	Run actions/checkout@v4	2026-08-20T03:35:28.6360804Z  * [new ref]         5f833abc150c5a578ab5a215ff0d1e09161d20d2 -> origin/master
test (22)	Run actions/checkout@v4	2026-08-20T03:35:28.6365413Z ##[endgroup]
test (22)	Run actions/checkout@v4	2026-08-20T03:35:28.6366988Z ##[group]Determining the checkout info
test (22)	Run actions/checkout@v4	2026-08-20T03:35:28.6368839Z ##[endgroup]
test (22)	Run actions/checkout@v4	2026-08-20T03:35:28.6369968Z [command]/usr/bin/git sparse-checkout disable
test (22)	Run actions/checkout@v4	2026-08-20T03:35:28.6425013Z [command]/usr/bin/git config --local --unset-all extensions.worktreeConfig
test (22)	Run actions/checkout@v4	2026-08-20T03:35:28.6465210Z ##[group]Checking out the ref
test (22)	Run actions/checkout@v4	2026-08-20T03:35:28.6470855Z [command]/usr/bin/git checkout --progress --force -B master refs/remotes/origin/master
test (22)	Run actions/checkout@v4	2026-08-20T03:35:28.7366512Z Reset branch 'master'
test (22)	Run actions/checkout@v4	2026-08-20T03:35:28.7370984Z branch 'master' set up to track 'origin/master'.
test (22)	Run actions/checkout@v4	2026-08-20T03:35:28.7381136Z ##[endgroup]
test (22)	Run actions/checkout@v4	2026-08-20T03:35:28.7431942Z [command]/usr/bin/git log -1 --format=%H
test (22)	Run actions/checkout@v4	2026-08-20T03:35:28.7462356Z 5f833abc150c5a578ab5a215ff0d1e09161d20d2
test (22)	Run actions/setup-node@v4	﻿2026-08-20T03:35:28.7862850Z Node 20 is being deprecated. This workflow is running with Node 24 by default. If you need to temporarily use Node 20, you can set the ACTIONS_ALLOW_USE_UNSECURE_NODE_VERSION=true environment variable. For more information see: https://github.blog/changelog/2025-09-19-deprecation-of-node-20-on-github-actions-runners/
test (22)	Run actions/setup-node@v4	2026-08-20T03:35:28.7868506Z ##[group]Run actions/setup-node@v4
test (22)	Run actions/setup-node@v4	2026-08-20T03:35:28.7869750Z with:
test (22)	Run actions/setup-node@v4	2026-08-20T03:35:28.7870704Z   node-version: 22
test (22)	Run actions/setup-node@v4	2026-08-20T03:35:28.7871745Z   always-auth: false
test (22)	Run actions/setup-node@v4	2026-08-20T03:35:28.7872802Z   check-latest: false
test (22)	Run actions/setup-node@v4	2026-08-20T03:35:28.7882686Z   token: ***
test (22)	Run actions/setup-node@v4	2026-08-20T03:35:28.7883666Z ##[endgroup]
test (22)	Run actions/setup-node@v4	2026-08-20T03:35:28.9370552Z (node:2186) [DEP0040] DeprecationWarning: The `punycode` module is deprecated. Please use a userland alternative instead.
test (22)	Run actions/setup-node@v4	2026-08-20T03:35:28.9374839Z (Use `node --trace-deprecation ...` to show where the warning was created)
test (22)	Run actions/setup-node@v4	2026-08-20T03:35:28.9381177Z Found in cache @ /opt/hostedtoolcache/node/22.23.2/x64
test (22)	Run actions/setup-node@v4	2026-08-20T03:35:28.9384512Z ##[group]Environment details
test (22)	Run actions/setup-node@v4	2026-08-20T03:35:29.3537452Z node: v22.23.2
test (22)	Run actions/setup-node@v4	2026-08-20T03:35:29.3538180Z npm: 10.9.8
test (22)	Run actions/setup-node@v4	2026-08-20T03:35:29.3538922Z yarn: 1.22.22
test (22)	Run actions/setup-node@v4	2026-08-20T03:35:29.3539693Z ##[endgroup]
test (22)	Run node --test test/*.test.js	﻿2026-08-20T03:35:29.3669336Z ##[group]Run node --test test/*.test.js
test (22)	Run node --test test/*.test.js	2026-08-20T03:35:29.3669875Z [36;1mnode --test test/*.test.js[0m
test (22)	Run node --test test/*.test.js	2026-08-20T03:35:29.3721480Z shell: /usr/bin/bash -e {0}
test (22)	Run node --test test/*.test.js	2026-08-20T03:35:29.3721884Z ##[endgroup]
test (22)	Run node --test test/*.test.js	2026-08-20T03:35:29.4419781Z TAP version 13
test (22)	Run node --test test/*.test.js	2026-08-20T03:35:29.5026097Z # Subtest: zero args: no error, no filters set
test (22)	Run node --test test/*.test.js	2026-08-20T03:35:29.5028093Z ok 1 - zero args: no error, no filters set
test (22)	Run node --test test/*.test.js	2026-08-20T03:35:29.5029556Z   ---
test (22)	Run node --test test/*.test.js	2026-08-20T03:35:29.5030421Z   duration_ms: 6.730693
test (22)	Run node --test test/*.test.js	2026-08-20T03:35:29.5031449Z   type: 'test'
test (22)	Run node --test test/*.test.js	2026-08-20T03:35:29.5032274Z   ...
test (22)	Run node --test test/*.test.js	2026-08-20T03:35:29.5033349Z # Subtest: --author <name> sets author string
test (22)	Run node --test test/*.test.js	2026-08-20T03:35:29.5034659Z ok 2 - --author <name> sets author string
test (22)	Run node --test test/*.test.js	2026-08-20T03:35:29.5035804Z   ---
test (22)	Run node --test test/*.test.js	2026-08-20T03:35:29.5036654Z   duration_ms: 0.348522
test (22)	Run node --test test/*.test.js	2026-08-20T03:35:29.5037540Z   type: 'test'
test (22)	Run node --test test/*.test.js	2026-08-20T03:35:29.5038651Z   ...
test (22)	Run node --test test/*.test.js	2026-08-20T03:35:29.5039880Z # Subtest: --author=<name> equals form sets author string
test (22)	Run node --test test/*.test.js	2026-08-20T03:35:29.5041254Z ok 3 - --author=<name> equals form sets author string
test (22)	Run node --test test/*.test.js	2026-08-20T03:35:29.5042482Z   ---
test (22)	Run node --test test/*.test.js	2026-08-20T03:35:29.5043237Z   duration_ms: 0.161051
test (22)	Run node --test test/*.test.js	2026-08-20T03:35:29.5044142Z   type: 'test'
test (22)	Run node --test test/*.test.js	2026-08-20T03:35:29.5044877Z   ...
test (22)	Run node --test test/*.test.js	2026-08-20T03:35:29.5045856Z # Subtest: --tag <tag> sets tag string
test (22)	Run node --test test/*.test.js	2026-08-20T03:35:29.5050109Z ok 4 - --tag <tag> sets tag string
test (22)	Run node --test test/*.test.js	2026-08-20T03:35:29.5052450Z   ---
test (22)	Run node --test test/*.test.js	2026-08-20T03:35:29.5053251Z   duration_ms: 0.146403
test (22)	Run node --test test/*.test.js	2026-08-20T03:35:29.5054045Z   type: 'test'
test (22)	Run node --test test/*.test.js	2026-08-20T03:35:29.5054791Z   ...
test (22)	Run node --test test/*.test.js	2026-08-20T03:35:29.5055826Z # Subtest: --tag=<tag> equals form sets tag string
test (22)	Run node --test test/*.test.js	2026-08-20T03:35:29.5057122Z ok 5 - --tag=<tag> equals form sets tag string
test (22)	Run node --test test/*.test.js	2026-08-20T03:35:29.5058076Z   ---
test (22)	Run node --test test/*.test.js	2026-08-20T03:35:29.5059329Z   duration_ms: 0.275315
test (22)	Run node --test test/*.test.js	2026-08-20T03:35:29.5060242Z   type: 'test'
test (22)	Run node --test test/*.test.js	2026-08-20T03:35:29.5060978Z   ...
test (22)	Run node --test test/*.test.js	2026-08-20T03:35:29.5062000Z # Subtest: combined --author X --tag Y sets both
test (22)	Run node --test test/*.test.js	2026-08-20T03:35:29.5063206Z ok 6 - combined --author X --tag Y sets both
test (22)	Run node --test test/*.test.js	2026-08-20T03:35:29.5064284Z   ---
test (22)	Run node --test test/*.test.js	2026-08-20T03:35:29.5074234Z   duration_ms: 0.158788
test (22)	Run node --test test/*.test.js	2026-08-20T03:35:29.5075215Z   type: 'test'
test (22)	Run node --test test/*.test.js	2026-08-20T03:35:29.5076032Z   ...
test (22)	Run node --test test/*.test.js	2026-08-20T03:35:29.5077148Z # Subtest: --seed <n> parses as a number
test (22)	Run node --test test/*.test.js	2026-08-20T03:35:29.5078541Z ok 7 - --seed <n> parses as a number
test (22)	Run node --test test/*.test.js	2026-08-20T03:35:29.5079516Z   ---
test (22)	Run node --test test/*.test.js	2026-08-20T03:35:29.5080287Z   duration_ms: 0.237294
test (22)	Run node --test test/*.test.js	2026-08-20T03:35:29.5081094Z   type: 'test'
test (22)	Run node --test test/*.test.js	2026-08-20T03:35:29.5081817Z   ...
test (22)	Run node --test test/*.test.js	2026-08-20T03:35:29.5082794Z # Subtest: --seed=<n> equals form parses as a number
test (22)	Run node --test test/*.test.js	2026-08-20T03:35:29.5084104Z ok 8 - --seed=<n> equals form parses as a number
test (22)	Run node --test test/*.test.js	2026-08-20T03:35:29.5085122Z   ---
test (22)	Run node --test test/*.test.js	2026-08-20T03:35:29.5085857Z   duration_ms: 0.151113
test (22)	Run node --test test/*.test.js	2026-08-20T03:35:29.5086518Z   type: 'test'
test (22)	Run node --test test/*.test.js	2026-08-20T03:35:29.5087140Z   ...
test (22)	Run node --test test/*.test.js	2026-08-20T03:35:29.5087993Z # Subtest: --seed <n> accepts a negative number
test (22)	Run node --test test/*.test.js	2026-08-20T03:35:29.5089380Z ok 9 - --seed <n> accepts a negative number
test (22)	Run node --test test/*.test.js	2026-08-20T03:35:29.5090811Z   ---
test (22)	Run node --test test/*.test.js	2026-08-20T03:35:29.5091278Z   duration_ms: 0.522948
test (22)	Run node --test test/*.test.js	2026-08-20T03:35:29.5091792Z   type: 'test'
test (22)	Run node --test test/*.test.js	2026-08-20T03:35:29.5092085Z   ...
test (22)	Run node --test test/*.test.js	2026-08-20T03:35:29.5092543Z # Subtest: --seed=<n> equals form accepts a negative number
test (22)	Run node --test test/*.test.js	2026-08-20T03:35:29.5093201Z ok 10 - --seed=<n> equals form accepts a negative number
test (22)	Run node --test test/*.test.js	2026-08-20T03:35:29.5093643Z   ---
test (22)	Run node --test test/*.test.js	2026-08-20T03:35:29.5093907Z   duration_ms: 0.617456
test (22)	Run node --test test/*.test.js	2026-08-20T03:35:29.5094339Z   type: 'test'
test (22)	Run node --test test/*.test.js	2026-08-20T03:35:29.5094652Z   ...
test (22)	Run node --test test/*.test.js	2026-08-20T03:35:29.5105407Z # Subtest: non-numeric --seed is a usage error
test (22)	Run node --test test/*.test.js	2026-08-20T03:35:29.5115665Z ok 11 - non-numeric --seed is a usage error
test (22)	Run node --test test/*.test.js	2026-08-20T03:35:29.5116798Z   ---
test (22)	Run node --test test/*.test.js	2026-08-20T03:35:29.5117731Z   duration_ms: 0.488183
test (22)	Run node --test test/*.test.js	2026-08-20T03:35:29.5121997Z   type: 'test'
test (22)	Run node --test test/*.test.js	2026-08-20T03:35:29.5123247Z   ...
test (22)	Run node --test test/*.test.js	2026-08-20T03:35:29.5150037Z # Subtest: non-numeric --seed= equals form is a usage error
test (22)	Run node --test test/*.test.js	2026-08-20T03:35:29.5169872Z ok 12 - non-numeric --seed= equals form is a usage error
test (22)	Run node --test test/*.test.js	2026-08-20T03:35:29.5170883Z   ---
test (22)	Run node --test test/*.test.js	2026-08-20T03:35:29.5171869Z   duration_ms: 0.223628
test (22)	Run node --test test/*.test.js	2026-08-20T03:35:29.5172616Z   type: 'test'
test (22)	Run node --test test/*.test.js	2026-08-20T03:35:29.5173825Z   ...
test (22)	Run node --test test/*.test.js	2026-08-20T03:35:29.5174478Z # Subtest: --list sets list: true
test (22)	Run node --test test/*.test.js	2026-08-20T03:35:29.5175023Z ok 13 - --list sets list: true
test (22)	Run node --test test/*.test.js	2026-08-20T03:35:29.5175345Z   ---
test (22)	Run node --test test/*.test.js	2026-08-20T03:35:29.5175609Z   duration_ms: 0.122158
test (22)	Run node --test test/*.test.js	2026-08-20T03:35:29.5175900Z   type: 'test'
test (22)	Run node --test test/*.test.js	2026-08-20T03:35:29.5176162Z   ...
test (22)	Run node --test test/*.test.js	2026-08-20T03:35:29.5176491Z # Subtest: --json sets json: true
test (22)	Run node --test test/*.test.js	2026-08-20T03:35:29.5176878Z ok 14 - --json sets json: true
test (22)	Run node --test test/*.test.js	2026-08-20T03:35:29.5177473Z   ---
test (22)	Run node --test test/*.test.js	2026-08-20T03:35:29.5177944Z   duration_ms: 0.103484
test (22)	Run node --test test/*.test.js	2026-08-20T03:35:29.5179140Z   type: 'test'
test (22)	Run node --test test/*.test.js	2026-08-20T03:35:29.5180121Z   ...
test (22)	Run node --test test/*.test.js	2026-08-20T03:35:29.5205712Z # Subtest: --help sets help: true
test (22)	Run node --test test/*.test.js	2026-08-20T03:35:29.5206797Z ok 15 - --help sets help: true
test (22)	Run node --test test/*.test.js	2026-08-20T03:35:29.5207648Z   ---
test (22)	Run node --test test/*.test.js	2026-08-20T03:35:29.5208569Z   duration_ms: 0.140422
test (22)	Run node --test test/*.test.js	2026-08-20T03:35:29.5209375Z   type: 'test'
test (22)	Run node --test test/*.test.js	2026-08-20T03:35:29.5210038Z   ...
test (22)	Run node --test test/*.test.js	2026-08-20T03:35:29.5210760Z # Subtest: -h sets help: true
test (22)	Run node --test test/*.test.js	2026-08-20T03:35:29.5211537Z ok 16 - -h sets help: true
test (22)	Run node --test test/*.test.js	2026-08-20T03:35:29.5212210Z   ---
test (22)	Run node --test test/*.test.js	2026-08-20T03:35:29.5212849Z   duration_ms: 0.104095
test (22)	Run node --test test/*.test.js	2026-08-20T03:35:29.5213510Z   type: 'test'
test (22)	Run node --test test/*.test.js	2026-08-20T03:35:29.5214117Z   ...
test (22)	Run node --test test/*.test.js	2026-08-20T03:35:29.5214855Z # Subtest: unknown flag is a usage error
test (22)	Run node --test test/*.test.js	2026-08-20T03:35:29.5215772Z ok 17 - unknown flag is a usage error
test (22)	Run node --test test/*.test.js	2026-08-20T03:35:29.5216511Z   ---
test (22)	Run node --test test/*.test.js	2026-08-20T03:35:29.5217121Z   duration_ms: 0.134191
test (22)	Run node --test test/*.test.js	2026-08-20T03:35:29.5217800Z   type: 'test'
test (22)	Run node --test test/*.test.js	2026-08-20T03:35:29.5218719Z   ...
test (22)	Run node --test test/*.test.js	2026-08-20T03:35:29.5219553Z # Subtest: unknown short flag is a usage error
test (22)	Run node --test test/*.test.js	2026-08-20T03:35:29.5220489Z ok 18 - unknown short flag is a usage error
test (22)	Run node --test test/*.test.js	2026-08-20T03:35:29.5222000Z   ---
test (22)	Run node --test test/*.test.js	2026-08-20T03:35:29.5222581Z   duration_ms: 0.099626
test (22)	Run node --test test/*.test.js	2026-08-20T03:35:29.5223293Z   type: 'test'
test (22)	Run node --test test/*.test.js	2026-08-20T03:35:29.5224057Z   ...
test (22)	Run node --test test/*.test.js	2026-08-20T03:35:29.5225037Z # Subtest: --author missing value at end of argv is a usage error
test (22)	Run node --test test/*.test.js	2026-08-20T03:35:29.5226400Z ok 19 - --author missing value at end of argv is a usage error
test (22)	Run node --test test/*.test.js	2026-08-20T03:35:29.5227447Z   ---
test (22)	Run node --test test/*.test.js	2026-08-20T03:35:29.5228524Z   duration_ms: 0.17624
test (22)	Run node --test test/*.test.js	2026-08-20T03:35:29.5229495Z   type: 'test'
test (22)	Run node --test test/*.test.js	2026-08-20T03:35:29.5230343Z   ...
test (22)	Run node --test test/*.test.js	2026-08-20T03:35:29.5231571Z # Subtest: --tag missing value because next token is another flag is a usage error
test (22)	Run node --test test/*.test.js	2026-08-20T03:35:29.5233242Z ok 20 - --tag missing value because next token is another flag is a usage error
test (22)	Run node --test test/*.test.js	2026-08-20T03:35:29.5234478Z   ---
test (22)	Run node --test test/*.test.js	2026-08-20T03:35:29.5235328Z   duration_ms: 0.130835
test (22)	Run node --test test/*.test.js	2026-08-20T03:35:29.5236224Z   type: 'test'
test (22)	Run node --test test/*.test.js	2026-08-20T03:35:29.5237062Z   ...
test (22)	Run node --test test/*.test.js	2026-08-20T03:35:29.5238178Z # Subtest: --seed missing value at end of argv is a usage error
test (22)	Run node --test test/*.test.js	2026-08-20T03:35:29.5239899Z ok 21 - --seed missing value at end of argv is a usage error
test (22)	Run node --test test/*.test.js	2026-08-20T03:35:29.5241021Z   ---
test (22)	Run node --test test/*.test.js	2026-08-20T03:35:29.5241845Z   duration_ms: 0.105898
test (22)	Run node --test test/*.test.js	2026-08-20T03:35:29.5242709Z   type: 'test'
test (22)	Run node --test test/*.test.js	2026-08-20T03:35:29.5243512Z   ...
test (22)	Run node --test test/*.test.js	2026-08-20T03:35:29.5244552Z # Subtest: --author= with empty value is a usage error
test (22)	Run node --test test/*.test.js	2026-08-20T03:35:29.5246311Z ok 22 - --author= with empty value is a usage error
test (22)	Run node --test test/*.test.js	2026-08-20T03:35:29.5247345Z   ---
test (22)	Run node --test test/*.test.js	2026-08-20T03:35:29.5248192Z   duration_ms: 0.1231
test (22)	Run node --test test/*.test.js	2026-08-20T03:35:29.5249441Z   type: 'test'
test (22)	Run node --test test/*.test.js	2026-08-20T03:35:29.5250260Z   ...
test (22)	Run node --test test/*.test.js	2026-08-20T03:35:29.5251610Z # Subtest: a bare positional argument (not a flag) is a usage error
test (22)	Run node --test test/*.test.js	2026-08-20T03:35:29.5253200Z ok 23 - a bare positional argument (not a flag) is a usage error
test (22)	Run node --test test/*.test.js	2026-08-20T03:35:29.5254360Z   ---
test (22)	Run node --test test/*.test.js	2026-08-20T03:35:29.5255207Z   duration_ms: 0.091601
test (22)	Run node --test test/*.test.js	2026-08-20T03:35:29.5256123Z   type: 'test'
test (22)	Run node --test test/*.test.js	2026-08-20T03:35:29.5256950Z   ...
test (22)	Run node --test test/*.test.js	2026-08-20T03:35:29.5257978Z # Subtest: parseArgs never throws on malformed input
test (22)	Run node --test test/*.test.js	2026-08-20T03:35:29.5259563Z ok 24 - parseArgs never throws on malformed input
test (22)	Run node --test test/*.test.js	2026-08-20T03:35:29.5260620Z   ---
test (22)	Run node --test test/*.test.js	2026-08-20T03:35:29.5261460Z   duration_ms: 0.220583
test (22)	Run node --test test/*.test.js	2026-08-20T03:35:29.5262335Z   type: 'test'
test (22)	Run node --test test/*.test.js	2026-08-20T03:35:29.5263591Z   ...
test (22)	Run node --test test/*.test.js	2026-08-20T03:35:29.5264808Z # Subtest: absent options are undefined/false, never null
test (22)	Run node --test test/*.test.js	2026-08-20T03:35:29.5266106Z ok 25 - absent options are undefined/false, never null
test (22)	Run node --test test/*.test.js	2026-08-20T03:35:29.5267342Z   ---
test (22)	Run node --test test/*.test.js	2026-08-20T03:35:29.5268885Z   duration_ms: 0.137207
test (22)	Run node --test test/*.test.js	2026-08-20T03:35:29.5270266Z   type: 'test'
test (22)	Run node --test test/*.test.js	2026-08-20T03:35:29.5271387Z   ...
test (22)	Run node --test test/*.test.js	2026-08-20T03:35:29.5272841Z # Subtest: HELP is a non-empty string mentioning every flag name
test (22)	Run node --test test/*.test.js	2026-08-20T03:35:29.5274757Z ok 26 - HELP is a non-empty string mentioning every flag name
test (22)	Run node --test test/*.test.js	2026-08-20T03:35:29.5276084Z   ---
test (22)	Run node --test test/*.test.js	2026-08-20T03:35:29.5277240Z   duration_ms: 0.215683
test (22)	Run node --test test/*.test.js	2026-08-20T03:35:29.5278394Z   type: 'test'
test (22)	Run node --test test/*.test.js	2026-08-20T03:35:29.5279599Z   ...
test (22)	Run node --test test/*.test.js	2026-08-20T03:35:29.5281289Z # Subtest: HELP fits comfortably on one 24-line terminal screen
test (22)	Run node --test test/*.test.js	2026-08-20T03:35:29.5283273Z ok 27 - HELP fits comfortably on one 24-line terminal screen
test (22)	Run node --test test/*.test.js	2026-08-20T03:35:29.5284895Z   ---
test (22)	Run node --test test/*.test.js	2026-08-20T03:35:29.5286597Z   duration_ms: 0.112841
test (22)	Run node --test test/*.test.js	2026-08-20T03:35:29.5287277Z   type: 'test'
test (22)	Run node --test test/*.test.js	2026-08-20T03:35:29.5287964Z   ...
test (22)	Run node --test test/*.test.js	2026-08-20T03:35:29.5289105Z # Subtest: --seed Infinity / --seed -Infinity parse to numbers, not a usage error
test (22)	Run node --test test/*.test.js	2026-08-20T03:35:29.5290540Z ok 28 - --seed Infinity / --seed -Infinity parse to numbers, not a usage error
test (22)	Run node --test test/*.test.js	2026-08-20T03:35:29.5291544Z   ---
test (22)	Run node --test test/*.test.js	2026-08-20T03:35:29.5291958Z   duration_ms: 0.169527
test (22)	Run node --test test/*.test.js	2026-08-20T03:35:29.5292637Z   type: 'test'
test (22)	Run node --test test/*.test.js	2026-08-20T03:35:29.5293068Z   ...
test (22)	Run node --test test/*.test.js	2026-08-20T03:35:32.4591605Z # Subtest: bare invocation prints one attributed aphorism and exits 0
test (22)	Run node --test test/*.test.js	2026-08-20T03:35:32.4600273Z ok 29 - bare invocation prints one attributed aphorism and exits 0
test (22)	Run node --test test/*.test.js	2026-08-20T03:35:32.4601713Z   ---
test (22)	Run node --test test/*.test.js	2026-08-20T03:35:32.4603003Z   duration_ms: 42.117899
test (22)	Run node --test test/*.test.js	2026-08-20T03:35:32.4603911Z   type: 'test'
test (22)	Run node --test test/*.test.js	2026-08-20T03:35:32.4604677Z   ...
test (22)	Run node --test test/*.test.js	2026-08-20T03:35:32.4605670Z # Subtest: --seed is deterministic across separate processes
test (22)	Run node --test test/*.test.js	2026-08-20T03:35:32.4606954Z ok 30 - --seed is deterministic across separate processes
test (22)	Run node --test test/*.test.js	2026-08-20T03:35:32.4607971Z   ---
test (22)	Run node --test test/*.test.js	2026-08-20T03:35:32.4609069Z   duration_ms: 69.243658
test (22)	Run node --test test/*.test.js	2026-08-20T03:35:32.4609896Z   type: 'test'
test (22)	Run node --test test/*.test.js	2026-08-20T03:35:32.4610680Z   ...
test (22)	Run node --test test/*.test.js	2026-08-20T03:35:32.4611715Z # Subtest: different seeds do not all collapse to one aphorism
test (22)	Run node --test test/*.test.js	2026-08-20T03:35:32.4629447Z ok 31 - different seeds do not all collapse to one aphorism
test (22)	Run node --test test/*.test.js	2026-08-20T03:35:32.4659531Z   ---
test (22)	Run node --test test/*.test.js	2026-08-20T03:35:32.4699274Z   duration_ms: 434.257278
test (22)	Run node --test test/*.test.js	2026-08-20T03:35:32.4739445Z   type: 'test'
test (22)	Run node --test test/*.test.js	2026-08-20T03:35:32.4739969Z   ...
test (22)	Run node --test test/*.test.js	2026-08-20T03:35:32.4740751Z # Subtest: --json emits a single-line JSON object with text/author/tags
test (22)	Run node --test test/*.test.js	2026-08-20T03:35:32.4741818Z ok 32 - --json emits a single-line JSON object with text/author/tags
test (22)	Run node --test test/*.test.js	2026-08-20T03:35:32.4742465Z   ---
test (22)	Run node --test test/*.test.js	2026-08-20T03:35:32.4742851Z   duration_ms: 30.672773
test (22)	Run node --test test/*.test.js	2026-08-20T03:35:32.4743273Z   type: 'test'
test (22)	Run node --test test/*.test.js	2026-08-20T03:35:32.4743890Z   ...
test (22)	Run node --test test/*.test.js	2026-08-20T03:35:32.4744549Z # Subtest: --list prints every entry in the filtered set
test (22)	Run node --test test/*.test.js	2026-08-20T03:35:32.4745375Z ok 33 - --list prints every entry in the filtered set
test (22)	Run node --test test/*.test.js	2026-08-20T03:35:32.4745959Z   ---
test (22)	Run node --test test/*.test.js	2026-08-20T03:35:32.4746327Z   duration_ms: 46.557154
test (22)	Run node --test test/*.test.js	2026-08-20T03:35:32.4747401Z   type: 'test'
test (22)	Run node --test test/*.test.js	2026-08-20T03:35:32.4747995Z   ...
test (22)	Run node --test test/*.test.js	2026-08-20T03:35:32.4748906Z # Subtest: --help prints usage to stdout and exits 0
test (22)	Run node --test test/*.test.js	2026-08-20T03:35:32.4749696Z ok 34 - --help prints usage to stdout and exits 0
test (22)	Run node --test test/*.test.js	2026-08-20T03:35:32.4750247Z   ---
test (22)	Run node --test test/*.test.js	2026-08-20T03:35:32.4750606Z   duration_ms: 35.070253
test (22)	Run node --test test/*.test.js	2026-08-20T03:35:32.4751029Z   type: 'test'
test (22)	Run node --test test/*.test.js	2026-08-20T03:35:32.4751389Z   ...
test (22)	Run node --test test/*.test.js	2026-08-20T03:35:32.4752012Z # Subtest: no match exits 1 with stderr only and zero bytes on stdout
test (22)	Run node --test test/*.test.js	2026-08-20T03:35:32.4752956Z ok 35 - no match exits 1 with stderr only and zero bytes on stdout
test (22)	Run node --test test/*.test.js	2026-08-20T03:35:32.4753555Z   ---
test (22)	Run node --test test/*.test.js	2026-08-20T03:35:32.4753886Z   duration_ms: 30.020125
test (22)	Run node --test test/*.test.js	2026-08-20T03:35:32.4754326Z   type: 'test'
test (22)	Run node --test test/*.test.js	2026-08-20T03:35:32.4754671Z   ...
test (22)	Run node --test test/*.test.js	2026-08-20T03:35:32.4755368Z # Subtest: unknown flag is a usage error, exit 2, stdout clean
test (22)	Run node --test test/*.test.js	2026-08-20T03:35:32.4756258Z ok 36 - unknown flag is a usage error, exit 2, stdout clean
test (22)	Run node --test test/*.test.js	2026-08-20T03:35:32.4756871Z   ---
test (22)	Run node --test test/*.test.js	2026-08-20T03:35:32.4757240Z   duration_ms: 29.891518
test (22)	Run node --test test/*.test.js	2026-08-20T03:35:32.4757711Z   type: 'test'
test (22)	Run node --test test/*.test.js	2026-08-20T03:35:32.4758068Z   ...
test (22)	Run node --test test/*.test.js	2026-08-20T03:35:32.4758940Z # Subtest: non-numeric seed is a usage error, exit 2
test (22)	Run node --test test/*.test.js	2026-08-20T03:35:32.4760021Z ok 37 - non-numeric seed is a usage error, exit 2
test (22)	Run node --test test/*.test.js	2026-08-20T03:35:32.4760567Z   ---
test (22)	Run node --test test/*.test.js	2026-08-20T03:35:32.4760919Z   duration_ms: 30.729199
test (22)	Run node --test test/*.test.js	2026-08-20T03:35:32.4761327Z   type: 'test'
test (22)	Run node --test test/*.test.js	2026-08-20T03:35:32.4761675Z   ...
test (22)	Run node --test test/*.test.js	2026-08-20T03:35:32.4762331Z # Subtest: author filter is case-insensitive and narrows the list
test (22)	Run node --test test/*.test.js	2026-08-20T03:35:32.4763094Z ok 38 - author filter is case-insensitive and narrows the list
test (22)	Run node --test test/*.test.js	2026-08-20T03:35:32.4763453Z   ---
test (22)	Run node --test test/*.test.js	2026-08-20T03:35:32.4763717Z   duration_ms: 70.710511
test (22)	Run node --test test/*.test.js	2026-08-20T03:35:32.4763955Z   type: 'test'
test (22)	Run node --test test/*.test.js	2026-08-20T03:35:32.4764177Z   ...
test (22)	Run node --test test/*.test.js	2026-08-20T03:35:32.4764779Z # Subtest: output is pipe-safe — no ANSI escapes when not a TTY
test (22)	Run node --test test/*.test.js	2026-08-20T03:35:32.4765352Z ok 39 - output is pipe-safe — no ANSI escapes when not a TTY
test (22)	Run node --test test/*.test.js	2026-08-20T03:35:32.4765676Z   ---
test (22)	Run node --test test/*.test.js	2026-08-20T03:35:32.4765885Z   duration_ms: 29.365319
test (22)	Run node --test test/*.test.js	2026-08-20T03:35:32.4766146Z   type: 'test'
test (22)	Run node --test test/*.test.js	2026-08-20T03:35:32.4766344Z   ...
test (22)	Run node --test test/*.test.js	2026-08-20T03:35:32.4766691Z # Subtest: --tag matches membership, not substring containment
test (22)	Run node --test test/*.test.js	2026-08-20T03:35:32.4767205Z ok 40 - --tag matches membership, not substring containment
test (22)	Run node --test test/*.test.js	2026-08-20T03:35:32.4767533Z   ---
test (22)	Run node --test test/*.test.js	2026-08-20T03:35:32.4767739Z   duration_ms: 64.227286
test (22)	Run node --test test/*.test.js	2026-08-20T03:35:32.4767965Z   type: 'test'
test (22)	Run node --test test/*.test.js	2026-08-20T03:35:32.4768165Z   ...
test (22)	Run node --test test/*.test.js	2026-08-20T03:35:32.4769416Z # Subtest: --list prints exactly one line per matching entry, no drops
test (22)	Run node --test test/*.test.js	2026-08-20T03:35:32.4770524Z ok 41 - --list prints exactly one line per matching entry, no drops
test (22)	Run node --test test/*.test.js	2026-08-20T03:35:32.4771248Z   ---
test (22)	Run node --test test/*.test.js	2026-08-20T03:35:32.4771662Z   duration_ms: 31.734323
test (22)	Run node --test test/*.test.js	2026-08-20T03:35:32.4772122Z   type: 'test'
test (22)	Run node --test test/*.test.js	2026-08-20T03:35:32.4772525Z   ...
test (22)	Run node --test test/*.test.js	2026-08-20T03:35:32.4773260Z # Subtest: --list preserves corpus order (first and last line match)
test (22)	Run node --test test/*.test.js	2026-08-20T03:35:32.4774327Z ok 42 - --list preserves corpus order (first and last line match)
test (22)	Run node --test test/*.test.js	2026-08-20T03:35:32.4775010Z   ---
test (22)	Run node --test test/*.test.js	2026-08-20T03:35:32.4775464Z   duration_ms: 30.185217
test (22)	Run node --test test/*.test.js	2026-08-20T03:35:32.4775965Z   type: 'test'
test (22)	Run node --test test/*.test.js	2026-08-20T03:35:32.4776387Z   ...
test (22)	Run node --test test/*.test.js	2026-08-20T03:35:32.4777163Z # Subtest: --json output is exactly one line, never pretty-printed
test (22)	Run node --test test/*.test.js	2026-08-20T03:35:32.4778168Z ok 43 - --json output is exactly one line, never pretty-printed
test (22)	Run node --test test/*.test.js	2026-08-20T03:35:32.4779165Z   ---
test (22)	Run node --test test/*.test.js	2026-08-20T03:35:32.4779599Z   duration_ms: 37.082684
test (22)	Run node --test test/*.test.js	2026-08-20T03:35:32.4780065Z   type: 'test'
test (22)	Run node --test test/*.test.js	2026-08-20T03:35:32.4780453Z   ...
test (22)	Run node --test test/*.test.js	2026-08-20T03:35:32.4781374Z # Subtest: --list --json emits newline-delimited JSON, one object per line, in corpus order
test (22)	Run node --test test/*.test.js	2026-08-20T03:35:32.4782754Z ok 44 - --list --json emits newline-delimited JSON, one object per line, in corpus order
test (22)	Run node --test test/*.test.js	2026-08-20T03:35:32.4783613Z   ---
test (22)	Run node --test test/*.test.js	2026-08-20T03:35:32.4784042Z   duration_ms: 31.541664
test (22)	Run node --test test/*.test.js	2026-08-20T03:35:32.4784495Z   type: 'test'
test (22)	Run node --test test/*.test.js	2026-08-20T03:35:32.4784879Z   ...
test (22)	Run node --test test/*.test.js	2026-08-20T03:35:32.4786044Z # Subtest: --json composes with --seed: the seeded JSON pick is reproducible AND is the same entry as the plain-text pick
test (22)	Run node --test test/*.test.js	2026-08-20T03:35:32.4788527Z ok 45 - --json composes with --seed: the seeded JSON pick is reproducible AND is the same entry as the plain-text pick
test (22)	Run node --test test/*.test.js	2026-08-20T03:35:32.4789662Z   ---
test (22)	Run node --test test/*.test.js	2026-08-20T03:35:32.4790081Z   duration_ms: 527.638418
test (22)	Run node --test test/*.test.js	2026-08-20T03:35:32.4790545Z   type: 'test'
test (22)	Run node --test test/*.test.js	2026-08-20T03:35:32.4790934Z   ...
test (22)	Run node --test test/*.test.js	2026-08-20T03:35:32.4791956Z # Subtest: --json composes with the filter flags: the JSON pick is always a member of the FILTERED set
test (22)	Run node --test test/*.test.js	2026-08-20T03:35:32.4793506Z ok 46 - --json composes with the filter flags: the JSON pick is always a member of the FILTERED set
test (22)	Run node --test test/*.test.js	2026-08-20T03:35:32.4794429Z   ---
test (22)	Run node --test test/*.test.js	2026-08-20T03:35:32.4794827Z   duration_ms: 697.612346
test (22)	Run node --test test/*.test.js	2026-08-20T03:35:32.4795284Z   type: 'test'
test (22)	Run node --test test/*.test.js	2026-08-20T03:35:32.4795680Z   ...
test (22)	Run node --test test/*.test.js	2026-08-20T03:35:32.4796610Z # Subtest: --list accepts a valid --seed and IGNORES it: output is byte-identical across seeds
test (22)	Run node --test test/*.test.js	2026-08-20T03:35:32.4813249Z ok 47 - --list accepts a valid --seed and IGNORES it: output is byte-identical across seeds
test (22)	Run node --test test/*.test.js	2026-08-20T03:35:32.4814210Z   ---
test (22)	Run node --test test/*.test.js	2026-08-20T03:35:32.4814639Z   duration_ms: 298.020185
test (22)	Run node --test test/*.test.js	2026-08-20T03:35:32.4815100Z   type: 'test'
test (22)	Run node --test test/*.test.js	2026-08-20T03:35:32.4815817Z   ...
test (22)	Run node --test test/*.test.js	2026-08-20T03:35:32.4816704Z # Subtest: --list --seed abc is a usage error, exit 2, stdout empty, stderr carries the diagnostic
test (22)	Run node --test test/*.test.js	2026-08-20T03:35:32.4818171Z ok 48 - --list --seed abc is a usage error, exit 2, stdout empty, stderr carries the diagnostic
test (22)	Run node --test test/*.test.js	2026-08-20T03:35:32.4819227Z   ---
test (22)	Run node --test test/*.test.js	2026-08-20T03:35:32.4819565Z   duration_ms: 28.339274
test (22)	Run node --test test/*.test.js	2026-08-20T03:35:32.4819960Z   type: 'test'
test (22)	Run node --test test/*.test.js	2026-08-20T03:35:32.4820308Z   ...
test (22)	Run node --test test/*.test.js	2026-08-20T03:35:32.4821215Z # Subtest: --seed abc --list (erroring flag BEFORE --list) is still a usage error, exit 2, stdout empty
test (22)	Run node --test test/*.test.js	2026-08-20T03:35:32.4822595Z ok 49 - --seed abc --list (erroring flag BEFORE --list) is still a usage error, exit 2, stdout empty
test (22)	Run node --test test/*.test.js	2026-08-20T03:35:32.4823365Z   ---
test (22)	Run node --test test/*.test.js	2026-08-20T03:35:32.4823712Z   duration_ms: 28.646122
test (22)	Run node --test test/*.test.js	2026-08-20T03:35:32.4824146Z   type: 'test'
test (22)	Run node --test test/*.test.js	2026-08-20T03:35:32.4824527Z   ...
test (22)	Run node --test test/*.test.js	2026-08-20T03:35:32.4825385Z # Subtest: --list --seed=  (empty seed value) is a usage error, exit 2, stdout empty
test (22)	Run node --test test/*.test.js	2026-08-20T03:35:32.4826502Z ok 50 - --list --seed=  (empty seed value) is a usage error, exit 2, stdout empty
test (22)	Run node --test test/*.test.js	2026-08-20T03:35:32.4827280Z   ---
test (22)	Run node --test test/*.test.js	2026-08-20T03:35:32.4827701Z   duration_ms: 29.63343
test (22)	Run node --test test/*.test.js	2026-08-20T03:35:32.4828514Z   type: 'test'
test (22)	Run node --test test/*.test.js	2026-08-20T03:35:32.4828933Z   ...
test (22)	Run node --test test/*.test.js	2026-08-20T03:35:32.4829874Z # Subtest: --list --seed "   " (whitespace-only seed value) is a usage error, exit 2, stdout empty
test (22)	Run node --test test/*.test.js	2026-08-20T03:35:32.4831223Z ok 51 - --list --seed "   " (whitespace-only seed value) is a usage error, exit 2, stdout empty
test (22)	Run node --test test/*.test.js	2026-08-20T03:35:32.4831729Z   ---
test (22)	Run node --test test/*.test.js	2026-08-20T03:35:32.4831970Z   duration_ms: 30.697337
test (22)	Run node --test test/*.test.js	2026-08-20T03:35:32.4832227Z   type: 'test'
test (22)	Run node --test test/*.test.js	2026-08-20T03:35:32.4832454Z   ...
test (22)	Run node --test test/*.test.js	2026-08-20T03:35:32.4833427Z # Subtest: --list --nosuchflag (unknown flag) is a usage error, exit 2, stdout empty — --list does not swallow it
test (22)	Run node --test test/*.test.js	2026-08-20T03:35:32.4834471Z ok 52 - --list --nosuchflag (unknown flag) is a usage error, exit 2, stdout empty — --list does not swallow it
test (22)	Run node --test test/*.test.js	2026-08-20T03:35:32.4835029Z   ---
test (22)	Run node --test test/*.test.js	2026-08-20T03:35:32.4835253Z   duration_ms: 28.793868
test (22)	Run node --test test/*.test.js	2026-08-20T03:35:32.4835523Z   type: 'test'
test (22)	Run node --test test/*.test.js	2026-08-20T03:35:32.4835856Z   ...
test (22)	Run node --test test/*.test.js	2026-08-20T03:35:32.4836636Z # Subtest: --nosuchflag --list (unknown flag BEFORE --list) is still a usage error, exit 2, stdout empty
test (22)	Run node --test test/*.test.js	2026-08-20T03:35:32.4837547Z ok 53 - --nosuchflag --list (unknown flag BEFORE --list) is still a usage error, exit 2, stdout empty
test (22)	Run node --test test/*.test.js	2026-08-20T03:35:32.4838070Z   ---
test (22)	Run node --test test/*.test.js	2026-08-20T03:35:32.4838572Z   duration_ms: 30.204674
test (22)	Run node --test test/*.test.js	2026-08-20T03:35:32.4838848Z   type: 'test'
test (22)	Run node --test test/*.test.js	2026-08-20T03:35:32.4839087Z   ...
test (22)	Run node --test test/*.test.js	2026-08-20T03:35:32.4839642Z # Subtest: plain single-pick output is TWO lines: text, newline, four-space indent, EM DASH, space, author
test (22)	Run node --test test/*.test.js	2026-08-20T03:35:32.4840929Z ok 54 - plain single-pick output is TWO lines: text, newline, four-space indent, EM DASH, space, author
test (22)	Run node --test test/*.test.js	2026-08-20T03:35:32.4841847Z   ---
test (22)	Run node --test test/*.test.js	2026-08-20T03:35:32.4842223Z   duration_ms: 30.630497
test (22)	Run node --test test/*.test.js	2026-08-20T03:35:32.4842791Z   type: 'test'
test (22)	Run node --test test/*.test.js	2026-08-20T03:35:32.4843000Z   ...
test (22)	Run node --test test/*.test.js	2026-08-20T03:35:32.4843522Z # Subtest: --seed Infinity and --seed -Infinity (typed as CLI strings) are accepted and deterministic
test (22)	Run node --test test/*.test.js	2026-08-20T03:35:32.4844302Z ok 55 - --seed Infinity and --seed -Infinity (typed as CLI strings) are accepted and deterministic
test (22)	Run node --test test/*.test.js	2026-08-20T03:35:32.4844756Z   ---
test (22)	Run node --test test/*.test.js	2026-08-20T03:35:32.4844959Z   duration_ms: 116.213278
test (22)	Run node --test test/*.test.js	2026-08-20T03:35:32.4845197Z   type: 'test'
test (22)	Run node --test test/*.test.js	2026-08-20T03:35:32.4845395Z   ...
test (22)	Run node --test test/*.test.js	2026-08-20T03:35:32.4845890Z # Subtest: --list with a filter that matches nothing is STILL exit 1, stderr only, stdout empty
test (22)	Run node --test test/*.test.js	2026-08-20T03:35:32.4846634Z ok 56 - --list with a filter that matches nothing is STILL exit 1, stderr only, stdout empty
test (22)	Run node --test test/*.test.js	2026-08-20T03:35:32.4847057Z   ---
test (22)	Run node --test test/*.test.js	2026-08-20T03:35:32.4847345Z   duration_ms: 59.247744
test (22)	Run node --test test/*.test.js	2026-08-20T03:35:32.4847686Z   type: 'test'
test (22)	Run node --test test/*.test.js	2026-08-20T03:35:32.4847894Z   ...
test (22)	Run node --test test/*.test.js	2026-08-20T03:35:32.4849181Z # Subtest: --tag "" (bare empty-string value) matches nothing: whole-tag equality against the literal "" is not a filter no-op
test (22)	Run node --test test/*.test.js	2026-08-20T03:35:32.4850517Z ok 57 - --tag "" (bare empty-string value) matches nothing: whole-tag equality against the literal "" is not a filter no-op
test (22)	Run node --test test/*.test.js	2026-08-20T03:35:32.4851281Z   ---
test (22)	Run node --test test/*.test.js	2026-08-20T03:35:32.4851496Z   duration_ms: 28.288663
test (22)	Run node --test test/*.test.js	2026-08-20T03:35:32.4851732Z   type: 'test'
test (22)	Run node --test test/*.test.js	2026-08-20T03:35:32.4851929Z   ...
test (22)	Run node --test test/*.test.js	2026-08-20T03:35:32.4890633Z # Subtest: README Node support citation: cited git diff must be empty (or the check must skip on a missing precondition)
test (22)	Run node --test test/*.test.js	2026-08-20T03:35:32.4892405Z ok 58 - README Node support citation: cited git diff must be empty (or the check must skip on a missing precondition) # SKIP cited base commit 0c2ed40 is not reachable in this checkout (likely a shallow clone) -- cannot evaluate the README's Node support citation
test (22)	Run node --test test/*.test.js	2026-08-20T03:35:32.4893446Z   ---
test (22)	Run node --test test/*.test.js	2026-08-20T03:35:32.4893669Z   duration_ms: 15.320605
test (22)	Run node --test test/*.test.js	2026-08-20T03:35:32.4893925Z   type: 'test'
test (22)	Run node --test test/*.test.js	2026-08-20T03:35:32.4894129Z   ...
test (22)	Run node --test test/*.test.js	2026-08-20T03:35:32.4894685Z # Subtest: --list | true: exits quietly, zero stderr, no crash banner
test (22)	Run node --test test/*.test.js	2026-08-20T03:35:32.4895332Z ok 59 - --list | true: exits quietly, zero stderr, no crash banner
test (22)	Run node --test test/*.test.js	2026-08-20T03:35:32.4895768Z   ---
test (22)	Run node --test test/*.test.js	2026-08-20T03:35:32.4896022Z   duration_ms: 44.170119
test (22)	Run node --test test/*.test.js	2026-08-20T03:35:32.4896266Z   type: 'test'
test (22)	Run node --test test/*.test.js	2026-08-20T03:35:32.4896545Z   ...
test (22)	Run node --test test/*.test.js	2026-08-20T03:35:32.4897128Z # Subtest: | true (no --list, single aphorism): exits quietly, zero stderr
test (22)	Run node --test test/*.test.js	2026-08-20T03:35:32.4897682Z ok 60 - | true (no --list, single aphorism): exits quietly, zero stderr
test (22)	Run node --test test/*.test.js	2026-08-20T03:35:32.4898045Z   ---
test (22)	Run node --test test/*.test.js	2026-08-20T03:35:32.4898504Z   duration_ms: 34.088326
test (22)	Run node --test test/*.test.js	2026-08-20T03:35:32.4898799Z   type: 'test'
test (22)	Run node --test test/*.test.js	2026-08-20T03:35:32.4899004Z   ...
test (22)	Run node --test test/*.test.js	2026-08-20T03:35:32.4899394Z # Subtest: --list | head -0: exits quietly, zero stderr, no crash banner
test (22)	Run node --test test/*.test.js	2026-08-20T03:35:32.4899953Z ok 61 - --list | head -0: exits quietly, zero stderr, no crash banner
test (22)	Run node --test test/*.test.js	2026-08-20T03:35:32.4900307Z   ---
test (22)	Run node --test test/*.test.js	2026-08-20T03:35:32.4900510Z   duration_ms: 39.137286
test (22)	Run node --test test/*.test.js	2026-08-20T03:35:32.4900741Z   type: 'test'
test (22)	Run node --test test/*.test.js	2026-08-20T03:35:32.4900955Z   ...
test (22)	Run node --test test/*.test.js	2026-08-20T03:35:32.4901367Z # Subtest: --list | /nonexistent-cmd-xyz: no crash banner from the CLI itself
test (22)	Run node --test test/*.test.js	2026-08-20T03:35:32.4901967Z ok 62 - --list | /nonexistent-cmd-xyz: no crash banner from the CLI itself
test (22)	Run node --test test/*.test.js	2026-08-20T03:35:32.4902345Z   ---
test (22)	Run node --test test/*.test.js	2026-08-20T03:35:32.4902543Z   duration_ms: 42.685166
test (22)	Run node --test test/*.test.js	2026-08-20T03:35:32.4902770Z   type: 'test'
test (22)	Run node --test test/*.test.js	2026-08-20T03:35:32.4902970Z   ...
test (22)	Run node --test test/*.test.js	2026-08-20T03:35:32.4903610Z # Subtest: non-EPIPE stdout write failure: reported, not silent, not exit 1, no stack trace
test (22)	Run node --test test/*.test.js	2026-08-20T03:35:32.4904426Z ok 63 - non-EPIPE stdout write failure: reported, not silent, not exit 1, no stack trace
test (22)	Run node --test test/*.test.js	2026-08-20T03:35:32.4904964Z   ---
test (22)	Run node --test test/*.test.js	2026-08-20T03:35:32.4905225Z   duration_ms: 47.881499
test (22)	Run node --test test/*.test.js	2026-08-20T03:35:32.4905465Z   type: 'test'
test (22)	Run node --test test/*.test.js	2026-08-20T03:35:32.4905664Z   ...
test (22)	Run node --test test/*.test.js	2026-08-20T03:35:32.4906106Z # Subtest: usage error survives a closed stderr reader: still exits 2, not clobbered to 1
test (22)	Run node --test test/*.test.js	2026-08-20T03:35:32.4906775Z ok 64 - usage error survives a closed stderr reader: still exits 2, not clobbered to 1
test (22)	Run node --test test/*.test.js	2026-08-20T03:35:32.4907496Z   ---
test (22)	Run node --test test/*.test.js	2026-08-20T03:35:32.4907700Z   duration_ms: 132.617466
test (22)	Run node --test test/*.test.js	2026-08-20T03:35:32.4908064Z   type: 'test'
test (22)	Run node --test test/*.test.js	2026-08-20T03:35:32.4908676Z   ...
test (22)	Run node --test test/*.test.js	2026-08-20T03:35:32.4909223Z # Subtest: no-match exit code survives a closed stderr reader: still exits 1, not misreported
test (22)	Run node --test test/*.test.js	2026-08-20T03:35:32.4909932Z ok 65 - no-match exit code survives a closed stderr reader: still exits 1, not misreported
test (22)	Run node --test test/*.test.js	2026-08-20T03:35:32.4910363Z   ---
test (22)	Run node --test test/*.test.js	2026-08-20T03:35:32.4910580Z   duration_ms: 123.357601
test (22)	Run node --test test/*.test.js	2026-08-20T03:35:32.4910822Z   type: 'test'
test (22)	Run node --test test/*.test.js	2026-08-20T03:35:32.4911023Z   ...
test (22)	Run node --test test/*.test.js	2026-08-20T03:35:32.4911512Z # Subtest: non-EPIPE stderr write failure: not silent, not the earned exit code, no stack trace
test (22)	Run node --test test/*.test.js	2026-08-20T03:35:32.4912227Z ok 66 - non-EPIPE stderr write failure: not silent, not the earned exit code, no stack trace
test (22)	Run node --test test/*.test.js	2026-08-20T03:35:32.4913050Z   ---
test (22)	Run node --test test/*.test.js	2026-08-20T03:35:32.4913414Z   duration_ms: 31.836628
test (22)	Run node --test test/*.test.js	2026-08-20T03:35:32.4913814Z   type: 'test'
test (22)	Run node --test test/*.test.js	2026-08-20T03:35:32.4914171Z   ...
test (22)	Run node --test test/*.test.js	2026-08-20T03:35:32.4914749Z # Subtest: control: --list | head -1 stays completely clean
test (22)	Run node --test test/*.test.js	2026-08-20T03:35:32.4915546Z ok 67 - control: --list | head -1 stays completely clean
test (22)	Run node --test test/*.test.js	2026-08-20T03:35:32.4916339Z   ---
test (22)	Run node --test test/*.test.js	2026-08-20T03:35:32.4916679Z   duration_ms: 38.456944
test (22)	Run node --test test/*.test.js	2026-08-20T03:35:32.4917025Z   type: 'test'
test (22)	Run node --test test/*.test.js	2026-08-20T03:35:32.4919120Z   ...
test (22)	Run node --test test/*.test.js	2026-08-20T03:35:32.4919764Z # Subtest: control: --list | head -5 stays completely clean
test (22)	Run node --test test/*.test.js	2026-08-20T03:35:32.4920322Z ok 68 - control: --list | head -5 stays completely clean
test (22)	Run node --test test/*.test.js	2026-08-20T03:35:32.4920717Z   ---
test (22)	Run node --test test/*.test.js	2026-08-20T03:35:32.4920952Z   duration_ms: 46.630908
test (22)	Run node --test test/*.test.js	2026-08-20T03:35:32.4921191Z   type: 'test'
test (22)	Run node --test test/*.test.js	2026-08-20T03:35:32.4921464Z   ...
test (22)	Run node --test test/*.test.js	2026-08-20T03:35:32.4921814Z # Subtest: control: --list | sed 1q stays completely clean
test (22)	Run node --test test/*.test.js	2026-08-20T03:35:32.4922322Z ok 69 - control: --list | sed 1q stays completely clean
test (22)	Run node --test test/*.test.js	2026-08-20T03:35:32.4922654Z   ---
test (22)	Run node --test test/*.test.js	2026-08-20T03:35:32.4922880Z   duration_ms: 44.129508
test (22)	Run node --test test/*.test.js	2026-08-20T03:35:32.4923116Z   type: 'test'
test (22)	Run node --test test/*.test.js	2026-08-20T03:35:32.4923408Z   ...
test (22)	Run node --test test/*.test.js	2026-08-20T03:35:32.4923749Z # Subtest: control: --list | grep -q . stays completely clean
test (22)	Run node --test test/*.test.js	2026-08-20T03:35:32.4924288Z ok 70 - control: --list | grep -q . stays completely clean
test (22)	Run node --test test/*.test.js	2026-08-20T03:35:32.4924736Z   ---
test (22)	Run node --test test/*.test.js	2026-08-20T03:35:32.4924967Z   duration_ms: 44.434593
test (22)	Run node --test test/*.test.js	2026-08-20T03:35:32.4925262Z   type: 'test'
test (22)	Run node --test test/*.test.js	2026-08-20T03:35:32.4925482Z   ...
test (22)	Run node --test test/*.test.js	2026-08-20T03:35:32.4925791Z # Subtest: control: | wc -l stays completely clean
test (22)	Run node --test test/*.test.js	2026-08-20T03:35:32.4926243Z ok 71 - control: | wc -l stays completely clean
test (22)	Run node --test test/*.test.js	2026-08-20T03:35:32.4926604Z   ---
test (22)	Run node --test test/*.test.js	2026-08-20T03:35:32.4927037Z   duration_ms: 40.580112
test (22)	Run node --test test/*.test.js	2026-08-20T03:35:32.4927453Z   type: 'test'
test (22)	Run node --test test/*.test.js	2026-08-20T03:35:32.4927995Z   ...
test (22)	Run node --test test/*.test.js	2026-08-20T03:35:32.4929158Z # Subtest: control: --list --json | head -2 stays completely clean
test (22)	Run node --test test/*.test.js	2026-08-20T03:35:32.4930171Z ok 72 - control: --list --json | head -2 stays completely clean
test (22)	Run node --test test/*.test.js	2026-08-20T03:35:32.4930785Z   ---
test (22)	Run node --test test/*.test.js	2026-08-20T03:35:32.4931143Z   duration_ms: 37.9093
test (22)	Run node --test test/*.test.js	2026-08-20T03:35:32.4931552Z   type: 'test'
test (22)	Run node --test test/*.test.js	2026-08-20T03:35:32.4931924Z   ...
test (22)	Run node --test test/*.test.js	2026-08-20T03:35:32.4932636Z # Subtest: control: exit 1 / exit 2 stderr messages and codes are unchanged
test (22)	Run node --test test/*.test.js	2026-08-20T03:35:32.4933673Z ok 73 - control: exit 1 / exit 2 stderr messages and codes are unchanged
test (22)	Run node --test test/*.test.js	2026-08-20T03:35:32.4934343Z   ---
test (22)	Run node --test test/*.test.js	2026-08-20T03:35:32.4934704Z   duration_ms: 64.823957
test (22)	Run node --test test/*.test.js	2026-08-20T03:35:32.4935122Z   type: 'test'
test (22)	Run node --test test/*.test.js	2026-08-20T03:35:32.4935464Z   ...
test (22)	Run node --test test/*.test.js	2026-08-20T03:35:32.4936246Z # Subtest: control: a normal (non-full) stdout target still exits 0 with empty stderr
test (22)	Run node --test test/*.test.js	2026-08-20T03:35:32.4937415Z ok 74 - control: a normal (non-full) stdout target still exits 0 with empty stderr
test (22)	Run node --test test/*.test.js	2026-08-20T03:35:32.4938150Z   ---
test (22)	Run node --test test/*.test.js	2026-08-20T03:35:32.4938832Z   duration_ms: 60.482724
test (22)	Run node --test test/*.test.js	2026-08-20T03:35:32.4939275Z   type: 'test'
test (22)	Run node --test test/*.test.js	2026-08-20T03:35:32.4939631Z   ...
test (22)	Run node --test test/*.test.js	2026-08-20T03:35:32.4940125Z # Subtest: README tags must exist in corpus
test (22)	Run node --test test/*.test.js	2026-08-20T03:35:32.4940825Z ok 75 - README tags must exist in corpus
test (22)	Run node --test test/*.test.js	2026-08-20T03:35:32.4941439Z   ---
test (22)	Run node --test test/*.test.js	2026-08-20T03:35:32.4941798Z   duration_ms: 3.55964
test (22)	Run node --test test/*.test.js	2026-08-20T03:35:32.4942517Z   type: 'test'
test (22)	Run node --test test/*.test.js	2026-08-20T03:35:32.4942889Z   ...
test (22)	Run node --test test/*.test.js	2026-08-20T03:35:32.4943402Z # Subtest: README tag counts must match corpus
test (22)	Run node --test test/*.test.js	2026-08-20T03:35:32.4944139Z ok 76 - README tag counts must match corpus
test (22)	Run node --test test/*.test.js	2026-08-20T03:35:32.4944637Z   ---
test (22)	Run node --test test/*.test.js	2026-08-20T03:35:32.4944973Z   duration_ms: 0.682447
test (22)	Run node --test test/*.test.js	2026-08-20T03:35:32.4945363Z   type: 'test'
test (22)	Run node --test test/*.test.js	2026-08-20T03:35:32.4945692Z   ...
test (22)	Run node --test test/*.test.js	2026-08-20T03:35:32.4946232Z # Subtest: README must state total unique tags correctly
test (22)	Run node --test test/*.test.js	2026-08-20T03:35:32.4946993Z ok 77 - README must state total unique tags correctly
test (22)	Run node --test test/*.test.js	2026-08-20T03:35:32.4947510Z   ---
test (22)	Run node --test test/*.test.js	2026-08-20T03:35:32.4947837Z   duration_ms: 0.387425
test (22)	Run node --test test/*.test.js	2026-08-20T03:35:32.4948220Z   type: 'test'
test (22)	Run node --test test/*.test.js	2026-08-20T03:35:32.4949005Z   ...
test (22)	Run node --test test/*.test.js	2026-08-20T03:35:32.4949894Z # Subtest: README must correctly describe single-entry tag count
test (22)	Run node --test test/*.test.js	2026-08-20T03:35:32.4951059Z ok 78 - README must correctly describe single-entry tag count
test (22)	Run node --test test/*.test.js	2026-08-20T03:35:32.4951756Z   ---
test (22)	Run node --test test/*.test.js	2026-08-20T03:35:32.4952216Z   duration_ms: 0.442027
test (22)	Run node --test test/*.test.js	2026-08-20T03:35:32.4952758Z   type: 'test'
test (22)	Run node --test test/*.test.js	2026-08-20T03:35:32.4953218Z   ...
test (22)	Run node --test test/*.test.js	2026-08-20T03:35:32.4953846Z # Subtest: README must list all single-entry tags
test (22)	Run node --test test/*.test.js	2026-08-20T03:35:32.4955340Z ok 79 - README must list all single-entry tags
test (22)	Run node --test test/*.test.js	2026-08-20T03:35:32.4955984Z   ---
test (22)	Run node --test test/*.test.js	2026-08-20T03:35:32.4956445Z   duration_ms: 0.527507
test (22)	Run node --test test/*.test.js	2026-08-20T03:35:32.4956944Z   type: 'test'
test (22)	Run node --test test/*.test.js	2026-08-20T03:35:32.4957298Z   ...
test (22)	Run node --test test/*.test.js	2026-08-20T03:35:32.4959130Z # Subtest: README Tag vocabulary section carries a tag+entry sentence with a single-entry marker (token co-occurrence guard, not a meaning check)
test (22)	Run node --test test/*.test.js	2026-08-20T03:35:32.4961718Z ok 80 - README Tag vocabulary section carries a tag+entry sentence with a single-entry marker (token co-occurrence guard, not a meaning check)
test (22)	Run node --test test/*.test.js	2026-08-20T03:35:32.4963112Z   ---
test (22)	Run node --test test/*.test.js	2026-08-20T03:35:32.4963465Z   duration_ms: 1.023014
test (22)	Run node --test test/*.test.js	2026-08-20T03:35:32.4963975Z   type: 'test'
test (22)	Run node --test test/*.test.js	2026-08-20T03:35:32.4964426Z   ...
test (22)	Run node --test test/*.test.js	2026-08-20T03:35:32.4966319Z # Subtest: extractBandTablesFromReadme tolerates a prose sentence between a band heading and its table (T-025), without mis-attaching a table when the real one is missing
test (22)	Run node --test test/*.test.js	2026-08-20T03:35:32.4969538Z ok 81 - extractBandTablesFromReadme tolerates a prose sentence between a band heading and its table (T-025), without mis-attaching a table when the real one is missing
test (22)	Run node --test test/*.test.js	2026-08-20T03:35:32.4971055Z   ---
test (22)	Run node --test test/*.test.js	2026-08-20T03:35:32.4971519Z   duration_ms: 1.992528
test (22)	Run node --test test/*.test.js	2026-08-20T03:35:32.4972025Z   type: 'test'
test (22)	Run node --test test/*.test.js	2026-08-20T03:35:32.4972465Z   ...
test (22)	Run node --test test/*.test.js	2026-08-20T03:35:32.4973717Z # Subtest: extractBandTablesFromReadme does not let a band-shaped PROSE line steal a real heading's table (T-039)
test (22)	Run node --test test/*.test.js	2026-08-20T03:35:32.4975661Z ok 82 - extractBandTablesFromReadme does not let a band-shaped PROSE line steal a real heading's table (T-039)
test (22)	Run node --test test/*.test.js	2026-08-20T03:35:32.4976685Z   ---
test (22)	Run node --test test/*.test.js	2026-08-20T03:35:32.4977138Z   duration_ms: 0.269845
test (22)	Run node --test test/*.test.js	2026-08-20T03:35:32.4977644Z   type: 'test'
test (22)	Run node --test test/*.test.js	2026-08-20T03:35:32.4978098Z   ...
test (22)	Run node --test test/*.test.js	2026-08-20T03:35:32.4979482Z # Subtest: extractBandTablesFromReadme does not read a fenced example block as a second, real band table
test (22)	Run node --test test/*.test.js	2026-08-20T03:35:32.4980695Z ok 83 - extractBandTablesFromReadme does not read a fenced example block as a second, real band table
test (22)	Run node --test test/*.test.js	2026-08-20T03:35:32.4981179Z   ---
test (22)	Run node --test test/*.test.js	2026-08-20T03:35:32.4981617Z   duration_ms: 0.449221
test (22)	Run node --test test/*.test.js	2026-08-20T03:35:32.4982014Z   type: 'test'
test (22)	Run node --test test/*.test.js	2026-08-20T03:35:32.4982358Z   ...
test (22)	Run node --test test/*.test.js	2026-08-20T03:35:32.4984094Z # Subtest: extractBandTablesFromReadme's recognised bands account for every structural `| Tag | Count |` table -- a table under an unrecognised heading shape is a loud mismatch, not a silent miss
test (22)	Run node --test test/*.test.js	2026-08-20T03:35:32.4985864Z ok 84 - extractBandTablesFromReadme's recognised bands account for every structural `| Tag | Count |` table -- a table under an unrecognised heading shape is a loud mismatch, not a silent miss
test (22)	Run node --test test/*.test.js	2026-08-20T03:35:32.4986621Z   ---
test (22)	Run node --test test/*.test.js	2026-08-20T03:35:32.4986828Z   duration_ms: 0.799135
test (22)	Run node --test test/*.test.js	2026-08-20T03:35:32.4987068Z   type: 'test'
test (22)	Run node --test test/*.test.js	2026-08-20T03:35:32.4987267Z   ...
test (22)	Run node --test test/*.test.js	2026-08-20T03:35:32.4988038Z # Subtest: every `| Tag | Count |` table in the real README Tag vocabulary section is a recognised band table (no table may hide under an unrecognised heading shape)
test (22)	Run node --test test/*.test.js	2026-08-20T03:35:32.4989764Z ok 85 - every `| Tag | Count |` table in the real README Tag vocabulary section is a recognised band table (no table may hide under an unrecognised heading shape)
test (22)	Run node --test test/*.test.js	2026-08-20T03:35:32.4990415Z   ---
test (22)	Run node --test test/*.test.js	2026-08-20T03:35:32.4990618Z   duration_ms: 0.675173
test (22)	Run node --test test/*.test.js	2026-08-20T03:35:32.4990852Z   type: 'test'
test (22)	Run node --test test/*.test.js	2026-08-20T03:35:32.4991049Z   ...
test (22)	Run node --test test/*.test.js	2026-08-20T03:35:32.4991600Z # Subtest: every band table in README Tag vocabulary contains exactly the corpus tags whose count fits that band
test (22)	Run node --test test/*.test.js	2026-08-20T03:35:32.4992500Z ok 86 - every band table in README Tag vocabulary contains exactly the corpus tags whose count fits that band
test (22)	Run node --test test/*.test.js	2026-08-20T03:35:32.4992991Z   ---
test (22)	Run node --test test/*.test.js	2026-08-20T03:35:32.4993189Z   duration_ms: 0.508591
test (22)	Run node --test test/*.test.js	2026-08-20T03:35:32.4993413Z   type: 'test'
test (22)	Run node --test test/*.test.js	2026-08-20T03:35:32.4993607Z   ...
test (22)	Run node --test test/*.test.js	2026-08-20T03:35:32.4994231Z # Subtest: every corpus tag appearing on 2+ entries must have a row in some band table (no band table may be deleted wholesale) (T-019)
test (22)	Run node --test test/*.test.js	2026-08-20T03:35:32.4995214Z ok 87 - every corpus tag appearing on 2+ entries must have a row in some band table (no band table may be deleted wholesale) (T-019)
test (22)	Run node --test test/*.test.js	2026-08-20T03:35:32.4995927Z   ---
test (22)	Run node --test test/*.test.js	2026-08-20T03:35:32.4996121Z   duration_ms: 0.374991
test (22)	Run node --test test/*.test.js	2026-08-20T03:35:32.4996341Z   type: 'test'
test (22)	Run node --test test/*.test.js	2026-08-20T03:35:32.4996532Z   ...
test (22)	Run node --test test/*.test.js	2026-08-20T03:35:32.4997239Z # Subtest: extractBandTablesFromReadme derives a band's row count purely from its table, ignoring decoy "N tags" phrases in the heading line (T-024b)
test (22)	Run node --test test/*.test.js	2026-08-20T03:35:32.4998573Z ok 88 - extractBandTablesFromReadme derives a band's row count purely from its table, ignoring decoy "N tags" phrases in the heading line (T-024b)
test (22)	Run node --test test/*.test.js	2026-08-20T03:35:32.4999760Z   ---
test (22)	Run node --test test/*.test.js	2026-08-20T03:35:32.5000119Z   duration_ms: 0.239898
test (22)	Run node --test test/*.test.js	2026-08-20T03:35:32.5000504Z   type: 'test'
test (22)	Run node --test test/*.test.js	2026-08-20T03:35:32.5000837Z   ...
test (22)	Run node --test test/*.test.js	2026-08-20T03:35:32.5001679Z # Subtest: README opening sentence must state correct multi-entry and single-entry tag counts
test (22)	Run node --test test/*.test.js	2026-08-20T03:35:32.5002971Z ok 89 - README opening sentence must state correct multi-entry and single-entry tag counts
test (22)	Run node --test test/*.test.js	2026-08-20T03:35:32.5003751Z   ---
test (22)	Run node --test test/*.test.js	2026-08-20T03:35:32.5004092Z   duration_ms: 0.516817
test (22)	Run node --test test/*.test.js	2026-08-20T03:35:32.5004473Z   type: 'test'
test (22)	Run node --test test/*.test.js	2026-08-20T03:35:32.5004807Z   ...
test (22)	Run node --test test/*.test.js	2026-08-20T03:35:32.5005495Z # Subtest: README Tag vocabulary section must contain no unrecognised count-claim digits (J-5)
test (22)	Run node --test test/*.test.js	2026-08-20T03:35:32.5006226Z ok 90 - README Tag vocabulary section must contain no unrecognised count-claim digits (J-5)
test (22)	Run node --test test/*.test.js	2026-08-20T03:35:32.5006655Z   ---
test (22)	Run node --test test/*.test.js	2026-08-20T03:35:32.5006856Z   duration_ms: 1.375894
test (22)	Run node --test test/*.test.js	2026-08-20T03:35:32.5007083Z   type: 'test'
test (22)	Run node --test test/*.test.js	2026-08-20T03:35:32.5007279Z   ...
test (22)	Run node --test test/*.test.js	2026-08-20T03:35:32.5007812Z # Subtest: README Attribution table "Entries ranked" count must match corpus.length and the triage doc (C1)
test (22)	Run node --test test/*.test.js	2026-08-20T03:35:32.5009031Z ok 91 - README Attribution table "Entries ranked" count must match corpus.length and the triage doc (C1)
test (22)	Run node --test test/*.test.js	2026-08-20T03:35:32.5009916Z   ---
test (22)	Run node --test test/*.test.js	2026-08-20T03:35:32.5010260Z   duration_ms: 1.492873
test (22)	Run node --test test/*.test.js	2026-08-20T03:35:32.5010667Z   type: 'test'
test (22)	Run node --test test/*.test.js	2026-08-20T03:35:32.5010999Z   ...
test (22)	Run node --test test/*.test.js	2026-08-20T03:35:32.5011858Z # Subtest: README Attribution table "Rated HIGH risk" count must match the triage doc table (C2)
test (22)	Run node --test test/*.test.js	2026-08-20T03:35:32.5013180Z ok 92 - README Attribution table "Rated HIGH risk" count must match the triage doc table (C2)
test (22)	Run node --test test/*.test.js	2026-08-20T03:35:32.5013957Z   ---
test (22)	Run node --test test/*.test.js	2026-08-20T03:35:32.5014289Z   duration_ms: 0.644847
test (22)	Run node --test test/*.test.js	2026-08-20T03:35:32.5014684Z   type: 'test'
test (22)	Run node --test test/*.test.js	2026-08-20T03:35:32.5014918Z   ...
test (22)	Run node --test test/*.test.js	2026-08-20T03:35:32.5015385Z # Subtest: README Attribution section must contain no digit runs outside the counts table (C7)
test (22)	Run node --test test/*.test.js	2026-08-20T03:35:32.5016100Z ok 93 - README Attribution section must contain no digit runs outside the counts table (C7)
test (22)	Run node --test test/*.test.js	2026-08-20T03:35:32.5016519Z   ---
test (22)	Run node --test test/*.test.js	2026-08-20T03:35:32.5016725Z   duration_ms: 0.439071
test (22)	Run node --test test/*.test.js	2026-08-20T03:35:32.5016948Z   type: 'test'
test (22)	Run node --test test/*.test.js	2026-08-20T03:35:32.5017141Z   ...
test (22)	Run node --test test/*.test.js	2026-08-20T03:35:32.5017483Z # Subtest: README Layout section paths must exist on disk (C6)
test (22)	Run node --test test/*.test.js	2026-08-20T03:35:32.5018171Z ok 94 - README Layout section paths must exist on disk (C6)
test (22)	Run node --test test/*.test.js	2026-08-20T03:35:32.5018660Z   ---
test (22)	Run node --test test/*.test.js	2026-08-20T03:35:32.5018859Z   duration_ms: 0.559928
test (22)	Run node --test test/*.test.js	2026-08-20T03:35:32.5019088Z   type: 'test'
test (22)	Run node --test test/*.test.js	2026-08-20T03:35:32.5019282Z   ...
test (22)	Run node --test test/*.test.js	2026-08-20T03:35:32.5019841Z # Subtest: getListBehaviourSection tolerates a reformatted "--list behaviour" heading with no backticks (T-021)
test (22)	Run node --test test/*.test.js	2026-08-20T03:35:32.5020710Z ok 95 - getListBehaviourSection tolerates a reformatted "--list behaviour" heading with no backticks (T-021)
test (22)	Run node --test test/*.test.js	2026-08-20T03:35:32.5021202Z   ---
test (22)	Run node --test test/*.test.js	2026-08-20T03:35:32.5021397Z   duration_ms: 0.532396
test (22)	Run node --test test/*.test.js	2026-08-20T03:35:32.5021618Z   type: 'test'
test (22)	Run node --test test/*.test.js	2026-08-20T03:35:32.5021840Z   ...
test (22)	Run node --test test/*.test.js	2026-08-20T03:35:32.5022588Z # Subtest: getListBehaviourSection still fails on a SEPARATOR MISMATCH (not a heading-parse error) when a reformatted heading's literal is mutated (T-021)
test (22)	Run node --test test/*.test.js	2026-08-20T03:35:32.5023761Z ok 96 - getListBehaviourSection still fails on a SEPARATOR MISMATCH (not a heading-parse error) when a reformatted heading's literal is mutated (T-021)
test (22)	Run node --test test/*.test.js	2026-08-20T03:35:32.5024390Z   ---
test (22)	Run node --test test/*.test.js	2026-08-20T03:35:32.5024582Z   duration_ms: 0.341369
test (22)	Run node --test test/*.test.js	2026-08-20T03:35:32.5024862Z   type: 'test'
test (22)	Run node --test test/*.test.js	2026-08-20T03:35:32.5025273Z   ...
test (22)	Run node --test test/*.test.js	2026-08-20T03:35:32.5025883Z # Subtest: getListBehaviourSection reports ambiguity loudly instead of taking the first of two qualifying headings (T-021)
test (22)	Run node --test test/*.test.js	2026-08-20T03:35:32.5026825Z ok 97 - getListBehaviourSection reports ambiguity loudly instead of taking the first of two qualifying headings (T-021)
test (22)	Run node --test test/*.test.js	2026-08-20T03:35:32.5027352Z   ---
test (22)	Run node --test test/*.test.js	2026-08-20T03:35:32.5027551Z   duration_ms: 2.38916
test (22)	Run node --test test/*.test.js	2026-08-20T03:35:32.5027772Z   type: 'test'
test (22)	Run node --test test/*.test.js	2026-08-20T03:35:32.5027973Z   ...
test (22)	Run node --test test/*.test.js	2026-08-20T03:35:32.5028650Z # Subtest: getListBehaviourSection does not let "--list-only" satisfy the standalone `--list` token (T-021)
test (22)	Run node --test test/*.test.js	2026-08-20T03:35:32.5048624Z ok 98 - getListBehaviourSection does not let "--list-only" satisfy the standalone `--list` token (T-021)
test (22)	Run node --test test/*.test.js	2026-08-20T03:35:32.5049362Z   ---
test (22)	Run node --test test/*.test.js	2026-08-20T03:35:32.5049599Z   duration_ms: 0.316883
test (22)	Run node --test test/*.test.js	2026-08-20T03:35:32.5049877Z   type: 'test'
test (22)	Run node --test test/*.test.js	2026-08-20T03:35:32.5050098Z   ...
test (22)	Run node --test test/*.test.js	2026-08-20T03:35:32.5050638Z # Subtest: getListBehaviourSection tolerates the American spelling "behavior" in the heading (T-027)
test (22)	Run node --test test/*.test.js	2026-08-20T03:35:32.5051467Z ok 99 - getListBehaviourSection tolerates the American spelling "behavior" in the heading (T-027)
test (22)	Run node --test test/*.test.js	2026-08-20T03:35:32.5051933Z   ---
test (22)	Run node --test test/*.test.js	2026-08-20T03:35:32.5052140Z   duration_ms: 0.176089
test (22)	Run node --test test/*.test.js	2026-08-20T03:35:32.5052376Z   type: 'test'
test (22)	Run node --test test/*.test.js	2026-08-20T03:35:32.5052580Z   ...
test (22)	Run node --test test/*.test.js	2026-08-20T03:35:32.5053278Z # Subtest: getListBehaviourSection still fails on a SEPARATOR MISMATCH (not a heading-parse error) under an American-spelled heading (T-027)
test (22)	Run node --test test/*.test.js	2026-08-20T03:35:32.5054360Z ok 100 - getListBehaviourSection still fails on a SEPARATOR MISMATCH (not a heading-parse error) under an American-spelled heading (T-027)
test (22)	Run node --test test/*.test.js	2026-08-20T03:35:32.5054948Z   ---
test (22)	Run node --test test/*.test.js	2026-08-20T03:35:32.5055148Z   duration_ms: 0.207137
test (22)	Run node --test test/*.test.js	2026-08-20T03:35:32.5055379Z   type: 'test'
test (22)	Run node --test test/*.test.js	2026-08-20T03:35:32.5055585Z   ...
test (22)	Run node --test test/*.test.js	2026-08-20T03:35:32.5056084Z # Subtest: README `--list` format literal matches the shipped binary's actual --list output (T-017)
test (22)	Run node --test test/*.test.js	2026-08-20T03:35:32.5056828Z ok 101 - README `--list` format literal matches the shipped binary's actual --list output (T-017)
test (22)	Run node --test test/*.test.js	2026-08-20T03:35:32.5057272Z   ---
test (22)	Run node --test test/*.test.js	2026-08-20T03:35:32.5057473Z   duration_ms: 43.949639
test (22)	Run node --test test/*.test.js	2026-08-20T03:35:32.5057704Z   type: 'test'
test (22)	Run node --test test/*.test.js	2026-08-20T03:35:32.5057906Z   ...
test (22)	Run node --test test/*.test.js	2026-08-20T03:35:32.5058630Z # Subtest: README `--author` matching section must state the correct count of distinct corpus authors (Q-8)
test (22)	Run node --test test/*.test.js	2026-08-20T03:35:32.5059454Z ok 102 - README `--author` matching section must state the correct count of distinct corpus authors (Q-8)
test (22)	Run node --test test/*.test.js	2026-08-20T03:35:32.5059919Z   ---
test (22)	Run node --test test/*.test.js	2026-08-20T03:35:32.5060117Z   duration_ms: 0.483034
test (22)	Run node --test test/*.test.js	2026-08-20T03:35:32.5060340Z   type: 'test'
test (22)	Run node --test test/*.test.js	2026-08-20T03:35:32.5060538Z   ...
test (22)	Run node --test test/*.test.js	2026-08-20T03:35:32.5060797Z # Subtest: corpus has at least 40 entries
test (22)	Run node --test test/*.test.js	2026-08-20T03:35:32.5061141Z ok 103 - corpus has at least 40 entries
test (22)	Run node --test test/*.test.js	2026-08-20T03:35:32.5061408Z   ---
test (22)	Run node --test test/*.test.js	2026-08-20T03:35:32.5061907Z   duration_ms: 1.177383
test (22)	Run node --test test/*.test.js	2026-08-20T03:35:32.5062133Z   type: 'test'
test (22)	Run node --test test/*.test.js	2026-08-20T03:35:32.5062330Z   ...
test (22)	Run node --test test/*.test.js	2026-08-20T03:35:32.5062775Z # Subtest: every corpus entry has non-empty text, non-empty author, and an array of tags
test (22)	Run node --test test/*.test.js	2026-08-20T03:35:32.5063830Z ok 104 - every corpus entry has non-empty text, non-empty author, and an array of tags
test (22)	Run node --test test/*.test.js	2026-08-20T03:35:32.5064494Z   ---
test (22)	Run node --test test/*.test.js	2026-08-20T03:35:32.5064712Z   duration_ms: 1.486551
test (22)	Run node --test test/*.test.js	2026-08-20T03:35:32.5064941Z   type: 'test'
test (22)	Run node --test test/*.test.js	2026-08-20T03:35:32.5065134Z   ...
test (22)	Run node --test test/*.test.js	2026-08-20T03:35:32.5065429Z # Subtest: filter: author match is case-insensitive
test (22)	Run node --test test/*.test.js	2026-08-20T03:35:32.5065848Z ok 105 - filter: author match is case-insensitive
test (22)	Run node --test test/*.test.js	2026-08-20T03:35:32.5066160Z   ---
test (22)	Run node --test test/*.test.js	2026-08-20T03:35:32.5066361Z   duration_ms: 1.133942
test (22)	Run node --test test/*.test.js	2026-08-20T03:35:32.5066590Z   type: 'test'
test (22)	Run node --test test/*.test.js	2026-08-20T03:35:32.5066783Z   ...
test (22)	Run node --test test/*.test.js	2026-08-20T03:35:32.5067068Z # Subtest: filter: tag match is case-insensitive
test (22)	Run node --test test/*.test.js	2026-08-20T03:35:32.5067455Z ok 106 - filter: tag match is case-insensitive
test (22)	Run node --test test/*.test.js	2026-08-20T03:35:32.5067754Z   ---
test (22)	Run node --test test/*.test.js	2026-08-20T03:35:32.5067988Z   duration_ms: 0.495718
test (22)	Run node --test test/*.test.js	2026-08-20T03:35:32.5068442Z   type: 'test'
test (22)	Run node --test test/*.test.js	2026-08-20T03:35:32.5068656Z   ...
test (22)	Run node --test test/*.test.js	2026-08-20T03:35:32.5069294Z # Subtest: filter: author and tag together narrow to the intersection (AND)
test (22)	Run node --test test/*.test.js	2026-08-20T03:35:32.5069937Z ok 107 - filter: author and tag together narrow to the intersection (AND)
test (22)	Run node --test test/*.test.js	2026-08-20T03:35:32.5070327Z   ---
test (22)	Run node --test test/*.test.js	2026-08-20T03:35:32.5070547Z   duration_ms: 0.487683
test (22)	Run node --test test/*.test.js	2026-08-20T03:35:32.5070800Z   type: 'test'
test (22)	Run node --test test/*.test.js	2026-08-20T03:35:32.5071023Z   ...
test (22)	Run node --test test/*.test.js	2026-08-20T03:35:32.5071361Z # Subtest: filter: undefined/absent options do not filter
test (22)	Run node --test test/*.test.js	2026-08-20T03:35:32.5071821Z ok 108 - filter: undefined/absent options do not filter
test (22)	Run node --test test/*.test.js	2026-08-20T03:35:32.5072151Z   ---
test (22)	Run node --test test/*.test.js	2026-08-20T03:35:32.5072345Z   duration_ms: 0.205875
test (22)	Run node --test test/*.test.js	2026-08-20T03:35:32.5072592Z   type: 'test'
test (22)	Run node --test test/*.test.js	2026-08-20T03:35:32.5072784Z   ...
test (22)	Run node --test test/*.test.js	2026-08-20T03:35:32.5073213Z # Subtest: pick: same seed over the same candidates always returns the same element
test (22)	Run node --test test/*.test.js	2026-08-20T03:35:32.5073892Z ok 109 - pick: same seed over the same candidates always returns the same element
test (22)	Run node --test test/*.test.js	2026-08-20T03:35:32.5074305Z   ---
test (22)	Run node --test test/*.test.js	2026-08-20T03:35:32.5074502Z   duration_ms: 0.601345
test (22)	Run node --test test/*.test.js	2026-08-20T03:35:32.5074782Z   type: 'test'
test (22)	Run node --test test/*.test.js	2026-08-20T03:35:32.5074975Z   ...
test (22)	Run node --test test/*.test.js	2026-08-20T03:35:32.5075376Z # Subtest: pick: different seeds generally produce different results
test (22)	Run node --test test/*.test.js	2026-08-20T03:35:32.5075944Z ok 110 - pick: different seeds generally produce different results
test (22)	Run node --test test/*.test.js	2026-08-20T03:35:32.5076332Z   ---
test (22)	Run node --test test/*.test.js	2026-08-20T03:35:32.5076533Z   duration_ms: 0.293008
test (22)	Run node --test test/*.test.js	2026-08-20T03:35:32.5076784Z   type: 'test'
test (22)	Run node --test test/*.test.js	2026-08-20T03:35:32.5077000Z   ...
test (22)	Run node --test test/*.test.js	2026-08-20T03:35:32.5077347Z # Subtest: pick: undefined seed picks a valid member (random mode)
test (22)	Run node --test test/*.test.js	2026-08-20T03:35:32.5077886Z ok 111 - pick: undefined seed picks a valid member (random mode)
test (22)	Run node --test test/*.test.js	2026-08-20T03:35:32.5078399Z   ---
test (22)	Run node --test test/*.test.js	2026-08-20T03:35:32.5078685Z   duration_ms: 0.487702
test (22)	Run node --test test/*.test.js	2026-08-20T03:35:32.5079061Z   type: 'test'
test (22)	Run node --test test/*.test.js	2026-08-20T03:35:32.5079281Z   ...
test (22)	Run node --test test/*.test.js	2026-08-20T03:35:32.5079725Z # Subtest: pick: null seed also triggers random mode and returns a valid member
test (22)	Run node --test test/*.test.js	2026-08-20T03:35:32.5080370Z ok 112 - pick: null seed also triggers random mode and returns a valid member
test (22)	Run node --test test/*.test.js	2026-08-20T03:35:32.5080791Z   ---
test (22)	Run node --test test/*.test.js	2026-08-20T03:35:32.5080997Z   duration_ms: 0.570497
test (22)	Run node --test test/*.test.js	2026-08-20T03:35:32.5081248Z   type: 'test'
test (22)	Run node --test test/*.test.js	2026-08-20T03:35:32.5081471Z   ...
test (22)	Run node --test test/*.test.js	2026-08-20T03:35:32.5081819Z # Subtest: pick: throws RangeError on empty candidates array
test (22)	Run node --test test/*.test.js	2026-08-20T03:35:32.5082324Z ok 113 - pick: throws RangeError on empty candidates array
test (22)	Run node --test test/*.test.js	2026-08-20T03:35:32.5082661Z   ---
test (22)	Run node --test test/*.test.js	2026-08-20T03:35:32.5082854Z   duration_ms: 0.722152
test (22)	Run node --test test/*.test.js	2026-08-20T03:35:32.5083118Z   type: 'test'
test (22)	Run node --test test/*.test.js	2026-08-20T03:35:32.5083323Z   ...
test (22)	Run node --test test/*.test.js	2026-08-20T03:35:32.5083706Z # Subtest: pick: Infinity seed is deterministic and returns a valid member
test (22)	Run node --test test/*.test.js	2026-08-20T03:35:32.5084292Z ok 114 - pick: Infinity seed is deterministic and returns a valid member
test (22)	Run node --test test/*.test.js	2026-08-20T03:35:32.5084651Z   ---
test (22)	Run node --test test/*.test.js	2026-08-20T03:35:32.5084884Z   duration_ms: 0.281046
test (22)	Run node --test test/*.test.js	2026-08-20T03:35:32.5085298Z   type: 'test'
test (22)	Run node --test test/*.test.js	2026-08-20T03:35:32.5085772Z   ...
test (22)	Run node --test test/*.test.js	2026-08-20T03:35:32.5086893Z # Subtest: pick: -Infinity seed is deterministic and returns a valid member
test (22)	Run node --test test/*.test.js	2026-08-20T03:35:32.5088123Z ok 115 - pick: -Infinity seed is deterministic and returns a valid member
test (22)	Run node --test test/*.test.js	2026-08-20T03:35:32.5089001Z   ---
test (22)	Run node --test test/*.test.js	2026-08-20T03:35:32.5089309Z   duration_ms: 0.214832
test (22)	Run node --test test/*.test.js	2026-08-20T03:35:32.5089662Z   type: 'test'
test (22)	Run node --test test/*.test.js	2026-08-20T03:35:32.5089974Z   ...
test (22)	Run node --test test/*.test.js	2026-08-20T03:35:32.5090661Z # Subtest: pick: NaN seed still uses the random branch and returns a valid member
test (22)	Run node --test test/*.test.js	2026-08-20T03:35:32.5091720Z ok 116 - pick: NaN seed still uses the random branch and returns a valid member
test (22)	Run node --test test/*.test.js	2026-08-20T03:35:32.5092326Z   ---
test (22)	Run node --test test/*.test.js	2026-08-20T03:35:32.5092633Z   duration_ms: 0.12802
test (22)	Run node --test test/*.test.js	2026-08-20T03:35:32.5093003Z   type: 'test'
test (22)	Run node --test test/*.test.js	2026-08-20T03:35:32.5093325Z   ...
test (22)	Run node --test test/*.test.js	2026-08-20T03:35:32.5093992Z # Subtest: pick: finite seed determinism is unchanged by the non-finite-seed fix
test (22)	Run node --test test/*.test.js	2026-08-20T03:35:32.5094986Z ok 117 - pick: finite seed determinism is unchanged by the non-finite-seed fix
test (22)	Run node --test test/*.test.js	2026-08-20T03:35:32.5095588Z   ---
test (22)	Run node --test test/*.test.js	2026-08-20T03:35:32.5095919Z   duration_ms: 0.184264
test (22)	Run node --test test/*.test.js	2026-08-20T03:35:32.5096270Z   type: 'test'
test (22)	Run node --test test/*.test.js	2026-08-20T03:35:32.5096599Z   ...
test (22)	Run node --test test/*.test.js	2026-08-20T03:35:32.5097218Z # Subtest: pick: every candidate is REACHABLE by an unseeded draw
test (22)	Run node --test test/*.test.js	2026-08-20T03:35:32.5098525Z ok 118 - pick: every candidate is REACHABLE by an unseeded draw
test (22)	Run node --test test/*.test.js	2026-08-20T03:35:32.5099122Z   ---
test (22)	Run node --test test/*.test.js	2026-08-20T03:35:32.5099456Z   duration_ms: 3.117513
test (22)	Run node --test test/*.test.js	2026-08-20T03:35:32.5099830Z   type: 'test'
test (22)	Run node --test test/*.test.js	2026-08-20T03:35:32.5100166Z   ...
test (22)	Run node --test test/*.test.js	2026-08-20T03:35:32.5100933Z # Subtest: pick: unseeded draws split the interval EQUALLY across candidates (uniform)
test (22)	Run node --test test/*.test.js	2026-08-20T03:35:32.5102074Z ok 119 - pick: unseeded draws split the interval EQUALLY across candidates (uniform)
test (22)	Run node --test test/*.test.js	2026-08-20T03:35:32.5102771Z   ---
test (22)	Run node --test test/*.test.js	2026-08-20T03:35:32.5103091Z   duration_ms: 1.525805
test (22)	Run node --test test/*.test.js	2026-08-20T03:35:32.5103465Z   type: 'test'
test (22)	Run node --test test/*.test.js	2026-08-20T03:35:32.5103795Z   ...
test (22)	Run node --test test/*.test.js	2026-08-20T03:35:32.5104589Z # Subtest: pick: single-element candidates always returns that element regardless of seed
test (22)	Run node --test test/*.test.js	2026-08-20T03:35:32.5105776Z ok 120 - pick: single-element candidates always returns that element regardless of seed
test (22)	Run node --test test/*.test.js	2026-08-20T03:35:32.5106512Z   ---
test (22)	Run node --test test/*.test.js	2026-08-20T03:35:32.5106838Z   duration_ms: 0.164628
test (22)	Run node --test test/*.test.js	2026-08-20T03:35:32.5107223Z   type: 'test'
test (22)	Run node --test test/*.test.js	2026-08-20T03:35:32.5107556Z   ...
test (22)	Run node --test test/*.test.js	2026-08-20T03:35:32.5107853Z 1..120
test (22)	Run node --test test/*.test.js	2026-08-20T03:35:32.5108162Z # tests 120
test (22)	Run node --test test/*.test.js	2026-08-20T03:35:32.5108669Z # suites 0
test (22)	Run node --test test/*.test.js	2026-08-20T03:35:32.5108993Z # pass 119
test (22)	Run node --test test/*.test.js	2026-08-20T03:35:32.5109308Z # fail 0
test (22)	Run node --test test/*.test.js	2026-08-20T03:35:32.5109628Z # cancelled 0
test (22)	Run node --test test/*.test.js	2026-08-20T03:35:32.5109967Z # skipped 1
test (22)	Run node --test test/*.test.js	2026-08-20T03:35:32.5110283Z # todo 0
test (22)	Run node --test test/*.test.js	2026-08-20T03:35:32.5110644Z # duration_ms 3070.536519
test (22)	Coverage report (informational, not a gate)	﻿2026-08-20T03:35:32.5185965Z ##[group]Run node --test --experimental-test-coverage test/*.test.js \
test (22)	Coverage report (informational, not a gate)	2026-08-20T03:35:32.5186565Z [36;1mnode --test --experimental-test-coverage test/*.test.js \[0m
test (22)	Coverage report (informational, not a gate)	2026-08-20T03:35:32.5187366Z [36;1m  || echo "NOTE: --experimental-test-coverage exited non-zero on Node 22 (see output above). This step is informational only and does not affect job status."[0m
test (22)	Coverage report (informational, not a gate)	2026-08-20T03:35:32.5227691Z shell: /usr/bin/bash -e {0}
test (22)	Coverage report (informational, not a gate)	2026-08-20T03:35:32.5227982Z ##[endgroup]
test (22)	Coverage report (informational, not a gate)	2026-08-20T03:35:32.5810086Z TAP version 13
test (22)	Coverage report (informational, not a gate)	2026-08-20T03:35:32.6499844Z # Subtest: zero args: no error, no filters set
test (22)	Coverage report (informational, not a gate)	2026-08-20T03:35:32.6529060Z ok 1 - zero args: no error, no filters set
test (22)	Coverage report (informational, not a gate)	2026-08-20T03:35:32.6539050Z   ---
test (22)	Coverage report (informational, not a gate)	2026-08-20T03:35:32.6569036Z   duration_ms: 2.259099
test (22)	Coverage report (informational, not a gate)	2026-08-20T03:35:32.6609422Z   type: 'test'
test (22)	Coverage report (informational, not a gate)	2026-08-20T03:35:32.6659279Z   ...
test (22)	Coverage report (informational, not a gate)	2026-08-20T03:35:32.6719946Z # Subtest: --author <name> sets author string
test (22)	Coverage report (informational, not a gate)	2026-08-20T03:35:32.6721448Z ok 2 - --author <name> sets author string
test (22)	Coverage report (informational, not a gate)	2026-08-20T03:35:32.6722279Z   ---
test (22)	Coverage report (informational, not a gate)	2026-08-20T03:35:32.6723137Z   duration_ms: 0.393525
test (22)	Coverage report (informational, not a gate)	2026-08-20T03:35:32.6723896Z   type: 'test'
test (22)	Coverage report (informational, not a gate)	2026-08-20T03:35:32.6724591Z   ...
test (22)	Coverage report (informational, not a gate)	2026-08-20T03:35:32.6725549Z # Subtest: --author=<name> equals form sets author string
test (22)	Coverage report (informational, not a gate)	2026-08-20T03:35:32.6726855Z ok 3 - --author=<name> equals form sets author string
test (22)	Coverage report (informational, not a gate)	2026-08-20T03:35:32.6727731Z   ---
test (22)	Coverage report (informational, not a gate)	2026-08-20T03:35:32.6728623Z   duration_ms: 0.205674
test (22)	Coverage report (informational, not a gate)	2026-08-20T03:35:32.6729981Z   type: 'test'
test (22)	Coverage report (informational, not a gate)	2026-08-20T03:35:32.6730707Z   ...
test (22)	Coverage report (informational, not a gate)	2026-08-20T03:35:32.6731554Z # Subtest: --tag <tag> sets tag string
test (22)	Coverage report (informational, not a gate)	2026-08-20T03:35:32.6732534Z ok 4 - --tag <tag> sets tag string
test (22)	Coverage report (informational, not a gate)	2026-08-20T03:35:32.6733336Z   ---
test (22)	Coverage report (informational, not a gate)	2026-08-20T03:35:32.6734001Z   duration_ms: 0.244918
test (22)	Coverage report (informational, not a gate)	2026-08-20T03:35:32.6734719Z   type: 'test'
test (22)	Coverage report (informational, not a gate)	2026-08-20T03:35:32.6735450Z   ...
test (22)	Coverage report (informational, not a gate)	2026-08-20T03:35:32.6736286Z # Subtest: --tag=<tag> equals form sets tag string
test (22)	Coverage report (informational, not a gate)	2026-08-20T03:35:32.6737249Z ok 5 - --tag=<tag> equals form sets tag string
test (22)	Coverage report (informational, not a gate)	2026-08-20T03:35:32.6738049Z   ---
test (22)	Coverage report (informational, not a gate)	2026-08-20T03:35:32.6738997Z   duration_ms: 0.204001
test (22)	Coverage report (informational, not a gate)	2026-08-20T03:35:32.6739763Z   type: 'test'
test (22)	Coverage report (informational, not a gate)	2026-08-20T03:35:32.6740568Z   ...
test (22)	Coverage report (informational, not a gate)	2026-08-20T03:35:32.6741543Z # Subtest: combined --author X --tag Y sets both
test (22)	Coverage report (informational, not a gate)	2026-08-20T03:35:32.6742832Z ok 6 - combined --author X --tag Y sets both
test (22)	Coverage report (informational, not a gate)	2026-08-20T03:35:32.6743584Z   ---
test (22)	Coverage report (informational, not a gate)	2026-08-20T03:35:32.6744123Z   duration_ms: 0.198891
test (22)	Coverage report (informational, not a gate)	2026-08-20T03:35:32.6744709Z   type: 'test'
test (22)	Coverage report (informational, not a gate)	2026-08-20T03:35:32.6745252Z   ...
test (22)	Coverage report (informational, not a gate)	2026-08-20T03:35:32.6745971Z # Subtest: --seed <n> parses as a number
test (22)	Coverage report (informational, not a gate)	2026-08-20T03:35:32.6746703Z ok 7 - --seed <n> parses as a number
test (22)	Coverage report (informational, not a gate)	2026-08-20T03:35:32.6747374Z   ---
test (22)	Coverage report (informational, not a gate)	2026-08-20T03:35:32.6747906Z   duration_ms: 0.271988
test (22)	Coverage report (informational, not a gate)	2026-08-20T03:35:32.6748788Z   type: 'test'
test (22)	Coverage report (informational, not a gate)	2026-08-20T03:35:32.6749377Z   ...
test (22)	Coverage report (informational, not a gate)	2026-08-20T03:35:32.6750081Z # Subtest: --seed=<n> equals form parses as a number
test (22)	Coverage report (informational, not a gate)	2026-08-20T03:35:32.6750991Z ok 8 - --seed=<n> equals form parses as a number
test (22)	Coverage report (informational, not a gate)	2026-08-20T03:35:32.6751778Z   ---
test (22)	Coverage report (informational, not a gate)	2026-08-20T03:35:32.6752343Z   duration_ms: 0.244076
test (22)	Coverage report (informational, not a gate)	2026-08-20T03:35:32.6752949Z   type: 'test'
test (22)	Coverage report (informational, not a gate)	2026-08-20T03:35:32.6753496Z   ...
test (22)	Coverage report (informational, not a gate)	2026-08-20T03:35:32.6754216Z # Subtest: --seed <n> accepts a negative number
test (22)	Coverage report (informational, not a gate)	2026-08-20T03:35:32.6755078Z ok 9 - --seed <n> accepts a negative number
test (22)	Coverage report (informational, not a gate)	2026-08-20T03:35:32.6755752Z   ---
test (22)	Coverage report (informational, not a gate)	2026-08-20T03:35:32.6756296Z   duration_ms: 0.207497
test (22)	Coverage report (informational, not a gate)	2026-08-20T03:35:32.6756944Z   type: 'test'
test (22)	Coverage report (informational, not a gate)	2026-08-20T03:35:32.6757492Z   ...
test (22)	Coverage report (informational, not a gate)	2026-08-20T03:35:32.6758489Z # Subtest: --seed=<n> equals form accepts a negative number
test (22)	Coverage report (informational, not a gate)	2026-08-20T03:35:32.6759539Z ok 10 - --seed=<n> equals form accepts a negative number
test (22)	Coverage report (informational, not a gate)	2026-08-20T03:35:32.6760286Z   ---
test (22)	Coverage report (informational, not a gate)	2026-08-20T03:35:32.6760831Z   duration_ms: 0.268992
test (22)	Coverage report (informational, not a gate)	2026-08-20T03:35:32.6761429Z   type: 'test'
test (22)	Coverage report (informational, not a gate)	2026-08-20T03:35:32.6761974Z   ...
test (22)	Coverage report (informational, not a gate)	2026-08-20T03:35:32.6762648Z # Subtest: non-numeric --seed is a usage error
test (22)	Coverage report (informational, not a gate)	2026-08-20T03:35:32.6763447Z ok 11 - non-numeric --seed is a usage error
test (22)	Coverage report (informational, not a gate)	2026-08-20T03:35:32.6764118Z   ---
test (22)	Coverage report (informational, not a gate)	2026-08-20T03:35:32.6764705Z   duration_ms: 0.402963
test (22)	Coverage report (informational, not a gate)	2026-08-20T03:35:32.6765384Z   type: 'test'
test (22)	Coverage report (informational, not a gate)	2026-08-20T03:35:32.6765953Z   ...
test (22)	Coverage report (informational, not a gate)	2026-08-20T03:35:32.6766739Z # Subtest: non-numeric --seed= equals form is a usage error
test (22)	Coverage report (informational, not a gate)	2026-08-20T03:35:32.6768227Z ok 12 - non-numeric --seed= equals form is a usage error
test (22)	Coverage report (informational, not a gate)	2026-08-20T03:35:32.6769402Z   ---
test (22)	Coverage report (informational, not a gate)	2026-08-20T03:35:32.6770011Z   duration_ms: 0.179786
test (22)	Coverage report (informational, not a gate)	2026-08-20T03:35:32.6770622Z   type: 'test'
test (22)	Coverage report (informational, not a gate)	2026-08-20T03:35:32.6771221Z   ...
test (22)	Coverage report (informational, not a gate)	2026-08-20T03:35:32.6771966Z # Subtest: --list sets list: true
test (22)	Coverage report (informational, not a gate)	2026-08-20T03:35:32.6772812Z ok 13 - --list sets list: true
test (22)	Coverage report (informational, not a gate)	2026-08-20T03:35:32.6773538Z   ---
test (22)	Coverage report (informational, not a gate)	2026-08-20T03:35:32.6774139Z   duration_ms: 0.135533
test (22)	Coverage report (informational, not a gate)	2026-08-20T03:35:32.6774782Z   type: 'test'
test (22)	Coverage report (informational, not a gate)	2026-08-20T03:35:32.6775457Z   ...
test (22)	Coverage report (informational, not a gate)	2026-08-20T03:35:32.6776228Z # Subtest: --json sets json: true
test (22)	Coverage report (informational, not a gate)	2026-08-20T03:35:32.6777046Z ok 14 - --json sets json: true
test (22)	Coverage report (informational, not a gate)	2026-08-20T03:35:32.6777811Z   ---
test (22)	Coverage report (informational, not a gate)	2026-08-20T03:35:32.6778613Z   duration_ms: 0.165158
test (22)	Coverage report (informational, not a gate)	2026-08-20T03:35:32.6779247Z   type: 'test'
test (22)	Coverage report (informational, not a gate)	2026-08-20T03:35:32.6779788Z   ...
test (22)	Coverage report (informational, not a gate)	2026-08-20T03:35:32.6780498Z # Subtest: --help sets help: true
test (22)	Coverage report (informational, not a gate)	2026-08-20T03:35:32.6781297Z ok 15 - --help sets help: true
test (22)	Coverage report (informational, not a gate)	2026-08-20T03:35:32.6781917Z   ---
test (22)	Coverage report (informational, not a gate)	2026-08-20T03:35:32.6782573Z   duration_ms: 0.128571
test (22)	Coverage report (informational, not a gate)	2026-08-20T03:35:32.6783340Z   type: 'test'
test (22)	Coverage report (informational, not a gate)	2026-08-20T03:35:32.6784086Z   ...
test (22)	Coverage report (informational, not a gate)	2026-08-20T03:35:32.6784881Z # Subtest: -h sets help: true
test (22)	Coverage report (informational, not a gate)	2026-08-20T03:35:32.6785753Z ok 16 - -h sets help: true
test (22)	Coverage report (informational, not a gate)	2026-08-20T03:35:32.6786420Z   ---
test (22)	Coverage report (informational, not a gate)	2026-08-20T03:35:32.6787063Z   duration_ms: 0.128289
test (22)	Coverage report (informational, not a gate)	2026-08-20T03:35:32.6787821Z   type: 'test'
test (22)	Coverage report (informational, not a gate)	2026-08-20T03:35:32.6789285Z   ...
test (22)	Coverage report (informational, not a gate)	2026-08-20T03:35:32.6790154Z # Subtest: unknown flag is a usage error
test (22)	Coverage report (informational, not a gate)	2026-08-20T03:35:32.6791057Z ok 17 - unknown flag is a usage error
test (22)	Coverage report (informational, not a gate)	2026-08-20T03:35:32.6791867Z   ---
test (22)	Coverage report (informational, not a gate)	2026-08-20T03:35:32.6792516Z   duration_ms: 0.173464
test (22)	Coverage report (informational, not a gate)	2026-08-20T03:35:32.6793181Z   type: 'test'
test (22)	Coverage report (informational, not a gate)	2026-08-20T03:35:32.6793885Z   ...
test (22)	Coverage report (informational, not a gate)	2026-08-20T03:35:32.6794752Z # Subtest: unknown short flag is a usage error
test (22)	Coverage report (informational, not a gate)	2026-08-20T03:35:32.6795891Z ok 18 - unknown short flag is a usage error
test (22)	Coverage report (informational, not a gate)	2026-08-20T03:35:32.6796720Z   ---
test (22)	Coverage report (informational, not a gate)	2026-08-20T03:35:32.6797390Z   duration_ms: 1.070319
test (22)	Coverage report (informational, not a gate)	2026-08-20T03:35:32.6798094Z   type: 'test'
test (22)	Coverage report (informational, not a gate)	2026-08-20T03:35:32.6799169Z   ...
test (22)	Coverage report (informational, not a gate)	2026-08-20T03:35:32.6800187Z # Subtest: --author missing value at end of argv is a usage error
test (22)	Coverage report (informational, not a gate)	2026-08-20T03:35:32.6801419Z ok 19 - --author missing value at end of argv is a usage error
test (22)	Coverage report (informational, not a gate)	2026-08-20T03:35:32.6802318Z   ---
test (22)	Coverage report (informational, not a gate)	2026-08-20T03:35:32.6802918Z   duration_ms: 0.149169
test (22)	Coverage report (informational, not a gate)	2026-08-20T03:35:32.6803574Z   type: 'test'
test (22)	Coverage report (informational, not a gate)	2026-08-20T03:35:32.6804175Z   ...
test (22)	Coverage report (informational, not a gate)	2026-08-20T03:35:32.6805227Z # Subtest: --tag missing value because next token is another flag is a usage error
test (22)	Coverage report (informational, not a gate)	2026-08-20T03:35:32.6806709Z ok 20 - --tag missing value because next token is another flag is a usage error
test (22)	Coverage report (informational, not a gate)	2026-08-20T03:35:32.6807992Z   ---
test (22)	Coverage report (informational, not a gate)	2026-08-20T03:35:32.6809170Z   duration_ms: 0.177061
test (22)	Coverage report (informational, not a gate)	2026-08-20T03:35:32.6809857Z   type: 'test'
test (22)	Coverage report (informational, not a gate)	2026-08-20T03:35:32.6810734Z   ...
test (22)	Coverage report (informational, not a gate)	2026-08-20T03:35:32.6811699Z # Subtest: --seed missing value at end of argv is a usage error
test (22)	Coverage report (informational, not a gate)	2026-08-20T03:35:32.6813121Z ok 21 - --seed missing value at end of argv is a usage error
test (22)	Coverage report (informational, not a gate)	2026-08-20T03:35:32.6814056Z   ---
test (22)	Coverage report (informational, not a gate)	2026-08-20T03:35:32.6814739Z   duration_ms: 0.201135
test (22)	Coverage report (informational, not a gate)	2026-08-20T03:35:32.6815494Z   type: 'test'
test (22)	Coverage report (informational, not a gate)	2026-08-20T03:35:32.6816171Z   ...
test (22)	Coverage report (informational, not a gate)	2026-08-20T03:35:32.6817000Z # Subtest: --author= with empty value is a usage error
test (22)	Coverage report (informational, not a gate)	2026-08-20T03:35:32.6818044Z ok 22 - --author= with empty value is a usage error
test (22)	Coverage report (informational, not a gate)	2026-08-20T03:35:32.6819142Z   ---
test (22)	Coverage report (informational, not a gate)	2026-08-20T03:35:32.6819758Z   duration_ms: 0.158375
test (22)	Coverage report (informational, not a gate)	2026-08-20T03:35:32.6820419Z   type: 'test'
test (22)	Coverage report (informational, not a gate)	2026-08-20T03:35:32.6821044Z   ...
test (22)	Coverage report (informational, not a gate)	2026-08-20T03:35:32.6821963Z # Subtest: a bare positional argument (not a flag) is a usage error
test (22)	Coverage report (informational, not a gate)	2026-08-20T03:35:32.6823181Z ok 23 - a bare positional argument (not a flag) is a usage error
test (22)	Coverage report (informational, not a gate)	2026-08-20T03:35:32.6824051Z   ---
test (22)	Coverage report (informational, not a gate)	2026-08-20T03:35:32.6824674Z   duration_ms: 0.158165
test (22)	Coverage report (informational, not a gate)	2026-08-20T03:35:32.6825380Z   type: 'test'
test (22)	Coverage report (informational, not a gate)	2026-08-20T03:35:32.6825961Z   ...
test (22)	Coverage report (informational, not a gate)	2026-08-20T03:35:32.6826755Z # Subtest: parseArgs never throws on malformed input
test (22)	Coverage report (informational, not a gate)	2026-08-20T03:35:32.6827759Z ok 24 - parseArgs never throws on malformed input
test (22)	Coverage report (informational, not a gate)	2026-08-20T03:35:32.6828934Z   ---
test (22)	Coverage report (informational, not a gate)	2026-08-20T03:35:32.6829581Z   duration_ms: 0.270986
test (22)	Coverage report (informational, not a gate)	2026-08-20T03:35:32.6830703Z   type: 'test'
test (22)	Coverage report (informational, not a gate)	2026-08-20T03:35:32.6831398Z   ...
test (22)	Coverage report (informational, not a gate)	2026-08-20T03:35:32.6832357Z # Subtest: absent options are undefined/false, never null
test (22)	Coverage report (informational, not a gate)	2026-08-20T03:35:32.6833515Z ok 25 - absent options are undefined/false, never null
test (22)	Coverage report (informational, not a gate)	2026-08-20T03:35:32.6834415Z   ---
test (22)	Coverage report (informational, not a gate)	2026-08-20T03:35:32.6835054Z   duration_ms: 0.197158
test (22)	Coverage report (informational, not a gate)	2026-08-20T03:35:32.6835722Z   type: 'test'
test (22)	Coverage report (informational, not a gate)	2026-08-20T03:35:32.6836333Z   ...
test (22)	Coverage report (informational, not a gate)	2026-08-20T03:35:32.6837225Z # Subtest: HELP is a non-empty string mentioning every flag name
test (22)	Coverage report (informational, not a gate)	2026-08-20T03:35:32.6838665Z ok 26 - HELP is a non-empty string mentioning every flag name
test (22)	Coverage report (informational, not a gate)	2026-08-20T03:35:32.6839573Z   ---
test (22)	Coverage report (informational, not a gate)	2026-08-20T03:35:32.6840175Z   duration_ms: 0.202919
test (22)	Coverage report (informational, not a gate)	2026-08-20T03:35:32.6840829Z   type: 'test'
test (22)	Coverage report (informational, not a gate)	2026-08-20T03:35:32.6841428Z   ...
test (22)	Coverage report (informational, not a gate)	2026-08-20T03:35:32.6842330Z # Subtest: HELP fits comfortably on one 24-line terminal screen
test (22)	Coverage report (informational, not a gate)	2026-08-20T03:35:32.6843551Z ok 27 - HELP fits comfortably on one 24-line terminal screen
test (22)	Coverage report (informational, not a gate)	2026-08-20T03:35:32.6844432Z   ---
test (22)	Coverage report (informational, not a gate)	2026-08-20T03:35:32.6845059Z   duration_ms: 0.192439
test (22)	Coverage report (informational, not a gate)	2026-08-20T03:35:32.6845790Z   type: 'test'
test (22)	Coverage report (informational, not a gate)	2026-08-20T03:35:32.6846395Z   ...
test (22)	Coverage report (informational, not a gate)	2026-08-20T03:35:32.6847432Z # Subtest: --seed Infinity / --seed -Infinity parse to numbers, not a usage error
test (22)	Coverage report (informational, not a gate)	2026-08-20T03:35:32.6849158Z ok 28 - --seed Infinity / --seed -Infinity parse to numbers, not a usage error
test (22)	Coverage report (informational, not a gate)	2026-08-20T03:35:32.6850270Z   ---
test (22)	Coverage report (informational, not a gate)	2026-08-20T03:35:32.6851001Z   duration_ms: 0.201627
test (22)	Coverage report (informational, not a gate)	2026-08-20T03:35:32.6852077Z   type: 'test'
test (22)	Coverage report (informational, not a gate)	2026-08-20T03:35:32.6852717Z   ...
test (22)	Coverage report (informational, not a gate)	2026-08-20T03:35:36.1800706Z # Subtest: bare invocation prints one attributed aphorism and exits 0
test (22)	Coverage report (informational, not a gate)	2026-08-20T03:35:36.1801723Z ok 29 - bare invocation prints one attributed aphorism and exits 0
test (22)	Coverage report (informational, not a gate)	2026-08-20T03:35:36.1802306Z   ---
test (22)	Coverage report (informational, not a gate)	2026-08-20T03:35:36.1802780Z   duration_ms: 52.714093
test (22)	Coverage report (informational, not a gate)	2026-08-20T03:35:36.1803307Z   type: 'test'
test (22)	Coverage report (informational, not a gate)	2026-08-20T03:35:36.1803735Z   ...
test (22)	Coverage report (informational, not a gate)	2026-08-20T03:35:36.1810520Z # Subtest: --seed is deterministic across separate processes
test (22)	Coverage report (informational, not a gate)	2026-08-20T03:35:36.1811714Z ok 30 - --seed is deterministic across separate processes
test (22)	Coverage report (informational, not a gate)	2026-08-20T03:35:36.1812815Z   ---
test (22)	Coverage report (informational, not a gate)	2026-08-20T03:35:36.1813420Z   duration_ms: 105.941956
test (22)	Coverage report (informational, not a gate)	2026-08-20T03:35:36.1814014Z   type: 'test'
test (22)	Coverage report (informational, not a gate)	2026-08-20T03:35:36.1814537Z   ...
test (22)	Coverage report (informational, not a gate)	2026-08-20T03:35:36.1815342Z # Subtest: different seeds do not all collapse to one aphorism
test (22)	Coverage report (informational, not a gate)	2026-08-20T03:35:36.1816391Z ok 31 - different seeds do not all collapse to one aphorism
test (22)	Coverage report (informational, not a gate)	2026-08-20T03:35:36.1817151Z   ---
test (22)	Coverage report (informational, not a gate)	2026-08-20T03:35:36.1817696Z   duration_ms: 550.502059
test (22)	Coverage report (informational, not a gate)	2026-08-20T03:35:36.1818610Z   type: 'test'
test (22)	Coverage report (informational, not a gate)	2026-08-20T03:35:36.1819211Z   ...
test (22)	Coverage report (informational, not a gate)	2026-08-20T03:35:36.1847660Z # Subtest: --json emits a single-line JSON object with text/author/tags
test (22)	Coverage report (informational, not a gate)	2026-08-20T03:35:36.1849063Z ok 32 - --json emits a single-line JSON object with text/author/tags
test (22)	Coverage report (informational, not a gate)	2026-08-20T03:35:36.1849708Z   ---
test (22)	Coverage report (informational, not a gate)	2026-08-20T03:35:36.1850068Z   duration_ms: 36.886955
test (22)	Coverage report (informational, not a gate)	2026-08-20T03:35:36.1850472Z   type: 'test'
test (22)	Coverage report (informational, not a gate)	2026-08-20T03:35:36.1850819Z   ...
test (22)	Coverage report (informational, not a gate)	2026-08-20T03:35:36.1851400Z # Subtest: --list prints every entry in the filtered set
test (22)	Coverage report (informational, not a gate)	2026-08-20T03:35:36.1852197Z ok 33 - --list prints every entry in the filtered set
test (22)	Coverage report (informational, not a gate)	2026-08-20T03:35:36.1852763Z   ---
test (22)	Coverage report (informational, not a gate)	2026-08-20T03:35:36.1853096Z   duration_ms: 36.523546
test (22)	Coverage report (informational, not a gate)	2026-08-20T03:35:36.1853584Z   type: 'test'
test (22)	Coverage report (informational, not a gate)	2026-08-20T03:35:36.1854007Z   ...
test (22)	Coverage report (informational, not a gate)	2026-08-20T03:35:36.1854562Z # Subtest: --help prints usage to stdout and exits 0
test (22)	Coverage report (informational, not a gate)	2026-08-20T03:35:36.1855302Z ok 34 - --help prints usage to stdout and exits 0
test (22)	Coverage report (informational, not a gate)	2026-08-20T03:35:36.1855821Z   ---
test (22)	Coverage report (informational, not a gate)	2026-08-20T03:35:36.1856181Z   duration_ms: 36.543595
test (22)	Coverage report (informational, not a gate)	2026-08-20T03:35:36.1856586Z   type: 'test'
test (22)	Coverage report (informational, not a gate)	2026-08-20T03:35:36.1856916Z   ...
test (22)	Coverage report (informational, not a gate)	2026-08-20T03:35:36.1857564Z # Subtest: no match exits 1 with stderr only and zero bytes on stdout
test (22)	Coverage report (informational, not a gate)	2026-08-20T03:35:36.1858800Z ok 35 - no match exits 1 with stderr only and zero bytes on stdout
test (22)	Coverage report (informational, not a gate)	2026-08-20T03:35:36.1859406Z   ---
test (22)	Coverage report (informational, not a gate)	2026-08-20T03:35:36.1859761Z   duration_ms: 36.467706
test (22)	Coverage report (informational, not a gate)	2026-08-20T03:35:36.1860252Z   type: 'test'
test (22)	Coverage report (informational, not a gate)	2026-08-20T03:35:36.1860592Z   ...
test (22)	Coverage report (informational, not a gate)	2026-08-20T03:35:36.1861219Z # Subtest: unknown flag is a usage error, exit 2, stdout clean
test (22)	Coverage report (informational, not a gate)	2026-08-20T03:35:36.1862099Z ok 36 - unknown flag is a usage error, exit 2, stdout clean
test (22)	Coverage report (informational, not a gate)	2026-08-20T03:35:36.1863173Z   ---
test (22)	Coverage report (informational, not a gate)	2026-08-20T03:35:36.1863554Z   duration_ms: 34.661519
test (22)	Coverage report (informational, not a gate)	2026-08-20T03:35:36.1863965Z   type: 'test'
test (22)	Coverage report (informational, not a gate)	2026-08-20T03:35:36.1864335Z   ...
test (22)	Coverage report (informational, not a gate)	2026-08-20T03:35:36.1875304Z # Subtest: non-numeric seed is a usage error, exit 2
test (22)	Coverage report (informational, not a gate)	2026-08-20T03:35:36.1899458Z ok 37 - non-numeric seed is a usage error, exit 2
test (22)	Coverage report (informational, not a gate)	2026-08-20T03:35:36.1919265Z   ---
test (22)	Coverage report (informational, not a gate)	2026-08-20T03:35:36.1924849Z   duration_ms: 33.895156
test (22)	Coverage report (informational, not a gate)	2026-08-20T03:35:36.1925470Z   type: 'test'
test (22)	Coverage report (informational, not a gate)	2026-08-20T03:35:36.1926002Z   ...
test (22)	Coverage report (informational, not a gate)	2026-08-20T03:35:36.1926759Z # Subtest: author filter is case-insensitive and narrows the list
test (22)	Coverage report (informational, not a gate)	2026-08-20T03:35:36.1927817Z ok 38 - author filter is case-insensitive and narrows the list
test (22)	Coverage report (informational, not a gate)	2026-08-20T03:35:36.1928929Z   ---
test (22)	Coverage report (informational, not a gate)	2026-08-20T03:35:36.1929661Z   duration_ms: 77.282328
test (22)	Coverage report (informational, not a gate)	2026-08-20T03:35:36.1930387Z   type: 'test'
test (22)	Coverage report (informational, not a gate)	2026-08-20T03:35:36.1930801Z   ...
test (22)	Coverage report (informational, not a gate)	2026-08-20T03:35:36.1931804Z # Subtest: output is pipe-safe — no ANSI escapes when not a TTY
test (22)	Coverage report (informational, not a gate)	2026-08-20T03:35:36.1932920Z ok 39 - output is pipe-safe — no ANSI escapes when not a TTY
test (22)	Coverage report (informational, not a gate)	2026-08-20T03:35:36.1933570Z   ---
test (22)	Coverage report (informational, not a gate)	2026-08-20T03:35:36.1933938Z   duration_ms: 37.242712
test (22)	Coverage report (informational, not a gate)	2026-08-20T03:35:36.1934348Z   type: 'test'
test (22)	Coverage report (informational, not a gate)	2026-08-20T03:35:36.1934701Z   ...
test (22)	Coverage report (informational, not a gate)	2026-08-20T03:35:36.1935344Z # Subtest: --tag matches membership, not substring containment
test (22)	Coverage report (informational, not a gate)	2026-08-20T03:35:36.1936249Z ok 40 - --tag matches membership, not substring containment
test (22)	Coverage report (informational, not a gate)	2026-08-20T03:35:36.1937348Z   ---
test (22)	Coverage report (informational, not a gate)	2026-08-20T03:35:36.1937707Z   duration_ms: 71.5524
test (22)	Coverage report (informational, not a gate)	2026-08-20T03:35:36.1938115Z   type: 'test'
test (22)	Coverage report (informational, not a gate)	2026-08-20T03:35:36.1938838Z   ...
test (22)	Coverage report (informational, not a gate)	2026-08-20T03:35:36.1939544Z # Subtest: --list prints exactly one line per matching entry, no drops
test (22)	Coverage report (informational, not a gate)	2026-08-20T03:35:36.1940569Z ok 41 - --list prints exactly one line per matching entry, no drops
test (22)	Coverage report (informational, not a gate)	2026-08-20T03:35:36.1941215Z   ---
test (22)	Coverage report (informational, not a gate)	2026-08-20T03:35:36.1941570Z   duration_ms: 35.15686
test (22)	Coverage report (informational, not a gate)	2026-08-20T03:35:36.1941976Z   type: 'test'
test (22)	Coverage report (informational, not a gate)	2026-08-20T03:35:36.1942320Z   ...
test (22)	Coverage report (informational, not a gate)	2026-08-20T03:35:36.1942998Z # Subtest: --list preserves corpus order (first and last line match)
test (22)	Coverage report (informational, not a gate)	2026-08-20T03:35:36.1943996Z ok 42 - --list preserves corpus order (first and last line match)
test (22)	Coverage report (informational, not a gate)	2026-08-20T03:35:36.1944621Z   ---
test (22)	Coverage report (informational, not a gate)	2026-08-20T03:35:36.1944994Z   duration_ms: 34.557052
test (22)	Coverage report (informational, not a gate)	2026-08-20T03:35:36.1945414Z   type: 'test'
test (22)	Coverage report (informational, not a gate)	2026-08-20T03:35:36.1945771Z   ...
test (22)	Coverage report (informational, not a gate)	2026-08-20T03:35:36.1946507Z # Subtest: --json output is exactly one line, never pretty-printed
test (22)	Coverage report (informational, not a gate)	2026-08-20T03:35:36.1947474Z ok 43 - --json output is exactly one line, never pretty-printed
test (22)	Coverage report (informational, not a gate)	2026-08-20T03:35:36.1948100Z   ---
test (22)	Coverage report (informational, not a gate)	2026-08-20T03:35:36.1948859Z   duration_ms: 34.955783
test (22)	Coverage report (informational, not a gate)	2026-08-20T03:35:36.1949284Z   type: 'test'
test (22)	Coverage report (informational, not a gate)	2026-08-20T03:35:36.1949632Z   ...
test (22)	Coverage report (informational, not a gate)	2026-08-20T03:35:36.1950500Z # Subtest: --list --json emits newline-delimited JSON, one object per line, in corpus order
test (22)	Coverage report (informational, not a gate)	2026-08-20T03:35:36.1951823Z ok 44 - --list --json emits newline-delimited JSON, one object per line, in corpus order
test (22)	Coverage report (informational, not a gate)	2026-08-20T03:35:36.1952614Z   ---
test (22)	Coverage report (informational, not a gate)	2026-08-20T03:35:36.1952994Z   duration_ms: 36.298166
test (22)	Coverage report (informational, not a gate)	2026-08-20T03:35:36.1953400Z   type: 'test'
test (22)	Coverage report (informational, not a gate)	2026-08-20T03:35:36.1953780Z   ...
test (22)	Coverage report (informational, not a gate)	2026-08-20T03:35:36.1954922Z # Subtest: --json composes with --seed: the seeded JSON pick is reproducible AND is the same entry as the plain-text pick
test (22)	Coverage report (informational, not a gate)	2026-08-20T03:35:36.1956693Z ok 45 - --json composes with --seed: the seeded JSON pick is reproducible AND is the same entry as the plain-text pick
test (22)	Coverage report (informational, not a gate)	2026-08-20T03:35:36.1957671Z   ---
test (22)	Coverage report (informational, not a gate)	2026-08-20T03:35:36.1958034Z   duration_ms: 631.302917
test (22)	Coverage report (informational, not a gate)	2026-08-20T03:35:36.1958784Z   type: 'test'
test (22)	Coverage report (informational, not a gate)	2026-08-20T03:35:36.1959145Z   ...
test (22)	Coverage report (informational, not a gate)	2026-08-20T03:35:36.1960092Z # Subtest: --json composes with the filter flags: the JSON pick is always a member of the FILTERED set
test (22)	Coverage report (informational, not a gate)	2026-08-20T03:35:36.1961535Z ok 46 - --json composes with the filter flags: the JSON pick is always a member of the FILTERED set
test (22)	Coverage report (informational, not a gate)	2026-08-20T03:35:36.1962229Z   ---
test (22)	Coverage report (informational, not a gate)	2026-08-20T03:35:36.1962509Z   duration_ms: 836.637869
test (22)	Coverage report (informational, not a gate)	2026-08-20T03:35:36.1962829Z   type: 'test'
test (22)	Coverage report (informational, not a gate)	2026-08-20T03:35:36.1963095Z   ...
test (22)	Coverage report (informational, not a gate)	2026-08-20T03:35:36.1963842Z # Subtest: --list accepts a valid --seed and IGNORES it: output is byte-identical across seeds
test (22)	Coverage report (informational, not a gate)	2026-08-20T03:35:36.1970262Z ok 47 - --list accepts a valid --seed and IGNORES it: output is byte-identical across seeds
test (22)	Coverage report (informational, not a gate)	2026-08-20T03:35:36.1971130Z   ---
test (22)	Coverage report (informational, not a gate)	2026-08-20T03:35:36.1971490Z   duration_ms: 344.960437
test (22)	Coverage report (informational, not a gate)	2026-08-20T03:35:36.1971920Z   type: 'test'
test (22)	Coverage report (informational, not a gate)	2026-08-20T03:35:36.1972274Z   ...
test (22)	Coverage report (informational, not a gate)	2026-08-20T03:35:36.1973170Z # Subtest: --list --seed abc is a usage error, exit 2, stdout empty, stderr carries the diagnostic
test (22)	Coverage report (informational, not a gate)	2026-08-20T03:35:36.1974544Z ok 48 - --list --seed abc is a usage error, exit 2, stdout empty, stderr carries the diagnostic
test (22)	Coverage report (informational, not a gate)	2026-08-20T03:35:36.1975338Z   ---
test (22)	Coverage report (informational, not a gate)	2026-08-20T03:35:36.1975694Z   duration_ms: 33.910422
test (22)	Coverage report (informational, not a gate)	2026-08-20T03:35:36.1976112Z   type: 'test'
test (22)	Coverage report (informational, not a gate)	2026-08-20T03:35:36.1976458Z   ...
test (22)	Coverage report (informational, not a gate)	2026-08-20T03:35:36.1977413Z # Subtest: --seed abc --list (erroring flag BEFORE --list) is still a usage error, exit 2, stdout empty
test (22)	Coverage report (informational, not a gate)	2026-08-20T03:35:36.1979122Z ok 49 - --seed abc --list (erroring flag BEFORE --list) is still a usage error, exit 2, stdout empty
test (22)	Coverage report (informational, not a gate)	2026-08-20T03:35:36.1979974Z   ---
test (22)	Coverage report (informational, not a gate)	2026-08-20T03:35:36.1980331Z   duration_ms: 34.652632
test (22)	Coverage report (informational, not a gate)	2026-08-20T03:35:36.1980757Z   type: 'test'
test (22)	Coverage report (informational, not a gate)	2026-08-20T03:35:36.1981104Z   ...
test (22)	Coverage report (informational, not a gate)	2026-08-20T03:35:36.1981875Z # Subtest: --list --seed=  (empty seed value) is a usage error, exit 2, stdout empty
test (22)	Coverage report (informational, not a gate)	2026-08-20T03:35:36.1983033Z ok 50 - --list --seed=  (empty seed value) is a usage error, exit 2, stdout empty
test (22)	Coverage report (informational, not a gate)	2026-08-20T03:35:36.1983734Z   ---
test (22)	Coverage report (informational, not a gate)	2026-08-20T03:35:36.1984412Z   duration_ms: 33.061029
test (22)	Coverage report (informational, not a gate)	2026-08-20T03:35:36.1984828Z   type: 'test'
test (22)	Coverage report (informational, not a gate)	2026-08-20T03:35:36.1985180Z   ...
test (22)	Coverage report (informational, not a gate)	2026-08-20T03:35:36.1986077Z # Subtest: --list --seed "   " (whitespace-only seed value) is a usage error, exit 2, stdout empty
test (22)	Coverage report (informational, not a gate)	2026-08-20T03:35:36.1987441Z ok 51 - --list --seed "   " (whitespace-only seed value) is a usage error, exit 2, stdout empty
test (22)	Coverage report (informational, not a gate)	2026-08-20T03:35:36.1988511Z   ---
test (22)	Coverage report (informational, not a gate)	2026-08-20T03:35:36.1988909Z   duration_ms: 33.679415
test (22)	Coverage report (informational, not a gate)	2026-08-20T03:35:36.1989332Z   type: 'test'
test (22)	Coverage report (informational, not a gate)	2026-08-20T03:35:36.1989683Z   ...
test (22)	Coverage report (informational, not a gate)	2026-08-20T03:35:36.1991051Z # Subtest: --list --nosuchflag (unknown flag) is a usage error, exit 2, stdout empty — --list does not swallow it
test (22)	Coverage report (informational, not a gate)	2026-08-20T03:35:36.1993036Z ok 52 - --list --nosuchflag (unknown flag) is a usage error, exit 2, stdout empty — --list does not swallow it
test (22)	Coverage report (informational, not a gate)	2026-08-20T03:35:36.1993961Z   ---
test (22)	Coverage report (informational, not a gate)	2026-08-20T03:35:36.1994308Z   duration_ms: 34.071588
test (22)	Coverage report (informational, not a gate)	2026-08-20T03:35:36.1994700Z   type: 'test'
test (22)	Coverage report (informational, not a gate)	2026-08-20T03:35:36.1995019Z   ...
test (22)	Coverage report (informational, not a gate)	2026-08-20T03:35:36.1995914Z # Subtest: --nosuchflag --list (unknown flag BEFORE --list) is still a usage error, exit 2, stdout empty
test (22)	Coverage report (informational, not a gate)	2026-08-20T03:35:36.1997293Z ok 53 - --nosuchflag --list (unknown flag BEFORE --list) is still a usage error, exit 2, stdout empty
test (22)	Coverage report (informational, not a gate)	2026-08-20T03:35:36.1997960Z   ---
test (22)	Coverage report (informational, not a gate)	2026-08-20T03:35:36.1998166Z   duration_ms: 35.00975
test (22)	Coverage report (informational, not a gate)	2026-08-20T03:35:36.1998707Z   type: 'test'
test (22)	Coverage report (informational, not a gate)	2026-08-20T03:35:36.1998914Z   ...
test (22)	Coverage report (informational, not a gate)	2026-08-20T03:35:36.1999497Z # Subtest: plain single-pick output is TWO lines: text, newline, four-space indent, EM DASH, space, author
test (22)	Coverage report (informational, not a gate)	2026-08-20T03:35:36.2000300Z ok 54 - plain single-pick output is TWO lines: text, newline, four-space indent, EM DASH, space, author
test (22)	Coverage report (informational, not a gate)	2026-08-20T03:35:36.2000774Z   ---
test (22)	Coverage report (informational, not a gate)	2026-08-20T03:35:36.2000973Z   duration_ms: 34.409205
test (22)	Coverage report (informational, not a gate)	2026-08-20T03:35:36.2001195Z   type: 'test'
test (22)	Coverage report (informational, not a gate)	2026-08-20T03:35:36.2001381Z   ...
test (22)	Coverage report (informational, not a gate)	2026-08-20T03:35:36.2009618Z # Subtest: --seed Infinity and --seed -Infinity (typed as CLI strings) are accepted and deterministic
test (22)	Coverage report (informational, not a gate)	2026-08-20T03:35:36.2021843Z ok 55 - --seed Infinity and --seed -Infinity (typed as CLI strings) are accepted and deterministic
test (22)	Coverage report (informational, not a gate)	2026-08-20T03:35:36.2022732Z   ---
test (22)	Coverage report (informational, not a gate)	2026-08-20T03:35:36.2023295Z   duration_ms: 145.468297
test (22)	Coverage report (informational, not a gate)	2026-08-20T03:35:36.2023901Z   type: 'test'
test (22)	Coverage report (informational, not a gate)	2026-08-20T03:35:36.2024244Z   ...
test (22)	Coverage report (informational, not a gate)	2026-08-20T03:35:36.2025075Z # Subtest: --list with a filter that matches nothing is STILL exit 1, stderr only, stdout empty
test (22)	Coverage report (informational, not a gate)	2026-08-20T03:35:36.2026334Z ok 56 - --list with a filter that matches nothing is STILL exit 1, stderr only, stdout empty
test (22)	Coverage report (informational, not a gate)	2026-08-20T03:35:36.2027055Z   ---
test (22)	Coverage report (informational, not a gate)	2026-08-20T03:35:36.2027382Z   duration_ms: 68.535051
test (22)	Coverage report (informational, not a gate)	2026-08-20T03:35:36.2027683Z   type: 'test'
test (22)	Coverage report (informational, not a gate)	2026-08-20T03:35:36.2028145Z   ...
test (22)	Coverage report (informational, not a gate)	2026-08-20T03:35:36.2029135Z # Subtest: --tag "" (bare empty-string value) matches nothing: whole-tag equality against the literal "" is not a filter no-op
test (22)	Coverage report (informational, not a gate)	2026-08-20T03:35:36.2030117Z ok 57 - --tag "" (bare empty-string value) matches nothing: whole-tag equality against the literal "" is not a filter no-op
test (22)	Coverage report (informational, not a gate)	2026-08-20T03:35:36.2030643Z   ---
test (22)	Coverage report (informational, not a gate)	2026-08-20T03:35:36.2030847Z   duration_ms: 33.762551
test (22)	Coverage report (informational, not a gate)	2026-08-20T03:35:36.2031071Z   type: 'test'
test (22)	Coverage report (informational, not a gate)	2026-08-20T03:35:36.2031258Z   ...
test (22)	Coverage report (informational, not a gate)	2026-08-20T03:35:36.3536230Z # Subtest: README Node support citation: cited git diff must be empty (or the check must skip on a missing precondition)
test (22)	Coverage report (informational, not a gate)	2026-08-20T03:35:36.3539611Z ok 58 - README Node support citation: cited git diff must be empty (or the check must skip on a missing precondition) # SKIP cited base commit 0c2ed40 is not reachable in this checkout (likely a shallow clone) -- cannot evaluate the README's Node support citation
test (22)	Coverage report (informational, not a gate)	2026-08-20T03:35:36.3541722Z   ---
test (22)	Coverage report (informational, not a gate)	2026-08-20T03:35:36.3542129Z   duration_ms: 15.780963
test (22)	Coverage report (informational, not a gate)	2026-08-20T03:35:36.3542603Z   type: 'test'
test (22)	Coverage report (informational, not a gate)	2026-08-20T03:35:36.3542969Z   ...
test (22)	Coverage report (informational, not a gate)	2026-08-20T03:35:36.3549582Z # Subtest: --list | true: exits quietly, zero stderr, no crash banner
test (22)	Coverage report (informational, not a gate)	2026-08-20T03:35:36.3559868Z ok 59 - --list | true: exits quietly, zero stderr, no crash banner
test (22)	Coverage report (informational, not a gate)	2026-08-20T03:35:36.3560986Z   ---
test (22)	Coverage report (informational, not a gate)	2026-08-20T03:35:36.3561685Z   duration_ms: 67.779484
test (22)	Coverage report (informational, not a gate)	2026-08-20T03:35:36.3562786Z   type: 'test'
test (22)	Coverage report (informational, not a gate)	2026-08-20T03:35:36.3569426Z   ...
test (22)	Coverage report (informational, not a gate)	2026-08-20T03:35:36.3570437Z # Subtest: | true (no --list, single aphorism): exits quietly, zero stderr
test (22)	Coverage report (informational, not a gate)	2026-08-20T03:35:36.3571492Z ok 60 - | true (no --list, single aphorism): exits quietly, zero stderr
test (22)	Coverage report (informational, not a gate)	2026-08-20T03:35:36.3572151Z   ---
test (22)	Coverage report (informational, not a gate)	2026-08-20T03:35:36.3572523Z   duration_ms: 62.862903
test (22)	Coverage report (informational, not a gate)	2026-08-20T03:35:36.3572939Z   type: 'test'
test (22)	Coverage report (informational, not a gate)	2026-08-20T03:35:36.3573291Z   ...
test (22)	Coverage report (informational, not a gate)	2026-08-20T03:35:36.3573978Z # Subtest: --list | head -0: exits quietly, zero stderr, no crash banner
test (22)	Coverage report (informational, not a gate)	2026-08-20T03:35:36.3574968Z ok 61 - --list | head -0: exits quietly, zero stderr, no crash banner
test (22)	Coverage report (informational, not a gate)	2026-08-20T03:35:36.3575615Z   ---
test (22)	Coverage report (informational, not a gate)	2026-08-20T03:35:36.3575984Z   duration_ms: 54.162231
test (22)	Coverage report (informational, not a gate)	2026-08-20T03:35:36.3576397Z   type: 'test'
test (22)	Coverage report (informational, not a gate)	2026-08-20T03:35:36.3576749Z   ...
test (22)	Coverage report (informational, not a gate)	2026-08-20T03:35:36.3577488Z # Subtest: --list | /nonexistent-cmd-xyz: no crash banner from the CLI itself
test (22)	Coverage report (informational, not a gate)	2026-08-20T03:35:36.3578764Z ok 62 - --list | /nonexistent-cmd-xyz: no crash banner from the CLI itself
test (22)	Coverage report (informational, not a gate)	2026-08-20T03:35:36.3579421Z   ---
test (22)	Coverage report (informational, not a gate)	2026-08-20T03:35:36.3579751Z   duration_ms: 36.924419
test (22)	Coverage report (informational, not a gate)	2026-08-20T03:35:36.3580133Z   type: 'test'
test (22)	Coverage report (informational, not a gate)	2026-08-20T03:35:36.3580448Z   ...
test (22)	Coverage report (informational, not a gate)	2026-08-20T03:35:36.3581241Z # Subtest: non-EPIPE stdout write failure: reported, not silent, not exit 1, no stack trace
test (22)	Coverage report (informational, not a gate)	2026-08-20T03:35:36.3582431Z ok 63 - non-EPIPE stdout write failure: reported, not silent, not exit 1, no stack trace
test (22)	Coverage report (informational, not a gate)	2026-08-20T03:35:36.3583131Z   ---
test (22)	Coverage report (informational, not a gate)	2026-08-20T03:35:36.3583453Z   duration_ms: 39.193349
test (22)	Coverage report (informational, not a gate)	2026-08-20T03:35:36.3583831Z   type: 'test'
test (22)	Coverage report (informational, not a gate)	2026-08-20T03:35:36.3584146Z   ...
test (22)	Coverage report (informational, not a gate)	2026-08-20T03:35:36.3584909Z # Subtest: usage error survives a closed stderr reader: still exits 2, not clobbered to 1
test (22)	Coverage report (informational, not a gate)	2026-08-20T03:35:36.3586070Z ok 64 - usage error survives a closed stderr reader: still exits 2, not clobbered to 1
test (22)	Coverage report (informational, not a gate)	2026-08-20T03:35:36.3586758Z   ---
test (22)	Coverage report (informational, not a gate)	2026-08-20T03:35:36.3587082Z   duration_ms: 123.857737
test (22)	Coverage report (informational, not a gate)	2026-08-20T03:35:36.3587500Z   type: 'test'
test (22)	Coverage report (informational, not a gate)	2026-08-20T03:35:36.3587815Z   ...
test (22)	Coverage report (informational, not a gate)	2026-08-20T03:35:36.3589062Z # Subtest: no-match exit code survives a closed stderr reader: still exits 1, not misreported
test (22)	Coverage report (informational, not a gate)	2026-08-20T03:35:36.3590541Z ok 65 - no-match exit code survives a closed stderr reader: still exits 1, not misreported
test (22)	Coverage report (informational, not a gate)	2026-08-20T03:35:36.3591364Z   ---
test (22)	Coverage report (informational, not a gate)	2026-08-20T03:35:36.3591930Z   duration_ms: 145.262372
test (22)	Coverage report (informational, not a gate)	2026-08-20T03:35:36.3592510Z   type: 'test'
test (22)	Coverage report (informational, not a gate)	2026-08-20T03:35:36.3593005Z   ...
test (22)	Coverage report (informational, not a gate)	2026-08-20T03:35:36.3594037Z # Subtest: non-EPIPE stderr write failure: not silent, not the earned exit code, no stack trace
test (22)	Coverage report (informational, not a gate)	2026-08-20T03:35:36.3595460Z ok 66 - non-EPIPE stderr write failure: not silent, not the earned exit code, no stack trace
test (22)	Coverage report (informational, not a gate)	2026-08-20T03:35:36.3606479Z   ---
test (22)	Coverage report (informational, not a gate)	2026-08-20T03:35:36.3607303Z   duration_ms: 52.415204
test (22)	Coverage report (informational, not a gate)	2026-08-20T03:35:36.3607721Z   type: 'test'
test (22)	Coverage report (informational, not a gate)	2026-08-20T03:35:36.3608056Z   ...
test (22)	Coverage report (informational, not a gate)	2026-08-20T03:35:36.3609613Z # Subtest: control: --list | head -1 stays completely clean
test (22)	Coverage report (informational, not a gate)	2026-08-20T03:35:36.3610434Z ok 67 - control: --list | head -1 stays completely clean
test (22)	Coverage report (informational, not a gate)	2026-08-20T03:35:36.3610963Z   ---
test (22)	Coverage report (informational, not a gate)	2026-08-20T03:35:36.3611300Z   duration_ms: 54.998062
test (22)	Coverage report (informational, not a gate)	2026-08-20T03:35:36.3611699Z   type: 'test'
test (22)	Coverage report (informational, not a gate)	2026-08-20T03:35:36.3612021Z   ...
test (22)	Coverage report (informational, not a gate)	2026-08-20T03:35:36.3612578Z # Subtest: control: --list | head -5 stays completely clean
test (22)	Coverage report (informational, not a gate)	2026-08-20T03:35:36.3613338Z ok 68 - control: --list | head -5 stays completely clean
test (22)	Coverage report (informational, not a gate)	2026-08-20T03:35:36.3613847Z   ---
test (22)	Coverage report (informational, not a gate)	2026-08-20T03:35:36.3614160Z   duration_ms: 40.038141
test (22)	Coverage report (informational, not a gate)	2026-08-20T03:35:36.3614536Z   type: 'test'
test (22)	Coverage report (informational, not a gate)	2026-08-20T03:35:36.3614850Z   ...
test (22)	Coverage report (informational, not a gate)	2026-08-20T03:35:36.3615386Z # Subtest: control: --list | sed 1q stays completely clean
test (22)	Coverage report (informational, not a gate)	2026-08-20T03:35:36.3616129Z ok 69 - control: --list | sed 1q stays completely clean
test (22)	Coverage report (informational, not a gate)	2026-08-20T03:35:36.3616636Z   ---
test (22)	Coverage report (informational, not a gate)	2026-08-20T03:35:36.3616959Z   duration_ms: 38.890436
test (22)	Coverage report (informational, not a gate)	2026-08-20T03:35:36.3617329Z   type: 'test'
test (22)	Coverage report (informational, not a gate)	2026-08-20T03:35:36.3617651Z   ...
test (22)	Coverage report (informational, not a gate)	2026-08-20T03:35:36.3618218Z # Subtest: control: --list | grep -q . stays completely clean
test (22)	Coverage report (informational, not a gate)	2026-08-20T03:35:36.3619238Z ok 70 - control: --list | grep -q . stays completely clean
test (22)	Coverage report (informational, not a gate)	2026-08-20T03:35:36.3619799Z   ---
test (22)	Coverage report (informational, not a gate)	2026-08-20T03:35:36.3620118Z   duration_ms: 39.059272
test (22)	Coverage report (informational, not a gate)	2026-08-20T03:35:36.3620723Z   type: 'test'
test (22)	Coverage report (informational, not a gate)	2026-08-20T03:35:36.3621054Z   ...
test (22)	Coverage report (informational, not a gate)	2026-08-20T03:35:36.3621543Z # Subtest: control: | wc -l stays completely clean
test (22)	Coverage report (informational, not a gate)	2026-08-20T03:35:36.3622212Z ok 71 - control: | wc -l stays completely clean
test (22)	Coverage report (informational, not a gate)	2026-08-20T03:35:36.3622694Z   ---
test (22)	Coverage report (informational, not a gate)	2026-08-20T03:35:36.3623006Z   duration_ms: 38.428005
test (22)	Coverage report (informational, not a gate)	2026-08-20T03:35:36.3623379Z   type: 'test'
test (22)	Coverage report (informational, not a gate)	2026-08-20T03:35:36.3623697Z   ...
test (22)	Coverage report (informational, not a gate)	2026-08-20T03:35:36.3624286Z # Subtest: control: --list --json | head -2 stays completely clean
test (22)	Coverage report (informational, not a gate)	2026-08-20T03:35:36.3625149Z ok 72 - control: --list --json | head -2 stays completely clean
test (22)	Coverage report (informational, not a gate)	2026-08-20T03:35:36.3625707Z   ---
test (22)	Coverage report (informational, not a gate)	2026-08-20T03:35:36.3626028Z   duration_ms: 42.913021
test (22)	Coverage report (informational, not a gate)	2026-08-20T03:35:36.3626399Z   type: 'test'
test (22)	Coverage report (informational, not a gate)	2026-08-20T03:35:36.3626724Z   ...
test (22)	Coverage report (informational, not a gate)	2026-08-20T03:35:36.3627385Z # Subtest: control: exit 1 / exit 2 stderr messages and codes are unchanged
test (22)	Coverage report (informational, not a gate)	2026-08-20T03:35:36.3628557Z ok 73 - control: exit 1 / exit 2 stderr messages and codes are unchanged
test (22)	Coverage report (informational, not a gate)	2026-08-20T03:35:36.3629184Z   ---
test (22)	Coverage report (informational, not a gate)	2026-08-20T03:35:36.3629523Z   duration_ms: 69.076064
test (22)	Coverage report (informational, not a gate)	2026-08-20T03:35:36.3629903Z   type: 'test'
test (22)	Coverage report (informational, not a gate)	2026-08-20T03:35:36.3630232Z   ...
test (22)	Coverage report (informational, not a gate)	2026-08-20T03:35:36.3630961Z # Subtest: control: a normal (non-full) stdout target still exits 0 with empty stderr
test (22)	Coverage report (informational, not a gate)	2026-08-20T03:35:36.3632052Z ok 74 - control: a normal (non-full) stdout target still exits 0 with empty stderr
test (22)	Coverage report (informational, not a gate)	2026-08-20T03:35:36.3632707Z   ---
test (22)	Coverage report (informational, not a gate)	2026-08-20T03:35:36.3633026Z   duration_ms: 72.364956
test (22)	Coverage report (informational, not a gate)	2026-08-20T03:35:36.3633398Z   type: 'test'
test (22)	Coverage report (informational, not a gate)	2026-08-20T03:35:36.3633722Z   ...
test (22)	Coverage report (informational, not a gate)	2026-08-20T03:35:36.3634162Z # Subtest: README tags must exist in corpus
test (22)	Coverage report (informational, not a gate)	2026-08-20T03:35:36.3634762Z ok 75 - README tags must exist in corpus
test (22)	Coverage report (informational, not a gate)	2026-08-20T03:35:36.3635212Z   ---
test (22)	Coverage report (informational, not a gate)	2026-08-20T03:35:36.3635523Z   duration_ms: 2.784691
test (22)	Coverage report (informational, not a gate)	2026-08-20T03:35:36.3635897Z   type: 'test'
test (22)	Coverage report (informational, not a gate)	2026-08-20T03:35:36.3636213Z   ...
test (22)	Coverage report (informational, not a gate)	2026-08-20T03:35:36.3636661Z # Subtest: README tag counts must match corpus
test (22)	Coverage report (informational, not a gate)	2026-08-20T03:35:36.3637281Z ok 76 - README tag counts must match corpus
test (22)	Coverage report (informational, not a gate)	2026-08-20T03:35:36.3637734Z   ---
test (22)	Coverage report (informational, not a gate)	2026-08-20T03:35:36.3638050Z   duration_ms: 0.757305
test (22)	Coverage report (informational, not a gate)	2026-08-20T03:35:36.3638616Z   type: 'test'
test (22)	Coverage report (informational, not a gate)	2026-08-20T03:35:36.3638937Z   ...
test (22)	Coverage report (informational, not a gate)	2026-08-20T03:35:36.3639467Z # Subtest: README must state total unique tags correctly
test (22)	Coverage report (informational, not a gate)	2026-08-20T03:35:36.3640192Z ok 77 - README must state total unique tags correctly
test (22)	Coverage report (informational, not a gate)	2026-08-20T03:35:36.3640688Z   ---
test (22)	Coverage report (informational, not a gate)	2026-08-20T03:35:36.3641008Z   duration_ms: 0.453436
test (22)	Coverage report (informational, not a gate)	2026-08-20T03:35:36.3641383Z   type: 'test'
test (22)	Coverage report (informational, not a gate)	2026-08-20T03:35:36.3641703Z   ...
test (22)	Coverage report (informational, not a gate)	2026-08-20T03:35:36.3642286Z # Subtest: README must correctly describe single-entry tag count
test (22)	Coverage report (informational, not a gate)	2026-08-20T03:35:36.3643119Z ok 78 - README must correctly describe single-entry tag count
test (22)	Coverage report (informational, not a gate)	2026-08-20T03:35:36.3643725Z   ---
test (22)	Coverage report (informational, not a gate)	2026-08-20T03:35:36.3643925Z   duration_ms: 0.430013
test (22)	Coverage report (informational, not a gate)	2026-08-20T03:35:36.3644155Z   type: 'test'
test (22)	Coverage report (informational, not a gate)	2026-08-20T03:35:36.3644344Z   ...
test (22)	Coverage report (informational, not a gate)	2026-08-20T03:35:36.3644625Z # Subtest: README must list all single-entry tags
test (22)	Coverage report (informational, not a gate)	2026-08-20T03:35:36.3645009Z ok 79 - README must list all single-entry tags
test (22)	Coverage report (informational, not a gate)	2026-08-20T03:35:36.3645285Z   ---
test (22)	Coverage report (informational, not a gate)	2026-08-20T03:35:36.3645475Z   duration_ms: 0.550338
test (22)	Coverage report (informational, not a gate)	2026-08-20T03:35:36.3645687Z   type: 'test'
test (22)	Coverage report (informational, not a gate)	2026-08-20T03:35:36.3645875Z   ...
test (22)	Coverage report (informational, not a gate)	2026-08-20T03:35:36.3646696Z # Subtest: README Tag vocabulary section carries a tag+entry sentence with a single-entry marker (token co-occurrence guard, not a meaning check)
test (22)	Coverage report (informational, not a gate)	2026-08-20T03:35:36.3649027Z ok 80 - README Tag vocabulary section carries a tag+entry sentence with a single-entry marker (token co-occurrence guard, not a meaning check)
test (22)	Coverage report (informational, not a gate)	2026-08-20T03:35:36.3650187Z   ---
test (22)	Coverage report (informational, not a gate)	2026-08-20T03:35:36.3650583Z   duration_ms: 1.298214
test (22)	Coverage report (informational, not a gate)	2026-08-20T03:35:36.3650998Z   type: 'test'
test (22)	Coverage report (informational, not a gate)	2026-08-20T03:35:36.3651343Z   ...
test (22)	Coverage report (informational, not a gate)	2026-08-20T03:35:36.3652913Z # Subtest: extractBandTablesFromReadme tolerates a prose sentence between a band heading and its table (T-025), without mis-attaching a table when the real one is missing
test (22)	Coverage report (informational, not a gate)	2026-08-20T03:35:36.3655437Z ok 81 - extractBandTablesFromReadme tolerates a prose sentence between a band heading and its table (T-025), without mis-attaching a table when the real one is missing
test (22)	Coverage report (informational, not a gate)	2026-08-20T03:35:36.3656603Z   ---
test (22)	Coverage report (informational, not a gate)	2026-08-20T03:35:36.3656824Z   duration_ms: 2.270541
test (22)	Coverage report (informational, not a gate)	2026-08-20T03:35:36.3657054Z   type: 'test'
test (22)	Coverage report (informational, not a gate)	2026-08-20T03:35:36.3657248Z   ...
test (22)	Coverage report (informational, not a gate)	2026-08-20T03:35:36.3657829Z # Subtest: extractBandTablesFromReadme does not let a band-shaped PROSE line steal a real heading's table (T-039)
test (22)	Coverage report (informational, not a gate)	2026-08-20T03:35:36.3659381Z ok 82 - extractBandTablesFromReadme does not let a band-shaped PROSE line steal a real heading's table (T-039)
test (22)	Coverage report (informational, not a gate)	2026-08-20T03:35:36.3660261Z   ---
test (22)	Coverage report (informational, not a gate)	2026-08-20T03:35:36.3660654Z   duration_ms: 0.314899
test (22)	Coverage report (informational, not a gate)	2026-08-20T03:35:36.3661055Z   type: 'test'
test (22)	Coverage report (informational, not a gate)	2026-08-20T03:35:36.3661409Z   ...
test (22)	Coverage report (informational, not a gate)	2026-08-20T03:35:36.3662405Z # Subtest: extractBandTablesFromReadme does not read a fenced example block as a second, real band table
test (22)	Coverage report (informational, not a gate)	2026-08-20T03:35:36.3663954Z ok 83 - extractBandTablesFromReadme does not read a fenced example block as a second, real band table
test (22)	Coverage report (informational, not a gate)	2026-08-20T03:35:36.3664832Z   ---
test (22)	Coverage report (informational, not a gate)	2026-08-20T03:35:36.3665181Z   duration_ms: 1.82012
test (22)	Coverage report (informational, not a gate)	2026-08-20T03:35:36.3665568Z   type: 'test'
test (22)	Coverage report (informational, not a gate)	2026-08-20T03:35:36.3665912Z   ...
test (22)	Coverage report (informational, not a gate)	2026-08-20T03:35:36.3667579Z # Subtest: extractBandTablesFromReadme's recognised bands account for every structural `| Tag | Count |` table -- a table under an unrecognised heading shape is a loud mismatch, not a silent miss
test (22)	Coverage report (informational, not a gate)	2026-08-20T03:35:36.3670713Z ok 84 - extractBandTablesFromReadme's recognised bands account for every structural `| Tag | Count |` table -- a table under an unrecognised heading shape is a loud mismatch, not a silent miss
test (22)	Coverage report (informational, not a gate)	2026-08-20T03:35:36.3672214Z   ---
test (22)	Coverage report (informational, not a gate)	2026-08-20T03:35:36.3672577Z   duration_ms: 0.43869
test (22)	Coverage report (informational, not a gate)	2026-08-20T03:35:36.3672975Z   type: 'test'
test (22)	Coverage report (informational, not a gate)	2026-08-20T03:35:36.3673317Z   ...
test (22)	Coverage report (informational, not a gate)	2026-08-20T03:35:36.3674764Z # Subtest: every `| Tag | Count |` table in the real README Tag vocabulary section is a recognised band table (no table may hide under an unrecognised heading shape)
test (22)	Coverage report (informational, not a gate)	2026-08-20T03:35:36.3677064Z ok 85 - every `| Tag | Count |` table in the real README Tag vocabulary section is a recognised band table (no table may hide under an unrecognised heading shape)
test (22)	Coverage report (informational, not a gate)	2026-08-20T03:35:36.3678587Z   ---
test (22)	Coverage report (informational, not a gate)	2026-08-20T03:35:36.3678976Z   duration_ms: 0.650895
test (22)	Coverage report (informational, not a gate)	2026-08-20T03:35:36.3679391Z   type: 'test'
test (22)	Coverage report (informational, not a gate)	2026-08-20T03:35:36.3679739Z   ...
test (22)	Coverage report (informational, not a gate)	2026-08-20T03:35:36.3680867Z # Subtest: every band table in README Tag vocabulary contains exactly the corpus tags whose count fits that band
test (22)	Coverage report (informational, not a gate)	2026-08-20T03:35:36.3682464Z ok 86 - every band table in README Tag vocabulary contains exactly the corpus tags whose count fits that band
test (22)	Coverage report (informational, not a gate)	2026-08-20T03:35:36.3683387Z   ---
test (22)	Coverage report (informational, not a gate)	2026-08-20T03:35:36.3683746Z   duration_ms: 0.507087
test (22)	Coverage report (informational, not a gate)	2026-08-20T03:35:36.3684147Z   type: 'test'
test (22)	Coverage report (informational, not a gate)	2026-08-20T03:35:36.3684488Z   ...
test (22)	Coverage report (informational, not a gate)	2026-08-20T03:35:36.3685649Z # Subtest: every corpus tag appearing on 2+ entries must have a row in some band table (no band table may be deleted wholesale) (T-019)
test (22)	Coverage report (informational, not a gate)	2026-08-20T03:35:36.3687763Z ok 87 - every corpus tag appearing on 2+ entries must have a row in some band table (no band table may be deleted wholesale) (T-019)
test (22)	Coverage report (informational, not a gate)	2026-08-20T03:35:36.3689078Z   ---
test (22)	Coverage report (informational, not a gate)	2026-08-20T03:35:36.3689433Z   duration_ms: 0.445142
test (22)	Coverage report (informational, not a gate)	2026-08-20T03:35:36.3689832Z   type: 'test'
test (22)	Coverage report (informational, not a gate)	2026-08-20T03:35:36.3690182Z   ...
test (22)	Coverage report (informational, not a gate)	2026-08-20T03:35:36.3691503Z # Subtest: extractBandTablesFromReadme derives a band's row count purely from its table, ignoring decoy "N tags" phrases in the heading line (T-024b)
test (22)	Coverage report (informational, not a gate)	2026-08-20T03:35:36.3693672Z ok 88 - extractBandTablesFromReadme derives a band's row count purely from its table, ignoring decoy "N tags" phrases in the heading line (T-024b)
test (22)	Coverage report (informational, not a gate)	2026-08-20T03:35:36.3694867Z   ---
test (22)	Coverage report (informational, not a gate)	2026-08-20T03:35:36.3695242Z   duration_ms: 0.248103
test (22)	Coverage report (informational, not a gate)	2026-08-20T03:35:36.3695653Z   type: 'test'
test (22)	Coverage report (informational, not a gate)	2026-08-20T03:35:36.3696018Z   ...
test (22)	Coverage report (informational, not a gate)	2026-08-20T03:35:36.3696913Z # Subtest: README opening sentence must state correct multi-entry and single-entry tag counts
test (22)	Coverage report (informational, not a gate)	2026-08-20T03:35:36.3698707Z ok 89 - README opening sentence must state correct multi-entry and single-entry tag counts
test (22)	Coverage report (informational, not a gate)	2026-08-20T03:35:36.3699555Z   ---
test (22)	Coverage report (informational, not a gate)	2026-08-20T03:35:36.3699943Z   duration_ms: 0.614618
test (22)	Coverage report (informational, not a gate)	2026-08-20T03:35:36.3700356Z   type: 'test'
test (22)	Coverage report (informational, not a gate)	2026-08-20T03:35:36.3700708Z   ...
test (22)	Coverage report (informational, not a gate)	2026-08-20T03:35:36.3701985Z # Subtest: README Tag vocabulary section must contain no unrecognised count-claim digits (J-5)
test (22)	Coverage report (informational, not a gate)	2026-08-20T03:35:36.3703258Z ok 90 - README Tag vocabulary section must contain no unrecognised count-claim digits (J-5)
test (22)	Coverage report (informational, not a gate)	2026-08-20T03:35:36.3704014Z   ---
test (22)	Coverage report (informational, not a gate)	2026-08-20T03:35:36.3704345Z   duration_ms: 1.280952
test (22)	Coverage report (informational, not a gate)	2026-08-20T03:35:36.3704720Z   type: 'test'
test (22)	Coverage report (informational, not a gate)	2026-08-20T03:35:36.3705037Z   ...
test (22)	Coverage report (informational, not a gate)	2026-08-20T03:35:36.3706005Z # Subtest: README Attribution table "Entries ranked" count must match corpus.length and the triage doc (C1)
test (22)	Coverage report (informational, not a gate)	2026-08-20T03:35:36.3707506Z ok 91 - README Attribution table "Entries ranked" count must match corpus.length and the triage doc (C1)
test (22)	Coverage report (informational, not a gate)	2026-08-20T03:35:36.3708648Z   ---
test (22)	Coverage report (informational, not a gate)	2026-08-20T03:35:36.3709017Z   duration_ms: 1.708431
test (22)	Coverage report (informational, not a gate)	2026-08-20T03:35:36.3709408Z   type: 'test'
test (22)	Coverage report (informational, not a gate)	2026-08-20T03:35:36.3709731Z   ...
test (22)	Coverage report (informational, not a gate)	2026-08-20T03:35:36.3710580Z # Subtest: README Attribution table "Rated HIGH risk" count must match the triage doc table (C2)
test (22)	Coverage report (informational, not a gate)	2026-08-20T03:35:36.3711969Z ok 92 - README Attribution table "Rated HIGH risk" count must match the triage doc table (C2)
test (22)	Coverage report (informational, not a gate)	2026-08-20T03:35:36.3712818Z   ---
test (22)	Coverage report (informational, not a gate)	2026-08-20T03:35:36.3713148Z   duration_ms: 0.663029
test (22)	Coverage report (informational, not a gate)	2026-08-20T03:35:36.3713535Z   type: 'test'
test (22)	Coverage report (informational, not a gate)	2026-08-20T03:35:36.3713869Z   ...
test (22)	Coverage report (informational, not a gate)	2026-08-20T03:35:36.3714722Z # Subtest: README Attribution section must contain no digit runs outside the counts table (C7)
test (22)	Coverage report (informational, not a gate)	2026-08-20T03:35:36.3716005Z ok 93 - README Attribution section must contain no digit runs outside the counts table (C7)
test (22)	Coverage report (informational, not a gate)	2026-08-20T03:35:36.3716779Z   ---
test (22)	Coverage report (informational, not a gate)	2026-08-20T03:35:36.3717107Z   duration_ms: 0.487491
test (22)	Coverage report (informational, not a gate)	2026-08-20T03:35:36.3717491Z   type: 'test'
test (22)	Coverage report (informational, not a gate)	2026-08-20T03:35:36.3717823Z   ...
test (22)	Coverage report (informational, not a gate)	2026-08-20T03:35:36.3718675Z # Subtest: README Layout section paths must exist on disk (C6)
test (22)	Coverage report (informational, not a gate)	2026-08-20T03:35:36.3719527Z ok 94 - README Layout section paths must exist on disk (C6)
test (22)	Coverage report (informational, not a gate)	2026-08-20T03:35:36.3720069Z   ---
test (22)	Coverage report (informational, not a gate)	2026-08-20T03:35:36.3720382Z   duration_ms: 0.650215
test (22)	Coverage report (informational, not a gate)	2026-08-20T03:35:36.3720750Z   type: 'test'
test (22)	Coverage report (informational, not a gate)	2026-08-20T03:35:36.3721067Z   ...
test (22)	Coverage report (informational, not a gate)	2026-08-20T03:35:36.3722062Z # Subtest: getListBehaviourSection tolerates a reformatted "--list behaviour" heading with no backticks (T-021)
test (22)	Coverage report (informational, not a gate)	2026-08-20T03:35:36.3723638Z ok 95 - getListBehaviourSection tolerates a reformatted "--list behaviour" heading with no backticks (T-021)
test (22)	Coverage report (informational, not a gate)	2026-08-20T03:35:36.3724518Z   ---
test (22)	Coverage report (informational, not a gate)	2026-08-20T03:35:36.3724831Z   duration_ms: 0.568712
test (22)	Coverage report (informational, not a gate)	2026-08-20T03:35:36.3725187Z   type: 'test'
test (22)	Coverage report (informational, not a gate)	2026-08-20T03:35:36.3725513Z   ...
test (22)	Coverage report (informational, not a gate)	2026-08-20T03:35:36.3726848Z # Subtest: getListBehaviourSection still fails on a SEPARATOR MISMATCH (not a heading-parse error) when a reformatted heading's literal is mutated (T-021)
test (22)	Coverage report (informational, not a gate)	2026-08-20T03:35:36.3729277Z ok 96 - getListBehaviourSection still fails on a SEPARATOR MISMATCH (not a heading-parse error) when a reformatted heading's literal is mutated (T-021)
test (22)	Coverage report (informational, not a gate)	2026-08-20T03:35:36.3730715Z   ---
test (22)	Coverage report (informational, not a gate)	2026-08-20T03:35:36.3731047Z   duration_ms: 0.424322
test (22)	Coverage report (informational, not a gate)	2026-08-20T03:35:36.3731433Z   type: 'test'
test (22)	Coverage report (informational, not a gate)	2026-08-20T03:35:36.3731764Z   ...
test (22)	Coverage report (informational, not a gate)	2026-08-20T03:35:36.3732881Z # Subtest: getListBehaviourSection reports ambiguity loudly instead of taking the first of two qualifying headings (T-021)
test (22)	Coverage report (informational, not a gate)	2026-08-20T03:35:36.3734652Z ok 97 - getListBehaviourSection reports ambiguity loudly instead of taking the first of two qualifying headings (T-021)
test (22)	Coverage report (informational, not a gate)	2026-08-20T03:35:36.3735634Z   ---
test (22)	Coverage report (informational, not a gate)	2026-08-20T03:35:36.3735970Z   duration_ms: 1.613433
test (22)	Coverage report (informational, not a gate)	2026-08-20T03:35:36.3736368Z   type: 'test'
test (22)	Coverage report (informational, not a gate)	2026-08-20T03:35:36.3736714Z   ...
test (22)	Coverage report (informational, not a gate)	2026-08-20T03:35:36.3737668Z # Subtest: getListBehaviourSection does not let "--list-only" satisfy the standalone `--list` token (T-021)
test (22)	Coverage report (informational, not a gate)	2026-08-20T03:35:36.3739476Z ok 98 - getListBehaviourSection does not let "--list-only" satisfy the standalone `--list` token (T-021)
test (22)	Coverage report (informational, not a gate)	2026-08-20T03:35:36.3740358Z   ---
test (22)	Coverage report (informational, not a gate)	2026-08-20T03:35:36.3740702Z   duration_ms: 0.31594
test (22)	Coverage report (informational, not a gate)	2026-08-20T03:35:36.3741093Z   type: 'test'
test (22)	Coverage report (informational, not a gate)	2026-08-20T03:35:36.3741423Z   ...
test (22)	Coverage report (informational, not a gate)	2026-08-20T03:35:36.3742364Z # Subtest: getListBehaviourSection tolerates the American spelling "behavior" in the heading (T-027)
test (22)	Coverage report (informational, not a gate)	2026-08-20T03:35:36.3743833Z ok 99 - getListBehaviourSection tolerates the American spelling "behavior" in the heading (T-027)
test (22)	Coverage report (informational, not a gate)	2026-08-20T03:35:36.3744929Z   ---
test (22)	Coverage report (informational, not a gate)	2026-08-20T03:35:36.3745269Z   duration_ms: 0.216154
test (22)	Coverage report (informational, not a gate)	2026-08-20T03:35:36.3745653Z   type: 'test'
test (22)	Coverage report (informational, not a gate)	2026-08-20T03:35:36.3745981Z   ...
test (22)	Coverage report (informational, not a gate)	2026-08-20T03:35:36.3747242Z # Subtest: getListBehaviourSection still fails on a SEPARATOR MISMATCH (not a heading-parse error) under an American-spelled heading (T-027)
test (22)	Coverage report (informational, not a gate)	2026-08-20T03:35:36.3749524Z ok 100 - getListBehaviourSection still fails on a SEPARATOR MISMATCH (not a heading-parse error) under an American-spelled heading (T-027)
test (22)	Coverage report (informational, not a gate)	2026-08-20T03:35:36.3750619Z   ---
test (22)	Coverage report (informational, not a gate)	2026-08-20T03:35:36.3750952Z   duration_ms: 1.029553
test (22)	Coverage report (informational, not a gate)	2026-08-20T03:35:36.3751349Z   type: 'test'
test (22)	Coverage report (informational, not a gate)	2026-08-20T03:35:36.3751677Z   ...
test (22)	Coverage report (informational, not a gate)	2026-08-20T03:35:36.3752557Z # Subtest: README `--list` format literal matches the shipped binary's actual --list output (T-017)
test (22)	Coverage report (informational, not a gate)	2026-08-20T03:35:36.3753917Z ok 101 - README `--list` format literal matches the shipped binary's actual --list output (T-017)
test (22)	Coverage report (informational, not a gate)	2026-08-20T03:35:36.3754723Z   ---
test (22)	Coverage report (informational, not a gate)	2026-08-20T03:35:36.3755107Z   duration_ms: 53.791328
test (22)	Coverage report (informational, not a gate)	2026-08-20T03:35:36.3755525Z   type: 'test'
test (22)	Coverage report (informational, not a gate)	2026-08-20T03:35:36.3755834Z   ...
test (22)	Coverage report (informational, not a gate)	2026-08-20T03:35:36.3756375Z # Subtest: README `--author` matching section must state the correct count of distinct corpus authors (Q-8)
test (22)	Coverage report (informational, not a gate)	2026-08-20T03:35:36.3757450Z ok 102 - README `--author` matching section must state the correct count of distinct corpus authors (Q-8)
test (22)	Coverage report (informational, not a gate)	2026-08-20T03:35:36.3758246Z   ---
test (22)	Coverage report (informational, not a gate)	2026-08-20T03:35:36.3758803Z   duration_ms: 0.585303
test (22)	Coverage report (informational, not a gate)	2026-08-20T03:35:36.3759190Z   type: 'test'
test (22)	Coverage report (informational, not a gate)	2026-08-20T03:35:36.3759523Z   ...
test (22)	Coverage report (informational, not a gate)	2026-08-20T03:35:36.3759960Z # Subtest: corpus has at least 40 entries
test (22)	Coverage report (informational, not a gate)	2026-08-20T03:35:36.3760552Z ok 103 - corpus has at least 40 entries
test (22)	Coverage report (informational, not a gate)	2026-08-20T03:35:36.3761004Z   ---
test (22)	Coverage report (informational, not a gate)	2026-08-20T03:35:36.3761319Z   duration_ms: 3.204305
test (22)	Coverage report (informational, not a gate)	2026-08-20T03:35:36.3761729Z   type: 'test'
test (22)	Coverage report (informational, not a gate)	2026-08-20T03:35:36.3762073Z   ...
test (22)	Coverage report (informational, not a gate)	2026-08-20T03:35:36.3762847Z # Subtest: every corpus entry has non-empty text, non-empty author, and an array of tags
test (22)	Coverage report (informational, not a gate)	2026-08-20T03:35:36.3763923Z ok 104 - every corpus entry has non-empty text, non-empty author, and an array of tags
test (22)	Coverage report (informational, not a gate)	2026-08-20T03:35:36.3764636Z   ---
test (22)	Coverage report (informational, not a gate)	2026-08-20T03:35:36.3764959Z   duration_ms: 0.603988
test (22)	Coverage report (informational, not a gate)	2026-08-20T03:35:36.3765328Z   type: 'test'
test (22)	Coverage report (informational, not a gate)	2026-08-20T03:35:36.3765644Z   ...
test (22)	Coverage report (informational, not a gate)	2026-08-20T03:35:36.3766146Z # Subtest: filter: author match is case-insensitive
test (22)	Coverage report (informational, not a gate)	2026-08-20T03:35:36.3766858Z ok 105 - filter: author match is case-insensitive
test (22)	Coverage report (informational, not a gate)	2026-08-20T03:35:36.3767346Z   ---
test (22)	Coverage report (informational, not a gate)	2026-08-20T03:35:36.3767671Z   duration_ms: 1.444769
test (22)	Coverage report (informational, not a gate)	2026-08-20T03:35:36.3767948Z   type: 'test'
test (22)	Coverage report (informational, not a gate)	2026-08-20T03:35:36.3768135Z   ...
test (22)	Coverage report (informational, not a gate)	2026-08-20T03:35:36.3768760Z # Subtest: filter: tag match is case-insensitive
test (22)	Coverage report (informational, not a gate)	2026-08-20T03:35:36.3769371Z ok 106 - filter: tag match is case-insensitive
test (22)	Coverage report (informational, not a gate)	2026-08-20T03:35:36.3769657Z   ---
test (22)	Coverage report (informational, not a gate)	2026-08-20T03:35:36.3769853Z   duration_ms: 0.34804
test (22)	Coverage report (informational, not a gate)	2026-08-20T03:35:36.3770069Z   type: 'test'
test (22)	Coverage report (informational, not a gate)	2026-08-20T03:35:36.3770256Z   ...
test (22)	Coverage report (informational, not a gate)	2026-08-20T03:35:36.3770642Z # Subtest: filter: author and tag together narrow to the intersection (AND)
test (22)	Coverage report (informational, not a gate)	2026-08-20T03:35:36.3771217Z ok 107 - filter: author and tag together narrow to the intersection (AND)
test (22)	Coverage report (informational, not a gate)	2026-08-20T03:35:36.3771579Z   ---
test (22)	Coverage report (informational, not a gate)	2026-08-20T03:35:36.3771776Z   duration_ms: 0.496347
test (22)	Coverage report (informational, not a gate)	2026-08-20T03:35:36.3771992Z   type: 'test'
test (22)	Coverage report (informational, not a gate)	2026-08-20T03:35:36.3772229Z   ...
test (22)	Coverage report (informational, not a gate)	2026-08-20T03:35:36.3772563Z # Subtest: filter: undefined/absent options do not filter
test (22)	Coverage report (informational, not a gate)	2026-08-20T03:35:36.3773018Z ok 108 - filter: undefined/absent options do not filter
test (22)	Coverage report (informational, not a gate)	2026-08-20T03:35:36.3773354Z   ---
test (22)	Coverage report (informational, not a gate)	2026-08-20T03:35:36.3773569Z   duration_ms: 0.216865
test (22)	Coverage report (informational, not a gate)	2026-08-20T03:35:36.3773800Z   type: 'test'
test (22)	Coverage report (informational, not a gate)	2026-08-20T03:35:36.3773991Z   ...
test (22)	Coverage report (informational, not a gate)	2026-08-20T03:35:36.3774427Z # Subtest: pick: same seed over the same candidates always returns the same element
test (22)	Coverage report (informational, not a gate)	2026-08-20T03:35:36.3775075Z ok 109 - pick: same seed over the same candidates always returns the same element
test (22)	Coverage report (informational, not a gate)	2026-08-20T03:35:36.3775467Z   ---
test (22)	Coverage report (informational, not a gate)	2026-08-20T03:35:36.3775661Z   duration_ms: 0.537364
test (22)	Coverage report (informational, not a gate)	2026-08-20T03:35:36.3775898Z   type: 'test'
test (22)	Coverage report (informational, not a gate)	2026-08-20T03:35:36.3776104Z   ...
test (22)	Coverage report (informational, not a gate)	2026-08-20T03:35:36.3776467Z # Subtest: pick: different seeds generally produce different results
test (22)	Coverage report (informational, not a gate)	2026-08-20T03:35:36.3777184Z ok 110 - pick: different seeds generally produce different results
test (22)	Coverage report (informational, not a gate)	2026-08-20T03:35:36.3777543Z   ---
test (22)	Coverage report (informational, not a gate)	2026-08-20T03:35:36.3777749Z   duration_ms: 0.290914
test (22)	Coverage report (informational, not a gate)	2026-08-20T03:35:36.3777988Z   type: 'test'
test (22)	Coverage report (informational, not a gate)	2026-08-20T03:35:36.3778177Z   ...
test (22)	Coverage report (informational, not a gate)	2026-08-20T03:35:36.3778861Z # Subtest: pick: undefined seed picks a valid member (random mode)
test (22)	Coverage report (informational, not a gate)	2026-08-20T03:35:36.3779392Z ok 111 - pick: undefined seed picks a valid member (random mode)
test (22)	Coverage report (informational, not a gate)	2026-08-20T03:35:36.3779740Z   ---
test (22)	Coverage report (informational, not a gate)	2026-08-20T03:35:36.3779964Z   duration_ms: 0.276297
test (22)	Coverage report (informational, not a gate)	2026-08-20T03:35:36.3780201Z   type: 'test'
test (22)	Coverage report (informational, not a gate)	2026-08-20T03:35:36.3780395Z   ...
test (22)	Coverage report (informational, not a gate)	2026-08-20T03:35:36.3780824Z # Subtest: pick: null seed also triggers random mode and returns a valid member
test (22)	Coverage report (informational, not a gate)	2026-08-20T03:35:36.3781436Z ok 112 - pick: null seed also triggers random mode and returns a valid member
test (22)	Coverage report (informational, not a gate)	2026-08-20T03:35:36.3781849Z   ---
test (22)	Coverage report (informational, not a gate)	2026-08-20T03:35:36.3782054Z   duration_ms: 0.200014
test (22)	Coverage report (informational, not a gate)	2026-08-20T03:35:36.3782292Z   type: 'test'
test (22)	Coverage report (informational, not a gate)	2026-08-20T03:35:36.3782482Z   ...
test (22)	Coverage report (informational, not a gate)	2026-08-20T03:35:36.3782835Z # Subtest: pick: throws RangeError on empty candidates array
test (22)	Coverage report (informational, not a gate)	2026-08-20T03:35:36.3783309Z ok 113 - pick: throws RangeError on empty candidates array
test (22)	Coverage report (informational, not a gate)	2026-08-20T03:35:36.3783635Z   ---
test (22)	Coverage report (informational, not a gate)	2026-08-20T03:35:36.3783836Z   duration_ms: 0.646347
test (22)	Coverage report (informational, not a gate)	2026-08-20T03:35:36.3784074Z   type: 'test'
test (22)	Coverage report (informational, not a gate)	2026-08-20T03:35:36.3784260Z   ...
test (22)	Coverage report (informational, not a gate)	2026-08-20T03:35:36.3784656Z # Subtest: pick: Infinity seed is deterministic and returns a valid member
test (22)	Coverage report (informational, not a gate)	2026-08-20T03:35:36.3785247Z ok 114 - pick: Infinity seed is deterministic and returns a valid member
test (22)	Coverage report (informational, not a gate)	2026-08-20T03:35:36.3785634Z   ---
test (22)	Coverage report (informational, not a gate)	2026-08-20T03:35:36.3785826Z   duration_ms: 0.285232
test (22)	Coverage report (informational, not a gate)	2026-08-20T03:35:36.3786061Z   type: 'test'
test (22)	Coverage report (informational, not a gate)	2026-08-20T03:35:36.3786262Z   ...
test (22)	Coverage report (informational, not a gate)	2026-08-20T03:35:36.3786654Z # Subtest: pick: -Infinity seed is deterministic and returns a valid member
test (22)	Coverage report (informational, not a gate)	2026-08-20T03:35:36.3787247Z ok 115 - pick: -Infinity seed is deterministic and returns a valid member
test (22)	Coverage report (informational, not a gate)	2026-08-20T03:35:36.3787621Z   ---
test (22)	Coverage report (informational, not a gate)	2026-08-20T03:35:36.3787824Z   duration_ms: 0.246571
test (22)	Coverage report (informational, not a gate)	2026-08-20T03:35:36.3788045Z   type: 'test'
test (22)	Coverage report (informational, not a gate)	2026-08-20T03:35:36.3788494Z   ...
test (22)	Coverage report (informational, not a gate)	2026-08-20T03:35:36.3788961Z # Subtest: pick: NaN seed still uses the random branch and returns a valid member
test (22)	Coverage report (informational, not a gate)	2026-08-20T03:35:36.3789585Z ok 116 - pick: NaN seed still uses the random branch and returns a valid member
test (22)	Coverage report (informational, not a gate)	2026-08-20T03:35:36.3789973Z   ---
test (22)	Coverage report (informational, not a gate)	2026-08-20T03:35:36.3790178Z   duration_ms: 0.183803
test (22)	Coverage report (informational, not a gate)	2026-08-20T03:35:36.3790414Z   type: 'test'
test (22)	Coverage report (informational, not a gate)	2026-08-20T03:35:36.3790602Z   ...
test (22)	Coverage report (informational, not a gate)	2026-08-20T03:35:36.3791032Z # Subtest: pick: finite seed determinism is unchanged by the non-finite-seed fix
test (22)	Coverage report (informational, not a gate)	2026-08-20T03:35:36.3791659Z ok 117 - pick: finite seed determinism is unchanged by the non-finite-seed fix
test (22)	Coverage report (informational, not a gate)	2026-08-20T03:35:36.3792233Z   ---
test (22)	Coverage report (informational, not a gate)	2026-08-20T03:35:36.3792461Z   duration_ms: 0.239437
test (22)	Coverage report (informational, not a gate)	2026-08-20T03:35:36.3792695Z   type: 'test'
test (22)	Coverage report (informational, not a gate)	2026-08-20T03:35:36.3792878Z   ...
test (22)	Coverage report (informational, not a gate)	2026-08-20T03:35:36.3793253Z # Subtest: pick: every candidate is REACHABLE by an unseeded draw
test (22)	Coverage report (informational, not a gate)	2026-08-20T03:35:36.3793770Z ok 118 - pick: every candidate is REACHABLE by an unseeded draw
test (22)	Coverage report (informational, not a gate)	2026-08-20T03:35:36.3794117Z   ---
test (22)	Coverage report (informational, not a gate)	2026-08-20T03:35:36.3794324Z   duration_ms: 2.411925
test (22)	Coverage report (informational, not a gate)	2026-08-20T03:35:36.3794554Z   type: 'test'
test (22)	Coverage report (informational, not a gate)	2026-08-20T03:35:36.3794741Z   ...
test (22)	Coverage report (informational, not a gate)	2026-08-20T03:35:36.3795202Z # Subtest: pick: unseeded draws split the interval EQUALLY across candidates (uniform)
test (22)	Coverage report (informational, not a gate)	2026-08-20T03:35:36.3795842Z ok 119 - pick: unseeded draws split the interval EQUALLY across candidates (uniform)
test (22)	Coverage report (informational, not a gate)	2026-08-20T03:35:36.3796227Z   ---
test (22)	Coverage report (informational, not a gate)	2026-08-20T03:35:36.3796431Z   duration_ms: 1.910548
test (22)	Coverage report (informational, not a gate)	2026-08-20T03:35:36.3796644Z   type: 'test'
test (22)	Coverage report (informational, not a gate)	2026-08-20T03:35:36.3796846Z   ...
test (22)	Coverage report (informational, not a gate)	2026-08-20T03:35:36.3797282Z # Subtest: pick: single-element candidates always returns that element regardless of seed
test (22)	Coverage report (informational, not a gate)	2026-08-20T03:35:36.3797983Z ok 120 - pick: single-element candidates always returns that element regardless of seed
test (22)	Coverage report (informational, not a gate)	2026-08-20T03:35:36.3798763Z   ---
test (22)	Coverage report (informational, not a gate)	2026-08-20T03:35:36.3799020Z   duration_ms: 0.219129
test (22)	Coverage report (informational, not a gate)	2026-08-20T03:35:36.3799391Z   type: 'test'
test (22)	Coverage report (informational, not a gate)	2026-08-20T03:35:36.3799761Z   ...
test (22)	Coverage report (informational, not a gate)	2026-08-20T03:35:36.3800267Z 1..120
test (22)	Coverage report (informational, not a gate)	2026-08-20T03:35:36.3800464Z # tests 120
test (22)	Coverage report (informational, not a gate)	2026-08-20T03:35:36.3800648Z # suites 0
test (22)	Coverage report (informational, not a gate)	2026-08-20T03:35:36.3800831Z # pass 119
test (22)	Coverage report (informational, not a gate)	2026-08-20T03:35:36.3801056Z # fail 0
test (22)	Coverage report (informational, not a gate)	2026-08-20T03:35:36.3801243Z # cancelled 0
test (22)	Coverage report (informational, not a gate)	2026-08-20T03:35:36.3801440Z # skipped 1
test (22)	Coverage report (informational, not a gate)	2026-08-20T03:35:36.3801618Z # todo 0
test (22)	Coverage report (informational, not a gate)	2026-08-20T03:35:36.3801836Z # duration_ms 3661.635773
test (22)	Coverage report (informational, not a gate)	2026-08-20T03:35:36.3802145Z # start of coverage report
test (22)	Coverage report (informational, not a gate)	2026-08-20T03:35:36.3802777Z # ---------------------------------------------------------------------------------------------------------------------------------------------
test (22)	Coverage report (informational, not a gate)	2026-08-20T03:35:36.3803440Z # file                           | line % | branch % | funcs % | uncovered lines
test (22)	Coverage report (informational, not a gate)	2026-08-20T03:35:36.3804151Z # ---------------------------------------------------------------------------------------------------------------------------------------------
test (22)	Coverage report (informational, not a gate)	2026-08-20T03:35:36.3804754Z # bin                            |        |          |         | 
test (22)	Coverage report (informational, not a gate)	2026-08-20T03:35:36.3805181Z #  aphorism.js                   | 100.00 |    85.71 |  100.00 | 
test (22)	Coverage report (informational, not a gate)	2026-08-20T03:35:36.3805597Z # src                            |        |          |         | 
test (22)	Coverage report (informational, not a gate)	2026-08-20T03:35:36.3805985Z #  args.js                       | 100.00 |   100.00 |  100.00 | 
test (22)	Coverage report (informational, not a gate)	2026-08-20T03:35:36.3806390Z #  corpus.js                     | 100.00 |   100.00 |  100.00 | 
test (22)	Coverage report (informational, not a gate)	2026-08-20T03:35:36.3806807Z #  select.js                     | 100.00 |   100.00 |  100.00 | 
test (22)	Coverage report (informational, not a gate)	2026-08-20T03:35:36.3807207Z # test                           |        |          |         | 
test (22)	Coverage report (informational, not a gate)	2026-08-20T03:35:36.3807611Z #  args.test.js                  | 100.00 |   100.00 |  100.00 | 
test (22)	Coverage report (informational, not a gate)	2026-08-20T03:35:36.3808025Z #  cli.test.js                   | 100.00 |   100.00 |  100.00 | 
test (22)	Coverage report (informational, not a gate)	2026-08-20T03:35:36.3810054Z #  node-support-citation.test.js |  77.62 |    44.44 |  100.00 | 84-86 95-97 116-125 127-142
test (22)	Coverage report (informational, not a gate)	2026-08-20T03:35:36.3810739Z #  pipe.test.js                  |  96.73 |    83.33 |  100.00 | 50-51 89-91 163-165
test (22)	Coverage report (informational, not a gate)	2026-08-20T03:35:36.3811473Z #  readme-tags.test.js           |  98.71 |    86.81 |   96.15 | 125-126 146-147 156-157 531-532 534-535 549-552 1324-1325 1674-1675 1874-1884
test (22)	Coverage report (informational, not a gate)	2026-08-20T03:35:36.3812114Z #  select.test.js                | 100.00 |    97.92 |  100.00 | 
test (22)	Coverage report (informational, not a gate)	2026-08-20T03:35:36.3812822Z # ---------------------------------------------------------------------------------------------------------------------------------------------
test (22)	Coverage report (informational, not a gate)	2026-08-20T03:35:36.3813424Z # all files                      |  98.39 |    91.53 |   98.63 | 
test (22)	Coverage report (informational, not a gate)	2026-08-20T03:35:36.3814097Z # ---------------------------------------------------------------------------------------------------------------------------------------------
test (22)	Coverage report (informational, not a gate)	2026-08-20T03:35:36.3814799Z # end of coverage report
test (22)	Post Run actions/setup-node@v4	﻿2026-08-20T03:35:36.3953112Z Node 20 is being deprecated. This workflow is running with Node 24 by default. If you need to temporarily use Node 20, you can set the ACTIONS_ALLOW_USE_UNSECURE_NODE_VERSION=true environment variable. For more information see: https://github.blog/changelog/2025-09-19-deprecation-of-node-20-on-github-actions-runners/
test (22)	Post Run actions/setup-node@v4	2026-08-20T03:35:36.3954400Z Post job cleanup.
test (22)	Post Run actions/setup-node@v4	2026-08-20T03:35:36.5207831Z (node:4059) [DEP0040] DeprecationWarning: The `punycode` module is deprecated. Please use a userland alternative instead.
test (22)	Post Run actions/setup-node@v4	2026-08-20T03:35:36.5209106Z (Use `node --trace-deprecation ...` to show where the warning was created)
test (22)	Post Run actions/checkout@v4	﻿2026-08-20T03:35:36.5430669Z Node 20 is being deprecated. This workflow is running with Node 24 by default. If you need to temporarily use Node 20, you can set the ACTIONS_ALLOW_USE_UNSECURE_NODE_VERSION=true environment variable. For more information see: https://github.blog/changelog/2025-09-19-deprecation-of-node-20-on-github-actions-runners/
test (22)	Post Run actions/checkout@v4	2026-08-20T03:35:36.5431922Z Post job cleanup.
test (22)	Post Run actions/checkout@v4	2026-08-20T03:35:36.6360898Z [command]/usr/bin/git version
test (22)	Post Run actions/checkout@v4	2026-08-20T03:35:36.6441199Z git version 2.55.0
test (22)	Post Run actions/checkout@v4	2026-08-20T03:35:36.6490028Z Temporarily overriding HOME='/home/runner/work/_temp/b5961e84-a357-4a60-8dda-e67df4bc2e6e' before making global git config changes
test (22)	Post Run actions/checkout@v4	2026-08-20T03:35:36.6491655Z Adding repository directory to the temporary git global config as a safe directory
test (22)	Post Run actions/checkout@v4	2026-08-20T03:35:36.6497322Z [command]/usr/bin/git config --global --add safe.directory /home/runner/work/aphorism-cli/aphorism-cli
test (22)	Post Run actions/checkout@v4	2026-08-20T03:35:36.6544935Z [command]/usr/bin/git config --local --name-only --get-regexp core\.sshCommand
test (22)	Post Run actions/checkout@v4	2026-08-20T03:35:36.6586190Z [command]/usr/bin/git submodule foreach --recursive sh -c "git config --local --name-only --get-regexp 'core\.sshCommand' && git config --local --unset-all 'core.sshCommand' || :"
test (22)	Post Run actions/checkout@v4	2026-08-20T03:35:36.6842949Z [command]/usr/bin/git config --local --name-only --get-regexp http\.https\:\/\/github\.com\/\.extraheader
test (22)	Post Run actions/checkout@v4	2026-08-20T03:35:36.6870960Z http.https://github.com/.extraheader
test (22)	Post Run actions/checkout@v4	2026-08-20T03:35:36.6883819Z [command]/usr/bin/git config --local --unset-all http.https://github.com/.extraheader
test (22)	Post Run actions/checkout@v4	2026-08-20T03:35:36.6919832Z [command]/usr/bin/git submodule foreach --recursive sh -c "git config --local --name-only --get-regexp 'http\.https\:\/\/github\.com\/\.extraheader' && git config --local --unset-all 'http.https://github.com/.extraheader' || :"
test (22)	Post Run actions/checkout@v4	2026-08-20T03:35:36.7176858Z [command]/usr/bin/git config --local --name-only --get-regexp ^includeIf\.gitdir:
test (22)	Post Run actions/checkout@v4	2026-08-20T03:35:36.7218773Z [command]/usr/bin/git submodule foreach --recursive git config --local --show-origin --name-only --get-regexp remote.origin.url
test (22)	Complete job	﻿2026-08-20T03:35:36.7692150Z Cleaning up orphan processes
test (22)	Complete job	2026-08-20T03:35:36.8043283Z ##[warning]Node.js 20 is deprecated. The following actions target Node.js 20 but are being forced to run on Node.js 24: actions/checkout@v4, actions/setup-node@v4. For more information see: https://github.blog/changelog/2025-09-19-deprecation-of-node-20-on-github-actions-runners/
