test (20)	Set up job	﻿2026-08-20T18:02:46.4879143Z Current runner version: '2.336.0'
test (20)	Set up job	2026-08-20T18:02:46.4918910Z ##[group]Runner Image Provisioner
test (20)	Set up job	2026-08-20T18:02:46.4919751Z Hosted Compute Agent
test (20)	Set up job	2026-08-20T18:02:46.4920240Z Version: 20260729.566
test (20)	Set up job	2026-08-20T18:02:46.4920772Z Commit: cf7153fe6e25b664e8693c24944bf2b00355d109
test (20)	Set up job	2026-08-20T18:02:46.4921497Z Build Date: 2026-07-29T19:17:02Z
test (20)	Set up job	2026-08-20T18:02:46.4922059Z Worker ID: {2ebdd058-1d4d-449c-a844-3ffa172f3f0f}
test (20)	Set up job	2026-08-20T18:02:46.4922699Z Azure Region: westcentralus
test (20)	Set up job	2026-08-20T18:02:46.4923203Z ##[endgroup]
test (20)	Set up job	2026-08-20T18:02:46.4924277Z ##[group]Operating System
test (20)	Set up job	2026-08-20T18:02:46.4924855Z Ubuntu
test (20)	Set up job	2026-08-20T18:02:46.4925286Z 24.04.4
test (20)	Set up job	2026-08-20T18:02:46.4925770Z LTS
test (20)	Set up job	2026-08-20T18:02:46.4926211Z ##[endgroup]
test (20)	Set up job	2026-08-20T18:02:46.4926660Z ##[group]Runner Image
test (20)	Set up job	2026-08-20T18:02:46.4927176Z Image: ubuntu-24.04
test (20)	Set up job	2026-08-20T18:02:46.4927779Z Version: 20260816.277.1
test (20)	Set up job	2026-08-20T18:02:46.4928919Z Included Software: https://github.com/actions/runner-images/blob/ubuntu24/20260816.277/images/ubuntu/Ubuntu2404-Readme.md
test (20)	Set up job	2026-08-20T18:02:46.4930398Z Image Release: https://github.com/actions/runner-images/releases/tag/ubuntu24%2F20260816.277
test (20)	Set up job	2026-08-20T18:02:46.4931189Z ##[endgroup]
test (20)	Set up job	2026-08-20T18:02:46.4932195Z ##[group]GITHUB_TOKEN Permissions
test (20)	Set up job	2026-08-20T18:02:46.4933929Z Contents: read
test (20)	Set up job	2026-08-20T18:02:46.4934431Z Metadata: read
test (20)	Set up job	2026-08-20T18:02:46.4934984Z Packages: read
test (20)	Set up job	2026-08-20T18:02:46.4935452Z ##[endgroup]
test (20)	Set up job	2026-08-20T18:02:46.4937101Z Secret source: Actions
test (20)	Set up job	2026-08-20T18:02:46.4938260Z Prepare workflow directory
test (20)	Set up job	2026-08-20T18:02:46.5198863Z Prepare all required actions
test (20)	Set up job	2026-08-20T18:02:46.5238388Z Getting action download info
test (20)	Set up job	2026-08-20T18:02:46.7917763Z Download action repository 'actions/checkout@v7' (SHA:3d3c42e5aac5ba805825da76410c181273ba90b1)
test (20)	Set up job	2026-08-20T18:02:47.0266811Z Download action repository 'actions/setup-node@v7' (SHA:820762786026740c76f36085b0efc47a31fe5020)
test (20)	Set up job	2026-08-20T18:02:47.3208225Z Complete job name: test (20)
test (20)	Run actions/checkout@v7	﻿2026-08-20T18:02:47.3814841Z ##[group]Run actions/checkout@v7
test (20)	Run actions/checkout@v7	2026-08-20T18:02:47.3815503Z with:
test (20)	Run actions/checkout@v7	2026-08-20T18:02:47.3815869Z   repository: trmnmc/aphorism-cli
test (20)	Run actions/checkout@v7	2026-08-20T18:02:47.3818943Z   token: ***
test (20)	Run actions/checkout@v7	2026-08-20T18:02:47.3819293Z   ssh-strict: true
test (20)	Run actions/checkout@v7	2026-08-20T18:02:47.3819648Z   ssh-user: git
test (20)	Run actions/checkout@v7	2026-08-20T18:02:47.3819998Z   persist-credentials: true
test (20)	Run actions/checkout@v7	2026-08-20T18:02:47.3820381Z   clean: true
test (20)	Run actions/checkout@v7	2026-08-20T18:02:47.3820736Z   sparse-checkout-cone-mode: true
test (20)	Run actions/checkout@v7	2026-08-20T18:02:47.3821138Z   fetch-depth: 1
test (20)	Run actions/checkout@v7	2026-08-20T18:02:47.3821474Z   fetch-tags: false
test (20)	Run actions/checkout@v7	2026-08-20T18:02:47.3821823Z   show-progress: true
test (20)	Run actions/checkout@v7	2026-08-20T18:02:47.3822170Z   lfs: false
test (20)	Run actions/checkout@v7	2026-08-20T18:02:47.3822500Z   submodules: false
test (20)	Run actions/checkout@v7	2026-08-20T18:02:47.3822852Z   set-safe-directory: true
test (20)	Run actions/checkout@v7	2026-08-20T18:02:47.3823239Z   allow-unsafe-pr-checkout: false
test (20)	Run actions/checkout@v7	2026-08-20T18:02:47.3823788Z ##[endgroup]
test (20)	Run actions/checkout@v7	2026-08-20T18:02:47.4619492Z Syncing repository: trmnmc/aphorism-cli
test (20)	Run actions/checkout@v7	2026-08-20T18:02:47.4620953Z ##[group]Getting Git version info
test (20)	Run actions/checkout@v7	2026-08-20T18:02:47.4621570Z Working directory is '/home/runner/work/aphorism-cli/aphorism-cli'
test (20)	Run actions/checkout@v7	2026-08-20T18:02:47.4624822Z [command]/usr/bin/git version
test (20)	Run actions/checkout@v7	2026-08-20T18:02:47.4747931Z git version 2.55.0
test (20)	Run actions/checkout@v7	2026-08-20T18:02:47.4768878Z ##[endgroup]
test (20)	Run actions/checkout@v7	2026-08-20T18:02:47.4775125Z Temporarily overriding HOME='/home/runner/work/_temp/b1da3080-c09f-4655-8df5-5ed6409c2284' before making global git config changes
test (20)	Run actions/checkout@v7	2026-08-20T18:02:47.4777124Z Adding repository directory to the temporary git global config as a safe directory
test (20)	Run actions/checkout@v7	2026-08-20T18:02:47.4780520Z [command]/usr/bin/git config --global --add safe.directory /home/runner/work/aphorism-cli/aphorism-cli
test (20)	Run actions/checkout@v7	2026-08-20T18:02:47.4819739Z Deleting the contents of '/home/runner/work/aphorism-cli/aphorism-cli'
test (20)	Run actions/checkout@v7	2026-08-20T18:02:47.4823351Z ##[group]Determining repository object format
test (20)	Run actions/checkout@v7	2026-08-20T18:02:47.4824442Z ##[endgroup]
test (20)	Run actions/checkout@v7	2026-08-20T18:02:47.4825390Z ##[group]Initializing the repository
test (20)	Run actions/checkout@v7	2026-08-20T18:02:47.4828272Z [command]/usr/bin/git init /home/runner/work/aphorism-cli/aphorism-cli
test (20)	Run actions/checkout@v7	2026-08-20T18:02:47.4908748Z hint: Using 'master' as the name for the initial branch. This default branch name
test (20)	Run actions/checkout@v7	2026-08-20T18:02:47.4910667Z hint: will change to "main" in Git 3.0. To configure the initial branch name
test (20)	Run actions/checkout@v7	2026-08-20T18:02:47.4912075Z hint: to use in all of your new repositories, which will suppress this warning,
test (20)	Run actions/checkout@v7	2026-08-20T18:02:47.4913211Z hint: call:
test (20)	Run actions/checkout@v7	2026-08-20T18:02:47.4913903Z hint:
test (20)	Run actions/checkout@v7	2026-08-20T18:02:47.4914716Z hint: 	git config --global init.defaultBranch <name>
test (20)	Run actions/checkout@v7	2026-08-20T18:02:47.4915530Z hint:
test (20)	Run actions/checkout@v7	2026-08-20T18:02:47.4916161Z hint: Names commonly chosen instead of 'master' are 'main', 'trunk' and
test (20)	Run actions/checkout@v7	2026-08-20T18:02:47.4917656Z hint: 'development'. The just-created branch can be renamed via this command:
test (20)	Run actions/checkout@v7	2026-08-20T18:02:47.4918840Z hint:
test (20)	Run actions/checkout@v7	2026-08-20T18:02:47.4919626Z hint: 	git branch -m <name>
test (20)	Run actions/checkout@v7	2026-08-20T18:02:47.4920392Z hint:
test (20)	Run actions/checkout@v7	2026-08-20T18:02:47.4921340Z hint: Disable this message with "git config set advice.defaultBranchName false"
test (20)	Run actions/checkout@v7	2026-08-20T18:02:47.4922886Z Initialized empty Git repository in /home/runner/work/aphorism-cli/aphorism-cli/.git/
test (20)	Run actions/checkout@v7	2026-08-20T18:02:47.4925556Z [command]/usr/bin/git remote add origin https://github.com/trmnmc/aphorism-cli
test (20)	Run actions/checkout@v7	2026-08-20T18:02:47.4947100Z ##[endgroup]
test (20)	Run actions/checkout@v7	2026-08-20T18:02:47.4948247Z ##[group]Disabling automatic garbage collection
test (20)	Run actions/checkout@v7	2026-08-20T18:02:47.4951027Z [command]/usr/bin/git config --local gc.auto 0
test (20)	Run actions/checkout@v7	2026-08-20T18:02:47.4975174Z ##[endgroup]
test (20)	Run actions/checkout@v7	2026-08-20T18:02:47.4976047Z ##[group]Setting up auth
test (20)	Run actions/checkout@v7	2026-08-20T18:02:47.4976733Z Removing SSH command configuration
test (20)	Run actions/checkout@v7	2026-08-20T18:02:47.4981137Z [command]/usr/bin/git config --local --name-only --get-regexp core\.sshCommand
test (20)	Run actions/checkout@v7	2026-08-20T18:02:47.5008047Z [command]/usr/bin/git submodule foreach --recursive sh -c "git config --local --name-only --get-regexp 'core\.sshCommand' && git config --local --unset-all 'core.sshCommand' || :"
test (20)	Run actions/checkout@v7	2026-08-20T18:02:47.5299349Z Removing HTTP extra header
test (20)	Run actions/checkout@v7	2026-08-20T18:02:47.5304017Z [command]/usr/bin/git config --local --name-only --get-regexp http\.https\:\/\/github\.com\/\.extraheader
test (20)	Run actions/checkout@v7	2026-08-20T18:02:47.5350513Z [command]/usr/bin/git submodule foreach --recursive sh -c "git config --local --name-only --get-regexp 'http\.https\:\/\/github\.com\/\.extraheader' && git config --local --unset-all 'http.https://github.com/.extraheader' || :"
test (20)	Run actions/checkout@v7	2026-08-20T18:02:47.5555500Z Removing includeIf entries pointing to credentials config files
test (20)	Run actions/checkout@v7	2026-08-20T18:02:47.5560818Z [command]/usr/bin/git config --local --name-only --get-regexp ^includeIf\.gitdir:
test (20)	Run actions/checkout@v7	2026-08-20T18:02:47.5594250Z [command]/usr/bin/git submodule foreach --recursive git config --local --show-origin --name-only --get-regexp remote.origin.url
test (20)	Run actions/checkout@v7	2026-08-20T18:02:47.5796056Z [command]/usr/bin/git config --file /home/runner/work/_temp/git-credentials-c3f2a552-3baf-48e1-9f1e-ca39d47b5def.config http.https://github.com/.extraheader AUTHORIZATION: basic ***
test (20)	Run actions/checkout@v7	2026-08-20T18:02:47.5828263Z [command]/usr/bin/git config --local includeIf.gitdir:/home/runner/work/aphorism-cli/aphorism-cli/.git.path /home/runner/work/_temp/git-credentials-c3f2a552-3baf-48e1-9f1e-ca39d47b5def.config
test (20)	Run actions/checkout@v7	2026-08-20T18:02:47.5857177Z [command]/usr/bin/git config --local includeIf.gitdir:/home/runner/work/aphorism-cli/aphorism-cli/.git/worktrees/*.path /home/runner/work/_temp/git-credentials-c3f2a552-3baf-48e1-9f1e-ca39d47b5def.config
test (20)	Run actions/checkout@v7	2026-08-20T18:02:47.5889762Z [command]/usr/bin/git config --local includeIf.gitdir:/github/workspace/.git.path /github/runner_temp/git-credentials-c3f2a552-3baf-48e1-9f1e-ca39d47b5def.config
test (20)	Run actions/checkout@v7	2026-08-20T18:02:47.5918605Z [command]/usr/bin/git config --local includeIf.gitdir:/github/workspace/.git/worktrees/*.path /github/runner_temp/git-credentials-c3f2a552-3baf-48e1-9f1e-ca39d47b5def.config
test (20)	Run actions/checkout@v7	2026-08-20T18:02:47.5944185Z ##[endgroup]
test (20)	Run actions/checkout@v7	2026-08-20T18:02:47.5945090Z ##[group]Fetching the repository
test (20)	Run actions/checkout@v7	2026-08-20T18:02:47.5949176Z [command]/usr/bin/git -c protocol.version=2 fetch --no-tags --prune --no-recurse-submodules --depth=1 origin +4b63e9124de935be9996b01267a9f49487f937ff:refs/remotes/origin/master
test (20)	Run actions/checkout@v7	2026-08-20T18:02:48.8444967Z From https://github.com/trmnmc/aphorism-cli
test (20)	Run actions/checkout@v7	2026-08-20T18:02:48.8446469Z  * [new ref]         4b63e9124de935be9996b01267a9f49487f937ff -> origin/master
test (20)	Run actions/checkout@v7	2026-08-20T18:02:48.8458578Z [command]/usr/bin/git branch --list --remote origin/master
test (20)	Run actions/checkout@v7	2026-08-20T18:02:48.8478969Z   origin/master
test (20)	Run actions/checkout@v7	2026-08-20T18:02:48.8484520Z [command]/usr/bin/git rev-parse refs/remotes/origin/master
test (20)	Run actions/checkout@v7	2026-08-20T18:02:48.8510031Z 4b63e9124de935be9996b01267a9f49487f937ff
test (20)	Run actions/checkout@v7	2026-08-20T18:02:48.8512931Z ##[endgroup]
test (20)	Run actions/checkout@v7	2026-08-20T18:02:48.8514218Z ##[group]Determining the checkout info
test (20)	Run actions/checkout@v7	2026-08-20T18:02:48.8515397Z ##[endgroup]
test (20)	Run actions/checkout@v7	2026-08-20T18:02:48.8516575Z [command]/usr/bin/git sparse-checkout disable
test (20)	Run actions/checkout@v7	2026-08-20T18:02:48.8562482Z [command]/usr/bin/git config --local --unset-all extensions.worktreeConfig
test (20)	Run actions/checkout@v7	2026-08-20T18:02:48.8592671Z ##[group]Checking out the ref
test (20)	Run actions/checkout@v7	2026-08-20T18:02:48.8596719Z [command]/usr/bin/git checkout --progress --force -B master refs/remotes/origin/master
test (20)	Run actions/checkout@v7	2026-08-20T18:02:48.9413833Z Reset branch 'master'
test (20)	Run actions/checkout@v7	2026-08-20T18:02:48.9419439Z branch 'master' set up to track 'origin/master'.
test (20)	Run actions/checkout@v7	2026-08-20T18:02:48.9439321Z ##[endgroup]
test (20)	Run actions/checkout@v7	2026-08-20T18:02:48.9497710Z [command]/usr/bin/git log -1 --format=%H
test (20)	Run actions/checkout@v7	2026-08-20T18:02:48.9523722Z 4b63e9124de935be9996b01267a9f49487f937ff
test (20)	Run actions/setup-node@v7	﻿2026-08-20T18:02:48.9822756Z ##[group]Run actions/setup-node@v7
test (20)	Run actions/setup-node@v7	2026-08-20T18:02:48.9823763Z with:
test (20)	Run actions/setup-node@v7	2026-08-20T18:02:48.9824505Z   node-version: 20
test (20)	Run actions/setup-node@v7	2026-08-20T18:02:48.9825319Z   check-latest: false
test (20)	Run actions/setup-node@v7	2026-08-20T18:02:48.9832668Z   token: ***
test (20)	Run actions/setup-node@v7	2026-08-20T18:02:48.9833480Z   package-manager-cache: true
test (20)	Run actions/setup-node@v7	2026-08-20T18:02:48.9834386Z ##[endgroup]
test (20)	Run actions/setup-node@v7	2026-08-20T18:02:49.1017765Z Attempting to download 20...
test (20)	Run actions/setup-node@v7	2026-08-20T18:02:50.0766971Z Acquiring 20.20.2 - x64 from https://github.com/actions/node-versions/releases/download/20.20.2-23521894959/node-20.20.2-linux-x64.tar.gz
test (20)	Run actions/setup-node@v7	2026-08-20T18:02:50.6724204Z Extracting ...
test (20)	Run actions/setup-node@v7	2026-08-20T18:02:50.6814593Z [command]/usr/bin/tar xz --strip 1 --warning=no-unknown-keyword --overwrite -C /home/runner/work/_temp/7b9ed8c0-30b0-4a7f-ac71-76c093e46319 -f /home/runner/work/_temp/d2d80fd6-3bbb-4c9f-9761-326cfec6381d
test (20)	Run actions/setup-node@v7	2026-08-20T18:02:51.5415743Z Adding to the cache ...
test (20)	Run actions/setup-node@v7	2026-08-20T18:02:53.3195330Z ##[group]Environment details
test (20)	Run actions/setup-node@v7	2026-08-20T18:02:53.7620952Z node: v20.20.2
test (20)	Run actions/setup-node@v7	2026-08-20T18:02:53.7621383Z npm: 10.8.2
test (20)	Run actions/setup-node@v7	2026-08-20T18:02:53.7621722Z yarn: 1.22.22
test (20)	Run actions/setup-node@v7	2026-08-20T18:02:53.7622251Z ##[endgroup]
test (20)	Assert the test glob matches at least one file	﻿2026-08-20T18:02:53.7773914Z ##[group]Run ls test/*.test.js
test (20)	Assert the test glob matches at least one file	2026-08-20T18:02:53.7774242Z [36;1mls test/*.test.js[0m
test (20)	Assert the test glob matches at least one file	2026-08-20T18:02:53.7812549Z shell: /usr/bin/bash -e {0}
test (20)	Assert the test glob matches at least one file	2026-08-20T18:02:53.7812786Z ##[endgroup]
test (20)	Assert the test glob matches at least one file	2026-08-20T18:02:53.7895375Z test/args.test.js
test (20)	Assert the test glob matches at least one file	2026-08-20T18:02:53.7895678Z test/cli.test.js
test (20)	Assert the test glob matches at least one file	2026-08-20T18:02:53.7895997Z test/node-support-citation.test.js
test (20)	Assert the test glob matches at least one file	2026-08-20T18:02:53.7896267Z test/pipe.test.js
test (20)	Assert the test glob matches at least one file	2026-08-20T18:02:53.7896519Z test/readme-tags.test.js
test (20)	Assert the test glob matches at least one file	2026-08-20T18:02:53.7896756Z test/select.test.js
test (20)	Run node --test test/*.test.js	﻿2026-08-20T18:02:53.7962517Z ##[group]Run node --test test/*.test.js
test (20)	Run node --test test/*.test.js	2026-08-20T18:02:53.7962809Z [36;1mnode --test test/*.test.js[0m
test (20)	Run node --test test/*.test.js	2026-08-20T18:02:53.7991942Z shell: /usr/bin/bash -e {0}
test (20)	Run node --test test/*.test.js	2026-08-20T18:02:53.7992190Z ##[endgroup]
test (20)	Run node --test test/*.test.js	2026-08-20T18:02:53.8368877Z TAP version 13
test (20)	Run node --test test/*.test.js	2026-08-20T18:02:53.8723094Z # Subtest: zero args: no error, no filters set
test (20)	Run node --test test/*.test.js	2026-08-20T18:02:53.8734239Z ok 1 - zero args: no error, no filters set
test (20)	Run node --test test/*.test.js	2026-08-20T18:02:53.8734870Z   ---
test (20)	Run node --test test/*.test.js	2026-08-20T18:02:53.8735357Z   duration_ms: 1.003065
test (20)	Run node --test test/*.test.js	2026-08-20T18:02:53.8735824Z   ...
test (20)	Run node --test test/*.test.js	2026-08-20T18:02:53.8778089Z # Subtest: --author <name> sets author string
test (20)	Run node --test test/*.test.js	2026-08-20T18:02:53.8779085Z ok 2 - --author <name> sets author string
test (20)	Run node --test test/*.test.js	2026-08-20T18:02:53.8779762Z   ---
test (20)	Run node --test test/*.test.js	2026-08-20T18:02:53.8780263Z   duration_ms: 0.121844
test (20)	Run node --test test/*.test.js	2026-08-20T18:02:53.8806785Z   ...
test (20)	Run node --test test/*.test.js	2026-08-20T18:02:53.8847626Z # Subtest: --author=<name> equals form sets author string
test (20)	Run node --test test/*.test.js	2026-08-20T18:02:53.8878439Z ok 3 - --author=<name> equals form sets author string
test (20)	Run node --test test/*.test.js	2026-08-20T18:02:53.8879102Z   ---
test (20)	Run node --test test/*.test.js	2026-08-20T18:02:53.8879553Z   duration_ms: 0.134683
test (20)	Run node --test test/*.test.js	2026-08-20T18:02:53.8880106Z   ...
test (20)	Run node --test test/*.test.js	2026-08-20T18:02:53.8880594Z # Subtest: --tag <tag> sets tag string
test (20)	Run node --test test/*.test.js	2026-08-20T18:02:53.8881186Z ok 4 - --tag <tag> sets tag string
test (20)	Run node --test test/*.test.js	2026-08-20T18:02:53.8881659Z   ---
test (20)	Run node --test test/*.test.js	2026-08-20T18:02:53.8882069Z   duration_ms: 0.102846
test (20)	Run node --test test/*.test.js	2026-08-20T18:02:53.8883081Z   ...
test (20)	Run node --test test/*.test.js	2026-08-20T18:02:53.8883600Z # Subtest: --tag=<tag> equals form sets tag string
test (20)	Run node --test test/*.test.js	2026-08-20T18:02:53.8884308Z ok 5 - --tag=<tag> equals form sets tag string
test (20)	Run node --test test/*.test.js	2026-08-20T18:02:53.8884897Z   ---
test (20)	Run node --test test/*.test.js	2026-08-20T18:02:53.8885469Z   duration_ms: 0.7882
test (20)	Run node --test test/*.test.js	2026-08-20T18:02:53.8885926Z   ...
test (20)	Run node --test test/*.test.js	2026-08-20T18:02:53.8886652Z # Subtest: combined --author X --tag Y sets both
test (20)	Run node --test test/*.test.js	2026-08-20T18:02:53.8887634Z ok 6 - combined --author X --tag Y sets both
test (20)	Run node --test test/*.test.js	2026-08-20T18:02:53.8888261Z   ---
test (20)	Run node --test test/*.test.js	2026-08-20T18:02:53.8888690Z   duration_ms: 0.104838
test (20)	Run node --test test/*.test.js	2026-08-20T18:02:53.8889131Z   ...
test (20)	Run node --test test/*.test.js	2026-08-20T18:02:53.8889646Z # Subtest: --seed <n> parses as a number
test (20)	Run node --test test/*.test.js	2026-08-20T18:02:53.8890268Z ok 7 - --seed <n> parses as a number
test (20)	Run node --test test/*.test.js	2026-08-20T18:02:53.8890806Z   ---
test (20)	Run node --test test/*.test.js	2026-08-20T18:02:53.8891224Z   duration_ms: 0.180883
test (20)	Run node --test test/*.test.js	2026-08-20T18:02:53.8891662Z   ...
test (20)	Run node --test test/*.test.js	2026-08-20T18:02:53.8892220Z # Subtest: --seed=<n> equals form parses as a number
test (20)	Run node --test test/*.test.js	2026-08-20T18:02:53.8893330Z ok 8 - --seed=<n> equals form parses as a number
test (20)	Run node --test test/*.test.js	2026-08-20T18:02:53.8893926Z   ---
test (20)	Run node --test test/*.test.js	2026-08-20T18:02:53.8894311Z   duration_ms: 0.119871
test (20)	Run node --test test/*.test.js	2026-08-20T18:02:53.8894716Z   ...
test (20)	Run node --test test/*.test.js	2026-08-20T18:02:53.8895229Z # Subtest: --seed <n> accepts a negative number
test (20)	Run node --test test/*.test.js	2026-08-20T18:02:53.8895920Z ok 9 - --seed <n> accepts a negative number
test (20)	Run node --test test/*.test.js	2026-08-20T18:02:53.8896475Z   ---
test (20)	Run node --test test/*.test.js	2026-08-20T18:02:53.8896925Z   duration_ms: 0.160533
test (20)	Run node --test test/*.test.js	2026-08-20T18:02:53.8897606Z   ...
test (20)	Run node --test test/*.test.js	2026-08-20T18:02:53.8898311Z # Subtest: --seed=<n> equals form accepts a negative number
test (20)	Run node --test test/*.test.js	2026-08-20T18:02:53.8899174Z ok 10 - --seed=<n> equals form accepts a negative number
test (20)	Run node --test test/*.test.js	2026-08-20T18:02:53.8899990Z   ---
test (20)	Run node --test test/*.test.js	2026-08-20T18:02:53.8900464Z   duration_ms: 0.173843
test (20)	Run node --test test/*.test.js	2026-08-20T18:02:53.8900919Z   ...
test (20)	Run node --test test/*.test.js	2026-08-20T18:02:53.8901470Z # Subtest: non-numeric --seed is a usage error
test (20)	Run node --test test/*.test.js	2026-08-20T18:02:53.8902182Z ok 11 - non-numeric --seed is a usage error
test (20)	Run node --test test/*.test.js	2026-08-20T18:02:53.8902761Z   ---
test (20)	Run node --test test/*.test.js	2026-08-20T18:02:53.8903204Z   duration_ms: 0.223217
test (20)	Run node --test test/*.test.js	2026-08-20T18:02:53.8903677Z   ...
test (20)	Run node --test test/*.test.js	2026-08-20T18:02:53.8904325Z # Subtest: non-numeric --seed= equals form is a usage error
test (20)	Run node --test test/*.test.js	2026-08-20T18:02:53.8905199Z ok 12 - non-numeric --seed= equals form is a usage error
test (20)	Run node --test test/*.test.js	2026-08-20T18:02:53.8905805Z   ---
test (20)	Run node --test test/*.test.js	2026-08-20T18:02:53.8906255Z   duration_ms: 0.155755
test (20)	Run node --test test/*.test.js	2026-08-20T18:02:53.8906733Z   ...
test (20)	Run node --test test/*.test.js	2026-08-20T18:02:53.8907259Z # Subtest: --list sets list: true
test (20)	Run node --test test/*.test.js	2026-08-20T18:02:53.8908178Z ok 13 - --list sets list: true
test (20)	Run node --test test/*.test.js	2026-08-20T18:02:53.8908691Z   ---
test (20)	Run node --test test/*.test.js	2026-08-20T18:02:53.8909095Z   duration_ms: 0.097707
test (20)	Run node --test test/*.test.js	2026-08-20T18:02:53.8909538Z   ...
test (20)	Run node --test test/*.test.js	2026-08-20T18:02:53.8910011Z # Subtest: --json sets json: true
test (20)	Run node --test test/*.test.js	2026-08-20T18:02:53.8910521Z ok 14 - --json sets json: true
test (20)	Run node --test test/*.test.js	2026-08-20T18:02:53.8910983Z   ---
test (20)	Run node --test test/*.test.js	2026-08-20T18:02:53.8911377Z   duration_ms: 0.143487
test (20)	Run node --test test/*.test.js	2026-08-20T18:02:53.8911799Z   ...
test (20)	Run node --test test/*.test.js	2026-08-20T18:02:53.8912271Z # Subtest: --help sets help: true
test (20)	Run node --test test/*.test.js	2026-08-20T18:02:53.8913163Z ok 15 - --help sets help: true
test (20)	Run node --test test/*.test.js	2026-08-20T18:02:53.8913667Z   ---
test (20)	Run node --test test/*.test.js	2026-08-20T18:02:53.8914076Z   duration_ms: 0.096185
test (20)	Run node --test test/*.test.js	2026-08-20T18:02:53.8914499Z   ...
test (20)	Run node --test test/*.test.js	2026-08-20T18:02:53.8914931Z # Subtest: -h sets help: true
test (20)	Run node --test test/*.test.js	2026-08-20T18:02:53.8915450Z ok 16 - -h sets help: true
test (20)	Run node --test test/*.test.js	2026-08-20T18:02:53.8915890Z   ---
test (20)	Run node --test test/*.test.js	2026-08-20T18:02:53.8916296Z   duration_ms: 0.13224
test (20)	Run node --test test/*.test.js	2026-08-20T18:02:53.8916719Z   ...
test (20)	Run node --test test/*.test.js	2026-08-20T18:02:53.8917198Z # Subtest: unknown flag is a usage error
test (20)	Run node --test test/*.test.js	2026-08-20T18:02:53.8917993Z ok 17 - unknown flag is a usage error
test (20)	Run node --test test/*.test.js	2026-08-20T18:02:53.8918481Z   ---
test (20)	Run node --test test/*.test.js	2026-08-20T18:02:53.8918886Z   duration_ms: 0.137618
test (20)	Run node --test test/*.test.js	2026-08-20T18:02:53.8919313Z   ...
test (20)	Run node --test test/*.test.js	2026-08-20T18:02:53.8919807Z # Subtest: unknown short flag is a usage error
test (20)	Run node --test test/*.test.js	2026-08-20T18:02:53.8920427Z ok 18 - unknown short flag is a usage error
test (20)	Run node --test test/*.test.js	2026-08-20T18:02:53.8920921Z   ---
test (20)	Run node --test test/*.test.js	2026-08-20T18:02:53.8921323Z   duration_ms: 0.241254
test (20)	Run node --test test/*.test.js	2026-08-20T18:02:53.8921739Z   ...
test (20)	Run node --test test/*.test.js	2026-08-20T18:02:53.8922330Z # Subtest: --author missing value at end of argv is a usage error
test (20)	Run node --test test/*.test.js	2026-08-20T18:02:53.8923100Z ok 19 - --author missing value at end of argv is a usage error
test (20)	Run node --test test/*.test.js	2026-08-20T18:02:53.8923721Z   ---
test (20)	Run node --test test/*.test.js	2026-08-20T18:02:53.8924140Z   duration_ms: 0.145359
test (20)	Run node --test test/*.test.js	2026-08-20T18:02:53.8924564Z   ...
test (20)	Run node --test test/*.test.js	2026-08-20T18:02:53.8925453Z # Subtest: --tag missing value because next token is another flag is a usage error
test (20)	Run node --test test/*.test.js	2026-08-20T18:02:53.8926413Z ok 20 - --tag missing value because next token is another flag is a usage error
test (20)	Run node --test test/*.test.js	2026-08-20T18:02:53.8927061Z   ---
test (20)	Run node --test test/*.test.js	2026-08-20T18:02:53.8927707Z   duration_ms: 0.168734
test (20)	Run node --test test/*.test.js	2026-08-20T18:02:53.8928176Z   ...
test (20)	Run node --test test/*.test.js	2026-08-20T18:02:53.8928794Z # Subtest: --seed missing value at end of argv is a usage error
test (20)	Run node --test test/*.test.js	2026-08-20T18:02:53.8929551Z ok 21 - --seed missing value at end of argv is a usage error
test (20)	Run node --test test/*.test.js	2026-08-20T18:02:53.8930173Z   ---
test (20)	Run node --test test/*.test.js	2026-08-20T18:02:53.8930582Z   duration_ms: 0.122095
test (20)	Run node --test test/*.test.js	2026-08-20T18:02:53.8931002Z   ...
test (20)	Run node --test test/*.test.js	2026-08-20T18:02:53.8931542Z # Subtest: --author= with empty value is a usage error
test (20)	Run node --test test/*.test.js	2026-08-20T18:02:53.8932235Z ok 22 - --author= with empty value is a usage error
test (20)	Run node --test test/*.test.js	2026-08-20T18:02:53.8932766Z   ---
test (20)	Run node --test test/*.test.js	2026-08-20T18:02:53.8933168Z   duration_ms: 0.084017
test (20)	Run node --test test/*.test.js	2026-08-20T18:02:53.8933606Z   ...
test (20)	Run node --test test/*.test.js	2026-08-20T18:02:53.8934307Z # Subtest: a bare positional argument (not a flag) is a usage error
test (20)	Run node --test test/*.test.js	2026-08-20T18:02:53.8935286Z ok 23 - a bare positional argument (not a flag) is a usage error
test (20)	Run node --test test/*.test.js	2026-08-20T18:02:53.8935882Z   ---
test (20)	Run node --test test/*.test.js	2026-08-20T18:02:53.8936289Z   duration_ms: 0.072419
test (20)	Run node --test test/*.test.js	2026-08-20T18:02:53.8936713Z   ...
test (20)	Run node --test test/*.test.js	2026-08-20T18:02:53.8937245Z # Subtest: parseArgs never throws on malformed input
test (20)	Run node --test test/*.test.js	2026-08-20T18:02:53.8938150Z ok 24 - parseArgs never throws on malformed input
test (20)	Run node --test test/*.test.js	2026-08-20T18:02:53.8938688Z   ---
test (20)	Run node --test test/*.test.js	2026-08-20T18:02:53.8939091Z   duration_ms: 0.259542
test (20)	Run node --test test/*.test.js	2026-08-20T18:02:53.8939522Z   ...
test (20)	Run node --test test/*.test.js	2026-08-20T18:02:53.8976602Z # Subtest: absent options are undefined/false, never null
test (20)	Run node --test test/*.test.js	2026-08-20T18:02:53.8978140Z ok 25 - absent options are undefined/false, never null
test (20)	Run node --test test/*.test.js	2026-08-20T18:02:53.8978905Z   ---
test (20)	Run node --test test/*.test.js	2026-08-20T18:02:53.8979393Z   duration_ms: 0.130727
test (20)	Run node --test test/*.test.js	2026-08-20T18:02:53.8979934Z   ...
test (20)	Run node --test test/*.test.js	2026-08-20T18:02:53.8980588Z # Subtest: HELP is a non-empty string mentioning every flag name
test (20)	Run node --test test/*.test.js	2026-08-20T18:02:53.8981458Z ok 26 - HELP is a non-empty string mentioning every flag name
test (20)	Run node --test test/*.test.js	2026-08-20T18:02:53.8982124Z   ---
test (20)	Run node --test test/*.test.js	2026-08-20T18:02:53.8982631Z   duration_ms: 0.163347
test (20)	Run node --test test/*.test.js	2026-08-20T18:02:53.8983118Z   ...
test (20)	Run node --test test/*.test.js	2026-08-20T18:02:53.8983769Z # Subtest: HELP fits comfortably on one 24-line terminal screen
test (20)	Run node --test test/*.test.js	2026-08-20T18:02:53.8984598Z ok 27 - HELP fits comfortably on one 24-line terminal screen
test (20)	Run node --test test/*.test.js	2026-08-20T18:02:53.8985224Z   ---
test (20)	Run node --test test/*.test.js	2026-08-20T18:02:53.8985678Z   duration_ms: 0.089144
test (20)	Run node --test test/*.test.js	2026-08-20T18:02:53.8986151Z   ...
test (20)	Run node --test test/*.test.js	2026-08-20T18:02:53.8986934Z # Subtest: --seed Infinity / --seed -Infinity parse to numbers, not a usage error
test (20)	Run node --test test/*.test.js	2026-08-20T18:02:53.8988167Z ok 28 - --seed Infinity / --seed -Infinity parse to numbers, not a usage error
test (20)	Run node --test test/*.test.js	2026-08-20T18:02:53.8988888Z   ---
test (20)	Run node --test test/*.test.js	2026-08-20T18:02:53.8989336Z   duration_ms: 0.10586
test (20)	Run node --test test/*.test.js	2026-08-20T18:02:53.8989800Z   ...
test (20)	Run node --test test/*.test.js	2026-08-20T18:02:56.2169302Z # Subtest: bare invocation prints one attributed aphorism and exits 0
test (20)	Run node --test test/*.test.js	2026-08-20T18:02:56.2178813Z ok 29 - bare invocation prints one attributed aphorism and exits 0
test (20)	Run node --test test/*.test.js	2026-08-20T18:02:56.2193909Z   ---
test (20)	Run node --test test/*.test.js	2026-08-20T18:02:56.2194324Z   duration_ms: 39.560485
test (20)	Run node --test test/*.test.js	2026-08-20T18:02:56.2194635Z   ...
test (20)	Run node --test test/*.test.js	2026-08-20T18:02:56.2195032Z # Subtest: --seed is deterministic across separate processes
test (20)	Run node --test test/*.test.js	2026-08-20T18:02:56.2195613Z ok 30 - --seed is deterministic across separate processes
test (20)	Run node --test test/*.test.js	2026-08-20T18:02:56.2196013Z   ---
test (20)	Run node --test test/*.test.js	2026-08-20T18:02:56.2196254Z   duration_ms: 62.902196
test (20)	Run node --test test/*.test.js	2026-08-20T18:02:56.2196725Z   ...
test (20)	Run node --test test/*.test.js	2026-08-20T18:02:56.2197137Z # Subtest: different seeds do not all collapse to one aphorism
test (20)	Run node --test test/*.test.js	2026-08-20T18:02:56.2197865Z ok 31 - different seeds do not all collapse to one aphorism
test (20)	Run node --test test/*.test.js	2026-08-20T18:02:56.2198276Z   ---
test (20)	Run node --test test/*.test.js	2026-08-20T18:02:56.2198519Z   duration_ms: 323.889199
test (20)	Run node --test test/*.test.js	2026-08-20T18:02:56.2198806Z   ...
test (20)	Run node --test test/*.test.js	2026-08-20T18:02:56.2199298Z # Subtest: --json emits a single-line JSON object with text/author/tags
test (20)	Run node --test test/*.test.js	2026-08-20T18:02:56.2200008Z ok 32 - --json emits a single-line JSON object with text/author/tags
test (20)	Run node --test test/*.test.js	2026-08-20T18:02:56.2208141Z   ---
test (20)	Run node --test test/*.test.js	2026-08-20T18:02:56.2208605Z   duration_ms: 29.467864
test (20)	Run node --test test/*.test.js	2026-08-20T18:02:56.2209219Z   ...
test (20)	Run node --test test/*.test.js	2026-08-20T18:02:56.2209842Z # Subtest: --list prints every entry in the filtered set
test (20)	Run node --test test/*.test.js	2026-08-20T18:02:56.2211048Z ok 33 - --list prints every entry in the filtered set
test (20)	Run node --test test/*.test.js	2026-08-20T18:02:56.2211626Z   ---
test (20)	Run node --test test/*.test.js	2026-08-20T18:02:56.2212061Z   duration_ms: 23.310025
test (20)	Run node --test test/*.test.js	2026-08-20T18:02:56.2212538Z   ...
test (20)	Run node --test test/*.test.js	2026-08-20T18:02:56.2212989Z # Subtest: --help prints usage to stdout and exits 0
test (20)	Run node --test test/*.test.js	2026-08-20T18:02:56.2213456Z ok 34 - --help prints usage to stdout and exits 0
test (20)	Run node --test test/*.test.js	2026-08-20T18:02:56.2213833Z   ---
test (20)	Run node --test test/*.test.js	2026-08-20T18:02:56.2214124Z   duration_ms: 25.14745
test (20)	Run node --test test/*.test.js	2026-08-20T18:02:56.2215006Z   ...
test (20)	Run node --test test/*.test.js	2026-08-20T18:02:56.2215479Z # Subtest: no match exits 1 with stderr only and zero bytes on stdout
test (20)	Run node --test test/*.test.js	2026-08-20T18:02:56.2216083Z ok 35 - no match exits 1 with stderr only and zero bytes on stdout
test (20)	Run node --test test/*.test.js	2026-08-20T18:02:56.2216496Z   ---
test (20)	Run node --test test/*.test.js	2026-08-20T18:02:56.2216748Z   duration_ms: 29.821072
test (20)	Run node --test test/*.test.js	2026-08-20T18:02:56.2217010Z   ...
test (20)	Run node --test test/*.test.js	2026-08-20T18:02:56.2217599Z # Subtest: unknown flag is a usage error, exit 2, stdout clean
test (20)	Run node --test test/*.test.js	2026-08-20T18:02:56.2218168Z ok 36 - unknown flag is a usage error, exit 2, stdout clean
test (20)	Run node --test test/*.test.js	2026-08-20T18:02:56.2218553Z   ---
test (20)	Run node --test test/*.test.js	2026-08-20T18:02:56.2218788Z   duration_ms: 30.355939
test (20)	Run node --test test/*.test.js	2026-08-20T18:02:56.2219062Z   ...
test (20)	Run node --test test/*.test.js	2026-08-20T18:02:56.2219421Z # Subtest: non-numeric seed is a usage error, exit 2
test (20)	Run node --test test/*.test.js	2026-08-20T18:02:56.2219904Z ok 37 - non-numeric seed is a usage error, exit 2
test (20)	Run node --test test/*.test.js	2026-08-20T18:02:56.2220254Z   ---
test (20)	Run node --test test/*.test.js	2026-08-20T18:02:56.2220482Z   duration_ms: 25.696094
test (20)	Run node --test test/*.test.js	2026-08-20T18:02:56.2220738Z   ...
test (20)	Run node --test test/*.test.js	2026-08-20T18:02:56.2221159Z # Subtest: author filter is case-insensitive and narrows the list
test (20)	Run node --test test/*.test.js	2026-08-20T18:02:56.2221750Z ok 38 - author filter is case-insensitive and narrows the list
test (20)	Run node --test test/*.test.js	2026-08-20T18:02:56.2222136Z   ---
test (20)	Run node --test test/*.test.js	2026-08-20T18:02:56.2222365Z   duration_ms: 55.116725
test (20)	Run node --test test/*.test.js	2026-08-20T18:02:56.2222625Z   ...
test (20)	Run node --test test/*.test.js	2026-08-20T18:02:56.2223343Z # Subtest: output is pipe-safe — no ANSI escapes when not a TTY
test (20)	Run node --test test/*.test.js	2026-08-20T18:02:56.2224021Z ok 39 - output is pipe-safe — no ANSI escapes when not a TTY
test (20)	Run node --test test/*.test.js	2026-08-20T18:02:56.2224282Z   ---
test (20)	Run node --test test/*.test.js	2026-08-20T18:02:56.2224452Z   duration_ms: 23.60115
test (20)	Run node --test test/*.test.js	2026-08-20T18:02:56.2224633Z   ...
test (20)	Run node --test test/*.test.js	2026-08-20T18:02:56.2231812Z # Subtest: --tag matches membership, not substring containment
test (20)	Run node --test test/*.test.js	2026-08-20T18:02:56.2232564Z ok 40 - --tag matches membership, not substring containment
test (20)	Run node --test test/*.test.js	2026-08-20T18:02:56.2233318Z   ---
test (20)	Run node --test test/*.test.js	2026-08-20T18:02:56.2233859Z   duration_ms: 53.720137
test (20)	Run node --test test/*.test.js	2026-08-20T18:02:56.2234356Z   ...
test (20)	Run node --test test/*.test.js	2026-08-20T18:02:56.2234988Z # Subtest: --list prints exactly one line per matching entry, no drops
test (20)	Run node --test test/*.test.js	2026-08-20T18:02:56.2235924Z ok 41 - --list prints exactly one line per matching entry, no drops
test (20)	Run node --test test/*.test.js	2026-08-20T18:02:56.2236574Z   ---
test (20)	Run node --test test/*.test.js	2026-08-20T18:02:56.2236991Z   duration_ms: 24.953217
test (20)	Run node --test test/*.test.js	2026-08-20T18:02:56.2237685Z   ...
test (20)	Run node --test test/*.test.js	2026-08-20T18:02:56.2238605Z # Subtest: --list preserves corpus order (first and last line match)
test (20)	Run node --test test/*.test.js	2026-08-20T18:02:56.2239345Z ok 42 - --list preserves corpus order (first and last line match)
test (20)	Run node --test test/*.test.js	2026-08-20T18:02:56.2240056Z   ---
test (20)	Run node --test test/*.test.js	2026-08-20T18:02:56.2240318Z   duration_ms: 23.25994
test (20)	Run node --test test/*.test.js	2026-08-20T18:02:56.2240602Z   ...
test (20)	Run node --test test/*.test.js	2026-08-20T18:02:56.2241076Z # Subtest: --json output is exactly one line, never pretty-printed
test (20)	Run node --test test/*.test.js	2026-08-20T18:02:56.2241760Z ok 43 - --json output is exactly one line, never pretty-printed
test (20)	Run node --test test/*.test.js	2026-08-20T18:02:56.2242195Z   ---
test (20)	Run node --test test/*.test.js	2026-08-20T18:02:56.2242463Z   duration_ms: 25.185046
test (20)	Run node --test test/*.test.js	2026-08-20T18:02:56.2242747Z   ...
test (20)	Run node --test test/*.test.js	2026-08-20T18:02:56.2243338Z # Subtest: --list --json emits newline-delimited JSON, one object per line, in corpus order
test (20)	Run node --test test/*.test.js	2026-08-20T18:02:56.2244229Z ok 44 - --list --json emits newline-delimited JSON, one object per line, in corpus order
test (20)	Run node --test test/*.test.js	2026-08-20T18:02:56.2244762Z   ---
test (20)	Run node --test test/*.test.js	2026-08-20T18:02:56.2244997Z   duration_ms: 24.87556
test (20)	Run node --test test/*.test.js	2026-08-20T18:02:56.2245268Z   ...
test (20)	Run node --test test/*.test.js	2026-08-20T18:02:56.2246044Z # Subtest: --json composes with --seed: the seeded JSON pick is reproducible AND is the same entry as the plain-text pick
test (20)	Run node --test test/*.test.js	2026-08-20T18:02:56.2247219Z ok 45 - --json composes with --seed: the seeded JSON pick is reproducible AND is the same entry as the plain-text pick
test (20)	Run node --test test/*.test.js	2026-08-20T18:02:56.2248066Z   ---
test (20)	Run node --test test/*.test.js	2026-08-20T18:02:56.2248328Z   duration_ms: 417.697991
test (20)	Run node --test test/*.test.js	2026-08-20T18:02:56.2248613Z   ...
test (20)	Run node --test test/*.test.js	2026-08-20T18:02:56.2249426Z # Subtest: --json composes with the filter flags: the JSON pick is always a member of the FILTERED set
test (20)	Run node --test test/*.test.js	2026-08-20T18:02:56.2250371Z ok 46 - --json composes with the filter flags: the JSON pick is always a member of the FILTERED set
test (20)	Run node --test test/*.test.js	2026-08-20T18:02:56.2250909Z   ---
test (20)	Run node --test test/*.test.js	2026-08-20T18:02:56.2251143Z   duration_ms: 554.441459
test (20)	Run node --test test/*.test.js	2026-08-20T18:02:56.2251421Z   ...
test (20)	Run node --test test/*.test.js	2026-08-20T18:02:56.2252007Z # Subtest: --list accepts a valid --seed and IGNORES it: output is byte-identical across seeds
test (20)	Run node --test test/*.test.js	2026-08-20T18:02:56.2252887Z ok 47 - --list accepts a valid --seed and IGNORES it: output is byte-identical across seeds
test (20)	Run node --test test/*.test.js	2026-08-20T18:02:56.2253415Z   ---
test (20)	Run node --test test/*.test.js	2026-08-20T18:02:56.2253667Z   duration_ms: 229.666863
test (20)	Run node --test test/*.test.js	2026-08-20T18:02:56.2253947Z   ...
test (20)	Run node --test test/*.test.js	2026-08-20T18:02:56.2254574Z # Subtest: --list --seed abc is a usage error, exit 2, stdout empty, stderr carries the diagnostic
test (20)	Run node --test test/*.test.js	2026-08-20T18:02:56.2255490Z ok 48 - --list --seed abc is a usage error, exit 2, stdout empty, stderr carries the diagnostic
test (20)	Run node --test test/*.test.js	2026-08-20T18:02:56.2256023Z   ---
test (20)	Run node --test test/*.test.js	2026-08-20T18:02:56.2256276Z   duration_ms: 24.307541
test (20)	Run node --test test/*.test.js	2026-08-20T18:02:56.2256561Z   ...
test (20)	Run node --test test/*.test.js	2026-08-20T18:02:56.2257243Z # Subtest: --seed abc --list (erroring flag BEFORE --list) is still a usage error, exit 2, stdout empty
test (20)	Run node --test test/*.test.js	2026-08-20T18:02:56.2258402Z ok 49 - --seed abc --list (erroring flag BEFORE --list) is still a usage error, exit 2, stdout empty
test (20)	Run node --test test/*.test.js	2026-08-20T18:02:56.2258968Z   ---
test (20)	Run node --test test/*.test.js	2026-08-20T18:02:56.2259223Z   duration_ms: 24.230546
test (20)	Run node --test test/*.test.js	2026-08-20T18:02:56.2259506Z   ...
test (20)	Run node --test test/*.test.js	2026-08-20T18:02:56.2260036Z # Subtest: --list --seed=  (empty seed value) is a usage error, exit 2, stdout empty
test (20)	Run node --test test/*.test.js	2026-08-20T18:02:56.2260804Z ok 50 - --list --seed=  (empty seed value) is a usage error, exit 2, stdout empty
test (20)	Run node --test test/*.test.js	2026-08-20T18:02:56.2261279Z   ---
test (20)	Run node --test test/*.test.js	2026-08-20T18:02:56.2261532Z   duration_ms: 22.058206
test (20)	Run node --test test/*.test.js	2026-08-20T18:02:56.2261817Z   ...
test (20)	Run node --test test/*.test.js	2026-08-20T18:02:56.2274045Z # Subtest: --list --seed "   " (whitespace-only seed value) is a usage error, exit 2, stdout empty
test (20)	Run node --test test/*.test.js	2026-08-20T18:02:56.2289754Z ok 51 - --list --seed "   " (whitespace-only seed value) is a usage error, exit 2, stdout empty
test (20)	Run node --test test/*.test.js	2026-08-20T18:02:56.2290543Z   ---
test (20)	Run node --test test/*.test.js	2026-08-20T18:02:56.2290998Z   duration_ms: 22.692483
test (20)	Run node --test test/*.test.js	2026-08-20T18:02:56.2291398Z   ...
test (20)	Run node --test test/*.test.js	2026-08-20T18:02:56.2295205Z # Subtest: --list --nosuchflag (unknown flag) is a usage error, exit 2, stdout empty — --list does not swallow it
test (20)	Run node --test test/*.test.js	2026-08-20T18:02:56.2296499Z ok 52 - --list --nosuchflag (unknown flag) is a usage error, exit 2, stdout empty — --list does not swallow it
test (20)	Run node --test test/*.test.js	2026-08-20T18:02:56.2307963Z   ---
test (20)	Run node --test test/*.test.js	2026-08-20T18:02:56.2308481Z   duration_ms: 22.9553
test (20)	Run node --test test/*.test.js	2026-08-20T18:02:56.2319386Z   ...
test (20)	Run node --test test/*.test.js	2026-08-20T18:02:56.2320301Z # Subtest: --nosuchflag --list (unknown flag BEFORE --list) is still a usage error, exit 2, stdout empty
test (20)	Run node --test test/*.test.js	2026-08-20T18:02:56.2321543Z ok 53 - --nosuchflag --list (unknown flag BEFORE --list) is still a usage error, exit 2, stdout empty
test (20)	Run node --test test/*.test.js	2026-08-20T18:02:56.2322618Z   ---
test (20)	Run node --test test/*.test.js	2026-08-20T18:02:56.2323092Z   duration_ms: 21.772124
test (20)	Run node --test test/*.test.js	2026-08-20T18:02:56.2323323Z   ...
test (20)	Run node --test test/*.test.js	2026-08-20T18:02:56.2323799Z # Subtest: plain single-pick output is TWO lines: text, newline, four-space indent, EM DASH, space, author
test (20)	Run node --test test/*.test.js	2026-08-20T18:02:56.2324497Z ok 54 - plain single-pick output is TWO lines: text, newline, four-space indent, EM DASH, space, author
test (20)	Run node --test test/*.test.js	2026-08-20T18:02:56.2324869Z   ---
test (20)	Run node --test test/*.test.js	2026-08-20T18:02:56.2325054Z   duration_ms: 22.881109
test (20)	Run node --test test/*.test.js	2026-08-20T18:02:56.2325286Z   ...
test (20)	Run node --test test/*.test.js	2026-08-20T18:02:56.2325705Z # Subtest: --seed Infinity and --seed -Infinity (typed as CLI strings) are accepted and deterministic
test (20)	Run node --test test/*.test.js	2026-08-20T18:02:56.2326305Z ok 55 - --seed Infinity and --seed -Infinity (typed as CLI strings) are accepted and deterministic
test (20)	Run node --test test/*.test.js	2026-08-20T18:02:56.2326665Z   ---
test (20)	Run node --test test/*.test.js	2026-08-20T18:02:56.2326861Z   duration_ms: 90.472655
test (20)	Run node --test test/*.test.js	2026-08-20T18:02:56.2327106Z   ...
test (20)	Run node --test test/*.test.js	2026-08-20T18:02:56.2327631Z # Subtest: --list with a filter that matches nothing is STILL exit 1, stderr only, stdout empty
test (20)	Run node --test test/*.test.js	2026-08-20T18:02:56.2328232Z ok 56 - --list with a filter that matches nothing is STILL exit 1, stderr only, stdout empty
test (20)	Run node --test test/*.test.js	2026-08-20T18:02:56.2328600Z   ---
test (20)	Run node --test test/*.test.js	2026-08-20T18:02:56.2328980Z   duration_ms: 44.632911
test (20)	Run node --test test/*.test.js	2026-08-20T18:02:56.2329196Z   ...
test (20)	Run node --test test/*.test.js	2026-08-20T18:02:56.2329720Z # Subtest: --tag "" (bare empty-string value) matches nothing: whole-tag equality against the literal "" is not a filter no-op
test (20)	Run node --test test/*.test.js	2026-08-20T18:02:56.2330476Z ok 57 - --tag "" (bare empty-string value) matches nothing: whole-tag equality against the literal "" is not a filter no-op
test (20)	Run node --test test/*.test.js	2026-08-20T18:02:56.2330929Z   ---
test (20)	Run node --test test/*.test.js	2026-08-20T18:02:56.2331091Z   duration_ms: 23.412721
test (20)	Run node --test test/*.test.js	2026-08-20T18:02:56.2331294Z   ...
test (20)	Run node --test test/*.test.js	2026-08-20T18:02:56.2388637Z # Subtest: README Node support citation: cited git diff must be empty (or the check must skip on a missing precondition)
test (20)	Run node --test test/*.test.js	2026-08-20T18:02:56.2409590Z ok 58 - README Node support citation: cited git diff must be empty (or the check must skip on a missing precondition) # SKIP cited base commit 2b003ea is not reachable in this checkout (this is a shallow clone) -- cannot evaluate the README's Node support citation
test (20)	Run node --test test/*.test.js	2026-08-20T18:02:56.2418165Z   ---
test (20)	Run node --test test/*.test.js	2026-08-20T18:02:56.2418534Z   duration_ms: 15.729095
test (20)	Run node --test test/*.test.js	2026-08-20T18:02:56.2418895Z   ...
test (20)	Run node --test test/*.test.js	2026-08-20T18:02:56.2419744Z # Subtest: README Node support citation: base-to-working-tree diff must also be empty, so an uncommitted falsification is visible now (or the check must skip on a missing precondition)
test (20)	Run node --test test/*.test.js	2026-08-20T18:02:56.2421455Z ok 59 - README Node support citation: base-to-working-tree diff must also be empty, so an uncommitted falsification is visible now (or the check must skip on a missing precondition) # SKIP cited base commit 2b003ea is not reachable in this checkout (this is a shallow clone) -- cannot evaluate the README's Node support citation
test (20)	Run node --test test/*.test.js	2026-08-20T18:02:56.2422474Z   ---
test (20)	Run node --test test/*.test.js	2026-08-20T18:02:56.2422720Z   duration_ms: 15.828705
test (20)	Run node --test test/*.test.js	2026-08-20T18:02:56.2423050Z   ...
test (20)	Run node --test test/*.test.js	2026-08-20T18:02:56.2423590Z # Subtest: --list | true: exits quietly, zero stderr, no crash banner
test (20)	Run node --test test/*.test.js	2026-08-20T18:02:56.2424179Z ok 60 - --list | true: exits quietly, zero stderr, no crash banner
test (20)	Run node --test test/*.test.js	2026-08-20T18:02:56.2424545Z   ---
test (20)	Run node --test test/*.test.js	2026-08-20T18:02:56.2424783Z   duration_ms: 28.702222
test (20)	Run node --test test/*.test.js	2026-08-20T18:02:56.2425108Z   ...
test (20)	Run node --test test/*.test.js	2026-08-20T18:02:56.2425554Z # Subtest: | true (no --list, single aphorism): exits quietly, zero stderr
test (20)	Run node --test test/*.test.js	2026-08-20T18:02:56.2426159Z ok 61 - | true (no --list, single aphorism): exits quietly, zero stderr
test (20)	Run node --test test/*.test.js	2026-08-20T18:02:56.2426540Z   ---
test (20)	Run node --test test/*.test.js	2026-08-20T18:02:56.2426855Z   duration_ms: 32.382069
test (20)	Run node --test test/*.test.js	2026-08-20T18:02:56.2427215Z   ...
test (20)	Run node --test test/*.test.js	2026-08-20T18:02:56.2427762Z # Subtest: --list | head -0: exits quietly, zero stderr, no crash banner
test (20)	Run node --test test/*.test.js	2026-08-20T18:02:56.2428175Z ok 62 - --list | head -0: exits quietly, zero stderr, no crash banner
test (20)	Run node --test test/*.test.js	2026-08-20T18:02:56.2428535Z   ---
test (20)	Run node --test test/*.test.js	2026-08-20T18:02:56.2428765Z   duration_ms: 34.397908
test (20)	Run node --test test/*.test.js	2026-08-20T18:02:56.2429082Z   ...
test (20)	Run node --test test/*.test.js	2026-08-20T18:02:56.2429535Z # Subtest: --list | /nonexistent-cmd-xyz: no crash banner from the CLI itself
test (20)	Run node --test test/*.test.js	2026-08-20T18:02:56.2430367Z ok 63 - --list | /nonexistent-cmd-xyz: no crash banner from the CLI itself
test (20)	Run node --test test/*.test.js	2026-08-20T18:02:56.2430754Z   ---
test (20)	Run node --test test/*.test.js	2026-08-20T18:02:56.2431040Z   duration_ms: 26.500562
test (20)	Run node --test test/*.test.js	2026-08-20T18:02:56.2431392Z   ...
test (20)	Run node --test test/*.test.js	2026-08-20T18:02:56.2431914Z # Subtest: non-EPIPE stdout write failure: reported, not silent, not exit 1, no stack trace
test (20)	Run node --test test/*.test.js	2026-08-20T18:02:56.2432636Z ok 64 - non-EPIPE stdout write failure: reported, not silent, not exit 1, no stack trace
test (20)	Run node --test test/*.test.js	2026-08-20T18:02:56.2433049Z   ---
test (20)	Run node --test test/*.test.js	2026-08-20T18:02:56.2433275Z   duration_ms: 30.126688
test (20)	Run node --test test/*.test.js	2026-08-20T18:02:56.2433604Z   ...
test (20)	Run node --test test/*.test.js	2026-08-20T18:02:56.2434101Z # Subtest: usage error survives a closed stderr reader: still exits 2, not clobbered to 1
test (20)	Run node --test test/*.test.js	2026-08-20T18:02:56.2434642Z ok 65 - usage error survives a closed stderr reader: still exits 2, not clobbered to 1
test (20)	Run node --test test/*.test.js	2026-08-20T18:02:56.2435129Z   ---
test (20)	Run node --test test/*.test.js	2026-08-20T18:02:56.2435432Z   duration_ms: 77.229033
test (20)	Run node --test test/*.test.js	2026-08-20T18:02:56.2435770Z   ...
test (20)	Run node --test test/*.test.js	2026-08-20T18:02:56.2436304Z # Subtest: no-match exit code survives a closed stderr reader: still exits 1, not misreported
test (20)	Run node --test test/*.test.js	2026-08-20T18:02:56.2437033Z ok 66 - no-match exit code survives a closed stderr reader: still exits 1, not misreported
test (20)	Run node --test test/*.test.js	2026-08-20T18:02:56.2437556Z   ---
test (20)	Run node --test test/*.test.js	2026-08-20T18:02:56.2438158Z   duration_ms: 79.072639
test (20)	Run node --test test/*.test.js	2026-08-20T18:02:56.2438535Z   ...
test (20)	Run node --test test/*.test.js	2026-08-20T18:02:56.2439174Z # Subtest: non-EPIPE stderr write failure: not silent, not the earned exit code, no stack trace
test (20)	Run node --test test/*.test.js	2026-08-20T18:02:56.2440096Z ok 67 - non-EPIPE stderr write failure: not silent, not the earned exit code, no stack trace
test (20)	Run node --test test/*.test.js	2026-08-20T18:02:56.2440642Z   ---
test (20)	Run node --test test/*.test.js	2026-08-20T18:02:56.2440903Z   duration_ms: 27.885084
test (20)	Run node --test test/*.test.js	2026-08-20T18:02:56.2441181Z   ...
test (20)	Run node --test test/*.test.js	2026-08-20T18:02:56.2441593Z # Subtest: control: --list | head -1 stays completely clean
test (20)	Run node --test test/*.test.js	2026-08-20T18:02:56.2442152Z ok 68 - control: --list | head -1 stays completely clean
test (20)	Run node --test test/*.test.js	2026-08-20T18:02:56.2442538Z   ---
test (20)	Run node --test test/*.test.js	2026-08-20T18:02:56.2442778Z   duration_ms: 25.185402
test (20)	Run node --test test/*.test.js	2026-08-20T18:02:56.2443067Z   ...
test (20)	Run node --test test/*.test.js	2026-08-20T18:02:56.2443500Z # Subtest: control: --list | head -5 stays completely clean
test (20)	Run node --test test/*.test.js	2026-08-20T18:02:56.2444071Z ok 69 - control: --list | head -5 stays completely clean
test (20)	Run node --test test/*.test.js	2026-08-20T18:02:56.2444452Z   ---
test (20)	Run node --test test/*.test.js	2026-08-20T18:02:56.2444703Z   duration_ms: 31.267842
test (20)	Run node --test test/*.test.js	2026-08-20T18:02:56.2444979Z   ...
test (20)	Run node --test test/*.test.js	2026-08-20T18:02:56.2445396Z # Subtest: control: --list | sed 1q stays completely clean
test (20)	Run node --test test/*.test.js	2026-08-20T18:02:56.2445923Z ok 70 - control: --list | sed 1q stays completely clean
test (20)	Run node --test test/*.test.js	2026-08-20T18:02:56.2446250Z   ---
test (20)	Run node --test test/*.test.js	2026-08-20T18:02:56.2446471Z   duration_ms: 23.500113
test (20)	Run node --test test/*.test.js	2026-08-20T18:02:56.2446732Z   ...
test (20)	Run node --test test/*.test.js	2026-08-20T18:02:56.2447120Z # Subtest: control: --list | grep -q . stays completely clean
test (20)	Run node --test test/*.test.js	2026-08-20T18:02:56.2447846Z ok 71 - control: --list | grep -q . stays completely clean
test (20)	Run node --test test/*.test.js	2026-08-20T18:02:56.2448265Z   ---
test (20)	Run node --test test/*.test.js	2026-08-20T18:02:56.2448492Z   duration_ms: 24.020378
test (20)	Run node --test test/*.test.js	2026-08-20T18:02:56.2448737Z   ...
test (20)	Run node --test test/*.test.js	2026-08-20T18:02:56.2449136Z # Subtest: control: | wc -l stays completely clean
test (20)	Run node --test test/*.test.js	2026-08-20T18:02:56.2449657Z ok 72 - control: | wc -l stays completely clean
test (20)	Run node --test test/*.test.js	2026-08-20T18:02:56.2450035Z   ---
test (20)	Run node --test test/*.test.js	2026-08-20T18:02:56.2450288Z   duration_ms: 23.613007
test (20)	Run node --test test/*.test.js	2026-08-20T18:02:56.2450556Z   ...
test (20)	Run node --test test/*.test.js	2026-08-20T18:02:56.2451015Z # Subtest: control: --list --json | head -2 stays completely clean
test (20)	Run node --test test/*.test.js	2026-08-20T18:02:56.2451663Z ok 73 - control: --list --json | head -2 stays completely clean
test (20)	Run node --test test/*.test.js	2026-08-20T18:02:56.2452070Z   ---
test (20)	Run node --test test/*.test.js	2026-08-20T18:02:56.2452310Z   duration_ms: 32.650669
test (20)	Run node --test test/*.test.js	2026-08-20T18:02:56.2452601Z   ...
test (20)	Run node --test test/*.test.js	2026-08-20T18:02:56.2453080Z # Subtest: control: exit 1 / exit 2 stderr messages and codes are unchanged
test (20)	Run node --test test/*.test.js	2026-08-20T18:02:56.2453799Z ok 74 - control: exit 1 / exit 2 stderr messages and codes are unchanged
test (20)	Run node --test test/*.test.js	2026-08-20T18:02:56.2454238Z   ---
test (20)	Run node --test test/*.test.js	2026-08-20T18:02:56.2454550Z   duration_ms: 61.517565
test (20)	Run node --test test/*.test.js	2026-08-20T18:02:56.2454855Z   ...
test (20)	Run node --test test/*.test.js	2026-08-20T18:02:56.2455458Z # Subtest: control: a normal (non-full) stdout target still exits 0 with empty stderr
test (20)	Run node --test test/*.test.js	2026-08-20T18:02:56.2456320Z ok 75 - control: a normal (non-full) stdout target still exits 0 with empty stderr
test (20)	Run node --test test/*.test.js	2026-08-20T18:02:56.2457070Z   ---
test (20)	Run node --test test/*.test.js	2026-08-20T18:02:56.2457347Z   duration_ms: 66.953758
test (20)	Run node --test test/*.test.js	2026-08-20T18:02:56.2457777Z   ...
test (20)	Run node --test test/*.test.js	2026-08-20T18:02:56.2458153Z # Subtest: README tags must exist in corpus
test (20)	Run node --test test/*.test.js	2026-08-20T18:02:56.2458668Z ok 76 - README tags must exist in corpus
test (20)	Run node --test test/*.test.js	2026-08-20T18:02:56.2459053Z   ---
test (20)	Run node --test test/*.test.js	2026-08-20T18:02:56.2459361Z   duration_ms: 1.598434
test (20)	Run node --test test/*.test.js	2026-08-20T18:02:56.2459677Z   ...
test (20)	Run node --test test/*.test.js	2026-08-20T18:02:56.2460086Z # Subtest: README tag counts must match corpus
test (20)	Run node --test test/*.test.js	2026-08-20T18:02:56.2460592Z ok 77 - README tag counts must match corpus
test (20)	Run node --test test/*.test.js	2026-08-20T18:02:56.2460973Z   ---
test (20)	Run node --test test/*.test.js	2026-08-20T18:02:56.2461246Z   duration_ms: 1.166261
test (20)	Run node --test test/*.test.js	2026-08-20T18:02:56.2461544Z   ...
test (20)	Run node --test test/*.test.js	2026-08-20T18:02:56.2461996Z # Subtest: README must state total unique tags correctly
test (20)	Run node --test test/*.test.js	2026-08-20T18:02:56.2462673Z ok 78 - README must state total unique tags correctly
test (20)	Run node --test test/*.test.js	2026-08-20T18:02:56.2463097Z   ---
test (20)	Run node --test test/*.test.js	2026-08-20T18:02:56.2463442Z   duration_ms: 0.905377
test (20)	Run node --test test/*.test.js	2026-08-20T18:02:56.2463691Z   ...
test (20)	Run node --test test/*.test.js	2026-08-20T18:02:56.2464053Z # Subtest: README must list all single-entry tags
test (20)	Run node --test test/*.test.js	2026-08-20T18:02:56.2464553Z ok 79 - README must list all single-entry tags
test (20)	Run node --test test/*.test.js	2026-08-20T18:02:56.2464904Z   ---
test (20)	Run node --test test/*.test.js	2026-08-20T18:02:56.2465132Z   duration_ms: 0.338732
test (20)	Run node --test test/*.test.js	2026-08-20T18:02:56.2465382Z   ...
test (20)	Run node --test test/*.test.js	2026-08-20T18:02:56.2466743Z # Subtest: README Tag vocabulary counts table "Tags on exactly one entry" row matches the corpus (structural replacement for the retired token co-occurrence guard, Q-4)
test (20)	Run node --test test/*.test.js	2026-08-20T18:02:56.2468303Z ok 80 - README Tag vocabulary counts table "Tags on exactly one entry" row matches the corpus (structural replacement for the retired token co-occurrence guard, Q-4)
test (20)	Run node --test test/*.test.js	2026-08-20T18:02:56.2468829Z   ---
test (20)	Run node --test test/*.test.js	2026-08-20T18:02:56.2469001Z   duration_ms: 0.474106
test (20)	Run node --test test/*.test.js	2026-08-20T18:02:56.2469187Z   ...
test (20)	Run node --test test/*.test.js	2026-08-20T18:02:56.2469702Z # Subtest: assertTagVocabCountsTableWellFormed fails loud on a DUPLICATED row label, whichever order the rows appear in (Q-4)
test (20)	Run node --test test/*.test.js	2026-08-20T18:02:56.2470456Z ok 81 - assertTagVocabCountsTableWellFormed fails loud on a DUPLICATED row label, whichever order the rows appear in (Q-4)
test (20)	Run node --test test/*.test.js	2026-08-20T18:02:56.2470897Z   ---
test (20)	Run node --test test/*.test.js	2026-08-20T18:02:56.2471073Z   duration_ms: 1.293543
test (20)	Run node --test test/*.test.js	2026-08-20T18:02:56.2471251Z   ...
test (20)	Run node --test test/*.test.js	2026-08-20T18:02:56.2471969Z # Subtest: assertTagVocabCountsTableWellFormed fails loud on a row label no guard in this file reads (Q-4)
test (20)	Run node --test test/*.test.js	2026-08-20T18:02:56.2472978Z ok 82 - assertTagVocabCountsTableWellFormed fails loud on a row label no guard in this file reads (Q-4)
test (20)	Run node --test test/*.test.js	2026-08-20T18:02:56.2473537Z   ---
test (20)	Run node --test test/*.test.js	2026-08-20T18:02:56.2473756Z   duration_ms: 1.144649
test (20)	Run node --test test/*.test.js	2026-08-20T18:02:56.2474009Z   ...
test (20)	Run node --test test/*.test.js	2026-08-20T18:02:56.2474826Z # Subtest: parseTagVocabCountsTable returns null when the counts table is missing or malformed, and both readers fail loud on that null (Q-4)
test (20)	Run node --test test/*.test.js	2026-08-20T18:02:56.2476102Z ok 83 - parseTagVocabCountsTable returns null when the counts table is missing or malformed, and both readers fail loud on that null (Q-4)
test (20)	Run node --test test/*.test.js	2026-08-20T18:02:56.2476793Z   ---
test (20)	Run node --test test/*.test.js	2026-08-20T18:02:56.2477004Z   duration_ms: 0.497141
test (20)	Run node --test test/*.test.js	2026-08-20T18:02:56.2477242Z   ...
test (20)	Run node --test test/*.test.js	2026-08-20T18:02:56.2478000Z # Subtest: readTagVocabCount fails loud when a row value is not a plain integer, or when its row is absent (Q-4)
test (20)	Run node --test test/*.test.js	2026-08-20T18:02:56.2478964Z ok 84 - readTagVocabCount fails loud when a row value is not a plain integer, or when its row is absent (Q-4)
test (20)	Run node --test test/*.test.js	2026-08-20T18:02:56.2479525Z   ---
test (20)	Run node --test test/*.test.js	2026-08-20T18:02:56.2479825Z   duration_ms: 1.661519
test (20)	Run node --test test/*.test.js	2026-08-20T18:02:56.2480095Z   ...
test (20)	Run node --test test/*.test.js	2026-08-20T18:02:56.2481138Z # Subtest: extractBandTablesFromReadme tolerates a prose sentence between a band heading and its table (T-025), without mis-attaching a table when the real one is missing
test (20)	Run node --test test/*.test.js	2026-08-20T18:02:56.2482785Z ok 85 - extractBandTablesFromReadme tolerates a prose sentence between a band heading and its table (T-025), without mis-attaching a table when the real one is missing
test (20)	Run node --test test/*.test.js	2026-08-20T18:02:56.2483592Z   ---
test (20)	Run node --test test/*.test.js	2026-08-20T18:02:56.2483811Z   duration_ms: 0.783494
test (20)	Run node --test test/*.test.js	2026-08-20T18:02:56.2484123Z   ...
test (20)	Run node --test test/*.test.js	2026-08-20T18:02:56.2501561Z # Subtest: extractBandTablesFromReadme does not let a band-shaped PROSE line steal a real heading's table (T-039)
test (20)	Run node --test test/*.test.js	2026-08-20T18:02:56.2502910Z ok 86 - extractBandTablesFromReadme does not let a band-shaped PROSE line steal a real heading's table (T-039)
test (20)	Run node --test test/*.test.js	2026-08-20T18:02:56.2503491Z   ---
test (20)	Run node --test test/*.test.js	2026-08-20T18:02:56.2503660Z   duration_ms: 0.315116
test (20)	Run node --test test/*.test.js	2026-08-20T18:02:56.2503838Z   ...
test (20)	Run node --test test/*.test.js	2026-08-20T18:02:56.2504258Z # Subtest: extractBandTablesFromReadme does not read a fenced example block as a second, real band table
test (20)	Run node --test test/*.test.js	2026-08-20T18:02:56.2504888Z ok 87 - extractBandTablesFromReadme does not read a fenced example block as a second, real band table
test (20)	Run node --test test/*.test.js	2026-08-20T18:02:56.2505240Z   ---
test (20)	Run node --test test/*.test.js	2026-08-20T18:02:56.2505400Z   duration_ms: 0.226301
test (20)	Run node --test test/*.test.js	2026-08-20T18:02:56.2505574Z   ...
test (20)	Run node --test test/*.test.js	2026-08-20T18:02:56.2506269Z # Subtest: extractBandTablesFromReadme's recognised bands account for every structural `| Tag | Count |` table -- a table under an unrecognised heading shape is a loud mismatch, not a silent miss
test (20)	Run node --test test/*.test.js	2026-08-20T18:02:56.2507823Z ok 88 - extractBandTablesFromReadme's recognised bands account for every structural `| Tag | Count |` table -- a table under an unrecognised heading shape is a loud mismatch, not a silent miss
test (20)	Run node --test test/*.test.js	2026-08-20T18:02:56.2508771Z   ---
test (20)	Run node --test test/*.test.js	2026-08-20T18:02:56.2509010Z   duration_ms: 0.300574
test (20)	Run node --test test/*.test.js	2026-08-20T18:02:56.2509190Z   ...
test (20)	Run node --test test/*.test.js	2026-08-20T18:02:56.2509763Z # Subtest: every `| Tag | Count |` table in the real README Tag vocabulary section is a recognised band table (no table may hide under an unrecognised heading shape)
test (20)	Run node --test test/*.test.js	2026-08-20T18:02:56.2510783Z ok 89 - every `| Tag | Count |` table in the real README Tag vocabulary section is a recognised band table (no table may hide under an unrecognised heading shape)
test (20)	Run node --test test/*.test.js	2026-08-20T18:02:56.2511257Z   ---
test (20)	Run node --test test/*.test.js	2026-08-20T18:02:56.2511418Z   duration_ms: 0.552715
test (20)	Run node --test test/*.test.js	2026-08-20T18:02:56.2511593Z   ...
test (20)	Run node --test test/*.test.js	2026-08-20T18:02:56.2512004Z # Subtest: every band table in README Tag vocabulary contains exactly the corpus tags whose count fits that band
test (20)	Run node --test test/*.test.js	2026-08-20T18:02:56.2512618Z ok 90 - every band table in README Tag vocabulary contains exactly the corpus tags whose count fits that band
test (20)	Run node --test test/*.test.js	2026-08-20T18:02:56.2512980Z   ---
test (20)	Run node --test test/*.test.js	2026-08-20T18:02:56.2513135Z   duration_ms: 0.461396
test (20)	Run node --test test/*.test.js	2026-08-20T18:02:56.2513304Z   ...
test (20)	Run node --test test/*.test.js	2026-08-20T18:02:56.2513774Z # Subtest: every corpus tag appearing on 2+ entries must have a row in some band table (no band table may be deleted wholesale) (T-019)
test (20)	Run node --test test/*.test.js	2026-08-20T18:02:56.2514480Z ok 91 - every corpus tag appearing on 2+ entries must have a row in some band table (no band table may be deleted wholesale) (T-019)
test (20)	Run node --test test/*.test.js	2026-08-20T18:02:56.2514881Z   ---
test (20)	Run node --test test/*.test.js	2026-08-20T18:02:56.2515032Z   duration_ms: 0.412223
test (20)	Run node --test test/*.test.js	2026-08-20T18:02:56.2515192Z   ...
test (20)	Run node --test test/*.test.js	2026-08-20T18:02:56.2515722Z # Subtest: extractBandTablesFromReadme derives a band's row count purely from its table, ignoring decoy "N tags" phrases in the heading line (T-024b)
test (20)	Run node --test test/*.test.js	2026-08-20T18:02:56.2516540Z ok 92 - extractBandTablesFromReadme derives a band's row count purely from its table, ignoring decoy "N tags" phrases in the heading line (T-024b)
test (20)	Run node --test test/*.test.js	2026-08-20T18:02:56.2516982Z   ---
test (20)	Run node --test test/*.test.js	2026-08-20T18:02:56.2517136Z   duration_ms: 0.214033
test (20)	Run node --test test/*.test.js	2026-08-20T18:02:56.2517298Z   ...
test (20)	Run node --test test/*.test.js	2026-08-20T18:02:56.2517761Z # Subtest: README must state correct multi-entry and single-entry tag counts
test (20)	Run node --test test/*.test.js	2026-08-20T18:02:56.2518193Z ok 93 - README must state correct multi-entry and single-entry tag counts
test (20)	Run node --test test/*.test.js	2026-08-20T18:02:56.2518468Z   ---
test (20)	Run node --test test/*.test.js	2026-08-20T18:02:56.2518616Z   duration_ms: 0.486976
test (20)	Run node --test test/*.test.js	2026-08-20T18:02:56.2518792Z   ...
test (20)	Run node --test test/*.test.js	2026-08-20T18:02:56.2519146Z # Subtest: README Tag vocabulary section must contain no unrecognised count-claim digits (J-5)
test (20)	Run node --test test/*.test.js	2026-08-20T18:02:56.2519678Z ok 94 - README Tag vocabulary section must contain no unrecognised count-claim digits (J-5)
test (20)	Run node --test test/*.test.js	2026-08-20T18:02:56.2519996Z   ---
test (20)	Run node --test test/*.test.js	2026-08-20T18:02:56.2520153Z   duration_ms: 0.440795
test (20)	Run node --test test/*.test.js	2026-08-20T18:02:56.2520324Z   ...
test (20)	Run node --test test/*.test.js	2026-08-20T18:02:56.2520732Z # Subtest: README Attribution table "Entries ranked" count must match corpus.length and the triage doc (C1)
test (20)	Run node --test test/*.test.js	2026-08-20T18:02:56.2521356Z ok 95 - README Attribution table "Entries ranked" count must match corpus.length and the triage doc (C1)
test (20)	Run node --test test/*.test.js	2026-08-20T18:02:56.2521718Z   ---
test (20)	Run node --test test/*.test.js	2026-08-20T18:02:56.2521868Z   duration_ms: 1.095395
test (20)	Run node --test test/*.test.js	2026-08-20T18:02:56.2522182Z   ...
test (20)	Run node --test test/*.test.js	2026-08-20T18:02:56.2522532Z # Subtest: README Attribution table "Rated HIGH risk" count must match the triage doc table (C2)
test (20)	Run node --test test/*.test.js	2026-08-20T18:02:56.2523051Z ok 96 - README Attribution table "Rated HIGH risk" count must match the triage doc table (C2)
test (20)	Run node --test test/*.test.js	2026-08-20T18:02:56.2523372Z   ---
test (20)	Run node --test test/*.test.js	2026-08-20T18:02:56.2523517Z   duration_ms: 0.591103
test (20)	Run node --test test/*.test.js	2026-08-20T18:02:56.2523679Z   ...
test (20)	Run node --test test/*.test.js	2026-08-20T18:02:56.2524023Z # Subtest: README Attribution section must contain no digit runs outside the counts table (C7)
test (20)	Run node --test test/*.test.js	2026-08-20T18:02:56.2524535Z ok 97 - README Attribution section must contain no digit runs outside the counts table (C7)
test (20)	Run node --test test/*.test.js	2026-08-20T18:02:56.2524847Z   ---
test (20)	Run node --test test/*.test.js	2026-08-20T18:02:56.2524995Z   duration_ms: 0.363609
test (20)	Run node --test test/*.test.js	2026-08-20T18:02:56.2525153Z   ...
test (20)	Run node --test test/*.test.js	2026-08-20T18:02:56.2525404Z # Subtest: README Layout section paths must exist on disk (C6)
test (20)	Run node --test test/*.test.js	2026-08-20T18:02:56.2525748Z ok 98 - README Layout section paths must exist on disk (C6)
test (20)	Run node --test test/*.test.js	2026-08-20T18:02:56.2525980Z   ---
test (20)	Run node --test test/*.test.js	2026-08-20T18:02:56.2526131Z   duration_ms: 0.393555
test (20)	Run node --test test/*.test.js	2026-08-20T18:02:56.2526297Z   ...
test (20)	Run node --test test/*.test.js	2026-08-20T18:02:56.2526716Z # Subtest: getListBehaviourSection tolerates a reformatted "--list behaviour" heading with no backticks (T-021)
test (20)	Run node --test test/*.test.js	2026-08-20T18:02:56.2527348Z ok 99 - getListBehaviourSection tolerates a reformatted "--list behaviour" heading with no backticks (T-021)
test (20)	Run node --test test/*.test.js	2026-08-20T18:02:56.2527965Z   ---
test (20)	Run node --test test/*.test.js	2026-08-20T18:02:56.2528122Z   duration_ms: 0.385122
test (20)	Run node --test test/*.test.js	2026-08-20T18:02:56.2528287Z   ...
test (20)	Run node --test test/*.test.js	2026-08-20T18:02:56.2528850Z # Subtest: getListBehaviourSection still fails on a SEPARATOR MISMATCH (not a heading-parse error) when a reformatted heading's literal is mutated (T-021)
test (20)	Run node --test test/*.test.js	2026-08-20T18:02:56.2529715Z ok 100 - getListBehaviourSection still fails on a SEPARATOR MISMATCH (not a heading-parse error) when a reformatted heading's literal is mutated (T-021)
test (20)	Run node --test test/*.test.js	2026-08-20T18:02:56.2530193Z   ---
test (20)	Run node --test test/*.test.js	2026-08-20T18:02:56.2530351Z   duration_ms: 0.276538
test (20)	Run node --test test/*.test.js	2026-08-20T18:02:56.2530522Z   ...
test (20)	Run node --test test/*.test.js	2026-08-20T18:02:56.2530985Z # Subtest: getListBehaviourSection reports ambiguity loudly instead of taking the first of two qualifying headings (T-021)
test (20)	Run node --test test/*.test.js	2026-08-20T18:02:56.2531694Z ok 101 - getListBehaviourSection reports ambiguity loudly instead of taking the first of two qualifying headings (T-021)
test (20)	Run node --test test/*.test.js	2026-08-20T18:02:56.2532087Z   ---
test (20)	Run node --test test/*.test.js	2026-08-20T18:02:56.2532239Z   duration_ms: 0.836363
test (20)	Run node --test test/*.test.js	2026-08-20T18:02:56.2532405Z   ...
test (20)	Run node --test test/*.test.js	2026-08-20T18:02:56.2532797Z # Subtest: getListBehaviourSection does not let "--list-only" satisfy the standalone `--list` token (T-021)
test (20)	Run node --test test/*.test.js	2026-08-20T18:02:56.2533403Z ok 102 - getListBehaviourSection does not let "--list-only" satisfy the standalone `--list` token (T-021)
test (20)	Run node --test test/*.test.js	2026-08-20T18:02:56.2533751Z   ---
test (20)	Run node --test test/*.test.js	2026-08-20T18:02:56.2533915Z   duration_ms: 0.157338
test (20)	Run node --test test/*.test.js	2026-08-20T18:02:56.2534085Z   ...
test (20)	Run node --test test/*.test.js	2026-08-20T18:02:56.2534470Z # Subtest: getListBehaviourSection tolerates the American spelling "behavior" in the heading (T-027)
test (20)	Run node --test test/*.test.js	2026-08-20T18:02:56.2535053Z ok 103 - getListBehaviourSection tolerates the American spelling "behavior" in the heading (T-027)
test (20)	Run node --test test/*.test.js	2026-08-20T18:02:56.2535399Z   ---
test (20)	Run node --test test/*.test.js	2026-08-20T18:02:56.2535548Z   duration_ms: 0.119311
test (20)	Run node --test test/*.test.js	2026-08-20T18:02:56.2535713Z   ...
test (20)	Run node --test test/*.test.js	2026-08-20T18:02:56.2536214Z # Subtest: getListBehaviourSection still fails on a SEPARATOR MISMATCH (not a heading-parse error) under an American-spelled heading (T-027)
test (20)	Run node --test test/*.test.js	2026-08-20T18:02:56.2537002Z ok 104 - getListBehaviourSection still fails on a SEPARATOR MISMATCH (not a heading-parse error) under an American-spelled heading (T-027)
test (20)	Run node --test test/*.test.js	2026-08-20T18:02:56.2537580Z   ---
test (20)	Run node --test test/*.test.js	2026-08-20T18:02:56.2537736Z   duration_ms: 0.16567
test (20)	Run node --test test/*.test.js	2026-08-20T18:02:56.2537907Z   ...
test (20)	Run node --test test/*.test.js	2026-08-20T18:02:56.2538271Z # Subtest: README `--list` format literal matches the shipped binary's actual --list output (T-017)
test (20)	Run node --test test/*.test.js	2026-08-20T18:02:56.2538811Z ok 105 - README `--list` format literal matches the shipped binary's actual --list output (T-017)
test (20)	Run node --test test/*.test.js	2026-08-20T18:02:56.2539140Z   ---
test (20)	Run node --test test/*.test.js	2026-08-20T18:02:56.2539292Z   duration_ms: 25.40678
test (20)	Run node --test test/*.test.js	2026-08-20T18:02:56.2539455Z   ...
test (20)	Run node --test test/*.test.js	2026-08-20T18:02:56.2539838Z # Subtest: README `--author` matching section must state the correct count of distinct corpus authors (Q-8)
test (20)	Run node --test test/*.test.js	2026-08-20T18:02:56.2540535Z ok 106 - README `--author` matching section must state the correct count of distinct corpus authors (Q-8)
test (20)	Run node --test test/*.test.js	2026-08-20T18:02:56.2540877Z   ---
test (20)	Run node --test test/*.test.js	2026-08-20T18:02:56.2541034Z   duration_ms: 0.408226
test (20)	Run node --test test/*.test.js	2026-08-20T18:02:56.2541199Z   ...
test (20)	Run node --test test/*.test.js	2026-08-20T18:02:56.2541403Z # Subtest: corpus has at least 40 entries
test (20)	Run node --test test/*.test.js	2026-08-20T18:02:56.2541659Z ok 107 - corpus has at least 40 entries
test (20)	Run node --test test/*.test.js	2026-08-20T18:02:56.2541856Z   ---
test (20)	Run node --test test/*.test.js	2026-08-20T18:02:56.2542003Z   duration_ms: 1.127783
test (20)	Run node --test test/*.test.js	2026-08-20T18:02:56.2542171Z   ...
test (20)	Run node --test test/*.test.js	2026-08-20T18:02:56.2542494Z # Subtest: every corpus entry has non-empty text, non-empty author, and an array of tags
test (20)	Run node --test test/*.test.js	2026-08-20T18:02:56.2542975Z ok 108 - every corpus entry has non-empty text, non-empty author, and an array of tags
test (20)	Run node --test test/*.test.js	2026-08-20T18:02:56.2543275Z   ---
test (20)	Run node --test test/*.test.js	2026-08-20T18:02:56.2543425Z   duration_ms: 0.305732
test (20)	Run node --test test/*.test.js	2026-08-20T18:02:56.2543587Z   ...
test (20)	Run node --test test/*.test.js	2026-08-20T18:02:56.2543818Z # Subtest: filter: author match is case-insensitive
test (20)	Run node --test test/*.test.js	2026-08-20T18:02:56.2544121Z ok 109 - filter: author match is case-insensitive
test (20)	Run node --test test/*.test.js	2026-08-20T18:02:56.2544343Z   ---
test (20)	Run node --test test/*.test.js	2026-08-20T18:02:56.2544498Z   duration_ms: 0.570141
test (20)	Run node --test test/*.test.js	2026-08-20T18:02:56.2544665Z   ...
test (20)	Run node --test test/*.test.js	2026-08-20T18:02:56.2544877Z # Subtest: filter: tag match is case-insensitive
test (20)	Run node --test test/*.test.js	2026-08-20T18:02:56.2545296Z ok 110 - filter: tag match is case-insensitive
test (20)	Run node --test test/*.test.js	2026-08-20T18:02:56.2545522Z   ---
test (20)	Run node --test test/*.test.js	2026-08-20T18:02:56.2545670Z   duration_ms: 0.867941
test (20)	Run node --test test/*.test.js	2026-08-20T18:02:56.2545832Z   ...
test (20)	Run node --test test/*.test.js	2026-08-20T18:02:56.2546121Z # Subtest: filter: author and tag together narrow to the intersection (AND)
test (20)	Run node --test test/*.test.js	2026-08-20T18:02:56.2546536Z ok 111 - filter: author and tag together narrow to the intersection (AND)
test (20)	Run node --test test/*.test.js	2026-08-20T18:02:56.2546813Z   ---
test (20)	Run node --test test/*.test.js	2026-08-20T18:02:56.2546964Z   duration_ms: 0.257509
test (20)	Run node --test test/*.test.js	2026-08-20T18:02:56.2547127Z   ...
test (20)	Run node --test test/*.test.js	2026-08-20T18:02:56.2547512Z # Subtest: filter: undefined/absent options do not filter
test (20)	Run node --test test/*.test.js	2026-08-20T18:02:56.2547876Z ok 112 - filter: undefined/absent options do not filter
test (20)	Run node --test test/*.test.js	2026-08-20T18:02:56.2548109Z   ---
test (20)	Run node --test test/*.test.js	2026-08-20T18:02:56.2548265Z   duration_ms: 0.198119
test (20)	Run node --test test/*.test.js	2026-08-20T18:02:56.2548442Z   ...
test (20)	Run node --test test/*.test.js	2026-08-20T18:02:56.2548752Z # Subtest: pick: same seed over the same candidates always returns the same element
test (20)	Run node --test test/*.test.js	2026-08-20T18:02:56.2549202Z ok 113 - pick: same seed over the same candidates always returns the same element
test (20)	Run node --test test/*.test.js	2026-08-20T18:02:56.2549488Z   ---
test (20)	Run node --test test/*.test.js	2026-08-20T18:02:56.2549637Z   duration_ms: 0.327174
test (20)	Run node --test test/*.test.js	2026-08-20T18:02:56.2549803Z   ...
test (20)	Run node --test test/*.test.js	2026-08-20T18:02:56.2550078Z # Subtest: pick: different seeds generally produce different results
test (20)	Run node --test test/*.test.js	2026-08-20T18:02:56.2550459Z ok 114 - pick: different seeds generally produce different results
test (20)	Run node --test test/*.test.js	2026-08-20T18:02:56.2550713Z   ---
test (20)	Run node --test test/*.test.js	2026-08-20T18:02:56.2550859Z   duration_ms: 0.290409
test (20)	Run node --test test/*.test.js	2026-08-20T18:02:56.2551022Z   ...
test (20)	Run node --test test/*.test.js	2026-08-20T18:02:56.2551283Z # Subtest: pick: undefined seed picks a valid member (random mode)
test (20)	Run node --test test/*.test.js	2026-08-20T18:02:56.2551654Z ok 115 - pick: undefined seed picks a valid member (random mode)
test (20)	Run node --test test/*.test.js	2026-08-20T18:02:56.2551900Z   ---
test (20)	Run node --test test/*.test.js	2026-08-20T18:02:56.2552048Z   duration_ms: 0.193983
test (20)	Run node --test test/*.test.js	2026-08-20T18:02:56.2552221Z   ...
test (20)	Run node --test test/*.test.js	2026-08-20T18:02:56.2552515Z # Subtest: pick: null seed also triggers random mode and returns a valid member
test (20)	Run node --test test/*.test.js	2026-08-20T18:02:56.2552947Z ok 116 - pick: null seed also triggers random mode and returns a valid member
test (20)	Run node --test test/*.test.js	2026-08-20T18:02:56.2553227Z   ---
test (20)	Run node --test test/*.test.js	2026-08-20T18:02:56.2553380Z   duration_ms: 0.242196
test (20)	Run node --test test/*.test.js	2026-08-20T18:02:56.2553545Z   ...
test (20)	Run node --test test/*.test.js	2026-08-20T18:02:56.2553792Z # Subtest: pick: throws RangeError on empty candidates array
test (20)	Run node --test test/*.test.js	2026-08-20T18:02:56.2554131Z ok 117 - pick: throws RangeError on empty candidates array
test (20)	Run node --test test/*.test.js	2026-08-20T18:02:56.2554395Z   ---
test (20)	Run node --test test/*.test.js	2026-08-20T18:02:56.2554543Z   duration_ms: 0.393554
test (20)	Run node --test test/*.test.js	2026-08-20T18:02:56.2554706Z   ...
test (20)	Run node --test test/*.test.js	2026-08-20T18:02:56.2555000Z # Subtest: pick: Infinity seed is deterministic and returns a valid member
test (20)	Run node --test test/*.test.js	2026-08-20T18:02:56.2555404Z ok 118 - pick: Infinity seed is deterministic and returns a valid member
test (20)	Run node --test test/*.test.js	2026-08-20T18:02:56.2555677Z   ---
test (20)	Run node --test test/*.test.js	2026-08-20T18:02:56.2555834Z   duration_ms: 0.161764
test (20)	Run node --test test/*.test.js	2026-08-20T18:02:56.2556004Z   ...
test (20)	Run node --test test/*.test.js	2026-08-20T18:02:56.2556422Z # Subtest: pick: -Infinity seed is deterministic and returns a valid member
test (20)	Run node --test test/*.test.js	2026-08-20T18:02:56.2556838Z ok 119 - pick: -Infinity seed is deterministic and returns a valid member
test (20)	Run node --test test/*.test.js	2026-08-20T18:02:56.2557112Z   ---
test (20)	Run node --test test/*.test.js	2026-08-20T18:02:56.2557267Z   duration_ms: 0.141914
test (20)	Run node --test test/*.test.js	2026-08-20T18:02:56.2557591Z   ...
test (20)	Run node --test test/*.test.js	2026-08-20T18:02:56.2558074Z # Subtest: pick: NaN seed still uses the random branch and returns a valid member
test (20)	Run node --test test/*.test.js	2026-08-20T18:02:56.2558822Z ok 120 - pick: NaN seed still uses the random branch and returns a valid member
test (20)	Run node --test test/*.test.js	2026-08-20T18:02:56.2559266Z   ---
test (20)	Run node --test test/*.test.js	2026-08-20T18:02:56.2559472Z   duration_ms: 0.14536
test (20)	Run node --test test/*.test.js	2026-08-20T18:02:56.2559645Z   ...
test (20)	Run node --test test/*.test.js	2026-08-20T18:02:56.2559955Z # Subtest: pick: finite seed determinism is unchanged by the non-finite-seed fix
test (20)	Run node --test test/*.test.js	2026-08-20T18:02:56.2560402Z ok 121 - pick: finite seed determinism is unchanged by the non-finite-seed fix
test (20)	Run node --test test/*.test.js	2026-08-20T18:02:56.2560691Z   ---
test (20)	Run node --test test/*.test.js	2026-08-20T18:02:56.2560848Z   duration_ms: 0.173061
test (20)	Run node --test test/*.test.js	2026-08-20T18:02:56.2561016Z   ...
test (20)	Run node --test test/*.test.js	2026-08-20T18:02:56.2561283Z # Subtest: pick: every candidate is REACHABLE by an unseeded draw
test (20)	Run node --test test/*.test.js	2026-08-20T18:02:56.2561649Z ok 122 - pick: every candidate is REACHABLE by an unseeded draw
test (20)	Run node --test test/*.test.js	2026-08-20T18:02:56.2561895Z   ---
test (20)	Run node --test test/*.test.js	2026-08-20T18:02:56.2562047Z   duration_ms: 1.828281
test (20)	Run node --test test/*.test.js	2026-08-20T18:02:56.2562216Z   ...
test (20)	Run node --test test/*.test.js	2026-08-20T18:02:56.2562654Z # Subtest: pick: unseeded draws split the interval EQUALLY across candidates (uniform)
test (20)	Run node --test test/*.test.js	2026-08-20T18:02:56.2563137Z ok 123 - pick: unseeded draws split the interval EQUALLY across candidates (uniform)
test (20)	Run node --test test/*.test.js	2026-08-20T18:02:56.2563439Z   ---
test (20)	Run node --test test/*.test.js	2026-08-20T18:02:56.2563593Z   duration_ms: 0.984056
test (20)	Run node --test test/*.test.js	2026-08-20T18:02:56.2563759Z   ...
test (20)	Run node --test test/*.test.js	2026-08-20T18:02:56.2564101Z # Subtest: pick: single-element candidates always returns that element regardless of seed
test (20)	Run node --test test/*.test.js	2026-08-20T18:02:56.2564597Z ok 124 - pick: single-element candidates always returns that element regardless of seed
test (20)	Run node --test test/*.test.js	2026-08-20T18:02:56.2564904Z   ---
test (20)	Run node --test test/*.test.js	2026-08-20T18:02:56.2565045Z   duration_ms: 0.310299
test (20)	Run node --test test/*.test.js	2026-08-20T18:02:56.2565200Z   ...
test (20)	Run node --test test/*.test.js	2026-08-20T18:02:56.2565349Z 1..124
test (20)	Run node --test test/*.test.js	2026-08-20T18:02:56.2565509Z # tests 124
test (20)	Run node --test test/*.test.js	2026-08-20T18:02:56.2565658Z # suites 0
test (20)	Run node --test test/*.test.js	2026-08-20T18:02:56.2565810Z # pass 122
test (20)	Run node --test test/*.test.js	2026-08-20T18:02:56.2565955Z # fail 0
test (20)	Run node --test test/*.test.js	2026-08-20T18:02:56.2566103Z # cancelled 0
test (20)	Run node --test test/*.test.js	2026-08-20T18:02:56.2566260Z # skipped 2
test (20)	Run node --test test/*.test.js	2026-08-20T18:02:56.2566409Z # todo 0
test (20)	Run node --test test/*.test.js	2026-08-20T18:02:56.2566579Z # duration_ms 2411.27641
test (20)	Coverage report (informational, not a gate)	﻿2026-08-20T18:02:56.2607753Z ##[group]Run node --test --experimental-test-coverage test/*.test.js \
test (20)	Coverage report (informational, not a gate)	2026-08-20T18:02:56.2608183Z [36;1mnode --test --experimental-test-coverage test/*.test.js \[0m
test (20)	Coverage report (informational, not a gate)	2026-08-20T18:02:56.2608775Z [36;1m  || echo "NOTE: --experimental-test-coverage exited non-zero on Node 20 (see output above). This step is informational only and does not affect job status."[0m
test (20)	Coverage report (informational, not a gate)	2026-08-20T18:02:56.2643731Z shell: /usr/bin/bash -e {0}
test (20)	Coverage report (informational, not a gate)	2026-08-20T18:02:56.2643946Z ##[endgroup]
test (20)	Coverage report (informational, not a gate)	2026-08-20T18:02:56.3044323Z TAP version 13
test (20)	Coverage report (informational, not a gate)	2026-08-20T18:02:56.3516686Z # Subtest: zero args: no error, no filters set
test (20)	Coverage report (informational, not a gate)	2026-08-20T18:02:56.3536080Z ok 1 - zero args: no error, no filters set
test (20)	Coverage report (informational, not a gate)	2026-08-20T18:02:56.3567889Z   ---
test (20)	Coverage report (informational, not a gate)	2026-08-20T18:02:56.3577976Z   duration_ms: 2.611804
test (20)	Coverage report (informational, not a gate)	2026-08-20T18:02:56.3597203Z   ...
test (20)	Coverage report (informational, not a gate)	2026-08-20T18:02:56.3628053Z # Subtest: --author <name> sets author string
test (20)	Coverage report (informational, not a gate)	2026-08-20T18:02:56.3628933Z ok 2 - --author <name> sets author string
test (20)	Coverage report (informational, not a gate)	2026-08-20T18:02:56.3629480Z   ---
test (20)	Coverage report (informational, not a gate)	2026-08-20T18:02:56.3629914Z   duration_ms: 0.228865
test (20)	Coverage report (informational, not a gate)	2026-08-20T18:02:56.3630417Z   ...
test (20)	Coverage report (informational, not a gate)	2026-08-20T18:02:56.3630988Z # Subtest: --author=<name> equals form sets author string
test (20)	Coverage report (informational, not a gate)	2026-08-20T18:02:56.3631786Z ok 3 - --author=<name> equals form sets author string
test (20)	Coverage report (informational, not a gate)	2026-08-20T18:02:56.3632417Z   ---
test (20)	Coverage report (informational, not a gate)	2026-08-20T18:02:56.3632843Z   duration_ms: 0.173772
test (20)	Coverage report (informational, not a gate)	2026-08-20T18:02:56.3633273Z   ...
test (20)	Coverage report (informational, not a gate)	2026-08-20T18:02:56.3633751Z # Subtest: --tag <tag> sets tag string
test (20)	Coverage report (informational, not a gate)	2026-08-20T18:02:56.3634340Z ok 4 - --tag <tag> sets tag string
test (20)	Coverage report (informational, not a gate)	2026-08-20T18:02:56.3634898Z   ---
test (20)	Coverage report (informational, not a gate)	2026-08-20T18:02:56.3635311Z   duration_ms: 0.19212
test (20)	Coverage report (informational, not a gate)	2026-08-20T18:02:56.3635740Z   ...
test (20)	Coverage report (informational, not a gate)	2026-08-20T18:02:56.3636269Z # Subtest: --tag=<tag> equals form sets tag string
test (20)	Coverage report (informational, not a gate)	2026-08-20T18:02:56.3636930Z ok 5 - --tag=<tag> equals form sets tag string
test (20)	Coverage report (informational, not a gate)	2026-08-20T18:02:56.3637612Z   ---
test (20)	Coverage report (informational, not a gate)	2026-08-20T18:02:56.3638053Z   duration_ms: 0.225751
test (20)	Coverage report (informational, not a gate)	2026-08-20T18:02:56.3638497Z   ...
test (20)	Coverage report (informational, not a gate)	2026-08-20T18:02:56.3639015Z # Subtest: combined --author X --tag Y sets both
test (20)	Coverage report (informational, not a gate)	2026-08-20T18:02:56.3639666Z ok 6 - combined --author X --tag Y sets both
test (20)	Coverage report (informational, not a gate)	2026-08-20T18:02:56.3640183Z   ---
test (20)	Coverage report (informational, not a gate)	2026-08-20T18:02:56.3640613Z   duration_ms: 0.155114
test (20)	Coverage report (informational, not a gate)	2026-08-20T18:02:56.3641056Z   ...
test (20)	Coverage report (informational, not a gate)	2026-08-20T18:02:56.3641554Z # Subtest: --seed <n> parses as a number
test (20)	Coverage report (informational, not a gate)	2026-08-20T18:02:56.3642170Z ok 7 - --seed <n> parses as a number
test (20)	Coverage report (informational, not a gate)	2026-08-20T18:02:56.3642681Z   ---
test (20)	Coverage report (informational, not a gate)	2026-08-20T18:02:56.3643112Z   duration_ms: 0.207483
test (20)	Coverage report (informational, not a gate)	2026-08-20T18:02:56.3643567Z   ...
test (20)	Coverage report (informational, not a gate)	2026-08-20T18:02:56.3644112Z # Subtest: --seed=<n> equals form parses as a number
test (20)	Coverage report (informational, not a gate)	2026-08-20T18:02:56.3644830Z ok 8 - --seed=<n> equals form parses as a number
test (20)	Coverage report (informational, not a gate)	2026-08-20T18:02:56.3645376Z   ---
test (20)	Coverage report (informational, not a gate)	2026-08-20T18:02:56.3645783Z   duration_ms: 0.160943
test (20)	Coverage report (informational, not a gate)	2026-08-20T18:02:56.3646211Z   ...
test (20)	Coverage report (informational, not a gate)	2026-08-20T18:02:56.3646732Z # Subtest: --seed <n> accepts a negative number
test (20)	Coverage report (informational, not a gate)	2026-08-20T18:02:56.3647636Z ok 9 - --seed <n> accepts a negative number
test (20)	Coverage report (informational, not a gate)	2026-08-20T18:02:56.3648168Z   ---
test (20)	Coverage report (informational, not a gate)	2026-08-20T18:02:56.3648582Z   duration_ms: 0.163577
test (20)	Coverage report (informational, not a gate)	2026-08-20T18:02:56.3649018Z   ...
test (20)	Coverage report (informational, not a gate)	2026-08-20T18:02:56.3649972Z # Subtest: --seed=<n> equals form accepts a negative number
test (20)	Coverage report (informational, not a gate)	2026-08-20T18:02:56.3650712Z ok 10 - --seed=<n> equals form accepts a negative number
test (20)	Coverage report (informational, not a gate)	2026-08-20T18:02:56.3651308Z   ---
test (20)	Coverage report (informational, not a gate)	2026-08-20T18:02:56.3651730Z   duration_ms: 0.15197
test (20)	Coverage report (informational, not a gate)	2026-08-20T18:02:56.3652161Z   ...
test (20)	Coverage report (informational, not a gate)	2026-08-20T18:02:56.3652666Z # Subtest: non-numeric --seed is a usage error
test (20)	Coverage report (informational, not a gate)	2026-08-20T18:02:56.3653301Z ok 11 - non-numeric --seed is a usage error
test (20)	Coverage report (informational, not a gate)	2026-08-20T18:02:56.3653817Z   ---
test (20)	Coverage report (informational, not a gate)	2026-08-20T18:02:56.3654229Z   duration_ms: 0.274745
test (20)	Coverage report (informational, not a gate)	2026-08-20T18:02:56.3654657Z   ...
test (20)	Coverage report (informational, not a gate)	2026-08-20T18:02:56.3655218Z # Subtest: non-numeric --seed= equals form is a usage error
test (20)	Coverage report (informational, not a gate)	2026-08-20T18:02:56.3655962Z ok 12 - non-numeric --seed= equals form is a usage error
test (20)	Coverage report (informational, not a gate)	2026-08-20T18:02:56.3656512Z   ---
test (20)	Coverage report (informational, not a gate)	2026-08-20T18:02:56.3656924Z   duration_ms: 0.184999
test (20)	Coverage report (informational, not a gate)	2026-08-20T18:02:56.3657353Z   ...
test (20)	Coverage report (informational, not a gate)	2026-08-20T18:02:56.3657991Z # Subtest: --list sets list: true
test (20)	Coverage report (informational, not a gate)	2026-08-20T18:02:56.3658538Z ok 13 - --list sets list: true
test (20)	Coverage report (informational, not a gate)	2026-08-20T18:02:56.3659002Z   ---
test (20)	Coverage report (informational, not a gate)	2026-08-20T18:02:56.3659421Z   duration_ms: 0.169526
test (20)	Coverage report (informational, not a gate)	2026-08-20T18:02:56.3659848Z   ...
test (20)	Coverage report (informational, not a gate)	2026-08-20T18:02:56.3660593Z # Subtest: --json sets json: true
test (20)	Coverage report (informational, not a gate)	2026-08-20T18:02:56.3661199Z ok 14 - --json sets json: true
test (20)	Coverage report (informational, not a gate)	2026-08-20T18:02:56.3662864Z   ---
test (20)	Coverage report (informational, not a gate)	2026-08-20T18:02:56.3663321Z   duration_ms: 0.13949
test (20)	Coverage report (informational, not a gate)	2026-08-20T18:02:56.3663754Z   ...
test (20)	Coverage report (informational, not a gate)	2026-08-20T18:02:56.3664222Z # Subtest: --help sets help: true
test (20)	Coverage report (informational, not a gate)	2026-08-20T18:02:56.3677880Z ok 15 - --help sets help: true
test (20)	Coverage report (informational, not a gate)	2026-08-20T18:02:56.3682550Z   ---
test (20)	Coverage report (informational, not a gate)	2026-08-20T18:02:56.3683033Z   duration_ms: 0.133261
test (20)	Coverage report (informational, not a gate)	2026-08-20T18:02:56.3683493Z   ...
test (20)	Coverage report (informational, not a gate)	2026-08-20T18:02:56.3683941Z # Subtest: -h sets help: true
test (20)	Coverage report (informational, not a gate)	2026-08-20T18:02:56.3684458Z ok 16 - -h sets help: true
test (20)	Coverage report (informational, not a gate)	2026-08-20T18:02:56.3684914Z   ---
test (20)	Coverage report (informational, not a gate)	2026-08-20T18:02:56.3685320Z   duration_ms: 0.135374
test (20)	Coverage report (informational, not a gate)	2026-08-20T18:02:56.3685759Z   ...
test (20)	Coverage report (informational, not a gate)	2026-08-20T18:02:56.3686260Z # Subtest: unknown flag is a usage error
test (20)	Coverage report (informational, not a gate)	2026-08-20T18:02:56.3686902Z ok 17 - unknown flag is a usage error
test (20)	Coverage report (informational, not a gate)	2026-08-20T18:02:56.3687559Z   ---
test (20)	Coverage report (informational, not a gate)	2026-08-20T18:02:56.3687974Z   duration_ms: 0.181063
test (20)	Coverage report (informational, not a gate)	2026-08-20T18:02:56.3712519Z   ...
test (20)	Coverage report (informational, not a gate)	2026-08-20T18:02:56.3713132Z # Subtest: unknown short flag is a usage error
test (20)	Coverage report (informational, not a gate)	2026-08-20T18:02:56.3713837Z ok 18 - unknown short flag is a usage error
test (20)	Coverage report (informational, not a gate)	2026-08-20T18:02:56.3714392Z   ---
test (20)	Coverage report (informational, not a gate)	2026-08-20T18:02:56.3714836Z   duration_ms: 0.131378
test (20)	Coverage report (informational, not a gate)	2026-08-20T18:02:56.3715291Z   ...
test (20)	Coverage report (informational, not a gate)	2026-08-20T18:02:56.3715968Z # Subtest: --author missing value at end of argv is a usage error
test (20)	Coverage report (informational, not a gate)	2026-08-20T18:02:56.3716792Z ok 19 - --author missing value at end of argv is a usage error
test (20)	Coverage report (informational, not a gate)	2026-08-20T18:02:56.3717546Z   ---
test (20)	Coverage report (informational, not a gate)	2026-08-20T18:02:56.3717969Z   duration_ms: 1.385351
test (20)	Coverage report (informational, not a gate)	2026-08-20T18:02:56.3718410Z   ...
test (20)	Coverage report (informational, not a gate)	2026-08-20T18:02:56.3719084Z # Subtest: --tag missing value because next token is another flag is a usage error
test (20)	Coverage report (informational, not a gate)	2026-08-20T18:02:56.3719989Z ok 20 - --tag missing value because next token is another flag is a usage error
test (20)	Coverage report (informational, not a gate)	2026-08-20T18:02:56.3720634Z   ---
test (20)	Coverage report (informational, not a gate)	2026-08-20T18:02:56.3721021Z   duration_ms: 0.17246
test (20)	Coverage report (informational, not a gate)	2026-08-20T18:02:56.3721451Z   ...
test (20)	Coverage report (informational, not a gate)	2026-08-20T18:02:56.3722040Z # Subtest: --seed missing value at end of argv is a usage error
test (20)	Coverage report (informational, not a gate)	2026-08-20T18:02:56.3722811Z ok 21 - --seed missing value at end of argv is a usage error
test (20)	Coverage report (informational, not a gate)	2026-08-20T18:02:56.3723365Z   ---
test (20)	Coverage report (informational, not a gate)	2026-08-20T18:02:56.3723764Z   duration_ms: 0.150828
test (20)	Coverage report (informational, not a gate)	2026-08-20T18:02:56.3724206Z   ...
test (20)	Coverage report (informational, not a gate)	2026-08-20T18:02:56.3724738Z # Subtest: --author= with empty value is a usage error
test (20)	Coverage report (informational, not a gate)	2026-08-20T18:02:56.3725391Z ok 22 - --author= with empty value is a usage error
test (20)	Coverage report (informational, not a gate)	2026-08-20T18:02:56.3725931Z   ---
test (20)	Coverage report (informational, not a gate)	2026-08-20T18:02:56.3726329Z   duration_ms: 0.128034
test (20)	Coverage report (informational, not a gate)	2026-08-20T18:02:56.3726758Z   ...
test (20)	Coverage report (informational, not a gate)	2026-08-20T18:02:56.3727659Z # Subtest: a bare positional argument (not a flag) is a usage error
test (20)	Coverage report (informational, not a gate)	2026-08-20T18:02:56.3728493Z ok 23 - a bare positional argument (not a flag) is a usage error
test (20)	Coverage report (informational, not a gate)	2026-08-20T18:02:56.3729080Z   ---
test (20)	Coverage report (informational, not a gate)	2026-08-20T18:02:56.3729480Z   duration_ms: 0.143867
test (20)	Coverage report (informational, not a gate)	2026-08-20T18:02:56.3729912Z   ...
test (20)	Coverage report (informational, not a gate)	2026-08-20T18:02:56.3730437Z # Subtest: parseArgs never throws on malformed input
test (20)	Coverage report (informational, not a gate)	2026-08-20T18:02:56.3731118Z ok 24 - parseArgs never throws on malformed input
test (20)	Coverage report (informational, not a gate)	2026-08-20T18:02:56.3731871Z   ---
test (20)	Coverage report (informational, not a gate)	2026-08-20T18:02:56.3732265Z   duration_ms: 0.31749
test (20)	Coverage report (informational, not a gate)	2026-08-20T18:02:56.3732696Z   ...
test (20)	Coverage report (informational, not a gate)	2026-08-20T18:02:56.3733255Z # Subtest: absent options are undefined/false, never null
test (20)	Coverage report (informational, not a gate)	2026-08-20T18:02:56.3733980Z ok 25 - absent options are undefined/false, never null
test (20)	Coverage report (informational, not a gate)	2026-08-20T18:02:56.3734523Z   ---
test (20)	Coverage report (informational, not a gate)	2026-08-20T18:02:56.3734975Z   duration_ms: 0.162315
test (20)	Coverage report (informational, not a gate)	2026-08-20T18:02:56.3735431Z   ...
test (20)	Coverage report (informational, not a gate)	2026-08-20T18:02:56.3736023Z # Subtest: HELP is a non-empty string mentioning every flag name
test (20)	Coverage report (informational, not a gate)	2026-08-20T18:02:56.3736795Z ok 26 - HELP is a non-empty string mentioning every flag name
test (20)	Coverage report (informational, not a gate)	2026-08-20T18:02:56.3737357Z   ---
test (20)	Coverage report (informational, not a gate)	2026-08-20T18:02:56.3738093Z   duration_ms: 0.224729
test (20)	Coverage report (informational, not a gate)	2026-08-20T18:02:56.3738538Z   ...
test (20)	Coverage report (informational, not a gate)	2026-08-20T18:02:56.3739124Z # Subtest: HELP fits comfortably on one 24-line terminal screen
test (20)	Coverage report (informational, not a gate)	2026-08-20T18:02:56.3739899Z ok 27 - HELP fits comfortably on one 24-line terminal screen
test (20)	Coverage report (informational, not a gate)	2026-08-20T18:02:56.3740599Z   ---
test (20)	Coverage report (informational, not a gate)	2026-08-20T18:02:56.3741043Z   duration_ms: 0.170978
test (20)	Coverage report (informational, not a gate)	2026-08-20T18:02:56.3741475Z   ...
test (20)	Coverage report (informational, not a gate)	2026-08-20T18:02:56.3742184Z # Subtest: --seed Infinity / --seed -Infinity parse to numbers, not a usage error
test (20)	Coverage report (informational, not a gate)	2026-08-20T18:02:56.3743343Z ok 28 - --seed Infinity / --seed -Infinity parse to numbers, not a usage error
test (20)	Coverage report (informational, not a gate)	2026-08-20T18:02:56.3743963Z   ---
test (20)	Coverage report (informational, not a gate)	2026-08-20T18:02:56.3744384Z   duration_ms: 0.166351
test (20)	Coverage report (informational, not a gate)	2026-08-20T18:02:56.3744809Z   ...
test (20)	Coverage report (informational, not a gate)	2026-08-20T18:02:59.3532812Z # Subtest: bare invocation prints one attributed aphorism and exits 0
test (20)	Coverage report (informational, not a gate)	2026-08-20T18:02:59.3541102Z ok 29 - bare invocation prints one attributed aphorism and exits 0
test (20)	Coverage report (informational, not a gate)	2026-08-20T18:02:59.3541756Z   ---
test (20)	Coverage report (informational, not a gate)	2026-08-20T18:02:59.3542287Z   duration_ms: 46.566556
test (20)	Coverage report (informational, not a gate)	2026-08-20T18:02:59.3542777Z   ...
test (20)	Coverage report (informational, not a gate)	2026-08-20T18:02:59.3543375Z # Subtest: --seed is deterministic across separate processes
test (20)	Coverage report (informational, not a gate)	2026-08-20T18:02:59.3554236Z ok 30 - --seed is deterministic across separate processes
test (20)	Coverage report (informational, not a gate)	2026-08-20T18:02:59.3554681Z   ---
test (20)	Coverage report (informational, not a gate)	2026-08-20T18:02:59.3554934Z   duration_ms: 69.348109
test (20)	Coverage report (informational, not a gate)	2026-08-20T18:02:59.3555204Z   ...
test (20)	Coverage report (informational, not a gate)	2026-08-20T18:02:59.3555629Z # Subtest: different seeds do not all collapse to one aphorism
test (20)	Coverage report (informational, not a gate)	2026-08-20T18:02:59.3556250Z ok 31 - different seeds do not all collapse to one aphorism
test (20)	Coverage report (informational, not a gate)	2026-08-20T18:02:59.3556669Z   ---
test (20)	Coverage report (informational, not a gate)	2026-08-20T18:02:59.3556926Z   duration_ms: 429.802151
test (20)	Coverage report (informational, not a gate)	2026-08-20T18:02:59.3557212Z   ...
test (20)	Coverage report (informational, not a gate)	2026-08-20T18:02:59.3559131Z # Subtest: --json emits a single-line JSON object with text/author/tags
test (20)	Coverage report (informational, not a gate)	2026-08-20T18:02:59.3559864Z ok 32 - --json emits a single-line JSON object with text/author/tags
test (20)	Coverage report (informational, not a gate)	2026-08-20T18:02:59.3560315Z   ---
test (20)	Coverage report (informational, not a gate)	2026-08-20T18:02:59.3560572Z   duration_ms: 34.52536
test (20)	Coverage report (informational, not a gate)	2026-08-20T18:02:59.3560848Z   ...
test (20)	Coverage report (informational, not a gate)	2026-08-20T18:02:59.3561264Z # Subtest: --list prints every entry in the filtered set
test (20)	Coverage report (informational, not a gate)	2026-08-20T18:02:59.3561824Z ok 33 - --list prints every entry in the filtered set
test (20)	Coverage report (informational, not a gate)	2026-08-20T18:02:59.3562212Z   ---
test (20)	Coverage report (informational, not a gate)	2026-08-20T18:02:59.3562463Z   duration_ms: 32.912054
test (20)	Coverage report (informational, not a gate)	2026-08-20T18:02:59.3562750Z   ...
test (20)	Coverage report (informational, not a gate)	2026-08-20T18:02:59.3563162Z # Subtest: --help prints usage to stdout and exits 0
test (20)	Coverage report (informational, not a gate)	2026-08-20T18:02:59.3563678Z ok 34 - --help prints usage to stdout and exits 0
test (20)	Coverage report (informational, not a gate)	2026-08-20T18:02:59.3564061Z   ---
test (20)	Coverage report (informational, not a gate)	2026-08-20T18:02:59.3564306Z   duration_ms: 30.557118
test (20)	Coverage report (informational, not a gate)	2026-08-20T18:02:59.3564622Z   ...
test (20)	Coverage report (informational, not a gate)	2026-08-20T18:02:59.3565074Z # Subtest: no match exits 1 with stderr only and zero bytes on stdout
test (20)	Coverage report (informational, not a gate)	2026-08-20T18:02:59.3565705Z ok 35 - no match exits 1 with stderr only and zero bytes on stdout
test (20)	Coverage report (informational, not a gate)	2026-08-20T18:02:59.3566130Z   ---
test (20)	Coverage report (informational, not a gate)	2026-08-20T18:02:59.3566374Z   duration_ms: 31.50552
test (20)	Coverage report (informational, not a gate)	2026-08-20T18:02:59.3566655Z   ...
test (20)	Coverage report (informational, not a gate)	2026-08-20T18:02:59.3567087Z # Subtest: unknown flag is a usage error, exit 2, stdout clean
test (20)	Coverage report (informational, not a gate)	2026-08-20T18:02:59.3567849Z ok 36 - unknown flag is a usage error, exit 2, stdout clean
test (20)	Coverage report (informational, not a gate)	2026-08-20T18:02:59.3568245Z   ---
test (20)	Coverage report (informational, not a gate)	2026-08-20T18:02:59.3568485Z   duration_ms: 41.831782
test (20)	Coverage report (informational, not a gate)	2026-08-20T18:02:59.3568769Z   ...
test (20)	Coverage report (informational, not a gate)	2026-08-20T18:02:59.3570484Z # Subtest: non-numeric seed is a usage error, exit 2
test (20)	Coverage report (informational, not a gate)	2026-08-20T18:02:59.3571282Z ok 37 - non-numeric seed is a usage error, exit 2
test (20)	Coverage report (informational, not a gate)	2026-08-20T18:02:59.3571705Z   ---
test (20)	Coverage report (informational, not a gate)	2026-08-20T18:02:59.3571971Z   duration_ms: 32.554724
test (20)	Coverage report (informational, not a gate)	2026-08-20T18:02:59.3572275Z   ...
test (20)	Coverage report (informational, not a gate)	2026-08-20T18:02:59.3573389Z # Subtest: author filter is case-insensitive and narrows the list
test (20)	Coverage report (informational, not a gate)	2026-08-20T18:02:59.3574066Z ok 38 - author filter is case-insensitive and narrows the list
test (20)	Coverage report (informational, not a gate)	2026-08-20T18:02:59.3574501Z   ---
test (20)	Coverage report (informational, not a gate)	2026-08-20T18:02:59.3574754Z   duration_ms: 61.986042
test (20)	Coverage report (informational, not a gate)	2026-08-20T18:02:59.3575028Z   ...
test (20)	Coverage report (informational, not a gate)	2026-08-20T18:02:59.3575805Z # Subtest: output is pipe-safe — no ANSI escapes when not a TTY
test (20)	Coverage report (informational, not a gate)	2026-08-20T18:02:59.3576519Z ok 39 - output is pipe-safe — no ANSI escapes when not a TTY
test (20)	Coverage report (informational, not a gate)	2026-08-20T18:02:59.3576926Z   ---
test (20)	Coverage report (informational, not a gate)	2026-08-20T18:02:59.3577177Z   duration_ms: 29.373872
test (20)	Coverage report (informational, not a gate)	2026-08-20T18:02:59.3577884Z   ...
test (20)	Coverage report (informational, not a gate)	2026-08-20T18:02:59.3578352Z # Subtest: --tag matches membership, not substring containment
test (20)	Coverage report (informational, not a gate)	2026-08-20T18:02:59.3578970Z ok 40 - --tag matches membership, not substring containment
test (20)	Coverage report (informational, not a gate)	2026-08-20T18:02:59.3579373Z   ---
test (20)	Coverage report (informational, not a gate)	2026-08-20T18:02:59.3579628Z   duration_ms: 61.123831
test (20)	Coverage report (informational, not a gate)	2026-08-20T18:02:59.3579913Z   ...
test (20)	Coverage report (informational, not a gate)	2026-08-20T18:02:59.3580391Z # Subtest: --list prints exactly one line per matching entry, no drops
test (20)	Coverage report (informational, not a gate)	2026-08-20T18:02:59.3581076Z ok 41 - --list prints exactly one line per matching entry, no drops
test (20)	Coverage report (informational, not a gate)	2026-08-20T18:02:59.3581770Z   ---
test (20)	Coverage report (informational, not a gate)	2026-08-20T18:02:59.3582024Z   duration_ms: 34.42638
test (20)	Coverage report (informational, not a gate)	2026-08-20T18:02:59.3582299Z   ...
test (20)	Coverage report (informational, not a gate)	2026-08-20T18:02:59.3582769Z # Subtest: --list preserves corpus order (first and last line match)
test (20)	Coverage report (informational, not a gate)	2026-08-20T18:02:59.3583431Z ok 42 - --list preserves corpus order (first and last line match)
test (20)	Coverage report (informational, not a gate)	2026-08-20T18:02:59.3583870Z   ---
test (20)	Coverage report (informational, not a gate)	2026-08-20T18:02:59.3584124Z   duration_ms: 31.059777
test (20)	Coverage report (informational, not a gate)	2026-08-20T18:02:59.3584406Z   ...
test (20)	Coverage report (informational, not a gate)	2026-08-20T18:02:59.3584857Z # Subtest: --json output is exactly one line, never pretty-printed
test (20)	Coverage report (informational, not a gate)	2026-08-20T18:02:59.3585521Z ok 43 - --json output is exactly one line, never pretty-printed
test (20)	Coverage report (informational, not a gate)	2026-08-20T18:02:59.3586637Z   ---
test (20)	Coverage report (informational, not a gate)	2026-08-20T18:02:59.3586915Z   duration_ms: 28.899735
test (20)	Coverage report (informational, not a gate)	2026-08-20T18:02:59.3587196Z   ...
test (20)	Coverage report (informational, not a gate)	2026-08-20T18:02:59.3587964Z # Subtest: --list --json emits newline-delimited JSON, one object per line, in corpus order
test (20)	Coverage report (informational, not a gate)	2026-08-20T18:02:59.3588851Z ok 44 - --list --json emits newline-delimited JSON, one object per line, in corpus order
test (20)	Coverage report (informational, not a gate)	2026-08-20T18:02:59.3589392Z   ---
test (20)	Coverage report (informational, not a gate)	2026-08-20T18:02:59.3589647Z   duration_ms: 29.779894
test (20)	Coverage report (informational, not a gate)	2026-08-20T18:02:59.3589928Z   ...
test (20)	Coverage report (informational, not a gate)	2026-08-20T18:02:59.3590712Z # Subtest: --json composes with --seed: the seeded JSON pick is reproducible AND is the same entry as the plain-text pick
test (20)	Coverage report (informational, not a gate)	2026-08-20T18:02:59.3624942Z ok 45 - --json composes with --seed: the seeded JSON pick is reproducible AND is the same entry as the plain-text pick
test (20)	Coverage report (informational, not a gate)	2026-08-20T18:02:59.3648122Z   ---
test (20)	Coverage report (informational, not a gate)	2026-08-20T18:02:59.3648660Z   duration_ms: 543.440088
test (20)	Coverage report (informational, not a gate)	2026-08-20T18:02:59.3648998Z   ...
test (20)	Coverage report (informational, not a gate)	2026-08-20T18:02:59.3649688Z # Subtest: --json composes with the filter flags: the JSON pick is always a member of the FILTERED set
test (20)	Coverage report (informational, not a gate)	2026-08-20T18:02:59.3650639Z ok 46 - --json composes with the filter flags: the JSON pick is always a member of the FILTERED set
test (20)	Coverage report (informational, not a gate)	2026-08-20T18:02:59.3651135Z   ---
test (20)	Coverage report (informational, not a gate)	2026-08-20T18:02:59.3651390Z   duration_ms: 723.906383
test (20)	Coverage report (informational, not a gate)	2026-08-20T18:02:59.3651668Z   ...
test (20)	Coverage report (informational, not a gate)	2026-08-20T18:02:59.3652265Z # Subtest: --list accepts a valid --seed and IGNORES it: output is byte-identical across seeds
test (20)	Coverage report (informational, not a gate)	2026-08-20T18:02:59.3653133Z ok 47 - --list accepts a valid --seed and IGNORES it: output is byte-identical across seeds
test (20)	Coverage report (informational, not a gate)	2026-08-20T18:02:59.3653644Z   ---
test (20)	Coverage report (informational, not a gate)	2026-08-20T18:02:59.3653890Z   duration_ms: 300.01437
test (20)	Coverage report (informational, not a gate)	2026-08-20T18:02:59.3654164Z   ...
test (20)	Coverage report (informational, not a gate)	2026-08-20T18:02:59.3654743Z # Subtest: --list --seed abc is a usage error, exit 2, stdout empty, stderr carries the diagnostic
test (20)	Coverage report (informational, not a gate)	2026-08-20T18:02:59.3655628Z ok 48 - --list --seed abc is a usage error, exit 2, stdout empty, stderr carries the diagnostic
test (20)	Coverage report (informational, not a gate)	2026-08-20T18:02:59.3656163Z   ---
test (20)	Coverage report (informational, not a gate)	2026-08-20T18:02:59.3656416Z   duration_ms: 30.285789
test (20)	Coverage report (informational, not a gate)	2026-08-20T18:02:59.3656694Z   ...
test (20)	Coverage report (informational, not a gate)	2026-08-20T18:02:59.3657544Z # Subtest: --seed abc --list (erroring flag BEFORE --list) is still a usage error, exit 2, stdout empty
test (20)	Coverage report (informational, not a gate)	2026-08-20T18:02:59.3658514Z ok 49 - --seed abc --list (erroring flag BEFORE --list) is still a usage error, exit 2, stdout empty
test (20)	Coverage report (informational, not a gate)	2026-08-20T18:02:59.3659067Z   ---
test (20)	Coverage report (informational, not a gate)	2026-08-20T18:02:59.3659572Z   duration_ms: 29.92224
test (20)	Coverage report (informational, not a gate)	2026-08-20T18:02:59.3659842Z   ...
test (20)	Coverage report (informational, not a gate)	2026-08-20T18:02:59.3660373Z # Subtest: --list --seed=  (empty seed value) is a usage error, exit 2, stdout empty
test (20)	Coverage report (informational, not a gate)	2026-08-20T18:02:59.3661147Z ok 50 - --list --seed=  (empty seed value) is a usage error, exit 2, stdout empty
test (20)	Coverage report (informational, not a gate)	2026-08-20T18:02:59.3661617Z   ---
test (20)	Coverage report (informational, not a gate)	2026-08-20T18:02:59.3661863Z   duration_ms: 30.092717
test (20)	Coverage report (informational, not a gate)	2026-08-20T18:02:59.3662144Z   ...
test (20)	Coverage report (informational, not a gate)	2026-08-20T18:02:59.3662757Z # Subtest: --list --seed "   " (whitespace-only seed value) is a usage error, exit 2, stdout empty
test (20)	Coverage report (informational, not a gate)	2026-08-20T18:02:59.3663677Z ok 51 - --list --seed "   " (whitespace-only seed value) is a usage error, exit 2, stdout empty
test (20)	Coverage report (informational, not a gate)	2026-08-20T18:02:59.3664236Z   ---
test (20)	Coverage report (informational, not a gate)	2026-08-20T18:02:59.3664493Z   duration_ms: 31.395774
test (20)	Coverage report (informational, not a gate)	2026-08-20T18:02:59.3664773Z   ...
test (20)	Coverage report (informational, not a gate)	2026-08-20T18:02:59.3665715Z # Subtest: --list --nosuchflag (unknown flag) is a usage error, exit 2, stdout empty — --list does not swallow it
test (20)	Coverage report (informational, not a gate)	2026-08-20T18:02:59.3666960Z ok 52 - --list --nosuchflag (unknown flag) is a usage error, exit 2, stdout empty — --list does not swallow it
test (20)	Coverage report (informational, not a gate)	2026-08-20T18:02:59.3667741Z   ---
test (20)	Coverage report (informational, not a gate)	2026-08-20T18:02:59.3668245Z   duration_ms: 30.150023
test (20)	Coverage report (informational, not a gate)	2026-08-20T18:02:59.3668534Z   ...
test (20)	Coverage report (informational, not a gate)	2026-08-20T18:02:59.3669209Z # Subtest: --nosuchflag --list (unknown flag BEFORE --list) is still a usage error, exit 2, stdout empty
test (20)	Coverage report (informational, not a gate)	2026-08-20T18:02:59.3670231Z ok 53 - --nosuchflag --list (unknown flag BEFORE --list) is still a usage error, exit 2, stdout empty
test (20)	Coverage report (informational, not a gate)	2026-08-20T18:02:59.3670802Z   ---
test (20)	Coverage report (informational, not a gate)	2026-08-20T18:02:59.3671051Z   duration_ms: 30.993677
test (20)	Coverage report (informational, not a gate)	2026-08-20T18:02:59.3671330Z   ...
test (20)	Coverage report (informational, not a gate)	2026-08-20T18:02:59.3672006Z # Subtest: plain single-pick output is TWO lines: text, newline, four-space indent, EM DASH, space, author
test (20)	Coverage report (informational, not a gate)	2026-08-20T18:02:59.3673031Z ok 54 - plain single-pick output is TWO lines: text, newline, four-space indent, EM DASH, space, author
test (20)	Coverage report (informational, not a gate)	2026-08-20T18:02:59.3673618Z   ---
test (20)	Coverage report (informational, not a gate)	2026-08-20T18:02:59.3673868Z   duration_ms: 30.196123
test (20)	Coverage report (informational, not a gate)	2026-08-20T18:02:59.3674153Z   ...
test (20)	Coverage report (informational, not a gate)	2026-08-20T18:02:59.3674791Z # Subtest: --seed Infinity and --seed -Infinity (typed as CLI strings) are accepted and deterministic
test (20)	Coverage report (informational, not a gate)	2026-08-20T18:02:59.3675821Z ok 55 - --seed Infinity and --seed -Infinity (typed as CLI strings) are accepted and deterministic
test (20)	Coverage report (informational, not a gate)	2026-08-20T18:02:59.3676385Z   ---
test (20)	Coverage report (informational, not a gate)	2026-08-20T18:02:59.3676633Z   duration_ms: 120.228813
test (20)	Coverage report (informational, not a gate)	2026-08-20T18:02:59.3676915Z   ...
test (20)	Coverage report (informational, not a gate)	2026-08-20T18:02:59.3677682Z # Subtest: --list with a filter that matches nothing is STILL exit 1, stderr only, stdout empty
test (20)	Coverage report (informational, not a gate)	2026-08-20T18:02:59.3678585Z ok 56 - --list with a filter that matches nothing is STILL exit 1, stderr only, stdout empty
test (20)	Coverage report (informational, not a gate)	2026-08-20T18:02:59.3679122Z   ---
test (20)	Coverage report (informational, not a gate)	2026-08-20T18:02:59.3679366Z   duration_ms: 58.601463
test (20)	Coverage report (informational, not a gate)	2026-08-20T18:02:59.3679640Z   ...
test (20)	Coverage report (informational, not a gate)	2026-08-20T18:02:59.3680420Z # Subtest: --tag "" (bare empty-string value) matches nothing: whole-tag equality against the literal "" is not a filter no-op
test (20)	Coverage report (informational, not a gate)	2026-08-20T18:02:59.3681650Z ok 57 - --tag "" (bare empty-string value) matches nothing: whole-tag equality against the literal "" is not a filter no-op
test (20)	Coverage report (informational, not a gate)	2026-08-20T18:02:59.3682326Z   ---
test (20)	Coverage report (informational, not a gate)	2026-08-20T18:02:59.3682580Z   duration_ms: 30.130094
test (20)	Coverage report (informational, not a gate)	2026-08-20T18:02:59.3682878Z   ...
test (20)	Coverage report (informational, not a gate)	2026-08-20T18:02:59.4838110Z # Subtest: README Node support citation: cited git diff must be empty (or the check must skip on a missing precondition)
test (20)	Coverage report (informational, not a gate)	2026-08-20T18:02:59.4839797Z ok 58 - README Node support citation: cited git diff must be empty (or the check must skip on a missing precondition) # SKIP cited base commit 2b003ea is not reachable in this checkout (this is a shallow clone) -- cannot evaluate the README's Node support citation
test (20)	Coverage report (informational, not a gate)	2026-08-20T18:02:59.4840937Z   ---
test (20)	Coverage report (informational, not a gate)	2026-08-20T18:02:59.4841203Z   duration_ms: 28.808127
test (20)	Coverage report (informational, not a gate)	2026-08-20T18:02:59.4841514Z   ...
test (20)	Coverage report (informational, not a gate)	2026-08-20T18:02:59.4842716Z # Subtest: README Node support citation: base-to-working-tree diff must also be empty, so an uncommitted falsification is visible now (or the check must skip on a missing precondition)
test (20)	Coverage report (informational, not a gate)	2026-08-20T18:02:59.4845395Z ok 59 - README Node support citation: base-to-working-tree diff must also be empty, so an uncommitted falsification is visible now (or the check must skip on a missing precondition) # SKIP cited base commit 2b003ea is not reachable in this checkout (this is a shallow clone) -- cannot evaluate the README's Node support citation
test (20)	Coverage report (informational, not a gate)	2026-08-20T18:02:59.4847275Z   ---
test (20)	Coverage report (informational, not a gate)	2026-08-20T18:02:59.4847641Z   duration_ms: 9.569239
test (20)	Coverage report (informational, not a gate)	2026-08-20T18:02:59.4847934Z   ...
test (20)	Coverage report (informational, not a gate)	2026-08-20T18:02:59.4848424Z # Subtest: --list | true: exits quietly, zero stderr, no crash banner
test (20)	Coverage report (informational, not a gate)	2026-08-20T18:02:59.4849054Z ok 60 - --list | true: exits quietly, zero stderr, no crash banner
test (20)	Coverage report (informational, not a gate)	2026-08-20T18:02:59.4849497Z   ---
test (20)	Coverage report (informational, not a gate)	2026-08-20T18:02:59.4849751Z   duration_ms: 50.575473
test (20)	Coverage report (informational, not a gate)	2026-08-20T18:02:59.4850039Z   ...
test (20)	Coverage report (informational, not a gate)	2026-08-20T18:02:59.4850548Z # Subtest: | true (no --list, single aphorism): exits quietly, zero stderr
test (20)	Coverage report (informational, not a gate)	2026-08-20T18:02:59.4851262Z ok 61 - | true (no --list, single aphorism): exits quietly, zero stderr
test (20)	Coverage report (informational, not a gate)	2026-08-20T18:02:59.4851576Z   ---
test (20)	Coverage report (informational, not a gate)	2026-08-20T18:02:59.4851732Z   duration_ms: 43.954947
test (20)	Coverage report (informational, not a gate)	2026-08-20T18:02:59.4851909Z   ...
test (20)	Coverage report (informational, not a gate)	2026-08-20T18:02:59.4852197Z # Subtest: --list | head -0: exits quietly, zero stderr, no crash banner
test (20)	Coverage report (informational, not a gate)	2026-08-20T18:02:59.4852749Z ok 62 - --list | head -0: exits quietly, zero stderr, no crash banner
test (20)	Coverage report (informational, not a gate)	2026-08-20T18:02:59.4853107Z   ---
test (20)	Coverage report (informational, not a gate)	2026-08-20T18:02:59.4853372Z   duration_ms: 36.634414
test (20)	Coverage report (informational, not a gate)	2026-08-20T18:02:59.4853645Z   ...
test (20)	Coverage report (informational, not a gate)	2026-08-20T18:02:59.4854148Z # Subtest: --list | /nonexistent-cmd-xyz: no crash banner from the CLI itself
test (20)	Coverage report (informational, not a gate)	2026-08-20T18:02:59.4854889Z ok 63 - --list | /nonexistent-cmd-xyz: no crash banner from the CLI itself
test (20)	Coverage report (informational, not a gate)	2026-08-20T18:02:59.4855351Z   ---
test (20)	Coverage report (informational, not a gate)	2026-08-20T18:02:59.4855587Z   duration_ms: 43.937751
test (20)	Coverage report (informational, not a gate)	2026-08-20T18:02:59.4855861Z   ...
test (20)	Coverage report (informational, not a gate)	2026-08-20T18:02:59.4856442Z # Subtest: non-EPIPE stdout write failure: reported, not silent, not exit 1, no stack trace
test (20)	Coverage report (informational, not a gate)	2026-08-20T18:02:59.4857325Z ok 64 - non-EPIPE stdout write failure: reported, not silent, not exit 1, no stack trace
test (20)	Coverage report (informational, not a gate)	2026-08-20T18:02:59.4858020Z   ---
test (20)	Coverage report (informational, not a gate)	2026-08-20T18:02:59.4858273Z   duration_ms: 43.117412
test (20)	Coverage report (informational, not a gate)	2026-08-20T18:02:59.4858551Z   ...
test (20)	Coverage report (informational, not a gate)	2026-08-20T18:02:59.4859126Z # Subtest: usage error survives a closed stderr reader: still exits 2, not clobbered to 1
test (20)	Coverage report (informational, not a gate)	2026-08-20T18:02:59.4859985Z ok 65 - usage error survives a closed stderr reader: still exits 2, not clobbered to 1
test (20)	Coverage report (informational, not a gate)	2026-08-20T18:02:59.4860502Z   ---
test (20)	Coverage report (informational, not a gate)	2026-08-20T18:02:59.4860742Z   duration_ms: 104.070576
test (20)	Coverage report (informational, not a gate)	2026-08-20T18:02:59.4861027Z   ...
test (20)	Coverage report (informational, not a gate)	2026-08-20T18:02:59.4861611Z # Subtest: no-match exit code survives a closed stderr reader: still exits 1, not misreported
test (20)	Coverage report (informational, not a gate)	2026-08-20T18:02:59.4862501Z ok 66 - no-match exit code survives a closed stderr reader: still exits 1, not misreported
test (20)	Coverage report (informational, not a gate)	2026-08-20T18:02:59.4863029Z   ---
test (20)	Coverage report (informational, not a gate)	2026-08-20T18:02:59.4863295Z   duration_ms: 121.9489
test (20)	Coverage report (informational, not a gate)	2026-08-20T18:02:59.4863699Z   ...
test (20)	Coverage report (informational, not a gate)	2026-08-20T18:02:59.4864481Z # Subtest: non-EPIPE stderr write failure: not silent, not the earned exit code, no stack trace
test (20)	Coverage report (informational, not a gate)	2026-08-20T18:02:59.4865635Z ok 67 - non-EPIPE stderr write failure: not silent, not the earned exit code, no stack trace
test (20)	Coverage report (informational, not a gate)	2026-08-20T18:02:59.4866392Z   ---
test (20)	Coverage report (informational, not a gate)	2026-08-20T18:02:59.4866800Z   duration_ms: 33.753815
test (20)	Coverage report (informational, not a gate)	2026-08-20T18:02:59.4867227Z   ...
test (20)	Coverage report (informational, not a gate)	2026-08-20T18:02:59.4867929Z # Subtest: control: --list | head -1 stays completely clean
test (20)	Coverage report (informational, not a gate)	2026-08-20T18:02:59.4868718Z ok 68 - control: --list | head -1 stays completely clean
test (20)	Coverage report (informational, not a gate)	2026-08-20T18:02:59.4880843Z   ---
test (20)	Coverage report (informational, not a gate)	2026-08-20T18:02:59.4881141Z   duration_ms: 31.533553
test (20)	Coverage report (informational, not a gate)	2026-08-20T18:02:59.4881453Z   ...
test (20)	Coverage report (informational, not a gate)	2026-08-20T18:02:59.4881891Z # Subtest: control: --list | head -5 stays completely clean
test (20)	Coverage report (informational, not a gate)	2026-08-20T18:02:59.4882491Z ok 69 - control: --list | head -5 stays completely clean
test (20)	Coverage report (informational, not a gate)	2026-08-20T18:02:59.4882894Z   ---
test (20)	Coverage report (informational, not a gate)	2026-08-20T18:02:59.4883154Z   duration_ms: 31.121766
test (20)	Coverage report (informational, not a gate)	2026-08-20T18:02:59.4883427Z   ...
test (20)	Coverage report (informational, not a gate)	2026-08-20T18:02:59.4883788Z # Subtest: control: --list | sed 1q stays completely clean
test (20)	Coverage report (informational, not a gate)	2026-08-20T18:02:59.4884273Z ok 70 - control: --list | sed 1q stays completely clean
test (20)	Coverage report (informational, not a gate)	2026-08-20T18:02:59.4884670Z   ---
test (20)	Coverage report (informational, not a gate)	2026-08-20T18:02:59.4884923Z   duration_ms: 32.438153
test (20)	Coverage report (informational, not a gate)	2026-08-20T18:02:59.4885201Z   ...
test (20)	Coverage report (informational, not a gate)	2026-08-20T18:02:59.4885626Z # Subtest: control: --list | grep -q . stays completely clean
test (20)	Coverage report (informational, not a gate)	2026-08-20T18:02:59.4886498Z ok 71 - control: --list | grep -q . stays completely clean
test (20)	Coverage report (informational, not a gate)	2026-08-20T18:02:59.4886893Z   ---
test (20)	Coverage report (informational, not a gate)	2026-08-20T18:02:59.4887141Z   duration_ms: 32.597018
test (20)	Coverage report (informational, not a gate)	2026-08-20T18:02:59.4887557Z   ...
test (20)	Coverage report (informational, not a gate)	2026-08-20T18:02:59.4887926Z # Subtest: control: | wc -l stays completely clean
test (20)	Coverage report (informational, not a gate)	2026-08-20T18:02:59.4888422Z ok 72 - control: | wc -l stays completely clean
test (20)	Coverage report (informational, not a gate)	2026-08-20T18:02:59.4888797Z   ---
test (20)	Coverage report (informational, not a gate)	2026-08-20T18:02:59.4889041Z   duration_ms: 30.84313
test (20)	Coverage report (informational, not a gate)	2026-08-20T18:02:59.4889316Z   ...
test (20)	Coverage report (informational, not a gate)	2026-08-20T18:02:59.4889764Z # Subtest: control: --list --json | head -2 stays completely clean
test (20)	Coverage report (informational, not a gate)	2026-08-20T18:02:59.4890403Z ok 73 - control: --list --json | head -2 stays completely clean
test (20)	Coverage report (informational, not a gate)	2026-08-20T18:02:59.4890830Z   ---
test (20)	Coverage report (informational, not a gate)	2026-08-20T18:02:59.4891094Z   duration_ms: 31.112146
test (20)	Coverage report (informational, not a gate)	2026-08-20T18:02:59.4891383Z   ...
test (20)	Coverage report (informational, not a gate)	2026-08-20T18:02:59.4891868Z # Subtest: control: exit 1 / exit 2 stderr messages and codes are unchanged
test (20)	Coverage report (informational, not a gate)	2026-08-20T18:02:59.4892577Z ok 74 - control: exit 1 / exit 2 stderr messages and codes are unchanged
test (20)	Coverage report (informational, not a gate)	2026-08-20T18:02:59.4893033Z   ---
test (20)	Coverage report (informational, not a gate)	2026-08-20T18:02:59.4893278Z   duration_ms: 60.285956
test (20)	Coverage report (informational, not a gate)	2026-08-20T18:02:59.4893791Z   ...
test (20)	Coverage report (informational, not a gate)	2026-08-20T18:02:59.4894346Z # Subtest: control: a normal (non-full) stdout target still exits 0 with empty stderr
test (20)	Coverage report (informational, not a gate)	2026-08-20T18:02:59.4895152Z ok 75 - control: a normal (non-full) stdout target still exits 0 with empty stderr
test (20)	Coverage report (informational, not a gate)	2026-08-20T18:02:59.4895648Z   ---
test (20)	Coverage report (informational, not a gate)	2026-08-20T18:02:59.4895897Z   duration_ms: 61.549829
test (20)	Coverage report (informational, not a gate)	2026-08-20T18:02:59.4896178Z   ...
test (20)	Coverage report (informational, not a gate)	2026-08-20T18:02:59.4896518Z # Subtest: README tags must exist in corpus
test (20)	Coverage report (informational, not a gate)	2026-08-20T18:02:59.4896979Z ok 76 - README tags must exist in corpus
test (20)	Coverage report (informational, not a gate)	2026-08-20T18:02:59.4897317Z   ---
test (20)	Coverage report (informational, not a gate)	2026-08-20T18:02:59.4897697Z   duration_ms: 2.176346
test (20)	Coverage report (informational, not a gate)	2026-08-20T18:02:59.4897973Z   ...
test (20)	Coverage report (informational, not a gate)	2026-08-20T18:02:59.4898322Z # Subtest: README tag counts must match corpus
test (20)	Coverage report (informational, not a gate)	2026-08-20T18:02:59.4898797Z ok 77 - README tag counts must match corpus
test (20)	Coverage report (informational, not a gate)	2026-08-20T18:02:59.4899161Z   ---
test (20)	Coverage report (informational, not a gate)	2026-08-20T18:02:59.4899408Z   duration_ms: 0.509129
test (20)	Coverage report (informational, not a gate)	2026-08-20T18:02:59.4899690Z   ...
test (20)	Coverage report (informational, not a gate)	2026-08-20T18:02:59.4900091Z # Subtest: README must state total unique tags correctly
test (20)	Coverage report (informational, not a gate)	2026-08-20T18:02:59.4900655Z ok 78 - README must state total unique tags correctly
test (20)	Coverage report (informational, not a gate)	2026-08-20T18:02:59.4901042Z   ---
test (20)	Coverage report (informational, not a gate)	2026-08-20T18:02:59.4901290Z   duration_ms: 1.005708
test (20)	Coverage report (informational, not a gate)	2026-08-20T18:02:59.4901559Z   ...
test (20)	Coverage report (informational, not a gate)	2026-08-20T18:02:59.4901903Z # Subtest: README must list all single-entry tags
test (20)	Coverage report (informational, not a gate)	2026-08-20T18:02:59.4902389Z ok 79 - README must list all single-entry tags
test (20)	Coverage report (informational, not a gate)	2026-08-20T18:02:59.4902742Z   ---
test (20)	Coverage report (informational, not a gate)	2026-08-20T18:02:59.4902978Z   duration_ms: 0.345913
test (20)	Coverage report (informational, not a gate)	2026-08-20T18:02:59.4903249Z   ...
test (20)	Coverage report (informational, not a gate)	2026-08-20T18:02:59.4904291Z # Subtest: README Tag vocabulary counts table "Tags on exactly one entry" row matches the corpus (structural replacement for the retired token co-occurrence guard, Q-4)
test (20)	Coverage report (informational, not a gate)	2026-08-20T18:02:59.4905956Z ok 80 - README Tag vocabulary counts table "Tags on exactly one entry" row matches the corpus (structural replacement for the retired token co-occurrence guard, Q-4)
test (20)	Coverage report (informational, not a gate)	2026-08-20T18:02:59.4906807Z   ---
test (20)	Coverage report (informational, not a gate)	2026-08-20T18:02:59.4907053Z   duration_ms: 0.37781
test (20)	Coverage report (informational, not a gate)	2026-08-20T18:02:59.4907329Z   ...
test (20)	Coverage report (informational, not a gate)	2026-08-20T18:02:59.4908334Z # Subtest: assertTagVocabCountsTableWellFormed fails loud on a DUPLICATED row label, whichever order the rows appear in (Q-4)
test (20)	Coverage report (informational, not a gate)	2026-08-20T18:02:59.4909656Z ok 81 - assertTagVocabCountsTableWellFormed fails loud on a DUPLICATED row label, whichever order the rows appear in (Q-4)
test (20)	Coverage report (informational, not a gate)	2026-08-20T18:02:59.4910360Z   ---
test (20)	Coverage report (informational, not a gate)	2026-08-20T18:02:59.4910604Z   duration_ms: 1.607337
test (20)	Coverage report (informational, not a gate)	2026-08-20T18:02:59.4910875Z   ...
test (20)	Coverage report (informational, not a gate)	2026-08-20T18:02:59.4911338Z # Subtest: assertTagVocabCountsTableWellFormed fails loud on a row label no guard in this file reads (Q-4)
test (20)	Coverage report (informational, not a gate)	2026-08-20T18:02:59.4911978Z ok 82 - assertTagVocabCountsTableWellFormed fails loud on a row label no guard in this file reads (Q-4)
test (20)	Coverage report (informational, not a gate)	2026-08-20T18:02:59.4912346Z   ---
test (20)	Coverage report (informational, not a gate)	2026-08-20T18:02:59.4912507Z   duration_ms: 1.260663
test (20)	Coverage report (informational, not a gate)	2026-08-20T18:02:59.4912682Z   ...
test (20)	Coverage report (informational, not a gate)	2026-08-20T18:02:59.4913191Z # Subtest: parseTagVocabCountsTable returns null when the counts table is missing or malformed, and both readers fail loud on that null (Q-4)
test (20)	Coverage report (informational, not a gate)	2026-08-20T18:02:59.4914176Z ok 83 - parseTagVocabCountsTable returns null when the counts table is missing or malformed, and both readers fail loud on that null (Q-4)
test (20)	Coverage report (informational, not a gate)	2026-08-20T18:02:59.4914617Z   ---
test (20)	Coverage report (informational, not a gate)	2026-08-20T18:02:59.4914769Z   duration_ms: 1.564643
test (20)	Coverage report (informational, not a gate)	2026-08-20T18:02:59.4914941Z   ...
test (20)	Coverage report (informational, not a gate)	2026-08-20T18:02:59.4915369Z # Subtest: readTagVocabCount fails loud when a row value is not a plain integer, or when its row is absent (Q-4)
test (20)	Coverage report (informational, not a gate)	2026-08-20T18:02:59.4916022Z ok 84 - readTagVocabCount fails loud when a row value is not a plain integer, or when its row is absent (Q-4)
test (20)	Coverage report (informational, not a gate)	2026-08-20T18:02:59.4916434Z   ---
test (20)	Coverage report (informational, not a gate)	2026-08-20T18:02:59.4916598Z   duration_ms: 0.589119
test (20)	Coverage report (informational, not a gate)	2026-08-20T18:02:59.4916791Z   ...
test (20)	Coverage report (informational, not a gate)	2026-08-20T18:02:59.4917658Z # Subtest: extractBandTablesFromReadme tolerates a prose sentence between a band heading and its table (T-025), without mis-attaching a table when the real one is missing
test (20)	Coverage report (informational, not a gate)	2026-08-20T18:02:59.4918700Z ok 85 - extractBandTablesFromReadme tolerates a prose sentence between a band heading and its table (T-025), without mis-attaching a table when the real one is missing
test (20)	Coverage report (informational, not a gate)	2026-08-20T18:02:59.4919389Z   ---
test (20)	Coverage report (informational, not a gate)	2026-08-20T18:02:59.4919574Z   duration_ms: 0.735301
test (20)	Coverage report (informational, not a gate)	2026-08-20T18:02:59.4919767Z   ...
test (20)	Coverage report (informational, not a gate)	2026-08-20T18:02:59.4920247Z # Subtest: extractBandTablesFromReadme does not let a band-shaped PROSE line steal a real heading's table (T-039)
test (20)	Coverage report (informational, not a gate)	2026-08-20T18:02:59.4920992Z ok 86 - extractBandTablesFromReadme does not let a band-shaped PROSE line steal a real heading's table (T-039)
test (20)	Coverage report (informational, not a gate)	2026-08-20T18:02:59.4921404Z   ---
test (20)	Coverage report (informational, not a gate)	2026-08-20T18:02:59.4921568Z   duration_ms: 0.224479
test (20)	Coverage report (informational, not a gate)	2026-08-20T18:02:59.4921759Z   ...
test (20)	Coverage report (informational, not a gate)	2026-08-20T18:02:59.4922189Z # Subtest: extractBandTablesFromReadme does not read a fenced example block as a second, real band table
test (20)	Coverage report (informational, not a gate)	2026-08-20T18:02:59.4922848Z ok 87 - extractBandTablesFromReadme does not read a fenced example block as a second, real band table
test (20)	Coverage report (informational, not a gate)	2026-08-20T18:02:59.4923238Z   ---
test (20)	Coverage report (informational, not a gate)	2026-08-20T18:02:59.4923400Z   duration_ms: 0.178019
test (20)	Coverage report (informational, not a gate)	2026-08-20T18:02:59.4923583Z   ...
test (20)	Coverage report (informational, not a gate)	2026-08-20T18:02:59.4924329Z # Subtest: extractBandTablesFromReadme's recognised bands account for every structural `| Tag | Count |` table -- a table under an unrecognised heading shape is a loud mismatch, not a silent miss
test (20)	Coverage report (informational, not a gate)	2026-08-20T18:02:59.4925581Z ok 88 - extractBandTablesFromReadme's recognised bands account for every structural `| Tag | Count |` table -- a table under an unrecognised heading shape is a loud mismatch, not a silent miss
test (20)	Coverage report (informational, not a gate)	2026-08-20T18:02:59.4926228Z   ---
test (20)	Coverage report (informational, not a gate)	2026-08-20T18:02:59.4926406Z   duration_ms: 0.315186
test (20)	Coverage report (informational, not a gate)	2026-08-20T18:02:59.4926612Z   ...
test (20)	Coverage report (informational, not a gate)	2026-08-20T18:02:59.4927238Z # Subtest: every `| Tag | Count |` table in the real README Tag vocabulary section is a recognised band table (no table may hide under an unrecognised heading shape)
test (20)	Coverage report (informational, not a gate)	2026-08-20T18:02:59.4928398Z ok 89 - every `| Tag | Count |` table in the real README Tag vocabulary section is a recognised band table (no table may hide under an unrecognised heading shape)
test (20)	Coverage report (informational, not a gate)	2026-08-20T18:02:59.4928923Z   ---
test (20)	Coverage report (informational, not a gate)	2026-08-20T18:02:59.4929102Z   duration_ms: 0.485052
test (20)	Coverage report (informational, not a gate)	2026-08-20T18:02:59.4929322Z   ...
test (20)	Coverage report (informational, not a gate)	2026-08-20T18:02:59.4929788Z # Subtest: every band table in README Tag vocabulary contains exactly the corpus tags whose count fits that band
test (20)	Coverage report (informational, not a gate)	2026-08-20T18:02:59.4930495Z ok 90 - every band table in README Tag vocabulary contains exactly the corpus tags whose count fits that band
test (20)	Coverage report (informational, not a gate)	2026-08-20T18:02:59.4930907Z   ---
test (20)	Coverage report (informational, not a gate)	2026-08-20T18:02:59.4931086Z   duration_ms: 0.401947
test (20)	Coverage report (informational, not a gate)	2026-08-20T18:02:59.4931283Z   ...
test (20)	Coverage report (informational, not a gate)	2026-08-20T18:02:59.4931816Z # Subtest: every corpus tag appearing on 2+ entries must have a row in some band table (no band table may be deleted wholesale) (T-019)
test (20)	Coverage report (informational, not a gate)	2026-08-20T18:02:59.4932609Z ok 91 - every corpus tag appearing on 2+ entries must have a row in some band table (no band table may be deleted wholesale) (T-019)
test (20)	Coverage report (informational, not a gate)	2026-08-20T18:02:59.4933040Z   ---
test (20)	Coverage report (informational, not a gate)	2026-08-20T18:02:59.4933218Z   duration_ms: 0.331521
test (20)	Coverage report (informational, not a gate)	2026-08-20T18:02:59.4933424Z   ...
test (20)	Coverage report (informational, not a gate)	2026-08-20T18:02:59.4934109Z # Subtest: extractBandTablesFromReadme derives a band's row count purely from its table, ignoring decoy "N tags" phrases in the heading line (T-024b)
test (20)	Coverage report (informational, not a gate)	2026-08-20T18:02:59.4935319Z ok 92 - extractBandTablesFromReadme derives a band's row count purely from its table, ignoring decoy "N tags" phrases in the heading line (T-024b)
test (20)	Coverage report (informational, not a gate)	2026-08-20T18:02:59.4935800Z   ---
test (20)	Coverage report (informational, not a gate)	2026-08-20T18:02:59.4935955Z   duration_ms: 0.22535
test (20)	Coverage report (informational, not a gate)	2026-08-20T18:02:59.4936125Z   ...
test (20)	Coverage report (informational, not a gate)	2026-08-20T18:02:59.4936424Z # Subtest: README must state correct multi-entry and single-entry tag counts
test (20)	Coverage report (informational, not a gate)	2026-08-20T18:02:59.4936873Z ok 93 - README must state correct multi-entry and single-entry tag counts
test (20)	Coverage report (informational, not a gate)	2026-08-20T18:02:59.4937158Z   ---
test (20)	Coverage report (informational, not a gate)	2026-08-20T18:02:59.4937315Z   duration_ms: 0.345532
test (20)	Coverage report (informational, not a gate)	2026-08-20T18:02:59.4937647Z   ...
test (20)	Coverage report (informational, not a gate)	2026-08-20T18:02:59.4938005Z # Subtest: README Tag vocabulary section must contain no unrecognised count-claim digits (J-5)
test (20)	Coverage report (informational, not a gate)	2026-08-20T18:02:59.4938534Z ok 94 - README Tag vocabulary section must contain no unrecognised count-claim digits (J-5)
test (20)	Coverage report (informational, not a gate)	2026-08-20T18:02:59.4939063Z   ---
test (20)	Coverage report (informational, not a gate)	2026-08-20T18:02:59.4939277Z   duration_ms: 0.342888
test (20)	Coverage report (informational, not a gate)	2026-08-20T18:02:59.4939529Z   ...
test (20)	Coverage report (informational, not a gate)	2026-08-20T18:02:59.4939970Z # Subtest: README Attribution table "Entries ranked" count must match corpus.length and the triage doc (C1)
test (20)	Coverage report (informational, not a gate)	2026-08-20T18:02:59.4940703Z ok 95 - README Attribution table "Entries ranked" count must match corpus.length and the triage doc (C1)
test (20)	Coverage report (informational, not a gate)	2026-08-20T18:02:59.4941054Z   ---
test (20)	Coverage report (informational, not a gate)	2026-08-20T18:02:59.4941203Z   duration_ms: 1.155855
test (20)	Coverage report (informational, not a gate)	2026-08-20T18:02:59.4941364Z   ...
test (20)	Coverage report (informational, not a gate)	2026-08-20T18:02:59.4941719Z # Subtest: README Attribution table "Rated HIGH risk" count must match the triage doc table (C2)
test (20)	Coverage report (informational, not a gate)	2026-08-20T18:02:59.4942243Z ok 96 - README Attribution table "Rated HIGH risk" count must match the triage doc table (C2)
test (20)	Coverage report (informational, not a gate)	2026-08-20T18:02:59.4942560Z   ---
test (20)	Coverage report (informational, not a gate)	2026-08-20T18:02:59.4942703Z   duration_ms: 0.498172
test (20)	Coverage report (informational, not a gate)	2026-08-20T18:02:59.4942862Z   ...
test (20)	Coverage report (informational, not a gate)	2026-08-20T18:02:59.4943207Z # Subtest: README Attribution section must contain no digit runs outside the counts table (C7)
test (20)	Coverage report (informational, not a gate)	2026-08-20T18:02:59.4943730Z ok 97 - README Attribution section must contain no digit runs outside the counts table (C7)
test (20)	Coverage report (informational, not a gate)	2026-08-20T18:02:59.4944049Z   ---
test (20)	Coverage report (informational, not a gate)	2026-08-20T18:02:59.4944198Z   duration_ms: 1.003215
test (20)	Coverage report (informational, not a gate)	2026-08-20T18:02:59.4944365Z   ...
test (20)	Coverage report (informational, not a gate)	2026-08-20T18:02:59.4944621Z # Subtest: README Layout section paths must exist on disk (C6)
test (20)	Coverage report (informational, not a gate)	2026-08-20T18:02:59.4944967Z ok 98 - README Layout section paths must exist on disk (C6)
test (20)	Coverage report (informational, not a gate)	2026-08-20T18:02:59.4945209Z   ---
test (20)	Coverage report (informational, not a gate)	2026-08-20T18:02:59.4945355Z   duration_ms: 0.644573
test (20)	Coverage report (informational, not a gate)	2026-08-20T18:02:59.4945516Z   ...
test (20)	Coverage report (informational, not a gate)	2026-08-20T18:02:59.4945937Z # Subtest: getListBehaviourSection tolerates a reformatted "--list behaviour" heading with no backticks (T-021)
test (20)	Coverage report (informational, not a gate)	2026-08-20T18:02:59.4946581Z ok 99 - getListBehaviourSection tolerates a reformatted "--list behaviour" heading with no backticks (T-021)
test (20)	Coverage report (informational, not a gate)	2026-08-20T18:02:59.4946959Z   ---
test (20)	Coverage report (informational, not a gate)	2026-08-20T18:02:59.4947113Z   duration_ms: 0.468457
test (20)	Coverage report (informational, not a gate)	2026-08-20T18:02:59.4947278Z   ...
test (20)	Coverage report (informational, not a gate)	2026-08-20T18:02:59.4948077Z # Subtest: getListBehaviourSection still fails on a SEPARATOR MISMATCH (not a heading-parse error) when a reformatted heading's literal is mutated (T-021)
test (20)	Coverage report (informational, not a gate)	2026-08-20T18:02:59.4948961Z ok 100 - getListBehaviourSection still fails on a SEPARATOR MISMATCH (not a heading-parse error) when a reformatted heading's literal is mutated (T-021)
test (20)	Coverage report (informational, not a gate)	2026-08-20T18:02:59.4949437Z   ---
test (20)	Coverage report (informational, not a gate)	2026-08-20T18:02:59.4949592Z   duration_ms: 0.339412
test (20)	Coverage report (informational, not a gate)	2026-08-20T18:02:59.4949756Z   ...
test (20)	Coverage report (informational, not a gate)	2026-08-20T18:02:59.4950212Z # Subtest: getListBehaviourSection reports ambiguity loudly instead of taking the first of two qualifying headings (T-021)
test (20)	Coverage report (informational, not a gate)	2026-08-20T18:02:59.4950936Z ok 101 - getListBehaviourSection reports ambiguity loudly instead of taking the first of two qualifying headings (T-021)
test (20)	Coverage report (informational, not a gate)	2026-08-20T18:02:59.4951336Z   ---
test (20)	Coverage report (informational, not a gate)	2026-08-20T18:02:59.4951485Z   duration_ms: 0.339002
test (20)	Coverage report (informational, not a gate)	2026-08-20T18:02:59.4951656Z   ...
test (20)	Coverage report (informational, not a gate)	2026-08-20T18:02:59.4952050Z # Subtest: getListBehaviourSection does not let "--list-only" satisfy the standalone `--list` token (T-021)
test (20)	Coverage report (informational, not a gate)	2026-08-20T18:02:59.4952657Z ok 102 - getListBehaviourSection does not let "--list-only" satisfy the standalone `--list` token (T-021)
test (20)	Coverage report (informational, not a gate)	2026-08-20T18:02:59.4953007Z   ---
test (20)	Coverage report (informational, not a gate)	2026-08-20T18:02:59.4953275Z   duration_ms: 0.221775
test (20)	Coverage report (informational, not a gate)	2026-08-20T18:02:59.4953444Z   ...
test (20)	Coverage report (informational, not a gate)	2026-08-20T18:02:59.4953830Z # Subtest: getListBehaviourSection tolerates the American spelling "behavior" in the heading (T-027)
test (20)	Coverage report (informational, not a gate)	2026-08-20T18:02:59.4954415Z ok 103 - getListBehaviourSection tolerates the American spelling "behavior" in the heading (T-027)
test (20)	Coverage report (informational, not a gate)	2026-08-20T18:02:59.4954759Z   ---
test (20)	Coverage report (informational, not a gate)	2026-08-20T18:02:59.4954908Z   duration_ms: 0.169206
test (20)	Coverage report (informational, not a gate)	2026-08-20T18:02:59.4955076Z   ...
test (20)	Coverage report (informational, not a gate)	2026-08-20T18:02:59.4955587Z # Subtest: getListBehaviourSection still fails on a SEPARATOR MISMATCH (not a heading-parse error) under an American-spelled heading (T-027)
test (20)	Coverage report (informational, not a gate)	2026-08-20T18:02:59.4956381Z ok 104 - getListBehaviourSection still fails on a SEPARATOR MISMATCH (not a heading-parse error) under an American-spelled heading (T-027)
test (20)	Coverage report (informational, not a gate)	2026-08-20T18:02:59.4956813Z   ---
test (20)	Coverage report (informational, not a gate)	2026-08-20T18:02:59.4956961Z   duration_ms: 0.188154
test (20)	Coverage report (informational, not a gate)	2026-08-20T18:02:59.4957124Z   ...
test (20)	Coverage report (informational, not a gate)	2026-08-20T18:02:59.4957651Z # Subtest: README `--list` format literal matches the shipped binary's actual --list output (T-017)
test (20)	Coverage report (informational, not a gate)	2026-08-20T18:02:59.4958553Z ok 105 - README `--list` format literal matches the shipped binary's actual --list output (T-017)
test (20)	Coverage report (informational, not a gate)	2026-08-20T18:02:59.4959185Z   ---
test (20)	Coverage report (informational, not a gate)	2026-08-20T18:02:59.4959402Z   duration_ms: 43.156532
test (20)	Coverage report (informational, not a gate)	2026-08-20T18:02:59.4959663Z   ...
test (20)	Coverage report (informational, not a gate)	2026-08-20T18:02:59.4960331Z # Subtest: README `--author` matching section must state the correct count of distinct corpus authors (Q-8)
test (20)	Coverage report (informational, not a gate)	2026-08-20T18:02:59.4961378Z ok 106 - README `--author` matching section must state the correct count of distinct corpus authors (Q-8)
test (20)	Coverage report (informational, not a gate)	2026-08-20T18:02:59.4961936Z   ---
test (20)	Coverage report (informational, not a gate)	2026-08-20T18:02:59.4962154Z   duration_ms: 0.47009
test (20)	Coverage report (informational, not a gate)	2026-08-20T18:02:59.4962418Z   ...
test (20)	Coverage report (informational, not a gate)	2026-08-20T18:02:59.4962727Z # Subtest: corpus has at least 40 entries
test (20)	Coverage report (informational, not a gate)	2026-08-20T18:02:59.4963142Z ok 107 - corpus has at least 40 entries
test (20)	Coverage report (informational, not a gate)	2026-08-20T18:02:59.4963397Z   ---
test (20)	Coverage report (informational, not a gate)	2026-08-20T18:02:59.4963560Z   duration_ms: 1.588168
test (20)	Coverage report (informational, not a gate)	2026-08-20T18:02:59.4963733Z   ...
test (20)	Coverage report (informational, not a gate)	2026-08-20T18:02:59.4964072Z # Subtest: every corpus entry has non-empty text, non-empty author, and an array of tags
test (20)	Coverage report (informational, not a gate)	2026-08-20T18:02:59.4964569Z ok 108 - every corpus entry has non-empty text, non-empty author, and an array of tags
test (20)	Coverage report (informational, not a gate)	2026-08-20T18:02:59.4964882Z   ---
test (20)	Coverage report (informational, not a gate)	2026-08-20T18:02:59.4965038Z   duration_ms: 1.085189
test (20)	Coverage report (informational, not a gate)	2026-08-20T18:02:59.4965205Z   ...
test (20)	Coverage report (informational, not a gate)	2026-08-20T18:02:59.4965430Z # Subtest: filter: author match is case-insensitive
test (20)	Coverage report (informational, not a gate)	2026-08-20T18:02:59.4965737Z ok 109 - filter: author match is case-insensitive
test (20)	Coverage report (informational, not a gate)	2026-08-20T18:02:59.4965959Z   ---
test (20)	Coverage report (informational, not a gate)	2026-08-20T18:02:59.4966108Z   duration_ms: 1.003205
test (20)	Coverage report (informational, not a gate)	2026-08-20T18:02:59.4966282Z   ...
test (20)	Coverage report (informational, not a gate)	2026-08-20T18:02:59.4966495Z # Subtest: filter: tag match is case-insensitive
test (20)	Coverage report (informational, not a gate)	2026-08-20T18:02:59.4966786Z ok 110 - filter: tag match is case-insensitive
test (20)	Coverage report (informational, not a gate)	2026-08-20T18:02:59.4967001Z   ---
test (20)	Coverage report (informational, not a gate)	2026-08-20T18:02:59.4967149Z   duration_ms: 0.312762
test (20)	Coverage report (informational, not a gate)	2026-08-20T18:02:59.4967315Z   ...
test (20)	Coverage report (informational, not a gate)	2026-08-20T18:02:59.4967862Z # Subtest: filter: author and tag together narrow to the intersection (AND)
test (20)	Coverage report (informational, not a gate)	2026-08-20T18:02:59.4968314Z ok 111 - filter: author and tag together narrow to the intersection (AND)
test (20)	Coverage report (informational, not a gate)	2026-08-20T18:02:59.4968598Z   ---
test (20)	Coverage report (informational, not a gate)	2026-08-20T18:02:59.4968751Z   duration_ms: 0.396949
test (20)	Coverage report (informational, not a gate)	2026-08-20T18:02:59.4968919Z   ...
test (20)	Coverage report (informational, not a gate)	2026-08-20T18:02:59.4969159Z # Subtest: filter: undefined/absent options do not filter
test (20)	Coverage report (informational, not a gate)	2026-08-20T18:02:59.4969505Z ok 112 - filter: undefined/absent options do not filter
test (20)	Coverage report (informational, not a gate)	2026-08-20T18:02:59.4969738Z   ---
test (20)	Coverage report (informational, not a gate)	2026-08-20T18:02:59.4969885Z   duration_ms: 0.158349
test (20)	Coverage report (informational, not a gate)	2026-08-20T18:02:59.4970050Z   ...
test (20)	Coverage report (informational, not a gate)	2026-08-20T18:02:59.4970358Z # Subtest: pick: same seed over the same candidates always returns the same element
test (20)	Coverage report (informational, not a gate)	2026-08-20T18:02:59.4970814Z ok 113 - pick: same seed over the same candidates always returns the same element
test (20)	Coverage report (informational, not a gate)	2026-08-20T18:02:59.4971102Z   ---
test (20)	Coverage report (informational, not a gate)	2026-08-20T18:02:59.4971260Z   duration_ms: 0.355817
test (20)	Coverage report (informational, not a gate)	2026-08-20T18:02:59.4971427Z   ...
test (20)	Coverage report (informational, not a gate)	2026-08-20T18:02:59.4971700Z # Subtest: pick: different seeds generally produce different results
test (20)	Coverage report (informational, not a gate)	2026-08-20T18:02:59.4972086Z ok 114 - pick: different seeds generally produce different results
test (20)	Coverage report (informational, not a gate)	2026-08-20T18:02:59.4972343Z   ---
test (20)	Coverage report (informational, not a gate)	2026-08-20T18:02:59.4972659Z   duration_ms: 0.254464
test (20)	Coverage report (informational, not a gate)	2026-08-20T18:02:59.4972834Z   ...
test (20)	Coverage report (informational, not a gate)	2026-08-20T18:02:59.4973104Z # Subtest: pick: undefined seed picks a valid member (random mode)
test (20)	Coverage report (informational, not a gate)	2026-08-20T18:02:59.4973478Z ok 115 - pick: undefined seed picks a valid member (random mode)
test (20)	Coverage report (informational, not a gate)	2026-08-20T18:02:59.4973727Z   ---
test (20)	Coverage report (informational, not a gate)	2026-08-20T18:02:59.4973876Z   duration_ms: 0.17219
test (20)	Coverage report (informational, not a gate)	2026-08-20T18:02:59.4974047Z   ...
test (20)	Coverage report (informational, not a gate)	2026-08-20T18:02:59.4974351Z # Subtest: pick: null seed also triggers random mode and returns a valid member
test (20)	Coverage report (informational, not a gate)	2026-08-20T18:02:59.4974787Z ok 116 - pick: null seed also triggers random mode and returns a valid member
test (20)	Coverage report (informational, not a gate)	2026-08-20T18:02:59.4975067Z   ---
test (20)	Coverage report (informational, not a gate)	2026-08-20T18:02:59.4975221Z   duration_ms: 0.124097
test (20)	Coverage report (informational, not a gate)	2026-08-20T18:02:59.4975384Z   ...
test (20)	Coverage report (informational, not a gate)	2026-08-20T18:02:59.4975641Z # Subtest: pick: throws RangeError on empty candidates array
test (20)	Coverage report (informational, not a gate)	2026-08-20T18:02:59.4976000Z ok 117 - pick: throws RangeError on empty candidates array
test (20)	Coverage report (informational, not a gate)	2026-08-20T18:02:59.4976243Z   ---
test (20)	Coverage report (informational, not a gate)	2026-08-20T18:02:59.4976393Z   duration_ms: 0.482489
test (20)	Coverage report (informational, not a gate)	2026-08-20T18:02:59.4976562Z   ...
test (20)	Coverage report (informational, not a gate)	2026-08-20T18:02:59.4976849Z # Subtest: pick: Infinity seed is deterministic and returns a valid member
test (20)	Coverage report (informational, not a gate)	2026-08-20T18:02:59.4977510Z ok 118 - pick: Infinity seed is deterministic and returns a valid member
test (20)	Coverage report (informational, not a gate)	2026-08-20T18:02:59.4977893Z   ---
test (20)	Coverage report (informational, not a gate)	2026-08-20T18:02:59.4978050Z   duration_ms: 0.15246
test (20)	Coverage report (informational, not a gate)	2026-08-20T18:02:59.4978218Z   ...
test (20)	Coverage report (informational, not a gate)	2026-08-20T18:02:59.4978512Z # Subtest: pick: -Infinity seed is deterministic and returns a valid member
test (20)	Coverage report (informational, not a gate)	2026-08-20T18:02:59.4978931Z ok 119 - pick: -Infinity seed is deterministic and returns a valid member
test (20)	Coverage report (informational, not a gate)	2026-08-20T18:02:59.4979215Z   ---
test (20)	Coverage report (informational, not a gate)	2026-08-20T18:02:59.4979366Z   duration_ms: 0.167392
test (20)	Coverage report (informational, not a gate)	2026-08-20T18:02:59.4979533Z   ...
test (20)	Coverage report (informational, not a gate)	2026-08-20T18:02:59.4979842Z # Subtest: pick: NaN seed still uses the random branch and returns a valid member
test (20)	Coverage report (informational, not a gate)	2026-08-20T18:02:59.4980282Z ok 120 - pick: NaN seed still uses the random branch and returns a valid member
test (20)	Coverage report (informational, not a gate)	2026-08-20T18:02:59.4980561Z   ---
test (20)	Coverage report (informational, not a gate)	2026-08-20T18:02:59.4980711Z   duration_ms: 0.087502
test (20)	Coverage report (informational, not a gate)	2026-08-20T18:02:59.4980885Z   ...
test (20)	Coverage report (informational, not a gate)	2026-08-20T18:02:59.4981200Z # Subtest: pick: finite seed determinism is unchanged by the non-finite-seed fix
test (20)	Coverage report (informational, not a gate)	2026-08-20T18:02:59.4981643Z ok 121 - pick: finite seed determinism is unchanged by the non-finite-seed fix
test (20)	Coverage report (informational, not a gate)	2026-08-20T18:02:59.4981933Z   ---
test (20)	Coverage report (informational, not a gate)	2026-08-20T18:02:59.4982088Z   duration_ms: 0.807269
test (20)	Coverage report (informational, not a gate)	2026-08-20T18:02:59.4982252Z   ...
test (20)	Coverage report (informational, not a gate)	2026-08-20T18:02:59.4982513Z # Subtest: pick: every candidate is REACHABLE by an unseeded draw
test (20)	Coverage report (informational, not a gate)	2026-08-20T18:02:59.4982882Z ok 122 - pick: every candidate is REACHABLE by an unseeded draw
test (20)	Coverage report (informational, not a gate)	2026-08-20T18:02:59.4983132Z   ---
test (20)	Coverage report (informational, not a gate)	2026-08-20T18:02:59.4983285Z   duration_ms: 1.517311
test (20)	Coverage report (informational, not a gate)	2026-08-20T18:02:59.4983454Z   ...
test (20)	Coverage report (informational, not a gate)	2026-08-20T18:02:59.4983780Z # Subtest: pick: unseeded draws split the interval EQUALLY across candidates (uniform)
test (20)	Coverage report (informational, not a gate)	2026-08-20T18:02:59.4984278Z ok 123 - pick: unseeded draws split the interval EQUALLY across candidates (uniform)
test (20)	Coverage report (informational, not a gate)	2026-08-20T18:02:59.4984575Z   ---
test (20)	Coverage report (informational, not a gate)	2026-08-20T18:02:59.4984737Z   duration_ms: 1.550942
test (20)	Coverage report (informational, not a gate)	2026-08-20T18:02:59.4984905Z   ...
test (20)	Coverage report (informational, not a gate)	2026-08-20T18:02:59.4985241Z # Subtest: pick: single-element candidates always returns that element regardless of seed
test (20)	Coverage report (informational, not a gate)	2026-08-20T18:02:59.4985753Z ok 124 - pick: single-element candidates always returns that element regardless of seed
test (20)	Coverage report (informational, not a gate)	2026-08-20T18:02:59.4986060Z   ---
test (20)	Coverage report (informational, not a gate)	2026-08-20T18:02:59.4986211Z   duration_ms: 0.17259
test (20)	Coverage report (informational, not a gate)	2026-08-20T18:02:59.4986384Z   ...
test (20)	Coverage report (informational, not a gate)	2026-08-20T18:02:59.4986526Z 1..124
test (20)	Coverage report (informational, not a gate)	2026-08-20T18:02:59.4986677Z # tests 124
test (20)	Coverage report (informational, not a gate)	2026-08-20T18:02:59.4986832Z # suites 0
test (20)	Coverage report (informational, not a gate)	2026-08-20T18:02:59.4986982Z # pass 122
test (20)	Coverage report (informational, not a gate)	2026-08-20T18:02:59.4987129Z # fail 0
test (20)	Coverage report (informational, not a gate)	2026-08-20T18:02:59.4987282Z # cancelled 0
test (20)	Coverage report (informational, not a gate)	2026-08-20T18:02:59.4987607Z # skipped 2
test (20)	Coverage report (informational, not a gate)	2026-08-20T18:02:59.4987807Z # todo 0
test (20)	Coverage report (informational, not a gate)	2026-08-20T18:02:59.4987980Z # duration_ms 3090.352316
test (20)	Coverage report (informational, not a gate)	2026-08-20T18:02:59.4988191Z # start of coverage report
test (20)	Coverage report (informational, not a gate)	2026-08-20T18:02:59.4988699Z # -----------------------------------------------------------------------------------------------------------------------------------------------
test (20)	Coverage report (informational, not a gate)	2026-08-20T18:02:59.4989210Z # file                               | line % | branch % | funcs % | uncovered lines
test (20)	Coverage report (informational, not a gate)	2026-08-20T18:02:59.4989891Z # -----------------------------------------------------------------------------------------------------------------------------------------------
test (20)	Coverage report (informational, not a gate)	2026-08-20T18:02:59.4990396Z # bin/aphorism.js                    | 100.00 |    85.71 |  100.00 | 
test (20)	Coverage report (informational, not a gate)	2026-08-20T18:02:59.4990743Z # src/args.js                        | 100.00 |   100.00 |  100.00 | 
test (20)	Coverage report (informational, not a gate)	2026-08-20T18:02:59.4991071Z # src/corpus.js                      | 100.00 |   100.00 |  100.00 | 
test (20)	Coverage report (informational, not a gate)	2026-08-20T18:02:59.4991410Z # src/select.js                      | 100.00 |   100.00 |  100.00 | 
test (20)	Coverage report (informational, not a gate)	2026-08-20T18:02:59.4991757Z # test/args.test.js                  | 100.00 |   100.00 |  100.00 | 
test (20)	Coverage report (informational, not a gate)	2026-08-20T18:02:59.4992101Z # test/cli.test.js                   | 100.00 |   100.00 |  100.00 | 
test (20)	Coverage report (informational, not a gate)	2026-08-20T18:02:59.4992632Z # test/node-support-citation.test.js |  69.26 |    40.00 |  100.00 | 128-130 139-141 162-168 176-184 196-205 207-222 234-249 251-269
test (20)	Coverage report (informational, not a gate)	2026-08-20T18:02:59.4993148Z # test/pipe.test.js                  |  96.73 |    83.33 |  100.00 | 50-51 89-91 163-165
test (20)	Coverage report (informational, not a gate)	2026-08-20T18:02:59.4993756Z # test/readme-tags.test.js           |  99.03 |    89.67 |   97.03 | 174-175 184-185 1004-1005 1007-1008 1022-1025 1845-1846 2196-2197 2396-2406
test (20)	Coverage report (informational, not a gate)	2026-08-20T18:02:59.4994354Z # test/select.test.js                | 100.00 |    97.92 |  100.00 | 
test (20)	Coverage report (informational, not a gate)	2026-08-20T18:02:59.4994902Z # -----------------------------------------------------------------------------------------------------------------------------------------------
test (20)	Coverage report (informational, not a gate)	2026-08-20T18:02:59.4995370Z # all files                          |  97.61 |    91.78 |   98.77 |
test (20)	Coverage report (informational, not a gate)	2026-08-20T18:02:59.4995890Z # -----------------------------------------------------------------------------------------------------------------------------------------------
test (20)	Coverage report (informational, not a gate)	2026-08-20T18:02:59.4996286Z # end of coverage report
test (20)	Post Run actions/setup-node@v7	﻿2026-08-20T18:02:59.5077256Z Post job cleanup.
test (20)	Post Run actions/checkout@v7	﻿2026-08-20T18:02:59.6166135Z Post job cleanup.
test (20)	Post Run actions/checkout@v7	2026-08-20T18:02:59.6886417Z [command]/usr/bin/git version
test (20)	Post Run actions/checkout@v7	2026-08-20T18:02:59.6929201Z git version 2.55.0
test (20)	Post Run actions/checkout@v7	2026-08-20T18:02:59.6956589Z Temporarily overriding HOME='/home/runner/work/_temp/66c95965-fe96-40f2-98fc-9487b49333c9' before making global git config changes
test (20)	Post Run actions/checkout@v7	2026-08-20T18:02:59.6957870Z Adding repository directory to the temporary git global config as a safe directory
test (20)	Post Run actions/checkout@v7	2026-08-20T18:02:59.6961378Z [command]/usr/bin/git config --global --add safe.directory /home/runner/work/aphorism-cli/aphorism-cli
test (20)	Post Run actions/checkout@v7	2026-08-20T18:02:59.6987741Z Removing SSH command configuration
test (20)	Post Run actions/checkout@v7	2026-08-20T18:02:59.6993701Z [command]/usr/bin/git config --local --name-only --get-regexp core\.sshCommand
test (20)	Post Run actions/checkout@v7	2026-08-20T18:02:59.7023428Z [command]/usr/bin/git submodule foreach --recursive sh -c "git config --local --name-only --get-regexp 'core\.sshCommand' && git config --local --unset-all 'core.sshCommand' || :"
test (20)	Post Run actions/checkout@v7	2026-08-20T18:02:59.7228623Z Removing HTTP extra header
test (20)	Post Run actions/checkout@v7	2026-08-20T18:02:59.7233098Z [command]/usr/bin/git config --local --name-only --get-regexp http\.https\:\/\/github\.com\/\.extraheader
test (20)	Post Run actions/checkout@v7	2026-08-20T18:02:59.7263630Z [command]/usr/bin/git submodule foreach --recursive sh -c "git config --local --name-only --get-regexp 'http\.https\:\/\/github\.com\/\.extraheader' && git config --local --unset-all 'http.https://github.com/.extraheader' || :"
test (20)	Post Run actions/checkout@v7	2026-08-20T18:02:59.7466398Z Removing includeIf entries pointing to credentials config files
test (20)	Post Run actions/checkout@v7	2026-08-20T18:02:59.7472891Z [command]/usr/bin/git config --local --name-only --get-regexp ^includeIf\.gitdir:
test (20)	Post Run actions/checkout@v7	2026-08-20T18:02:59.7498812Z includeif.gitdir:/home/runner/work/aphorism-cli/aphorism-cli/.git.path
test (20)	Post Run actions/checkout@v7	2026-08-20T18:02:59.7499829Z includeif.gitdir:/home/runner/work/aphorism-cli/aphorism-cli/.git/worktrees/*.path
test (20)	Post Run actions/checkout@v7	2026-08-20T18:02:59.7500626Z includeif.gitdir:/github/workspace/.git.path
test (20)	Post Run actions/checkout@v7	2026-08-20T18:02:59.7501314Z includeif.gitdir:/github/workspace/.git/worktrees/*.path
test (20)	Post Run actions/checkout@v7	2026-08-20T18:02:59.7504871Z [command]/usr/bin/git config --local --get-all includeif.gitdir:/home/runner/work/aphorism-cli/aphorism-cli/.git.path
test (20)	Post Run actions/checkout@v7	2026-08-20T18:02:59.7530708Z /home/runner/work/_temp/git-credentials-c3f2a552-3baf-48e1-9f1e-ca39d47b5def.config
test (20)	Post Run actions/checkout@v7	2026-08-20T18:02:59.7540356Z [command]/usr/bin/git config --local --unset includeif.gitdir:/home/runner/work/aphorism-cli/aphorism-cli/.git.path \/home\/runner\/work\/_temp\/git\-credentials\-c3f2a552\-3baf\-48e1\-9f1e\-ca39d47b5def\.config
test (20)	Post Run actions/checkout@v7	2026-08-20T18:02:59.7574942Z [command]/usr/bin/git config --local --get-all includeif.gitdir:/home/runner/work/aphorism-cli/aphorism-cli/.git/worktrees/*.path
test (20)	Post Run actions/checkout@v7	2026-08-20T18:02:59.7598057Z /home/runner/work/_temp/git-credentials-c3f2a552-3baf-48e1-9f1e-ca39d47b5def.config
test (20)	Post Run actions/checkout@v7	2026-08-20T18:02:59.7614229Z [command]/usr/bin/git config --local --unset includeif.gitdir:/home/runner/work/aphorism-cli/aphorism-cli/.git/worktrees/*.path \/home\/runner\/work\/_temp\/git\-credentials\-c3f2a552\-3baf\-48e1\-9f1e\-ca39d47b5def\.config
test (20)	Post Run actions/checkout@v7	2026-08-20T18:02:59.7645307Z [command]/usr/bin/git config --local --get-all includeif.gitdir:/github/workspace/.git.path
test (20)	Post Run actions/checkout@v7	2026-08-20T18:02:59.7667542Z /github/runner_temp/git-credentials-c3f2a552-3baf-48e1-9f1e-ca39d47b5def.config
test (20)	Post Run actions/checkout@v7	2026-08-20T18:02:59.7674010Z [command]/usr/bin/git config --local --unset includeif.gitdir:/github/workspace/.git.path \/github\/runner_temp\/git\-credentials\-c3f2a552\-3baf\-48e1\-9f1e\-ca39d47b5def\.config
test (20)	Post Run actions/checkout@v7	2026-08-20T18:02:59.7706375Z [command]/usr/bin/git config --local --get-all includeif.gitdir:/github/workspace/.git/worktrees/*.path
test (20)	Post Run actions/checkout@v7	2026-08-20T18:02:59.7728860Z /github/runner_temp/git-credentials-c3f2a552-3baf-48e1-9f1e-ca39d47b5def.config
test (20)	Post Run actions/checkout@v7	2026-08-20T18:02:59.7735218Z [command]/usr/bin/git config --local --unset includeif.gitdir:/github/workspace/.git/worktrees/*.path \/github\/runner_temp\/git\-credentials\-c3f2a552\-3baf\-48e1\-9f1e\-ca39d47b5def\.config
test (20)	Post Run actions/checkout@v7	2026-08-20T18:02:59.7764953Z [command]/usr/bin/git submodule foreach --recursive git config --local --show-origin --name-only --get-regexp remote.origin.url
test (20)	Post Run actions/checkout@v7	2026-08-20T18:02:59.7953575Z Removing credentials config '/home/runner/work/_temp/git-credentials-c3f2a552-3baf-48e1-9f1e-ca39d47b5def.config'
test (20)	Complete job	﻿2026-08-20T18:02:59.8083957Z Cleaning up orphan processes
test (22)	Set up job	﻿2026-08-20T18:02:46.6207733Z Current runner version: '2.336.0'
test (22)	Set up job	2026-08-20T18:02:46.6275520Z ##[group]Runner Image Provisioner
test (22)	Set up job	2026-08-20T18:02:46.6277396Z Hosted Compute Agent
test (22)	Set up job	2026-08-20T18:02:46.6278878Z Version: 20260729.566
test (22)	Set up job	2026-08-20T18:02:46.6280066Z Commit: cf7153fe6e25b664e8693c24944bf2b00355d109
test (22)	Set up job	2026-08-20T18:02:46.6281514Z Build Date: 2026-07-29T19:17:02Z
test (22)	Set up job	2026-08-20T18:02:46.6282843Z Worker ID: {2e278a85-3e30-49a1-8cb9-25f2123b75e1}
test (22)	Set up job	2026-08-20T18:02:46.6284074Z Azure Region: eastus2
test (22)	Set up job	2026-08-20T18:02:46.6285261Z ##[endgroup]
test (22)	Set up job	2026-08-20T18:02:46.6288092Z ##[group]Operating System
test (22)	Set up job	2026-08-20T18:02:46.6289133Z Ubuntu
test (22)	Set up job	2026-08-20T18:02:46.6290003Z 24.04.4
test (22)	Set up job	2026-08-20T18:02:46.6290822Z LTS
test (22)	Set up job	2026-08-20T18:02:46.6291585Z ##[endgroup]
test (22)	Set up job	2026-08-20T18:02:46.6292589Z ##[group]Runner Image
test (22)	Set up job	2026-08-20T18:02:46.6293733Z Image: ubuntu-24.04
test (22)	Set up job	2026-08-20T18:02:46.6295464Z Version: 20260816.277.1
test (22)	Set up job	2026-08-20T18:02:46.6297422Z Included Software: https://github.com/actions/runner-images/blob/ubuntu24/20260816.277/images/ubuntu/Ubuntu2404-Readme.md
test (22)	Set up job	2026-08-20T18:02:46.6300796Z Image Release: https://github.com/actions/runner-images/releases/tag/ubuntu24%2F20260816.277
test (22)	Set up job	2026-08-20T18:02:46.6302602Z ##[endgroup]
test (22)	Set up job	2026-08-20T18:02:46.6304935Z ##[group]GITHUB_TOKEN Permissions
test (22)	Set up job	2026-08-20T18:02:46.6308413Z Contents: read
test (22)	Set up job	2026-08-20T18:02:46.6309649Z Metadata: read
test (22)	Set up job	2026-08-20T18:02:46.6310789Z Packages: read
test (22)	Set up job	2026-08-20T18:02:46.6311794Z ##[endgroup]
test (22)	Set up job	2026-08-20T18:02:46.6314972Z Secret source: Actions
test (22)	Set up job	2026-08-20T18:02:46.6317136Z Prepare workflow directory
test (22)	Set up job	2026-08-20T18:02:46.6813293Z Prepare all required actions
test (22)	Set up job	2026-08-20T18:02:46.6884910Z Getting action download info
test (22)	Set up job	2026-08-20T18:02:46.8963323Z Download action repository 'actions/checkout@v7' (SHA:3d3c42e5aac5ba805825da76410c181273ba90b1)
test (22)	Set up job	2026-08-20T18:02:47.0105049Z Download action repository 'actions/setup-node@v7' (SHA:820762786026740c76f36085b0efc47a31fe5020)
test (22)	Set up job	2026-08-20T18:02:47.2051402Z Complete job name: test (22)
test (22)	Run actions/checkout@v7	﻿2026-08-20T18:02:47.2890467Z ##[group]Run actions/checkout@v7
test (22)	Run actions/checkout@v7	2026-08-20T18:02:47.2891408Z with:
test (22)	Run actions/checkout@v7	2026-08-20T18:02:47.2891899Z   repository: trmnmc/aphorism-cli
test (22)	Run actions/checkout@v7	2026-08-20T18:02:47.2895574Z   token: ***
test (22)	Run actions/checkout@v7	2026-08-20T18:02:47.2896011Z   ssh-strict: true
test (22)	Run actions/checkout@v7	2026-08-20T18:02:47.2896448Z   ssh-user: git
test (22)	Run actions/checkout@v7	2026-08-20T18:02:47.2896898Z   persist-credentials: true
test (22)	Run actions/checkout@v7	2026-08-20T18:02:47.2897392Z   clean: true
test (22)	Run actions/checkout@v7	2026-08-20T18:02:47.2898049Z   sparse-checkout-cone-mode: true
test (22)	Run actions/checkout@v7	2026-08-20T18:02:47.2898581Z   fetch-depth: 1
test (22)	Run actions/checkout@v7	2026-08-20T18:02:47.2899014Z   fetch-tags: false
test (22)	Run actions/checkout@v7	2026-08-20T18:02:47.2899451Z   show-progress: true
test (22)	Run actions/checkout@v7	2026-08-20T18:02:47.2899893Z   lfs: false
test (22)	Run actions/checkout@v7	2026-08-20T18:02:47.2900307Z   submodules: false
test (22)	Run actions/checkout@v7	2026-08-20T18:02:47.2900758Z   set-safe-directory: true
test (22)	Run actions/checkout@v7	2026-08-20T18:02:47.2901263Z   allow-unsafe-pr-checkout: false
test (22)	Run actions/checkout@v7	2026-08-20T18:02:47.2902035Z ##[endgroup]
test (22)	Run actions/checkout@v7	2026-08-20T18:02:47.3959892Z Syncing repository: trmnmc/aphorism-cli
test (22)	Run actions/checkout@v7	2026-08-20T18:02:47.3962806Z ##[group]Getting Git version info
test (22)	Run actions/checkout@v7	2026-08-20T18:02:47.3964246Z Working directory is '/home/runner/work/aphorism-cli/aphorism-cli'
test (22)	Run actions/checkout@v7	2026-08-20T18:02:47.3966224Z [command]/usr/bin/git version
test (22)	Run actions/checkout@v7	2026-08-20T18:02:47.4018679Z git version 2.55.0
test (22)	Run actions/checkout@v7	2026-08-20T18:02:47.4042715Z ##[endgroup]
test (22)	Run actions/checkout@v7	2026-08-20T18:02:47.4054450Z Temporarily overriding HOME='/home/runner/work/_temp/3ef71004-d243-468c-8be8-75500bd5d305' before making global git config changes
test (22)	Run actions/checkout@v7	2026-08-20T18:02:47.4056801Z Adding repository directory to the temporary git global config as a safe directory
test (22)	Run actions/checkout@v7	2026-08-20T18:02:47.4062802Z [command]/usr/bin/git config --global --add safe.directory /home/runner/work/aphorism-cli/aphorism-cli
test (22)	Run actions/checkout@v7	2026-08-20T18:02:47.4120974Z Deleting the contents of '/home/runner/work/aphorism-cli/aphorism-cli'
test (22)	Run actions/checkout@v7	2026-08-20T18:02:47.4124953Z ##[group]Determining repository object format
test (22)	Run actions/checkout@v7	2026-08-20T18:02:47.4126575Z ##[endgroup]
test (22)	Run actions/checkout@v7	2026-08-20T18:02:47.4127712Z ##[group]Initializing the repository
test (22)	Run actions/checkout@v7	2026-08-20T18:02:47.4131992Z [command]/usr/bin/git init /home/runner/work/aphorism-cli/aphorism-cli
test (22)	Run actions/checkout@v7	2026-08-20T18:02:47.4249315Z hint: Using 'master' as the name for the initial branch. This default branch name
test (22)	Run actions/checkout@v7	2026-08-20T18:02:47.4251537Z hint: will change to "main" in Git 3.0. To configure the initial branch name
test (22)	Run actions/checkout@v7	2026-08-20T18:02:47.4253130Z hint: to use in all of your new repositories, which will suppress this warning,
test (22)	Run actions/checkout@v7	2026-08-20T18:02:47.4254389Z hint: call:
test (22)	Run actions/checkout@v7	2026-08-20T18:02:47.4255026Z hint:
test (22)	Run actions/checkout@v7	2026-08-20T18:02:47.4255826Z hint: 	git config --global init.defaultBranch <name>
test (22)	Run actions/checkout@v7	2026-08-20T18:02:47.4256805Z hint:
test (22)	Run actions/checkout@v7	2026-08-20T18:02:47.4257962Z hint: Names commonly chosen instead of 'master' are 'main', 'trunk' and
test (22)	Run actions/checkout@v7	2026-08-20T18:02:47.4259571Z hint: 'development'. The just-created branch can be renamed via this command:
test (22)	Run actions/checkout@v7	2026-08-20T18:02:47.4260791Z hint:
test (22)	Run actions/checkout@v7	2026-08-20T18:02:47.4261445Z hint: 	git branch -m <name>
test (22)	Run actions/checkout@v7	2026-08-20T18:02:47.4262198Z hint:
test (22)	Run actions/checkout@v7	2026-08-20T18:02:47.4263207Z hint: Disable this message with "git config set advice.defaultBranchName false"
test (22)	Run actions/checkout@v7	2026-08-20T18:02:47.4272083Z Initialized empty Git repository in /home/runner/work/aphorism-cli/aphorism-cli/.git/
test (22)	Run actions/checkout@v7	2026-08-20T18:02:47.4282358Z [command]/usr/bin/git remote add origin https://github.com/trmnmc/aphorism-cli
test (22)	Run actions/checkout@v7	2026-08-20T18:02:47.4337123Z ##[endgroup]
test (22)	Run actions/checkout@v7	2026-08-20T18:02:47.4338797Z ##[group]Disabling automatic garbage collection
test (22)	Run actions/checkout@v7	2026-08-20T18:02:47.4342330Z [command]/usr/bin/git config --local gc.auto 0
test (22)	Run actions/checkout@v7	2026-08-20T18:02:47.4381748Z ##[endgroup]
test (22)	Run actions/checkout@v7	2026-08-20T18:02:47.4383432Z ##[group]Setting up auth
test (22)	Run actions/checkout@v7	2026-08-20T18:02:47.4384468Z Removing SSH command configuration
test (22)	Run actions/checkout@v7	2026-08-20T18:02:47.4394164Z [command]/usr/bin/git config --local --name-only --get-regexp core\.sshCommand
test (22)	Run actions/checkout@v7	2026-08-20T18:02:47.4438911Z [command]/usr/bin/git submodule foreach --recursive sh -c "git config --local --name-only --get-regexp 'core\.sshCommand' && git config --local --unset-all 'core.sshCommand' || :"
test (22)	Run actions/checkout@v7	2026-08-20T18:02:47.4825836Z Removing HTTP extra header
test (22)	Run actions/checkout@v7	2026-08-20T18:02:47.4833093Z [command]/usr/bin/git config --local --name-only --get-regexp http\.https\:\/\/github\.com\/\.extraheader
test (22)	Run actions/checkout@v7	2026-08-20T18:02:47.4874021Z [command]/usr/bin/git submodule foreach --recursive sh -c "git config --local --name-only --get-regexp 'http\.https\:\/\/github\.com\/\.extraheader' && git config --local --unset-all 'http.https://github.com/.extraheader' || :"
test (22)	Run actions/checkout@v7	2026-08-20T18:02:47.5102993Z Removing includeIf entries pointing to credentials config files
test (22)	Run actions/checkout@v7	2026-08-20T18:02:47.5109170Z [command]/usr/bin/git config --local --name-only --get-regexp ^includeIf\.gitdir:
test (22)	Run actions/checkout@v7	2026-08-20T18:02:47.5156518Z [command]/usr/bin/git submodule foreach --recursive git config --local --show-origin --name-only --get-regexp remote.origin.url
test (22)	Run actions/checkout@v7	2026-08-20T18:02:47.5398603Z [command]/usr/bin/git config --file /home/runner/work/_temp/git-credentials-5a7aa07c-37ed-45ee-ab27-629a381c1ab5.config http.https://github.com/.extraheader AUTHORIZATION: basic ***
test (22)	Run actions/checkout@v7	2026-08-20T18:02:47.5443478Z [command]/usr/bin/git config --local includeIf.gitdir:/home/runner/work/aphorism-cli/aphorism-cli/.git.path /home/runner/work/_temp/git-credentials-5a7aa07c-37ed-45ee-ab27-629a381c1ab5.config
test (22)	Run actions/checkout@v7	2026-08-20T18:02:47.5479453Z [command]/usr/bin/git config --local includeIf.gitdir:/home/runner/work/aphorism-cli/aphorism-cli/.git/worktrees/*.path /home/runner/work/_temp/git-credentials-5a7aa07c-37ed-45ee-ab27-629a381c1ab5.config
test (22)	Run actions/checkout@v7	2026-08-20T18:02:47.5517173Z [command]/usr/bin/git config --local includeIf.gitdir:/github/workspace/.git.path /github/runner_temp/git-credentials-5a7aa07c-37ed-45ee-ab27-629a381c1ab5.config
test (22)	Run actions/checkout@v7	2026-08-20T18:02:47.5554290Z [command]/usr/bin/git config --local includeIf.gitdir:/github/workspace/.git/worktrees/*.path /github/runner_temp/git-credentials-5a7aa07c-37ed-45ee-ab27-629a381c1ab5.config
test (22)	Run actions/checkout@v7	2026-08-20T18:02:47.5590552Z ##[endgroup]
test (22)	Run actions/checkout@v7	2026-08-20T18:02:47.5591365Z ##[group]Fetching the repository
test (22)	Run actions/checkout@v7	2026-08-20T18:02:47.5599149Z [command]/usr/bin/git -c protocol.version=2 fetch --no-tags --prune --no-recurse-submodules --depth=1 origin +4b63e9124de935be9996b01267a9f49487f937ff:refs/remotes/origin/master
test (22)	Run actions/checkout@v7	2026-08-20T18:02:48.1393571Z From https://github.com/trmnmc/aphorism-cli
test (22)	Run actions/checkout@v7	2026-08-20T18:02:48.1396484Z  * [new ref]         4b63e9124de935be9996b01267a9f49487f937ff -> origin/master
test (22)	Run actions/checkout@v7	2026-08-20T18:02:48.1405029Z [command]/usr/bin/git branch --list --remote origin/master
test (22)	Run actions/checkout@v7	2026-08-20T18:02:48.1435916Z   origin/master
test (22)	Run actions/checkout@v7	2026-08-20T18:02:48.1446628Z [command]/usr/bin/git rev-parse refs/remotes/origin/master
test (22)	Run actions/checkout@v7	2026-08-20T18:02:48.1474940Z 4b63e9124de935be9996b01267a9f49487f937ff
test (22)	Run actions/checkout@v7	2026-08-20T18:02:48.1480437Z ##[endgroup]
test (22)	Run actions/checkout@v7	2026-08-20T18:02:48.1482358Z ##[group]Determining the checkout info
test (22)	Run actions/checkout@v7	2026-08-20T18:02:48.1484626Z ##[endgroup]
test (22)	Run actions/checkout@v7	2026-08-20T18:02:48.1486351Z [command]/usr/bin/git sparse-checkout disable
test (22)	Run actions/checkout@v7	2026-08-20T18:02:48.1538674Z [command]/usr/bin/git config --local --unset-all extensions.worktreeConfig
test (22)	Run actions/checkout@v7	2026-08-20T18:02:48.1577032Z ##[group]Checking out the ref
test (22)	Run actions/checkout@v7	2026-08-20T18:02:48.1580228Z [command]/usr/bin/git checkout --progress --force -B master refs/remotes/origin/master
test (22)	Run actions/checkout@v7	2026-08-20T18:02:48.2506824Z Reset branch 'master'
test (22)	Run actions/checkout@v7	2026-08-20T18:02:48.2512431Z branch 'master' set up to track 'origin/master'.
test (22)	Run actions/checkout@v7	2026-08-20T18:02:48.2525775Z ##[endgroup]
test (22)	Run actions/checkout@v7	2026-08-20T18:02:48.2578401Z [command]/usr/bin/git log -1 --format=%H
test (22)	Run actions/checkout@v7	2026-08-20T18:02:48.2610584Z 4b63e9124de935be9996b01267a9f49487f937ff
test (22)	Run actions/setup-node@v7	﻿2026-08-20T18:02:48.3009604Z ##[group]Run actions/setup-node@v7
test (22)	Run actions/setup-node@v7	2026-08-20T18:02:48.3010896Z with:
test (22)	Run actions/setup-node@v7	2026-08-20T18:02:48.3011789Z   node-version: 22
test (22)	Run actions/setup-node@v7	2026-08-20T18:02:48.3012779Z   check-latest: false
test (22)	Run actions/setup-node@v7	2026-08-20T18:02:48.3022750Z   token: ***
test (22)	Run actions/setup-node@v7	2026-08-20T18:02:48.3023743Z   package-manager-cache: true
test (22)	Run actions/setup-node@v7	2026-08-20T18:02:48.3024891Z ##[endgroup]
test (22)	Run actions/setup-node@v7	2026-08-20T18:02:48.4358536Z Found in cache @ /opt/hostedtoolcache/node/22.23.2/x64
test (22)	Run actions/setup-node@v7	2026-08-20T18:02:48.4371811Z ##[group]Environment details
test (22)	Run actions/setup-node@v7	2026-08-20T18:02:48.8524734Z node: v22.23.2
test (22)	Run actions/setup-node@v7	2026-08-20T18:02:48.8526447Z npm: 10.9.8
test (22)	Run actions/setup-node@v7	2026-08-20T18:02:48.8528071Z yarn: 1.22.22
test (22)	Run actions/setup-node@v7	2026-08-20T18:02:48.8530779Z ##[endgroup]
test (22)	Assert the test glob matches at least one file	﻿2026-08-20T18:02:48.8815000Z ##[group]Run ls test/*.test.js
test (22)	Assert the test glob matches at least one file	2026-08-20T18:02:48.8816183Z [36;1mls test/*.test.js[0m
test (22)	Assert the test glob matches at least one file	2026-08-20T18:02:48.8868020Z shell: /usr/bin/bash -e {0}
test (22)	Assert the test glob matches at least one file	2026-08-20T18:02:48.8869122Z ##[endgroup]
test (22)	Assert the test glob matches at least one file	2026-08-20T18:02:48.8981806Z test/args.test.js
test (22)	Assert the test glob matches at least one file	2026-08-20T18:02:48.8982907Z test/cli.test.js
test (22)	Assert the test glob matches at least one file	2026-08-20T18:02:48.8984009Z test/node-support-citation.test.js
test (22)	Assert the test glob matches at least one file	2026-08-20T18:02:48.8985167Z test/pipe.test.js
test (22)	Assert the test glob matches at least one file	2026-08-20T18:02:48.8986138Z test/readme-tags.test.js
test (22)	Assert the test glob matches at least one file	2026-08-20T18:02:48.8987171Z test/select.test.js
test (22)	Run node --test test/*.test.js	﻿2026-08-20T18:02:48.9055347Z ##[group]Run node --test test/*.test.js
test (22)	Run node --test test/*.test.js	2026-08-20T18:02:48.9056558Z [36;1mnode --test test/*.test.js[0m
test (22)	Run node --test test/*.test.js	2026-08-20T18:02:48.9093158Z shell: /usr/bin/bash -e {0}
test (22)	Run node --test test/*.test.js	2026-08-20T18:02:48.9094163Z ##[endgroup]
test (22)	Run node --test test/*.test.js	2026-08-20T18:02:48.9699717Z TAP version 13
test (22)	Run node --test test/*.test.js	2026-08-20T18:02:49.0268856Z # Subtest: zero args: no error, no filters set
test (22)	Run node --test test/*.test.js	2026-08-20T18:02:49.0299519Z ok 1 - zero args: no error, no filters set
test (22)	Run node --test test/*.test.js	2026-08-20T18:02:49.0328991Z   ---
test (22)	Run node --test test/*.test.js	2026-08-20T18:02:49.0339538Z   duration_ms: 3.462064
test (22)	Run node --test test/*.test.js	2026-08-20T18:02:49.0377501Z   type: 'test'
test (22)	Run node --test test/*.test.js	2026-08-20T18:02:49.0401530Z   ...
test (22)	Run node --test test/*.test.js	2026-08-20T18:02:49.0429851Z # Subtest: --author <name> sets author string
test (22)	Run node --test test/*.test.js	2026-08-20T18:02:49.0449399Z ok 2 - --author <name> sets author string
test (22)	Run node --test test/*.test.js	2026-08-20T18:02:49.0451901Z   ---
test (22)	Run node --test test/*.test.js	2026-08-20T18:02:49.0453899Z   duration_ms: 0.32188
test (22)	Run node --test test/*.test.js	2026-08-20T18:02:49.0456459Z   type: 'test'
test (22)	Run node --test test/*.test.js	2026-08-20T18:02:49.0458750Z   ...
test (22)	Run node --test test/*.test.js	2026-08-20T18:02:49.0461408Z # Subtest: --author=<name> equals form sets author string
test (22)	Run node --test test/*.test.js	2026-08-20T18:02:49.0464455Z ok 3 - --author=<name> equals form sets author string
test (22)	Run node --test test/*.test.js	2026-08-20T18:02:49.0466995Z   ---
test (22)	Run node --test test/*.test.js	2026-08-20T18:02:49.0469359Z   duration_ms: 0.224729
test (22)	Run node --test test/*.test.js	2026-08-20T18:02:49.0471420Z   type: 'test'
test (22)	Run node --test test/*.test.js	2026-08-20T18:02:49.0473276Z   ...
test (22)	Run node --test test/*.test.js	2026-08-20T18:02:49.0475249Z # Subtest: --tag <tag> sets tag string
test (22)	Run node --test test/*.test.js	2026-08-20T18:02:49.0477736Z ok 4 - --tag <tag> sets tag string
test (22)	Run node --test test/*.test.js	2026-08-20T18:02:49.0480553Z   ---
test (22)	Run node --test test/*.test.js	2026-08-20T18:02:49.0482159Z   duration_ms: 0.223948
test (22)	Run node --test test/*.test.js	2026-08-20T18:02:49.0483416Z   type: 'test'
test (22)	Run node --test test/*.test.js	2026-08-20T18:02:49.0484493Z   ...
test (22)	Run node --test test/*.test.js	2026-08-20T18:02:49.0485746Z # Subtest: --tag=<tag> equals form sets tag string
test (22)	Run node --test test/*.test.js	2026-08-20T18:02:49.0487339Z ok 5 - --tag=<tag> equals form sets tag string
test (22)	Run node --test test/*.test.js	2026-08-20T18:02:49.0489475Z   ---
test (22)	Run node --test test/*.test.js	2026-08-20T18:02:49.0490855Z   duration_ms: 0.311251
test (22)	Run node --test test/*.test.js	2026-08-20T18:02:49.0492239Z   type: 'test'
test (22)	Run node --test test/*.test.js	2026-08-20T18:02:49.0493096Z   ...
test (22)	Run node --test test/*.test.js	2026-08-20T18:02:49.0494167Z # Subtest: combined --author X --tag Y sets both
test (22)	Run node --test test/*.test.js	2026-08-20T18:02:49.0495525Z ok 6 - combined --author X --tag Y sets both
test (22)	Run node --test test/*.test.js	2026-08-20T18:02:49.0496662Z   ---
test (22)	Run node --test test/*.test.js	2026-08-20T18:02:49.0497506Z   duration_ms: 0.223286
test (22)	Run node --test test/*.test.js	2026-08-20T18:02:49.0499102Z   type: 'test'
test (22)	Run node --test test/*.test.js	2026-08-20T18:02:49.0500472Z   ...
test (22)	Run node --test test/*.test.js	2026-08-20T18:02:49.0502137Z # Subtest: --seed <n> parses as a number
test (22)	Run node --test test/*.test.js	2026-08-20T18:02:49.0504285Z ok 7 - --seed <n> parses as a number
test (22)	Run node --test test/*.test.js	2026-08-20T18:02:49.0506099Z   ---
test (22)	Run node --test test/*.test.js	2026-08-20T18:02:49.0507574Z   duration_ms: 0.372704
test (22)	Run node --test test/*.test.js	2026-08-20T18:02:49.0509660Z   type: 'test'
test (22)	Run node --test test/*.test.js	2026-08-20T18:02:49.0511134Z   ...
test (22)	Run node --test test/*.test.js	2026-08-20T18:02:49.0513039Z # Subtest: --seed=<n> equals form parses as a number
test (22)	Run node --test test/*.test.js	2026-08-20T18:02:49.0515515Z ok 8 - --seed=<n> equals form parses as a number
test (22)	Run node --test test/*.test.js	2026-08-20T18:02:49.0517551Z   ---
test (22)	Run node --test test/*.test.js	2026-08-20T18:02:49.0519324Z   duration_ms: 0.217496
test (22)	Run node --test test/*.test.js	2026-08-20T18:02:49.0520902Z   type: 'test'
test (22)	Run node --test test/*.test.js	2026-08-20T18:02:49.0522318Z   ...
test (22)	Run node --test test/*.test.js	2026-08-20T18:02:49.0524091Z # Subtest: --seed <n> accepts a negative number
test (22)	Run node --test test/*.test.js	2026-08-20T18:02:49.0526479Z ok 9 - --seed <n> accepts a negative number
test (22)	Run node --test test/*.test.js	2026-08-20T18:02:49.0528690Z   ---
test (22)	Run node --test test/*.test.js	2026-08-20T18:02:49.0530218Z   duration_ms: 0.564773
test (22)	Run node --test test/*.test.js	2026-08-20T18:02:49.0531858Z   type: 'test'
test (22)	Run node --test test/*.test.js	2026-08-20T18:02:49.0533388Z   ...
test (22)	Run node --test test/*.test.js	2026-08-20T18:02:49.0535444Z # Subtest: --seed=<n> equals form accepts a negative number
test (22)	Run node --test test/*.test.js	2026-08-20T18:02:49.0538711Z ok 10 - --seed=<n> equals form accepts a negative number
test (22)	Run node --test test/*.test.js	2026-08-20T18:02:49.0541095Z   ---
test (22)	Run node --test test/*.test.js	2026-08-20T18:02:49.0542738Z   duration_ms: 0.559713
test (22)	Run node --test test/*.test.js	2026-08-20T18:02:49.0544648Z   type: 'test'
test (22)	Run node --test test/*.test.js	2026-08-20T18:02:49.0546294Z   ...
test (22)	Run node --test test/*.test.js	2026-08-20T18:02:49.0548870Z # Subtest: non-numeric --seed is a usage error
test (22)	Run node --test test/*.test.js	2026-08-20T18:02:49.0551558Z ok 11 - non-numeric --seed is a usage error
test (22)	Run node --test test/*.test.js	2026-08-20T18:02:49.0553697Z   ---
test (22)	Run node --test test/*.test.js	2026-08-20T18:02:49.0555339Z   duration_ms: 0.490755
test (22)	Run node --test test/*.test.js	2026-08-20T18:02:49.0557026Z   type: 'test'
test (22)	Run node --test test/*.test.js	2026-08-20T18:02:49.0558832Z   ...
test (22)	Run node --test test/*.test.js	2026-08-20T18:02:49.0561122Z # Subtest: non-numeric --seed= equals form is a usage error
test (22)	Run node --test test/*.test.js	2026-08-20T18:02:49.0563967Z ok 12 - non-numeric --seed= equals form is a usage error
test (22)	Run node --test test/*.test.js	2026-08-20T18:02:49.0566089Z   ---
test (22)	Run node --test test/*.test.js	2026-08-20T18:02:49.0567600Z   duration_ms: 0.218748
test (22)	Run node --test test/*.test.js	2026-08-20T18:02:49.0569611Z   type: 'test'
test (22)	Run node --test test/*.test.js	2026-08-20T18:02:49.0571137Z   ...
test (22)	Run node --test test/*.test.js	2026-08-20T18:02:49.0573314Z # Subtest: --list sets list: true
test (22)	Run node --test test/*.test.js	2026-08-20T18:02:49.0575293Z ok 13 - --list sets list: true
test (22)	Run node --test test/*.test.js	2026-08-20T18:02:49.0577061Z   ---
test (22)	Run node --test test/*.test.js	2026-08-20T18:02:49.0578830Z   duration_ms: 0.170959
test (22)	Run node --test test/*.test.js	2026-08-20T18:02:49.0580473Z   type: 'test'
test (22)	Run node --test test/*.test.js	2026-08-20T18:02:49.0581994Z   ...
test (22)	Run node --test test/*.test.js	2026-08-20T18:02:49.0583682Z # Subtest: --json sets json: true
test (22)	Run node --test test/*.test.js	2026-08-20T18:02:49.0585713Z ok 14 - --json sets json: true
test (22)	Run node --test test/*.test.js	2026-08-20T18:02:49.0587549Z   ---
test (22)	Run node --test test/*.test.js	2026-08-20T18:02:49.0589296Z   duration_ms: 0.188
test (22)	Run node --test test/*.test.js	2026-08-20T18:02:49.0590923Z   type: 'test'
test (22)	Run node --test test/*.test.js	2026-08-20T18:02:49.0592434Z   ...
test (22)	Run node --test test/*.test.js	2026-08-20T18:02:49.0594129Z # Subtest: --help sets help: true
test (22)	Run node --test test/*.test.js	2026-08-20T18:02:49.0596158Z ok 15 - --help sets help: true
test (22)	Run node --test test/*.test.js	2026-08-20T18:02:49.0598180Z   ---
test (22)	Run node --test test/*.test.js	2026-08-20T18:02:49.0599691Z   duration_ms: 0.159978
test (22)	Run node --test test/*.test.js	2026-08-20T18:02:49.0601316Z   type: 'test'
test (22)	Run node --test test/*.test.js	2026-08-20T18:02:49.0602792Z   ...
test (22)	Run node --test test/*.test.js	2026-08-20T18:02:49.0604341Z # Subtest: -h sets help: true
test (22)	Run node --test test/*.test.js	2026-08-20T18:02:49.0606186Z ok 16 - -h sets help: true
test (22)	Run node --test test/*.test.js	2026-08-20T18:02:49.0608072Z   ---
test (22)	Run node --test test/*.test.js	2026-08-20T18:02:49.0609753Z   duration_ms: 0.151452
test (22)	Run node --test test/*.test.js	2026-08-20T18:02:49.0611399Z   type: 'test'
test (22)	Run node --test test/*.test.js	2026-08-20T18:02:49.0612870Z   ...
test (22)	Run node --test test/*.test.js	2026-08-20T18:02:49.0614557Z # Subtest: unknown flag is a usage error
test (22)	Run node --test test/*.test.js	2026-08-20T18:02:49.0616681Z ok 17 - unknown flag is a usage error
test (22)	Run node --test test/*.test.js	2026-08-20T18:02:49.0618779Z   ---
test (22)	Run node --test test/*.test.js	2026-08-20T18:02:49.0620058Z   duration_ms: 0.189784
test (22)	Run node --test test/*.test.js	2026-08-20T18:02:49.0621441Z   type: 'test'
test (22)	Run node --test test/*.test.js	2026-08-20T18:02:49.0622697Z   ...
test (22)	Run node --test test/*.test.js	2026-08-20T18:02:49.0624196Z # Subtest: unknown short flag is a usage error
test (22)	Run node --test test/*.test.js	2026-08-20T18:02:49.0626240Z ok 18 - unknown short flag is a usage error
test (22)	Run node --test test/*.test.js	2026-08-20T18:02:49.0628128Z   ---
test (22)	Run node --test test/*.test.js	2026-08-20T18:02:49.0629389Z   duration_ms: 0.143487
test (22)	Run node --test test/*.test.js	2026-08-20T18:02:49.0630822Z   type: 'test'
test (22)	Run node --test test/*.test.js	2026-08-20T18:02:49.0632087Z   ...
test (22)	Run node --test test/*.test.js	2026-08-20T18:02:49.0634367Z # Subtest: --author missing value at end of argv is a usage error
test (22)	Run node --test test/*.test.js	2026-08-20T18:02:49.0637166Z ok 19 - --author missing value at end of argv is a usage error
test (22)	Run node --test test/*.test.js	2026-08-20T18:02:49.0639886Z   ---
test (22)	Run node --test test/*.test.js	2026-08-20T18:02:49.0641366Z   duration_ms: 0.240088
test (22)	Run node --test test/*.test.js	2026-08-20T18:02:49.0642912Z   type: 'test'
test (22)	Run node --test test/*.test.js	2026-08-20T18:02:49.0644155Z   ...
test (22)	Run node --test test/*.test.js	2026-08-20T18:02:49.0646608Z # Subtest: --tag missing value because next token is another flag is a usage error
test (22)	Run node --test test/*.test.js	2026-08-20T18:02:49.0650458Z ok 20 - --tag missing value because next token is another flag is a usage error
test (22)	Run node --test test/*.test.js	2026-08-20T18:02:49.0652946Z   ---
test (22)	Run node --test test/*.test.js	2026-08-20T18:02:49.0654348Z   duration_ms: 0.181148
test (22)	Run node --test test/*.test.js	2026-08-20T18:02:49.0655910Z   type: 'test'
test (22)	Run node --test test/*.test.js	2026-08-20T18:02:49.0657247Z   ...
test (22)	Run node --test test/*.test.js	2026-08-20T18:02:49.0659279Z # Subtest: --seed missing value at end of argv is a usage error
test (22)	Run node --test test/*.test.js	2026-08-20T18:02:49.0661882Z ok 21 - --seed missing value at end of argv is a usage error
test (22)	Run node --test test/*.test.js	2026-08-20T18:02:49.0663938Z   ---
test (22)	Run node --test test/*.test.js	2026-08-20T18:02:49.0665340Z   duration_ms: 0.144449
test (22)	Run node --test test/*.test.js	2026-08-20T18:02:49.0666957Z   type: 'test'
test (22)	Run node --test test/*.test.js	2026-08-20T18:02:49.0668675Z   ...
test (22)	Run node --test test/*.test.js	2026-08-20T18:02:49.0670579Z # Subtest: --author= with empty value is a usage error
test (22)	Run node --test test/*.test.js	2026-08-20T18:02:49.0673090Z ok 22 - --author= with empty value is a usage error
test (22)	Run node --test test/*.test.js	2026-08-20T18:02:49.0675042Z   ---
test (22)	Run node --test test/*.test.js	2026-08-20T18:02:49.0676528Z   duration_ms: 0.151262
test (22)	Run node --test test/*.test.js	2026-08-20T18:02:49.0678355Z   type: 'test'
test (22)	Run node --test test/*.test.js	2026-08-20T18:02:49.0679811Z   ...
test (22)	Run node --test test/*.test.js	2026-08-20T18:02:49.0681970Z # Subtest: a bare positional argument (not a flag) is a usage error
test (22)	Run node --test test/*.test.js	2026-08-20T18:02:49.0684729Z ok 23 - a bare positional argument (not a flag) is a usage error
test (22)	Run node --test test/*.test.js	2026-08-20T18:02:49.0686985Z   ---
test (22)	Run node --test test/*.test.js	2026-08-20T18:02:49.0688609Z   duration_ms: 1.031383
test (22)	Run node --test test/*.test.js	2026-08-20T18:02:49.0689984Z   type: 'test'
test (22)	Run node --test test/*.test.js	2026-08-20T18:02:49.0691267Z   ...
test (22)	Run node --test test/*.test.js	2026-08-20T18:02:49.0692813Z # Subtest: parseArgs never throws on malformed input
test (22)	Run node --test test/*.test.js	2026-08-20T18:02:49.0694894Z ok 24 - parseArgs never throws on malformed input
test (22)	Run node --test test/*.test.js	2026-08-20T18:02:49.0696898Z   ---
test (22)	Run node --test test/*.test.js	2026-08-20T18:02:49.0698446Z   duration_ms: 0.284831
test (22)	Run node --test test/*.test.js	2026-08-20T18:02:49.0699773Z   type: 'test'
test (22)	Run node --test test/*.test.js	2026-08-20T18:02:49.0700918Z   ...
test (22)	Run node --test test/*.test.js	2026-08-20T18:02:49.0702397Z # Subtest: absent options are undefined/false, never null
test (22)	Run node --test test/*.test.js	2026-08-20T18:02:49.0704221Z ok 25 - absent options are undefined/false, never null
test (22)	Run node --test test/*.test.js	2026-08-20T18:02:49.0705702Z   ---
test (22)	Run node --test test/*.test.js	2026-08-20T18:02:49.0707430Z   duration_ms: 0.145652
test (22)	Run node --test test/*.test.js	2026-08-20T18:02:49.0708864Z   type: 'test'
test (22)	Run node --test test/*.test.js	2026-08-20T18:02:49.0710009Z   ...
test (22)	Run node --test test/*.test.js	2026-08-20T18:02:49.0711526Z # Subtest: HELP is a non-empty string mentioning every flag name
test (22)	Run node --test test/*.test.js	2026-08-20T18:02:49.0713493Z ok 26 - HELP is a non-empty string mentioning every flag name
test (22)	Run node --test test/*.test.js	2026-08-20T18:02:49.0714996Z   ---
test (22)	Run node --test test/*.test.js	2026-08-20T18:02:49.0716137Z   duration_ms: 0.183132
test (22)	Run node --test test/*.test.js	2026-08-20T18:02:49.0717438Z   type: 'test'
test (22)	Run node --test test/*.test.js	2026-08-20T18:02:49.0718784Z   ...
test (22)	Run node --test test/*.test.js	2026-08-20T18:02:49.0720311Z # Subtest: HELP fits comfortably on one 24-line terminal screen
test (22)	Run node --test test/*.test.js	2026-08-20T18:02:49.0722103Z ok 27 - HELP fits comfortably on one 24-line terminal screen
test (22)	Run node --test test/*.test.js	2026-08-20T18:02:49.0723450Z   ---
test (22)	Run node --test test/*.test.js	2026-08-20T18:02:49.0724528Z   duration_ms: 0.160509
test (22)	Run node --test test/*.test.js	2026-08-20T18:02:49.0725914Z   type: 'test'
test (22)	Run node --test test/*.test.js	2026-08-20T18:02:49.0726629Z   ...
test (22)	Run node --test test/*.test.js	2026-08-20T18:02:49.0727639Z # Subtest: --seed Infinity / --seed -Infinity parse to numbers, not a usage error
test (22)	Run node --test test/*.test.js	2026-08-20T18:02:49.0729604Z ok 28 - --seed Infinity / --seed -Infinity parse to numbers, not a usage error
test (22)	Run node --test test/*.test.js	2026-08-20T18:02:49.0730601Z   ---
test (22)	Run node --test test/*.test.js	2026-08-20T18:02:49.0731630Z   duration_ms: 0.261237
test (22)	Run node --test test/*.test.js	2026-08-20T18:02:49.0732767Z   type: 'test'
test (22)	Run node --test test/*.test.js	2026-08-20T18:02:49.0733907Z   ...
test (22)	Run node --test test/*.test.js	2026-08-20T18:02:51.9474088Z # Subtest: bare invocation prints one attributed aphorism and exits 0
test (22)	Run node --test test/*.test.js	2026-08-20T18:02:51.9475780Z ok 29 - bare invocation prints one attributed aphorism and exits 0
test (22)	Run node --test test/*.test.js	2026-08-20T18:02:51.9476704Z   ---
test (22)	Run node --test test/*.test.js	2026-08-20T18:02:51.9477211Z   duration_ms: 39.498316
test (22)	Run node --test test/*.test.js	2026-08-20T18:02:51.9477997Z   type: 'test'
test (22)	Run node --test test/*.test.js	2026-08-20T18:02:51.9478498Z   ...
test (22)	Run node --test test/*.test.js	2026-08-20T18:02:51.9479422Z # Subtest: --seed is deterministic across separate processes
test (22)	Run node --test test/*.test.js	2026-08-20T18:02:51.9481505Z ok 30 - --seed is deterministic across separate processes
test (22)	Run node --test test/*.test.js	2026-08-20T18:02:51.9482796Z   ---
test (22)	Run node --test test/*.test.js	2026-08-20T18:02:51.9484207Z   duration_ms: 84.614369
test (22)	Run node --test test/*.test.js	2026-08-20T18:02:51.9485059Z   type: 'test'
test (22)	Run node --test test/*.test.js	2026-08-20T18:02:51.9485836Z   ...
test (22)	Run node --test test/*.test.js	2026-08-20T18:02:51.9488677Z # Subtest: different seeds do not all collapse to one aphorism
test (22)	Run node --test test/*.test.js	2026-08-20T18:02:51.9519345Z ok 31 - different seeds do not all collapse to one aphorism
test (22)	Run node --test test/*.test.js	2026-08-20T18:02:51.9528694Z   ---
test (22)	Run node --test test/*.test.js	2026-08-20T18:02:51.9529666Z   duration_ms: 422.302916
test (22)	Run node --test test/*.test.js	2026-08-20T18:02:51.9530148Z   type: 'test'
test (22)	Run node --test test/*.test.js	2026-08-20T18:02:51.9530429Z   ...
test (22)	Run node --test test/*.test.js	2026-08-20T18:02:51.9530931Z # Subtest: --json emits a single-line JSON object with text/author/tags
test (22)	Run node --test test/*.test.js	2026-08-20T18:02:51.9532124Z ok 32 - --json emits a single-line JSON object with text/author/tags
test (22)	Run node --test test/*.test.js	2026-08-20T18:02:51.9532908Z   ---
test (22)	Run node --test test/*.test.js	2026-08-20T18:02:51.9533392Z   duration_ms: 39.573253
test (22)	Run node --test test/*.test.js	2026-08-20T18:02:51.9533940Z   type: 'test'
test (22)	Run node --test test/*.test.js	2026-08-20T18:02:51.9534407Z   ...
test (22)	Run node --test test/*.test.js	2026-08-20T18:02:51.9535116Z # Subtest: --list prints every entry in the filtered set
test (22)	Run node --test test/*.test.js	2026-08-20T18:02:51.9536064Z ok 33 - --list prints every entry in the filtered set
test (22)	Run node --test test/*.test.js	2026-08-20T18:02:51.9536783Z   ---
test (22)	Run node --test test/*.test.js	2026-08-20T18:02:51.9537244Z   duration_ms: 34.69862
test (22)	Run node --test test/*.test.js	2026-08-20T18:02:51.9538107Z   type: 'test'
test (22)	Run node --test test/*.test.js	2026-08-20T18:02:51.9538845Z   ...
test (22)	Run node --test test/*.test.js	2026-08-20T18:02:51.9539615Z # Subtest: --help prints usage to stdout and exits 0
test (22)	Run node --test test/*.test.js	2026-08-20T18:02:51.9540519Z ok 34 - --help prints usage to stdout and exits 0
test (22)	Run node --test test/*.test.js	2026-08-20T18:02:51.9541170Z   ---
test (22)	Run node --test test/*.test.js	2026-08-20T18:02:51.9541617Z   duration_ms: 28.515664
test (22)	Run node --test test/*.test.js	2026-08-20T18:02:51.9542150Z   type: 'test'
test (22)	Run node --test test/*.test.js	2026-08-20T18:02:51.9542591Z   ...
test (22)	Run node --test test/*.test.js	2026-08-20T18:02:51.9543364Z # Subtest: no match exits 1 with stderr only and zero bytes on stdout
test (22)	Run node --test test/*.test.js	2026-08-20T18:02:51.9544444Z ok 35 - no match exits 1 with stderr only and zero bytes on stdout
test (22)	Run node --test test/*.test.js	2026-08-20T18:02:51.9545156Z   ---
test (22)	Run node --test test/*.test.js	2026-08-20T18:02:51.9545599Z   duration_ms: 30.355941
test (22)	Run node --test test/*.test.js	2026-08-20T18:02:51.9546103Z   type: 'test'
test (22)	Run node --test test/*.test.js	2026-08-20T18:02:51.9546534Z   ...
test (22)	Run node --test test/*.test.js	2026-08-20T18:02:51.9547270Z # Subtest: unknown flag is a usage error, exit 2, stdout clean
test (22)	Run node --test test/*.test.js	2026-08-20T18:02:51.9548510Z ok 36 - unknown flag is a usage error, exit 2, stdout clean
test (22)	Run node --test test/*.test.js	2026-08-20T18:02:51.9549203Z   ---
test (22)	Run node --test test/*.test.js	2026-08-20T18:02:51.9549651Z   duration_ms: 29.669723
test (22)	Run node --test test/*.test.js	2026-08-20T18:02:51.9550161Z   type: 'test'
test (22)	Run node --test test/*.test.js	2026-08-20T18:02:51.9550617Z   ...
test (22)	Run node --test test/*.test.js	2026-08-20T18:02:51.9568847Z # Subtest: non-numeric seed is a usage error, exit 2
test (22)	Run node --test test/*.test.js	2026-08-20T18:02:51.9588968Z ok 37 - non-numeric seed is a usage error, exit 2
test (22)	Run node --test test/*.test.js	2026-08-20T18:02:51.9618871Z   ---
test (22)	Run node --test test/*.test.js	2026-08-20T18:02:51.9634770Z   duration_ms: 28.927567
test (22)	Run node --test test/*.test.js	2026-08-20T18:02:51.9635396Z   type: 'test'
test (22)	Run node --test test/*.test.js	2026-08-20T18:02:51.9635857Z   ...
test (22)	Run node --test test/*.test.js	2026-08-20T18:02:51.9636623Z # Subtest: author filter is case-insensitive and narrows the list
test (22)	Run node --test test/*.test.js	2026-08-20T18:02:51.9637627Z ok 38 - author filter is case-insensitive and narrows the list
test (22)	Run node --test test/*.test.js	2026-08-20T18:02:51.9638537Z   ---
test (22)	Run node --test test/*.test.js	2026-08-20T18:02:51.9638971Z   duration_ms: 60.88025
test (22)	Run node --test test/*.test.js	2026-08-20T18:02:51.9639453Z   type: 'test'
test (22)	Run node --test test/*.test.js	2026-08-20T18:02:51.9639765Z   ...
test (22)	Run node --test test/*.test.js	2026-08-20T18:02:51.9640890Z # Subtest: output is pipe-safe — no ANSI escapes when not a TTY
test (22)	Run node --test test/*.test.js	2026-08-20T18:02:51.9642186Z ok 39 - output is pipe-safe — no ANSI escapes when not a TTY
test (22)	Run node --test test/*.test.js	2026-08-20T18:02:51.9643046Z   ---
test (22)	Run node --test test/*.test.js	2026-08-20T18:02:51.9643563Z   duration_ms: 43.121738
test (22)	Run node --test test/*.test.js	2026-08-20T18:02:51.9644129Z   type: 'test'
test (22)	Run node --test test/*.test.js	2026-08-20T18:02:51.9644694Z   ...
test (22)	Run node --test test/*.test.js	2026-08-20T18:02:51.9645543Z # Subtest: --tag matches membership, not substring containment
test (22)	Run node --test test/*.test.js	2026-08-20T18:02:51.9646499Z ok 40 - --tag matches membership, not substring containment
test (22)	Run node --test test/*.test.js	2026-08-20T18:02:51.9646918Z   ---
test (22)	Run node --test test/*.test.js	2026-08-20T18:02:51.9647191Z   duration_ms: 65.95065
test (22)	Run node --test test/*.test.js	2026-08-20T18:02:51.9647485Z   type: 'test'
test (22)	Run node --test test/*.test.js	2026-08-20T18:02:51.9648002Z   ...
test (22)	Run node --test test/*.test.js	2026-08-20T18:02:51.9648653Z # Subtest: --list prints exactly one line per matching entry, no drops
test (22)	Run node --test test/*.test.js	2026-08-20T18:02:51.9649285Z ok 41 - --list prints exactly one line per matching entry, no drops
test (22)	Run node --test test/*.test.js	2026-08-20T18:02:51.9649698Z   ---
test (22)	Run node --test test/*.test.js	2026-08-20T18:02:51.9649972Z   duration_ms: 30.603974
test (22)	Run node --test test/*.test.js	2026-08-20T18:02:51.9650274Z   type: 'test'
test (22)	Run node --test test/*.test.js	2026-08-20T18:02:51.9650549Z   ...
test (22)	Run node --test test/*.test.js	2026-08-20T18:02:51.9650996Z # Subtest: --list preserves corpus order (first and last line match)
test (22)	Run node --test test/*.test.js	2026-08-20T18:02:51.9652035Z ok 42 - --list preserves corpus order (first and last line match)
test (22)	Run node --test test/*.test.js	2026-08-20T18:02:51.9652447Z   ---
test (22)	Run node --test test/*.test.js	2026-08-20T18:02:51.9652707Z   duration_ms: 29.700417
test (22)	Run node --test test/*.test.js	2026-08-20T18:02:51.9652996Z   type: 'test'
test (22)	Run node --test test/*.test.js	2026-08-20T18:02:51.9653260Z   ...
test (22)	Run node --test test/*.test.js	2026-08-20T18:02:51.9653699Z # Subtest: --json output is exactly one line, never pretty-printed
test (22)	Run node --test test/*.test.js	2026-08-20T18:02:51.9654270Z ok 43 - --json output is exactly one line, never pretty-printed
test (22)	Run node --test test/*.test.js	2026-08-20T18:02:51.9654663Z   ---
test (22)	Run node --test test/*.test.js	2026-08-20T18:02:51.9654921Z   duration_ms: 28.464368
test (22)	Run node --test test/*.test.js	2026-08-20T18:02:51.9655210Z   type: 'test'
test (22)	Run node --test test/*.test.js	2026-08-20T18:02:51.9655469Z   ...
test (22)	Run node --test test/*.test.js	2026-08-20T18:02:51.9656013Z # Subtest: --list --json emits newline-delimited JSON, one object per line, in corpus order
test (22)	Run node --test test/*.test.js	2026-08-20T18:02:51.9656787Z ok 44 - --list --json emits newline-delimited JSON, one object per line, in corpus order
test (22)	Run node --test test/*.test.js	2026-08-20T18:02:51.9657274Z   ---
test (22)	Run node --test test/*.test.js	2026-08-20T18:02:51.9657534Z   duration_ms: 29.654677
test (22)	Run node --test test/*.test.js	2026-08-20T18:02:51.9658120Z   type: 'test'
test (22)	Run node --test test/*.test.js	2026-08-20T18:02:51.9658411Z   ...
test (22)	Run node --test test/*.test.js	2026-08-20T18:02:51.9659131Z # Subtest: --json composes with --seed: the seeded JSON pick is reproducible AND is the same entry as the plain-text pick
test (22)	Run node --test test/*.test.js	2026-08-20T18:02:51.9660471Z ok 45 - --json composes with --seed: the seeded JSON pick is reproducible AND is the same entry as the plain-text pick
test (22)	Run node --test test/*.test.js	2026-08-20T18:02:51.9661616Z   ---
test (22)	Run node --test test/*.test.js	2026-08-20T18:02:51.9662162Z   duration_ms: 532.779203
test (22)	Run node --test test/*.test.js	2026-08-20T18:02:51.9662749Z   type: 'test'
test (22)	Run node --test test/*.test.js	2026-08-20T18:02:51.9663252Z   ...
test (22)	Run node --test test/*.test.js	2026-08-20T18:02:51.9664314Z # Subtest: --json composes with the filter flags: the JSON pick is always a member of the FILTERED set
test (22)	Run node --test test/*.test.js	2026-08-20T18:02:51.9665248Z ok 46 - --json composes with the filter flags: the JSON pick is always a member of the FILTERED set
test (22)	Run node --test test/*.test.js	2026-08-20T18:02:51.9665769Z   ---
test (22)	Run node --test test/*.test.js	2026-08-20T18:02:51.9666035Z   duration_ms: 691.92297
test (22)	Run node --test test/*.test.js	2026-08-20T18:02:51.9666327Z   type: 'test'
test (22)	Run node --test test/*.test.js	2026-08-20T18:02:51.9666593Z   ...
test (22)	Run node --test test/*.test.js	2026-08-20T18:02:51.9667147Z # Subtest: --list accepts a valid --seed and IGNORES it: output is byte-identical across seeds
test (22)	Run node --test test/*.test.js	2026-08-20T18:02:51.9668343Z ok 47 - --list accepts a valid --seed and IGNORES it: output is byte-identical across seeds
test (22)	Run node --test test/*.test.js	2026-08-20T18:02:51.9668862Z   ---
test (22)	Run node --test test/*.test.js	2026-08-20T18:02:51.9669126Z   duration_ms: 283.812098
test (22)	Run node --test test/*.test.js	2026-08-20T18:02:51.9669422Z   type: 'test'
test (22)	Run node --test test/*.test.js	2026-08-20T18:02:51.9669983Z   ...
test (22)	Run node --test test/*.test.js	2026-08-20T18:02:51.9670540Z # Subtest: --list --seed abc is a usage error, exit 2, stdout empty, stderr carries the diagnostic
test (22)	Run node --test test/*.test.js	2026-08-20T18:02:51.9671325Z ok 48 - --list --seed abc is a usage error, exit 2, stdout empty, stderr carries the diagnostic
test (22)	Run node --test test/*.test.js	2026-08-20T18:02:51.9671804Z   ---
test (22)	Run node --test test/*.test.js	2026-08-20T18:02:51.9672064Z   duration_ms: 29.668711
test (22)	Run node --test test/*.test.js	2026-08-20T18:02:51.9672363Z   type: 'test'
test (22)	Run node --test test/*.test.js	2026-08-20T18:02:51.9672619Z   ...
test (22)	Run node --test test/*.test.js	2026-08-20T18:02:51.9673209Z # Subtest: --seed abc --list (erroring flag BEFORE --list) is still a usage error, exit 2, stdout empty
test (22)	Run node --test test/*.test.js	2026-08-20T18:02:51.9674044Z ok 49 - --seed abc --list (erroring flag BEFORE --list) is still a usage error, exit 2, stdout empty
test (22)	Run node --test test/*.test.js	2026-08-20T18:02:51.9674632Z   ---
test (22)	Run node --test test/*.test.js	2026-08-20T18:02:51.9675109Z   duration_ms: 29.80021
test (22)	Run node --test test/*.test.js	2026-08-20T18:02:51.9675711Z   type: 'test'
test (22)	Run node --test test/*.test.js	2026-08-20T18:02:51.9676195Z   ...
test (22)	Run node --test test/*.test.js	2026-08-20T18:02:51.9676831Z # Subtest: --list --seed=  (empty seed value) is a usage error, exit 2, stdout empty
test (22)	Run node --test test/*.test.js	2026-08-20T18:02:51.9677542Z ok 50 - --list --seed=  (empty seed value) is a usage error, exit 2, stdout empty
test (22)	Run node --test test/*.test.js	2026-08-20T18:02:51.9678369Z   ---
test (22)	Run node --test test/*.test.js	2026-08-20T18:02:51.9678688Z   duration_ms: 27.796513
test (22)	Run node --test test/*.test.js	2026-08-20T18:02:51.9679093Z   type: 'test'
test (22)	Run node --test test/*.test.js	2026-08-20T18:02:51.9679347Z   ...
test (22)	Run node --test test/*.test.js	2026-08-20T18:02:51.9679912Z # Subtest: --list --seed "   " (whitespace-only seed value) is a usage error, exit 2, stdout empty
test (22)	Run node --test test/*.test.js	2026-08-20T18:02:51.9680743Z ok 51 - --list --seed "   " (whitespace-only seed value) is a usage error, exit 2, stdout empty
test (22)	Run node --test test/*.test.js	2026-08-20T18:02:51.9681233Z   ---
test (22)	Run node --test test/*.test.js	2026-08-20T18:02:51.9681499Z   duration_ms: 30.479131
test (22)	Run node --test test/*.test.js	2026-08-20T18:02:51.9681792Z   type: 'test'
test (22)	Run node --test test/*.test.js	2026-08-20T18:02:51.9682045Z   ...
test (22)	Run node --test test/*.test.js	2026-08-20T18:02:51.9682945Z # Subtest: --list --nosuchflag (unknown flag) is a usage error, exit 2, stdout empty — --list does not swallow it
test (22)	Run node --test test/*.test.js	2026-08-20T18:02:51.9684262Z ok 52 - --list --nosuchflag (unknown flag) is a usage error, exit 2, stdout empty — --list does not swallow it
test (22)	Run node --test test/*.test.js	2026-08-20T18:02:51.9684833Z   ---
test (22)	Run node --test test/*.test.js	2026-08-20T18:02:51.9685099Z   duration_ms: 28.650402
test (22)	Run node --test test/*.test.js	2026-08-20T18:02:51.9685407Z   type: 'test'
test (22)	Run node --test test/*.test.js	2026-08-20T18:02:51.9685663Z   ...
test (22)	Run node --test test/*.test.js	2026-08-20T18:02:51.9686332Z # Subtest: --nosuchflag --list (unknown flag BEFORE --list) is still a usage error, exit 2, stdout empty
test (22)	Run node --test test/*.test.js	2026-08-20T18:02:51.9687316Z ok 53 - --nosuchflag --list (unknown flag BEFORE --list) is still a usage error, exit 2, stdout empty
test (22)	Run node --test test/*.test.js	2026-08-20T18:02:51.9688400Z   ---
test (22)	Run node --test test/*.test.js	2026-08-20T18:02:51.9688736Z   duration_ms: 28.474985
test (22)	Run node --test test/*.test.js	2026-08-20T18:02:51.9689066Z   type: 'test'
test (22)	Run node --test test/*.test.js	2026-08-20T18:02:51.9689354Z   ...
test (22)	Run node --test test/*.test.js	2026-08-20T18:02:51.9690069Z # Subtest: plain single-pick output is TWO lines: text, newline, four-space indent, EM DASH, space, author
test (22)	Run node --test test/*.test.js	2026-08-20T18:02:51.9691093Z ok 54 - plain single-pick output is TWO lines: text, newline, four-space indent, EM DASH, space, author
test (22)	Run node --test test/*.test.js	2026-08-20T18:02:51.9691685Z   ---
test (22)	Run node --test test/*.test.js	2026-08-20T18:02:51.9691980Z   duration_ms: 27.655878
test (22)	Run node --test test/*.test.js	2026-08-20T18:02:51.9692364Z   type: 'test'
test (22)	Run node --test test/*.test.js	2026-08-20T18:02:51.9692649Z   ...
test (22)	Run node --test test/*.test.js	2026-08-20T18:02:51.9693380Z # Subtest: --seed Infinity and --seed -Infinity (typed as CLI strings) are accepted and deterministic
test (22)	Run node --test test/*.test.js	2026-08-20T18:02:51.9694367Z ok 55 - --seed Infinity and --seed -Infinity (typed as CLI strings) are accepted and deterministic
test (22)	Run node --test test/*.test.js	2026-08-20T18:02:51.9694931Z   ---
test (22)	Run node --test test/*.test.js	2026-08-20T18:02:51.9695247Z   duration_ms: 113.632241
test (22)	Run node --test test/*.test.js	2026-08-20T18:02:51.9695574Z   type: 'test'
test (22)	Run node --test test/*.test.js	2026-08-20T18:02:51.9695852Z   ...
test (22)	Run node --test test/*.test.js	2026-08-20T18:02:51.9696518Z # Subtest: --list with a filter that matches nothing is STILL exit 1, stderr only, stdout empty
test (22)	Run node --test test/*.test.js	2026-08-20T18:02:51.9697416Z ok 56 - --list with a filter that matches nothing is STILL exit 1, stderr only, stdout empty
test (22)	Run node --test test/*.test.js	2026-08-20T18:02:51.9698196Z   ---
test (22)	Run node --test test/*.test.js	2026-08-20T18:02:51.9698477Z   duration_ms: 54.456979
test (22)	Run node --test test/*.test.js	2026-08-20T18:02:51.9698770Z   type: 'test'
test (22)	Run node --test test/*.test.js	2026-08-20T18:02:51.9699023Z   ...
test (22)	Run node --test test/*.test.js	2026-08-20T18:02:51.9699854Z # Subtest: --tag "" (bare empty-string value) matches nothing: whole-tag equality against the literal "" is not a filter no-op
test (22)	Run node --test test/*.test.js	2026-08-20T18:02:51.9701065Z ok 57 - --tag "" (bare empty-string value) matches nothing: whole-tag equality against the literal "" is not a filter no-op
test (22)	Run node --test test/*.test.js	2026-08-20T18:02:51.9702657Z   ---
test (22)	Run node --test test/*.test.js	2026-08-20T18:02:51.9703150Z   duration_ms: 30.719258
test (22)	Run node --test test/*.test.js	2026-08-20T18:02:51.9703505Z   type: 'test'
test (22)	Run node --test test/*.test.js	2026-08-20T18:02:51.9703872Z   ...
test (22)	Run node --test test/*.test.js	2026-08-20T18:02:51.9749595Z # Subtest: README Node support citation: cited git diff must be empty (or the check must skip on a missing precondition)
test (22)	Run node --test test/*.test.js	2026-08-20T18:02:51.9751863Z ok 58 - README Node support citation: cited git diff must be empty (or the check must skip on a missing precondition) # SKIP cited base commit 2b003ea is not reachable in this checkout (this is a shallow clone) -- cannot evaluate the README's Node support citation
test (22)	Run node --test test/*.test.js	2026-08-20T18:02:51.9753125Z   ---
test (22)	Run node --test test/*.test.js	2026-08-20T18:02:51.9753428Z   duration_ms: 19.687828
test (22)	Run node --test test/*.test.js	2026-08-20T18:02:51.9753755Z   type: 'test'
test (22)	Run node --test test/*.test.js	2026-08-20T18:02:51.9754020Z   ...
test (22)	Run node --test test/*.test.js	2026-08-20T18:02:51.9755518Z # Subtest: README Node support citation: base-to-working-tree diff must also be empty, so an uncommitted falsification is visible now (or the check must skip on a missing precondition)
test (22)	Run node --test test/*.test.js	2026-08-20T18:02:51.9758724Z ok 59 - README Node support citation: base-to-working-tree diff must also be empty, so an uncommitted falsification is visible now (or the check must skip on a missing precondition) # SKIP cited base commit 2b003ea is not reachable in this checkout (this is a shallow clone) -- cannot evaluate the README's Node support citation
test (22)	Run node --test test/*.test.js	2026-08-20T18:02:51.9760375Z   ---
test (22)	Run node --test test/*.test.js	2026-08-20T18:02:51.9760900Z   duration_ms: 17.142711
test (22)	Run node --test test/*.test.js	2026-08-20T18:02:51.9761269Z   type: 'test'
test (22)	Run node --test test/*.test.js	2026-08-20T18:02:51.9761605Z   ...
test (22)	Run node --test test/*.test.js	2026-08-20T18:02:51.9762290Z # Subtest: --list | true: exits quietly, zero stderr, no crash banner
test (22)	Run node --test test/*.test.js	2026-08-20T18:02:51.9763100Z ok 60 - --list | true: exits quietly, zero stderr, no crash banner
test (22)	Run node --test test/*.test.js	2026-08-20T18:02:51.9763984Z   ---
test (22)	Run node --test test/*.test.js	2026-08-20T18:02:51.9764387Z   duration_ms: 44.177198
test (22)	Run node --test test/*.test.js	2026-08-20T18:02:51.9764697Z   type: 'test'
test (22)	Run node --test test/*.test.js	2026-08-20T18:02:51.9765073Z   ...
test (22)	Run node --test test/*.test.js	2026-08-20T18:02:51.9765712Z # Subtest: | true (no --list, single aphorism): exits quietly, zero stderr
test (22)	Run node --test test/*.test.js	2026-08-20T18:02:51.9766667Z ok 61 - | true (no --list, single aphorism): exits quietly, zero stderr
test (22)	Run node --test test/*.test.js	2026-08-20T18:02:51.9767194Z   ---
test (22)	Run node --test test/*.test.js	2026-08-20T18:02:51.9767619Z   duration_ms: 34.717773
test (22)	Run node --test test/*.test.js	2026-08-20T18:02:51.9769197Z   type: 'test'
test (22)	Run node --test test/*.test.js	2026-08-20T18:02:51.9769487Z   ...
test (22)	Run node --test test/*.test.js	2026-08-20T18:02:51.9770005Z # Subtest: --list | head -0: exits quietly, zero stderr, no crash banner
test (22)	Run node --test test/*.test.js	2026-08-20T18:02:51.9770684Z ok 62 - --list | head -0: exits quietly, zero stderr, no crash banner
test (22)	Run node --test test/*.test.js	2026-08-20T18:02:51.9771104Z   ---
test (22)	Run node --test test/*.test.js	2026-08-20T18:02:51.9771377Z   duration_ms: 42.149518
test (22)	Run node --test test/*.test.js	2026-08-20T18:02:51.9771680Z   type: 'test'
test (22)	Run node --test test/*.test.js	2026-08-20T18:02:51.9771946Z   ...
test (22)	Run node --test test/*.test.js	2026-08-20T18:02:51.9772483Z # Subtest: --list | /nonexistent-cmd-xyz: no crash banner from the CLI itself
test (22)	Run node --test test/*.test.js	2026-08-20T18:02:51.9773771Z ok 63 - --list | /nonexistent-cmd-xyz: no crash banner from the CLI itself
test (22)	Run node --test test/*.test.js	2026-08-20T18:02:51.9774498Z   ---
test (22)	Run node --test test/*.test.js	2026-08-20T18:02:51.9774936Z   duration_ms: 37.497516
test (22)	Run node --test test/*.test.js	2026-08-20T18:02:51.9775421Z   type: 'test'
test (22)	Run node --test test/*.test.js	2026-08-20T18:02:51.9775834Z   ...
test (22)	Run node --test test/*.test.js	2026-08-20T18:02:51.9776840Z # Subtest: non-EPIPE stdout write failure: reported, not silent, not exit 1, no stack trace
test (22)	Run node --test test/*.test.js	2026-08-20T18:02:51.9778471Z ok 64 - non-EPIPE stdout write failure: reported, not silent, not exit 1, no stack trace
test (22)	Run node --test test/*.test.js	2026-08-20T18:02:51.9779288Z   ---
test (22)	Run node --test test/*.test.js	2026-08-20T18:02:51.9779722Z   duration_ms: 40.46672
test (22)	Run node --test test/*.test.js	2026-08-20T18:02:51.9780200Z   type: 'test'
test (22)	Run node --test test/*.test.js	2026-08-20T18:02:51.9780617Z   ...
test (22)	Run node --test test/*.test.js	2026-08-20T18:02:51.9781572Z # Subtest: usage error survives a closed stderr reader: still exits 2, not clobbered to 1
test (22)	Run node --test test/*.test.js	2026-08-20T18:02:51.9782908Z ok 65 - usage error survives a closed stderr reader: still exits 2, not clobbered to 1
test (22)	Run node --test test/*.test.js	2026-08-20T18:02:51.9783529Z   ---
test (22)	Run node --test test/*.test.js	2026-08-20T18:02:51.9783801Z   duration_ms: 97.110067
test (22)	Run node --test test/*.test.js	2026-08-20T18:02:51.9784094Z   type: 'test'
test (22)	Run node --test test/*.test.js	2026-08-20T18:02:51.9784365Z   ...
test (22)	Run node --test test/*.test.js	2026-08-20T18:02:51.9784968Z # Subtest: no-match exit code survives a closed stderr reader: still exits 1, not misreported
test (22)	Run node --test test/*.test.js	2026-08-20T18:02:51.9786162Z ok 66 - no-match exit code survives a closed stderr reader: still exits 1, not misreported
test (22)	Run node --test test/*.test.js	2026-08-20T18:02:51.9787247Z   ---
test (22)	Run node --test test/*.test.js	2026-08-20T18:02:51.9787692Z   duration_ms: 94.156852
test (22)	Run node --test test/*.test.js	2026-08-20T18:02:51.9788595Z   type: 'test'
test (22)	Run node --test test/*.test.js	2026-08-20T18:02:51.9789021Z   ...
test (22)	Run node --test test/*.test.js	2026-08-20T18:02:51.9790176Z # Subtest: non-EPIPE stderr write failure: not silent, not the earned exit code, no stack trace
test (22)	Run node --test test/*.test.js	2026-08-20T18:02:51.9791779Z ok 67 - non-EPIPE stderr write failure: not silent, not the earned exit code, no stack trace
test (22)	Run node --test test/*.test.js	2026-08-20T18:02:51.9792761Z   ---
test (22)	Run node --test test/*.test.js	2026-08-20T18:02:51.9793275Z   duration_ms: 40.339146
test (22)	Run node --test test/*.test.js	2026-08-20T18:02:51.9793831Z   type: 'test'
test (22)	Run node --test test/*.test.js	2026-08-20T18:02:51.9794308Z   ...
test (22)	Run node --test test/*.test.js	2026-08-20T18:02:51.9795107Z # Subtest: control: --list | head -1 stays completely clean
test (22)	Run node --test test/*.test.js	2026-08-20T18:02:51.9796107Z ok 68 - control: --list | head -1 stays completely clean
test (22)	Run node --test test/*.test.js	2026-08-20T18:02:51.9796807Z   ---
test (22)	Run node --test test/*.test.js	2026-08-20T18:02:51.9797263Z   duration_ms: 40.56945
test (22)	Run node --test test/*.test.js	2026-08-20T18:02:51.9798038Z   type: 'test'
test (22)	Run node --test test/*.test.js	2026-08-20T18:02:51.9798531Z   ...
test (22)	Run node --test test/*.test.js	2026-08-20T18:02:51.9799313Z # Subtest: control: --list | head -5 stays completely clean
test (22)	Run node --test test/*.test.js	2026-08-20T18:02:51.9800395Z ok 69 - control: --list | head -5 stays completely clean
test (22)	Run node --test test/*.test.js	2026-08-20T18:02:51.9801100Z   ---
test (22)	Run node --test test/*.test.js	2026-08-20T18:02:51.9801588Z   duration_ms: 33.745413
test (22)	Run node --test test/*.test.js	2026-08-20T18:02:51.9802114Z   type: 'test'
test (22)	Run node --test test/*.test.js	2026-08-20T18:02:51.9802565Z   ...
test (22)	Run node --test test/*.test.js	2026-08-20T18:02:51.9803318Z # Subtest: control: --list | sed 1q stays completely clean
test (22)	Run node --test test/*.test.js	2026-08-20T18:02:51.9804342Z ok 70 - control: --list | sed 1q stays completely clean
test (22)	Run node --test test/*.test.js	2026-08-20T18:02:51.9805029Z   ---
test (22)	Run node --test test/*.test.js	2026-08-20T18:02:51.9805494Z   duration_ms: 29.383607
test (22)	Run node --test test/*.test.js	2026-08-20T18:02:51.9806037Z   type: 'test'
test (22)	Run node --test test/*.test.js	2026-08-20T18:02:51.9806477Z   ...
test (22)	Run node --test test/*.test.js	2026-08-20T18:02:51.9807211Z # Subtest: control: --list | grep -q . stays completely clean
test (22)	Run node --test test/*.test.js	2026-08-20T18:02:51.9808557Z ok 71 - control: --list | grep -q . stays completely clean
test (22)	Run node --test test/*.test.js	2026-08-20T18:02:51.9809480Z   ---
test (22)	Run node --test test/*.test.js	2026-08-20T18:02:51.9809925Z   duration_ms: 29.265912
test (22)	Run node --test test/*.test.js	2026-08-20T18:02:51.9810412Z   type: 'test'
test (22)	Run node --test test/*.test.js	2026-08-20T18:02:51.9810828Z   ...
test (22)	Run node --test test/*.test.js	2026-08-20T18:02:51.9811486Z # Subtest: control: | wc -l stays completely clean
test (22)	Run node --test test/*.test.js	2026-08-20T18:02:51.9812322Z ok 72 - control: | wc -l stays completely clean
test (22)	Run node --test test/*.test.js	2026-08-20T18:02:51.9812903Z   ---
test (22)	Run node --test test/*.test.js	2026-08-20T18:02:51.9813336Z   duration_ms: 29.573794
test (22)	Run node --test test/*.test.js	2026-08-20T18:02:51.9813825Z   type: 'test'
test (22)	Run node --test test/*.test.js	2026-08-20T18:02:51.9814316Z   ...
test (22)	Run node --test test/*.test.js	2026-08-20T18:02:51.9815071Z # Subtest: control: --list --json | head -2 stays completely clean
test (22)	Run node --test test/*.test.js	2026-08-20T18:02:51.9816162Z ok 73 - control: --list --json | head -2 stays completely clean
test (22)	Run node --test test/*.test.js	2026-08-20T18:02:51.9816827Z   ---
test (22)	Run node --test test/*.test.js	2026-08-20T18:02:51.9817255Z   duration_ms: 28.4113
test (22)	Run node --test test/*.test.js	2026-08-20T18:02:51.9817727Z   type: 'test'
test (22)	Run node --test test/*.test.js	2026-08-20T18:02:51.9818383Z   ...
test (22)	Run node --test test/*.test.js	2026-08-20T18:02:51.9819229Z # Subtest: control: exit 1 / exit 2 stderr messages and codes are unchanged
test (22)	Run node --test test/*.test.js	2026-08-20T18:02:51.9820354Z ok 74 - control: exit 1 / exit 2 stderr messages and codes are unchanged
test (22)	Run node --test test/*.test.js	2026-08-20T18:02:51.9821069Z   ---
test (22)	Run node --test test/*.test.js	2026-08-20T18:02:51.9821498Z   duration_ms: 57.025817
test (22)	Run node --test test/*.test.js	2026-08-20T18:02:51.9821981Z   type: 'test'
test (22)	Run node --test test/*.test.js	2026-08-20T18:02:51.9822402Z   ...
test (22)	Run node --test test/*.test.js	2026-08-20T18:02:51.9823325Z # Subtest: control: a normal (non-full) stdout target still exits 0 with empty stderr
test (22)	Run node --test test/*.test.js	2026-08-20T18:02:51.9824612Z ok 75 - control: a normal (non-full) stdout target still exits 0 with empty stderr
test (22)	Run node --test test/*.test.js	2026-08-20T18:02:51.9825370Z   ---
test (22)	Run node --test test/*.test.js	2026-08-20T18:02:51.9825802Z   duration_ms: 80.2177
test (22)	Run node --test test/*.test.js	2026-08-20T18:02:51.9826279Z   type: 'test'
test (22)	Run node --test test/*.test.js	2026-08-20T18:02:51.9826701Z   ...
test (22)	Run node --test test/*.test.js	2026-08-20T18:02:51.9827291Z # Subtest: README tags must exist in corpus
test (22)	Run node --test test/*.test.js	2026-08-20T18:02:51.9828320Z ok 76 - README tags must exist in corpus
test (22)	Run node --test test/*.test.js	2026-08-20T18:02:51.9828882Z   ---
test (22)	Run node --test test/*.test.js	2026-08-20T18:02:51.9829315Z   duration_ms: 2.419831
test (22)	Run node --test test/*.test.js	2026-08-20T18:02:51.9829786Z   type: 'test'
test (22)	Run node --test test/*.test.js	2026-08-20T18:02:51.9830209Z   ...
test (22)	Run node --test test/*.test.js	2026-08-20T18:02:51.9830824Z # Subtest: README tag counts must match corpus
test (22)	Run node --test test/*.test.js	2026-08-20T18:02:51.9831591Z ok 77 - README tag counts must match corpus
test (22)	Run node --test test/*.test.js	2026-08-20T18:02:51.9832161Z   ---
test (22)	Run node --test test/*.test.js	2026-08-20T18:02:51.9832585Z   duration_ms: 0.469585
test (22)	Run node --test test/*.test.js	2026-08-20T18:02:51.9833052Z   type: 'test'
test (22)	Run node --test test/*.test.js	2026-08-20T18:02:51.9833467Z   ...
test (22)	Run node --test test/*.test.js	2026-08-20T18:02:51.9834144Z # Subtest: README must state total unique tags correctly
test (22)	Run node --test test/*.test.js	2026-08-20T18:02:51.9835266Z ok 78 - README must state total unique tags correctly
test (22)	Run node --test test/*.test.js	2026-08-20T18:02:51.9835870Z   ---
test (22)	Run node --test test/*.test.js	2026-08-20T18:02:51.9836297Z   duration_ms: 0.864822
test (22)	Run node --test test/*.test.js	2026-08-20T18:02:51.9836762Z   type: 'test'
test (22)	Run node --test test/*.test.js	2026-08-20T18:02:51.9837175Z   ...
test (22)	Run node --test test/*.test.js	2026-08-20T18:02:51.9838439Z # Subtest: README must list all single-entry tags
test (22)	Run node --test test/*.test.js	2026-08-20T18:02:51.9839311Z ok 79 - README must list all single-entry tags
test (22)	Run node --test test/*.test.js	2026-08-20T18:02:51.9839891Z   ---
test (22)	Run node --test test/*.test.js	2026-08-20T18:02:51.9840320Z   duration_ms: 0.296793
test (22)	Run node --test test/*.test.js	2026-08-20T18:02:51.9840792Z   type: 'test'
test (22)	Run node --test test/*.test.js	2026-08-20T18:02:51.9841213Z   ...
test (22)	Run node --test test/*.test.js	2026-08-20T18:02:51.9842877Z # Subtest: README Tag vocabulary counts table "Tags on exactly one entry" row matches the corpus (structural replacement for the retired token co-occurrence guard, Q-4)
test (22)	Run node --test test/*.test.js	2026-08-20T18:02:51.9845409Z ok 80 - README Tag vocabulary counts table "Tags on exactly one entry" row matches the corpus (structural replacement for the retired token co-occurrence guard, Q-4)
test (22)	Run node --test test/*.test.js	2026-08-20T18:02:51.9846664Z   ---
test (22)	Run node --test test/*.test.js	2026-08-20T18:02:51.9847106Z   duration_ms: 0.552039
test (22)	Run node --test test/*.test.js	2026-08-20T18:02:51.9847579Z   type: 'test'
test (22)	Run node --test test/*.test.js	2026-08-20T18:02:51.9848216Z   ...
test (22)	Run node --test test/*.test.js	2026-08-20T18:02:51.9849573Z # Subtest: assertTagVocabCountsTableWellFormed fails loud on a DUPLICATED row label, whichever order the rows appear in (Q-4)
test (22)	Run node --test test/*.test.js	2026-08-20T18:02:51.9873821Z ok 81 - assertTagVocabCountsTableWellFormed fails loud on a DUPLICATED row label, whichever order the rows appear in (Q-4)
test (22)	Run node --test test/*.test.js	2026-08-20T18:02:51.9875070Z   ---
test (22)	Run node --test test/*.test.js	2026-08-20T18:02:51.9875583Z   duration_ms: 4.372604
test (22)	Run node --test test/*.test.js	2026-08-20T18:02:51.9876126Z   type: 'test'
test (22)	Run node --test test/*.test.js	2026-08-20T18:02:51.9876605Z   ...
test (22)	Run node --test test/*.test.js	2026-08-20T18:02:51.9878138Z # Subtest: assertTagVocabCountsTableWellFormed fails loud on a row label no guard in this file reads (Q-4)
test (22)	Run node --test test/*.test.js	2026-08-20T18:02:51.9880356Z ok 82 - assertTagVocabCountsTableWellFormed fails loud on a row label no guard in this file reads (Q-4)
test (22)	Run node --test test/*.test.js	2026-08-20T18:02:51.9881440Z   ---
test (22)	Run node --test test/*.test.js	2026-08-20T18:02:51.9881949Z   duration_ms: 1.482294
test (22)	Run node --test test/*.test.js	2026-08-20T18:02:51.9882489Z   type: 'test'
test (22)	Run node --test test/*.test.js	2026-08-20T18:02:51.9882978Z   ...
test (22)	Run node --test test/*.test.js	2026-08-20T18:02:51.9884526Z # Subtest: parseTagVocabCountsTable returns null when the counts table is missing or malformed, and both readers fail loud on that null (Q-4)
test (22)	Run node --test test/*.test.js	2026-08-20T18:02:51.9886833Z ok 83 - parseTagVocabCountsTable returns null when the counts table is missing or malformed, and both readers fail loud on that null (Q-4)
test (22)	Run node --test test/*.test.js	2026-08-20T18:02:51.9888294Z   ---
test (22)	Run node --test test/*.test.js	2026-08-20T18:02:51.9888751Z   duration_ms: 0.60603
test (22)	Run node --test test/*.test.js	2026-08-20T18:02:51.9889251Z   type: 'test'
test (22)	Run node --test test/*.test.js	2026-08-20T18:02:51.9889684Z   ...
test (22)	Run node --test test/*.test.js	2026-08-20T18:02:51.9890901Z # Subtest: readTagVocabCount fails loud when a row value is not a plain integer, or when its row is absent (Q-4)
test (22)	Run node --test test/*.test.js	2026-08-20T18:02:51.9892680Z ok 84 - readTagVocabCount fails loud when a row value is not a plain integer, or when its row is absent (Q-4)
test (22)	Run node --test test/*.test.js	2026-08-20T18:02:51.9893685Z   ---
test (22)	Run node --test test/*.test.js	2026-08-20T18:02:51.9894133Z   duration_ms: 3.174258
test (22)	Run node --test test/*.test.js	2026-08-20T18:02:51.9894618Z   type: 'test'
test (22)	Run node --test test/*.test.js	2026-08-20T18:02:51.9895043Z   ...
test (22)	Run node --test test/*.test.js	2026-08-20T18:02:51.9896833Z # Subtest: extractBandTablesFromReadme tolerates a prose sentence between a band heading and its table (T-025), without mis-attaching a table when the real one is missing
test (22)	Run node --test test/*.test.js	2026-08-20T18:02:51.9899870Z ok 85 - extractBandTablesFromReadme tolerates a prose sentence between a band heading and its table (T-025), without mis-attaching a table when the real one is missing
test (22)	Run node --test test/*.test.js	2026-08-20T18:02:51.9901295Z   ---
test (22)	Run node --test test/*.test.js	2026-08-20T18:02:51.9901751Z   duration_ms: 1.776793
test (22)	Run node --test test/*.test.js	2026-08-20T18:02:51.9902244Z   type: 'test'
test (22)	Run node --test test/*.test.js	2026-08-20T18:02:51.9902673Z   ...
test (22)	Run node --test test/*.test.js	2026-08-20T18:02:51.9903915Z # Subtest: extractBandTablesFromReadme does not let a band-shaped PROSE line steal a real heading's table (T-039)
test (22)	Run node --test test/*.test.js	2026-08-20T18:02:51.9905795Z ok 86 - extractBandTablesFromReadme does not let a band-shaped PROSE line steal a real heading's table (T-039)
test (22)	Run node --test test/*.test.js	2026-08-20T18:02:51.9906846Z   ---
test (22)	Run node --test test/*.test.js	2026-08-20T18:02:51.9907290Z   duration_ms: 0.436815
test (22)	Run node --test test/*.test.js	2026-08-20T18:02:51.9908000Z   type: 'test'
test (22)	Run node --test test/*.test.js	2026-08-20T18:02:51.9908464Z   ...
test (22)	Run node --test test/*.test.js	2026-08-20T18:02:51.9909631Z # Subtest: extractBandTablesFromReadme does not read a fenced example block as a second, real band table
test (22)	Run node --test test/*.test.js	2026-08-20T18:02:51.9911608Z ok 87 - extractBandTablesFromReadme does not read a fenced example block as a second, real band table
test (22)	Run node --test test/*.test.js	2026-08-20T18:02:51.9912576Z   ---
test (22)	Run node --test test/*.test.js	2026-08-20T18:02:51.9913021Z   duration_ms: 0.272558
test (22)	Run node --test test/*.test.js	2026-08-20T18:02:51.9913535Z   type: 'test'
test (22)	Run node --test test/*.test.js	2026-08-20T18:02:51.9914051Z   ...
test (22)	Run node --test test/*.test.js	2026-08-20T18:02:51.9916084Z # Subtest: extractBandTablesFromReadme's recognised bands account for every structural `| Tag | Count |` table -- a table under an unrecognised heading shape is a loud mismatch, not a silent miss
test (22)	Run node --test test/*.test.js	2026-08-20T18:02:51.9919481Z ok 88 - extractBandTablesFromReadme's recognised bands account for every structural `| Tag | Count |` table -- a table under an unrecognised heading shape is a loud mismatch, not a silent miss
test (22)	Run node --test test/*.test.js	2026-08-20T18:02:51.9921087Z   ---
test (22)	Run node --test test/*.test.js	2026-08-20T18:02:51.9921556Z   duration_ms: 0.56298
test (22)	Run node --test test/*.test.js	2026-08-20T18:02:51.9922054Z   type: 'test'
test (22)	Run node --test test/*.test.js	2026-08-20T18:02:51.9922504Z   ...
test (22)	Run node --test test/*.test.js	2026-08-20T18:02:51.9924200Z # Subtest: every `| Tag | Count |` table in the real README Tag vocabulary section is a recognised band table (no table may hide under an unrecognised heading shape)
test (22)	Run node --test test/*.test.js	2026-08-20T18:02:51.9926789Z ok 89 - every `| Tag | Count |` table in the real README Tag vocabulary section is a recognised band table (no table may hide under an unrecognised heading shape)
test (22)	Run node --test test/*.test.js	2026-08-20T18:02:51.9928409Z   ---
test (22)	Run node --test test/*.test.js	2026-08-20T18:02:51.9928894Z   duration_ms: 0.717168
test (22)	Run node --test test/*.test.js	2026-08-20T18:02:51.9929395Z   type: 'test'
test (22)	Run node --test test/*.test.js	2026-08-20T18:02:51.9929831Z   ...
test (22)	Run node --test test/*.test.js	2026-08-20T18:02:51.9931064Z # Subtest: every band table in README Tag vocabulary contains exactly the corpus tags whose count fits that band
test (22)	Run node --test test/*.test.js	2026-08-20T18:02:51.9933009Z ok 90 - every band table in README Tag vocabulary contains exactly the corpus tags whose count fits that band
test (22)	Run node --test test/*.test.js	2026-08-20T18:02:51.9934284Z   ---
test (22)	Run node --test test/*.test.js	2026-08-20T18:02:51.9934746Z   duration_ms: 0.593917
test (22)	Run node --test test/*.test.js	2026-08-20T18:02:51.9935254Z   type: 'test'
test (22)	Run node --test test/*.test.js	2026-08-20T18:02:51.9935714Z   ...
test (22)	Run node --test test/*.test.js	2026-08-20T18:02:51.9937201Z # Subtest: every corpus tag appearing on 2+ entries must have a row in some band table (no band table may be deleted wholesale) (T-019)
test (22)	Run node --test test/*.test.js	2026-08-20T18:02:51.9939493Z ok 91 - every corpus tag appearing on 2+ entries must have a row in some band table (no band table may be deleted wholesale) (T-019)
test (22)	Run node --test test/*.test.js	2026-08-20T18:02:51.9940564Z   ---
test (22)	Run node --test test/*.test.js	2026-08-20T18:02:51.9941008Z   duration_ms: 0.421255
test (22)	Run node --test test/*.test.js	2026-08-20T18:02:51.9941498Z   type: 'test'
test (22)	Run node --test test/*.test.js	2026-08-20T18:02:51.9941862Z   ...
test (22)	Run node --test test/*.test.js	2026-08-20T18:02:51.9942861Z # Subtest: extractBandTablesFromReadme derives a band's row count purely from its table, ignoring decoy "N tags" phrases in the heading line (T-024b)
test (22)	Run node --test test/*.test.js	2026-08-20T18:02:51.9944330Z ok 92 - extractBandTablesFromReadme derives a band's row count purely from its table, ignoring decoy "N tags" phrases in the heading line (T-024b)
test (22)	Run node --test test/*.test.js	2026-08-20T18:02:51.9945089Z   ---
test (22)	Run node --test test/*.test.js	2026-08-20T18:02:51.9945395Z   duration_ms: 0.228155
test (22)	Run node --test test/*.test.js	2026-08-20T18:02:51.9945751Z   type: 'test'
test (22)	Run node --test test/*.test.js	2026-08-20T18:02:51.9946036Z   ...
test (22)	Run node --test test/*.test.js	2026-08-20T18:02:51.9946627Z # Subtest: README must state correct multi-entry and single-entry tag counts
test (22)	Run node --test test/*.test.js	2026-08-20T18:02:51.9947478Z ok 93 - README must state correct multi-entry and single-entry tag counts
test (22)	Run node --test test/*.test.js	2026-08-20T18:02:51.9948258Z   ---
test (22)	Run node --test test/*.test.js	2026-08-20T18:02:51.9948600Z   duration_ms: 0.411958
test (22)	Run node --test test/*.test.js	2026-08-20T18:02:51.9948954Z   type: 'test'
test (22)	Run node --test test/*.test.js	2026-08-20T18:02:51.9949241Z   ...
test (22)	Run node --test test/*.test.js	2026-08-20T18:02:51.9949943Z # Subtest: README Tag vocabulary section must contain no unrecognised count-claim digits (J-5)
test (22)	Run node --test test/*.test.js	2026-08-20T18:02:51.9950886Z ok 94 - README Tag vocabulary section must contain no unrecognised count-claim digits (J-5)
test (22)	Run node --test test/*.test.js	2026-08-20T18:02:51.9951440Z   ---
test (22)	Run node --test test/*.test.js	2026-08-20T18:02:51.9951740Z   duration_ms: 0.470137
test (22)	Run node --test test/*.test.js	2026-08-20T18:02:51.9952077Z   type: 'test'
test (22)	Run node --test test/*.test.js	2026-08-20T18:02:51.9952376Z   ...
test (22)	Run node --test test/*.test.js	2026-08-20T18:02:51.9953126Z # Subtest: README Attribution table "Entries ranked" count must match corpus.length and the triage doc (C1)
test (22)	Run node --test test/*.test.js	2026-08-20T18:02:51.9954159Z ok 95 - README Attribution table "Entries ranked" count must match corpus.length and the triage doc (C1)
test (22)	Run node --test test/*.test.js	2026-08-20T18:02:51.9954713Z   ---
test (22)	Run node --test test/*.test.js	2026-08-20T18:02:51.9955307Z   duration_ms: 1.337323
test (22)	Run node --test test/*.test.js	2026-08-20T18:02:51.9955665Z   type: 'test'
test (22)	Run node --test test/*.test.js	2026-08-20T18:02:51.9956150Z   ...
test (22)	Run node --test test/*.test.js	2026-08-20T18:02:51.9957356Z # Subtest: README Attribution table "Rated HIGH risk" count must match the triage doc table (C2)
test (22)	Run node --test test/*.test.js	2026-08-20T18:02:51.9958606Z ok 96 - README Attribution table "Rated HIGH risk" count must match the triage doc table (C2)
test (22)	Run node --test test/*.test.js	2026-08-20T18:02:51.9959162Z   ---
test (22)	Run node --test test/*.test.js	2026-08-20T18:02:51.9959425Z   duration_ms: 0.600129
test (22)	Run node --test test/*.test.js	2026-08-20T18:02:51.9959731Z   type: 'test'
test (22)	Run node --test test/*.test.js	2026-08-20T18:02:51.9959987Z   ...
test (22)	Run node --test test/*.test.js	2026-08-20T18:02:51.9960603Z # Subtest: README Attribution section must contain no digit runs outside the counts table (C7)
test (22)	Run node --test test/*.test.js	2026-08-20T18:02:51.9961453Z ok 97 - README Attribution section must contain no digit runs outside the counts table (C7)
test (22)	Run node --test test/*.test.js	2026-08-20T18:02:51.9961967Z   ---
test (22)	Run node --test test/*.test.js	2026-08-20T18:02:51.9962234Z   duration_ms: 0.429781
test (22)	Run node --test test/*.test.js	2026-08-20T18:02:51.9962536Z   type: 'test'
test (22)	Run node --test test/*.test.js	2026-08-20T18:02:51.9962794Z   ...
test (22)	Run node --test test/*.test.js	2026-08-20T18:02:51.9963238Z # Subtest: README Layout section paths must exist on disk (C6)
test (22)	Run node --test test/*.test.js	2026-08-20T18:02:51.9963837Z ok 98 - README Layout section paths must exist on disk (C6)
test (22)	Run node --test test/*.test.js	2026-08-20T18:02:51.9964224Z   ---
test (22)	Run node --test test/*.test.js	2026-08-20T18:02:51.9964502Z   duration_ms: 0.548873
test (22)	Run node --test test/*.test.js	2026-08-20T18:02:51.9964795Z   type: 'test'
test (22)	Run node --test test/*.test.js	2026-08-20T18:02:51.9965050Z   ...
test (22)	Run node --test test/*.test.js	2026-08-20T18:02:51.9965776Z # Subtest: getListBehaviourSection tolerates a reformatted "--list behaviour" heading with no backticks (T-021)
test (22)	Run node --test test/*.test.js	2026-08-20T18:02:51.9966807Z ok 99 - getListBehaviourSection tolerates a reformatted "--list behaviour" heading with no backticks (T-021)
test (22)	Run node --test test/*.test.js	2026-08-20T18:02:51.9967372Z   ---
test (22)	Run node --test test/*.test.js	2026-08-20T18:02:51.9967637Z   duration_ms: 0.489212
test (22)	Run node --test test/*.test.js	2026-08-20T18:02:51.9968181Z   type: 'test'
test (22)	Run node --test test/*.test.js	2026-08-20T18:02:51.9968449Z   ...
test (22)	Run node --test test/*.test.js	2026-08-20T18:02:51.9969589Z # Subtest: getListBehaviourSection still fails on a SEPARATOR MISMATCH (not a heading-parse error) when a reformatted heading's literal is mutated (T-021)
test (22)	Run node --test test/*.test.js	2026-08-20T18:02:51.9970991Z ok 100 - getListBehaviourSection still fails on a SEPARATOR MISMATCH (not a heading-parse error) when a reformatted heading's literal is mutated (T-021)
test (22)	Run node --test test/*.test.js	2026-08-20T18:02:51.9971710Z   ---
test (22)	Run node --test test/*.test.js	2026-08-20T18:02:51.9971976Z   duration_ms: 0.371112
test (22)	Run node --test test/*.test.js	2026-08-20T18:02:51.9972266Z   type: 'test'
test (22)	Run node --test test/*.test.js	2026-08-20T18:02:51.9972525Z   ...
test (22)	Run node --test test/*.test.js	2026-08-20T18:02:51.9973286Z # Subtest: getListBehaviourSection reports ambiguity loudly instead of taking the first of two qualifying headings (T-021)
test (22)	Run node --test test/*.test.js	2026-08-20T18:02:51.9974410Z ok 101 - getListBehaviourSection reports ambiguity loudly instead of taking the first of two qualifying headings (T-021)
test (22)	Run node --test test/*.test.js	2026-08-20T18:02:51.9975014Z   ---
test (22)	Run node --test test/*.test.js	2026-08-20T18:02:51.9975275Z   duration_ms: 0.460569
test (22)	Run node --test test/*.test.js	2026-08-20T18:02:51.9975566Z   type: 'test'
test (22)	Run node --test test/*.test.js	2026-08-20T18:02:51.9975820Z   ...
test (22)	Run node --test test/*.test.js	2026-08-20T18:02:51.9976520Z # Subtest: getListBehaviourSection does not let "--list-only" satisfy the standalone `--list` token (T-021)
test (22)	Run node --test test/*.test.js	2026-08-20T18:02:51.9977504Z ok 102 - getListBehaviourSection does not let "--list-only" satisfy the standalone `--list` token (T-021)
test (22)	Run node --test test/*.test.js	2026-08-20T18:02:51.9978281Z   ---
test (22)	Run node --test test/*.test.js	2026-08-20T18:02:51.9978559Z   duration_ms: 0.239286
test (22)	Run node --test test/*.test.js	2026-08-20T18:02:51.9978841Z   type: 'test'
test (22)	Run node --test test/*.test.js	2026-08-20T18:02:51.9979091Z   ...
test (22)	Run node --test test/*.test.js	2026-08-20T18:02:51.9979723Z # Subtest: getListBehaviourSection tolerates the American spelling "behavior" in the heading (T-027)
test (22)	Run node --test test/*.test.js	2026-08-20T18:02:51.9980669Z ok 103 - getListBehaviourSection tolerates the American spelling "behavior" in the heading (T-027)
test (22)	Run node --test test/*.test.js	2026-08-20T18:02:51.9981221Z   ---
test (22)	Run node --test test/*.test.js	2026-08-20T18:02:51.9981494Z   duration_ms: 0.154658
test (22)	Run node --test test/*.test.js	2026-08-20T18:02:51.9981797Z   type: 'test'
test (22)	Run node --test test/*.test.js	2026-08-20T18:02:51.9982057Z   ...
test (22)	Run node --test test/*.test.js	2026-08-20T18:02:51.9983210Z # Subtest: getListBehaviourSection still fails on a SEPARATOR MISMATCH (not a heading-parse error) under an American-spelled heading (T-027)
test (22)	Run node --test test/*.test.js	2026-08-20T18:02:51.9985428Z ok 104 - getListBehaviourSection still fails on a SEPARATOR MISMATCH (not a heading-parse error) under an American-spelled heading (T-027)
test (22)	Run node --test test/*.test.js	2026-08-20T18:02:51.9986655Z   ---
test (22)	Run node --test test/*.test.js	2026-08-20T18:02:51.9987112Z   duration_ms: 0.221202
test (22)	Run node --test test/*.test.js	2026-08-20T18:02:51.9987451Z   type: 'test'
test (22)	Run node --test test/*.test.js	2026-08-20T18:02:51.9988278Z   ...
test (22)	Run node --test test/*.test.js	2026-08-20T18:02:51.9988936Z # Subtest: README `--list` format literal matches the shipped binary's actual --list output (T-017)
test (22)	Run node --test test/*.test.js	2026-08-20T18:02:51.9989844Z ok 105 - README `--list` format literal matches the shipped binary's actual --list output (T-017)
test (22)	Run node --test test/*.test.js	2026-08-20T18:02:51.9990359Z   ---
test (22)	Run node --test test/*.test.js	2026-08-20T18:02:51.9990629Z   duration_ms: 40.822395
test (22)	Run node --test test/*.test.js	2026-08-20T18:02:51.9990936Z   type: 'test'
test (22)	Run node --test test/*.test.js	2026-08-20T18:02:51.9991197Z   ...
test (22)	Run node --test test/*.test.js	2026-08-20T18:02:51.9991857Z # Subtest: README `--author` matching section must state the correct count of distinct corpus authors (Q-8)
test (22)	Run node --test test/*.test.js	2026-08-20T18:02:51.9992810Z ok 106 - README `--author` matching section must state the correct count of distinct corpus authors (Q-8)
test (22)	Run node --test test/*.test.js	2026-08-20T18:02:51.9993337Z   ---
test (22)	Run node --test test/*.test.js	2026-08-20T18:02:51.9993610Z   duration_ms: 0.579069
test (22)	Run node --test test/*.test.js	2026-08-20T18:02:51.9993893Z   type: 'test'
test (22)	Run node --test test/*.test.js	2026-08-20T18:02:51.9994147Z   ...
test (22)	Run node --test test/*.test.js	2026-08-20T18:02:51.9994494Z # Subtest: corpus has at least 40 entries
test (22)	Run node --test test/*.test.js	2026-08-20T18:02:51.9994929Z ok 107 - corpus has at least 40 entries
test (22)	Run node --test test/*.test.js	2026-08-20T18:02:51.9995263Z   ---
test (22)	Run node --test test/*.test.js	2026-08-20T18:02:51.9995525Z   duration_ms: 1.132591
test (22)	Run node --test test/*.test.js	2026-08-20T18:02:51.9995812Z   type: 'test'
test (22)	Run node --test test/*.test.js	2026-08-20T18:02:51.9996061Z   ...
test (22)	Run node --test test/*.test.js	2026-08-20T18:02:51.9996621Z # Subtest: every corpus entry has non-empty text, non-empty author, and an array of tags
test (22)	Run node --test test/*.test.js	2026-08-20T18:02:51.9997401Z ok 108 - every corpus entry has non-empty text, non-empty author, and an array of tags
test (22)	Run node --test test/*.test.js	2026-08-20T18:02:51.9998148Z   ---
test (22)	Run node --test test/*.test.js	2026-08-20T18:02:51.9998440Z   duration_ms: 1.437821
test (22)	Run node --test test/*.test.js	2026-08-20T18:02:51.9998731Z   type: 'test'
test (22)	Run node --test test/*.test.js	2026-08-20T18:02:51.9998989Z   ...
test (22)	Run node --test test/*.test.js	2026-08-20T18:02:51.9999375Z # Subtest: filter: author match is case-insensitive
test (22)	Run node --test test/*.test.js	2026-08-20T18:02:51.9999876Z ok 109 - filter: author match is case-insensitive
test (22)	Run node --test test/*.test.js	2026-08-20T18:02:52.0000407Z   ---
test (22)	Run node --test test/*.test.js	2026-08-20T18:02:52.0000668Z   duration_ms: 0.888297
test (22)	Run node --test test/*.test.js	2026-08-20T18:02:52.0000950Z   type: 'test'
test (22)	Run node --test test/*.test.js	2026-08-20T18:02:52.0001207Z   ...
test (22)	Run node --test test/*.test.js	2026-08-20T18:02:52.0001571Z # Subtest: filter: tag match is case-insensitive
test (22)	Run node --test test/*.test.js	2026-08-20T18:02:52.0002041Z ok 110 - filter: tag match is case-insensitive
test (22)	Run node --test test/*.test.js	2026-08-20T18:02:52.0002385Z   ---
test (22)	Run node --test test/*.test.js	2026-08-20T18:02:52.0002641Z   duration_ms: 0.362455
test (22)	Run node --test test/*.test.js	2026-08-20T18:02:52.0002921Z   type: 'test'
test (22)	Run node --test test/*.test.js	2026-08-20T18:02:52.0003169Z   ...
test (22)	Run node --test test/*.test.js	2026-08-20T18:02:52.0003661Z # Subtest: filter: author and tag together narrow to the intersection (AND)
test (22)	Run node --test test/*.test.js	2026-08-20T18:02:52.0004341Z ok 111 - filter: author and tag together narrow to the intersection (AND)
test (22)	Run node --test test/*.test.js	2026-08-20T18:02:52.0004762Z   ---
test (22)	Run node --test test/*.test.js	2026-08-20T18:02:52.0005018Z   duration_ms: 0.37584
test (22)	Run node --test test/*.test.js	2026-08-20T18:02:52.0005301Z   type: 'test'
test (22)	Run node --test test/*.test.js	2026-08-20T18:02:52.0005549Z   ...
test (22)	Run node --test test/*.test.js	2026-08-20T18:02:52.0005957Z # Subtest: filter: undefined/absent options do not filter
test (22)	Run node --test test/*.test.js	2026-08-20T18:02:52.0006502Z ok 112 - filter: undefined/absent options do not filter
test (22)	Run node --test test/*.test.js	2026-08-20T18:02:52.0006885Z   ---
test (22)	Run node --test test/*.test.js	2026-08-20T18:02:52.0007142Z   duration_ms: 0.227584
test (22)	Run node --test test/*.test.js	2026-08-20T18:02:52.0007424Z   type: 'test'
test (22)	Run node --test test/*.test.js	2026-08-20T18:02:52.0007674Z   ...
test (22)	Run node --test test/*.test.js	2026-08-20T18:02:52.0008557Z # Subtest: pick: same seed over the same candidates always returns the same element
test (22)	Run node --test test/*.test.js	2026-08-20T18:02:52.0009341Z ok 113 - pick: same seed over the same candidates always returns the same element
test (22)	Run node --test test/*.test.js	2026-08-20T18:02:52.0009797Z   ---
test (22)	Run node --test test/*.test.js	2026-08-20T18:02:52.0010060Z   duration_ms: 0.688113
test (22)	Run node --test test/*.test.js	2026-08-20T18:02:52.0010348Z   type: 'test'
test (22)	Run node --test test/*.test.js	2026-08-20T18:02:52.0010604Z   ...
test (22)	Run node --test test/*.test.js	2026-08-20T18:02:52.0011066Z # Subtest: pick: different seeds generally produce different results
test (22)	Run node --test test/*.test.js	2026-08-20T18:02:52.0011698Z ok 114 - pick: different seeds generally produce different results
test (22)	Run node --test test/*.test.js	2026-08-20T18:02:52.0012104Z   ---
test (22)	Run node --test test/*.test.js	2026-08-20T18:02:52.0012357Z   duration_ms: 0.345945
test (22)	Run node --test test/*.test.js	2026-08-20T18:02:52.0012641Z   type: 'test'
test (22)	Run node --test test/*.test.js	2026-08-20T18:02:52.0012893Z   ...
test (22)	Run node --test test/*.test.js	2026-08-20T18:02:52.0013344Z # Subtest: pick: undefined seed picks a valid member (random mode)
test (22)	Run node --test test/*.test.js	2026-08-20T18:02:52.0013988Z ok 115 - pick: undefined seed picks a valid member (random mode)
test (22)	Run node --test test/*.test.js	2026-08-20T18:02:52.0014385Z   ---
test (22)	Run node --test test/*.test.js	2026-08-20T18:02:52.0014639Z   duration_ms: 0.524217
test (22)	Run node --test test/*.test.js	2026-08-20T18:02:52.0014923Z   type: 'test'
test (22)	Run node --test test/*.test.js	2026-08-20T18:02:52.0015174Z   ...
test (22)	Run node --test test/*.test.js	2026-08-20T18:02:52.0015856Z # Subtest: pick: null seed also triggers random mode and returns a valid member
test (22)	Run node --test test/*.test.js	2026-08-20T18:02:52.0016559Z ok 116 - pick: null seed also triggers random mode and returns a valid member
test (22)	Run node --test test/*.test.js	2026-08-20T18:02:52.0017002Z   ---
test (22)	Run node --test test/*.test.js	2026-08-20T18:02:52.0017259Z   duration_ms: 0.639412
test (22)	Run node --test test/*.test.js	2026-08-20T18:02:52.0017544Z   type: 'test'
test (22)	Run node --test test/*.test.js	2026-08-20T18:02:52.0018058Z   ...
test (22)	Run node --test test/*.test.js	2026-08-20T18:02:52.0018678Z # Subtest: pick: throws RangeError on empty candidates array
test (22)	Run node --test test/*.test.js	2026-08-20T18:02:52.0019259Z ok 117 - pick: throws RangeError on empty candidates array
test (22)	Run node --test test/*.test.js	2026-08-20T18:02:52.0019640Z   ---
test (22)	Run node --test test/*.test.js	2026-08-20T18:02:52.0019896Z   duration_ms: 0.795423
test (22)	Run node --test test/*.test.js	2026-08-20T18:02:52.0020181Z   type: 'test'
test (22)	Run node --test test/*.test.js	2026-08-20T18:02:52.0020436Z   ...
test (22)	Run node --test test/*.test.js	2026-08-20T18:02:52.0020918Z # Subtest: pick: Infinity seed is deterministic and returns a valid member
test (22)	Run node --test test/*.test.js	2026-08-20T18:02:52.0021589Z ok 118 - pick: Infinity seed is deterministic and returns a valid member
test (22)	Run node --test test/*.test.js	2026-08-20T18:02:52.0022013Z   ---
test (22)	Run node --test test/*.test.js	2026-08-20T18:02:52.0022267Z   duration_ms: 0.241009
test (22)	Run node --test test/*.test.js	2026-08-20T18:02:52.0022557Z   type: 'test'
test (22)	Run node --test test/*.test.js	2026-08-20T18:02:52.0022808Z   ...
test (22)	Run node --test test/*.test.js	2026-08-20T18:02:52.0023292Z # Subtest: pick: -Infinity seed is deterministic and returns a valid member
test (22)	Run node --test test/*.test.js	2026-08-20T18:02:52.0023959Z ok 119 - pick: -Infinity seed is deterministic and returns a valid member
test (22)	Run node --test test/*.test.js	2026-08-20T18:02:52.0024389Z   ---
test (22)	Run node --test test/*.test.js	2026-08-20T18:02:52.0024647Z   duration_ms: 0.20899
test (22)	Run node --test test/*.test.js	2026-08-20T18:02:52.0024932Z   type: 'test'
test (22)	Run node --test test/*.test.js	2026-08-20T18:02:52.0025184Z   ...
test (22)	Run node --test test/*.test.js	2026-08-20T18:02:52.0025682Z # Subtest: pick: NaN seed still uses the random branch and returns a valid member
test (22)	Run node --test test/*.test.js	2026-08-20T18:02:52.0026380Z ok 120 - pick: NaN seed still uses the random branch and returns a valid member
test (22)	Run node --test test/*.test.js	2026-08-20T18:02:52.0026826Z   ---
test (22)	Run node --test test/*.test.js	2026-08-20T18:02:52.0027084Z   duration_ms: 0.145171
test (22)	Run node --test test/*.test.js	2026-08-20T18:02:52.0027524Z   type: 'test'
test (22)	Run node --test test/*.test.js	2026-08-20T18:02:52.0028000Z   ...
test (22)	Run node --test test/*.test.js	2026-08-20T18:02:52.0028559Z # Subtest: pick: finite seed determinism is unchanged by the non-finite-seed fix
test (22)	Run node --test test/*.test.js	2026-08-20T18:02:52.0029279Z ok 121 - pick: finite seed determinism is unchanged by the non-finite-seed fix
test (22)	Run node --test test/*.test.js	2026-08-20T18:02:52.0029731Z   ---
test (22)	Run node --test test/*.test.js	2026-08-20T18:02:52.0029989Z   duration_ms: 0.255607
test (22)	Run node --test test/*.test.js	2026-08-20T18:02:52.0030271Z   type: 'test'
test (22)	Run node --test test/*.test.js	2026-08-20T18:02:52.0030527Z   ...
test (22)	Run node --test test/*.test.js	2026-08-20T18:02:52.0030978Z # Subtest: pick: every candidate is REACHABLE by an unseeded draw
test (22)	Run node --test test/*.test.js	2026-08-20T18:02:52.0031578Z ok 122 - pick: every candidate is REACHABLE by an unseeded draw
test (22)	Run node --test test/*.test.js	2026-08-20T18:02:52.0031976Z   ---
test (22)	Run node --test test/*.test.js	2026-08-20T18:02:52.0032230Z   duration_ms: 3.56708
test (22)	Run node --test test/*.test.js	2026-08-20T18:02:52.0032507Z   type: 'test'
test (22)	Run node --test test/*.test.js	2026-08-20T18:02:52.0032756Z   ...
test (22)	Run node --test test/*.test.js	2026-08-20T18:02:52.0033291Z # Subtest: pick: unseeded draws split the interval EQUALLY across candidates (uniform)
test (22)	Run node --test test/*.test.js	2026-08-20T18:02:52.0034048Z ok 123 - pick: unseeded draws split the interval EQUALLY across candidates (uniform)
test (22)	Run node --test test/*.test.js	2026-08-20T18:02:52.0034531Z   ---
test (22)	Run node --test test/*.test.js	2026-08-20T18:02:52.0034789Z   duration_ms: 1.924067
test (22)	Run node --test test/*.test.js	2026-08-20T18:02:52.0035074Z   type: 'test'
test (22)	Run node --test test/*.test.js	2026-08-20T18:02:52.0035322Z   ...
test (22)	Run node --test test/*.test.js	2026-08-20T18:02:52.0035883Z # Subtest: pick: single-element candidates always returns that element regardless of seed
test (22)	Run node --test test/*.test.js	2026-08-20T18:02:52.0036681Z ok 124 - pick: single-element candidates always returns that element regardless of seed
test (22)	Run node --test test/*.test.js	2026-08-20T18:02:52.0037166Z   ---
test (22)	Run node --test test/*.test.js	2026-08-20T18:02:52.0037430Z   duration_ms: 0.196606
test (22)	Run node --test test/*.test.js	2026-08-20T18:02:52.0037969Z   type: 'test'
test (22)	Run node --test test/*.test.js	2026-08-20T18:02:52.0038338Z   ...
test (22)	Run node --test test/*.test.js	2026-08-20T18:02:52.0038592Z 1..124
test (22)	Run node --test test/*.test.js	2026-08-20T18:02:52.0038839Z # tests 124
test (22)	Run node --test test/*.test.js	2026-08-20T18:02:52.0039089Z # suites 0
test (22)	Run node --test test/*.test.js	2026-08-20T18:02:52.0039349Z # pass 122
test (22)	Run node --test test/*.test.js	2026-08-20T18:02:52.0039595Z # fail 0
test (22)	Run node --test test/*.test.js	2026-08-20T18:02:52.0039848Z # cancelled 0
test (22)	Run node --test test/*.test.js	2026-08-20T18:02:52.0040105Z # skipped 2
test (22)	Run node --test test/*.test.js	2026-08-20T18:02:52.0040348Z # todo 0
test (22)	Run node --test test/*.test.js	2026-08-20T18:02:52.0040627Z # duration_ms 3027.737063
test (22)	Coverage report (informational, not a gate)	﻿2026-08-20T18:02:52.0099247Z ##[group]Run node --test --experimental-test-coverage test/*.test.js \
test (22)	Coverage report (informational, not a gate)	2026-08-20T18:02:52.0099921Z [36;1mnode --test --experimental-test-coverage test/*.test.js \[0m
test (22)	Coverage report (informational, not a gate)	2026-08-20T18:02:52.0100778Z [36;1m  || echo "NOTE: --experimental-test-coverage exited non-zero on Node 22 (see output above). This step is informational only and does not affect job status."[0m
test (22)	Coverage report (informational, not a gate)	2026-08-20T18:02:52.0140876Z shell: /usr/bin/bash -e {0}
test (22)	Coverage report (informational, not a gate)	2026-08-20T18:02:52.0141218Z ##[endgroup]
test (22)	Coverage report (informational, not a gate)	2026-08-20T18:02:52.0708685Z TAP version 13
test (22)	Coverage report (informational, not a gate)	2026-08-20T18:02:52.1219696Z # Subtest: zero args: no error, no filters set
test (22)	Coverage report (informational, not a gate)	2026-08-20T18:02:52.1252207Z ok 1 - zero args: no error, no filters set
test (22)	Coverage report (informational, not a gate)	2026-08-20T18:02:52.1260652Z   ---
test (22)	Coverage report (informational, not a gate)	2026-08-20T18:02:52.1261521Z   duration_ms: 1.460348
test (22)	Coverage report (informational, not a gate)	2026-08-20T18:02:52.1262335Z   type: 'test'
test (22)	Coverage report (informational, not a gate)	2026-08-20T18:02:52.1263022Z   ...
test (22)	Coverage report (informational, not a gate)	2026-08-20T18:02:52.1263913Z # Subtest: --author <name> sets author string
test (22)	Coverage report (informational, not a gate)	2026-08-20T18:02:52.1264955Z ok 2 - --author <name> sets author string
test (22)	Coverage report (informational, not a gate)	2026-08-20T18:02:52.1265787Z   ---
test (22)	Coverage report (informational, not a gate)	2026-08-20T18:02:52.1266652Z   duration_ms: 0.290303
test (22)	Coverage report (informational, not a gate)	2026-08-20T18:02:52.1267454Z   type: 'test'
test (22)	Coverage report (informational, not a gate)	2026-08-20T18:02:52.1268481Z   ...
test (22)	Coverage report (informational, not a gate)	2026-08-20T18:02:52.1269482Z # Subtest: --author=<name> equals form sets author string
test (22)	Coverage report (informational, not a gate)	2026-08-20T18:02:52.1270753Z ok 3 - --author=<name> equals form sets author string
test (22)	Coverage report (informational, not a gate)	2026-08-20T18:02:52.1271889Z   ---
test (22)	Coverage report (informational, not a gate)	2026-08-20T18:02:52.1272613Z   duration_ms: 0.145742
test (22)	Coverage report (informational, not a gate)	2026-08-20T18:02:52.1273382Z   type: 'test'
test (22)	Coverage report (informational, not a gate)	2026-08-20T18:02:52.1278649Z   ...
test (22)	Coverage report (informational, not a gate)	2026-08-20T18:02:52.1279532Z # Subtest: --tag <tag> sets tag string
test (22)	Coverage report (informational, not a gate)	2026-08-20T18:02:52.1280503Z ok 4 - --tag <tag> sets tag string
test (22)	Coverage report (informational, not a gate)	2026-08-20T18:02:52.1281339Z   ---
test (22)	Coverage report (informational, not a gate)	2026-08-20T18:02:52.1282034Z   duration_ms: 0.135734
test (22)	Coverage report (informational, not a gate)	2026-08-20T18:02:52.1282713Z   type: 'test'
test (22)	Coverage report (informational, not a gate)	2026-08-20T18:02:52.1283275Z   ...
test (22)	Coverage report (informational, not a gate)	2026-08-20T18:02:52.1284154Z # Subtest: --tag=<tag> equals form sets tag string
test (22)	Coverage report (informational, not a gate)	2026-08-20T18:02:52.1285230Z ok 5 - --tag=<tag> equals form sets tag string
test (22)	Coverage report (informational, not a gate)	2026-08-20T18:02:52.1285971Z   ---
test (22)	Coverage report (informational, not a gate)	2026-08-20T18:02:52.1286527Z   duration_ms: 0.124232
test (22)	Coverage report (informational, not a gate)	2026-08-20T18:02:52.1287152Z   type: 'test'
test (22)	Coverage report (informational, not a gate)	2026-08-20T18:02:52.1287995Z   ...
test (22)	Coverage report (informational, not a gate)	2026-08-20T18:02:52.1289240Z # Subtest: combined --author X --tag Y sets both
test (22)	Coverage report (informational, not a gate)	2026-08-20T18:02:52.1290236Z ok 6 - combined --author X --tag Y sets both
test (22)	Coverage report (informational, not a gate)	2026-08-20T18:02:52.1290984Z   ---
test (22)	Coverage report (informational, not a gate)	2026-08-20T18:02:52.1291611Z   duration_ms: 0.138799
test (22)	Coverage report (informational, not a gate)	2026-08-20T18:02:52.1292274Z   type: 'test'
test (22)	Coverage report (informational, not a gate)	2026-08-20T18:02:52.1292824Z   ...
test (22)	Coverage report (informational, not a gate)	2026-08-20T18:02:52.1293545Z # Subtest: --seed <n> parses as a number
test (22)	Coverage report (informational, not a gate)	2026-08-20T18:02:52.1294381Z ok 7 - --seed <n> parses as a number
test (22)	Coverage report (informational, not a gate)	2026-08-20T18:02:52.1295080Z   ---
test (22)	Coverage report (informational, not a gate)	2026-08-20T18:02:52.1295636Z   duration_ms: 0.222436
test (22)	Coverage report (informational, not a gate)	2026-08-20T18:02:52.1296234Z   type: 'test'
test (22)	Coverage report (informational, not a gate)	2026-08-20T18:02:52.1296841Z   ...
test (22)	Coverage report (informational, not a gate)	2026-08-20T18:02:52.1297688Z # Subtest: --seed=<n> equals form parses as a number
test (22)	Coverage report (informational, not a gate)	2026-08-20T18:02:52.1316178Z ok 8 - --seed=<n> equals form parses as a number
test (22)	Coverage report (informational, not a gate)	2026-08-20T18:02:52.1317182Z   ---
test (22)	Coverage report (informational, not a gate)	2026-08-20T18:02:52.1318131Z   duration_ms: 0.131796
test (22)	Coverage report (informational, not a gate)	2026-08-20T18:02:52.1318917Z   type: 'test'
test (22)	Coverage report (informational, not a gate)	2026-08-20T18:02:52.1319624Z   ...
test (22)	Coverage report (informational, not a gate)	2026-08-20T18:02:52.1320686Z # Subtest: --seed <n> accepts a negative number
test (22)	Coverage report (informational, not a gate)	2026-08-20T18:02:52.1321835Z ok 9 - --seed <n> accepts a negative number
test (22)	Coverage report (informational, not a gate)	2026-08-20T18:02:52.1322732Z   ---
test (22)	Coverage report (informational, not a gate)	2026-08-20T18:02:52.1323426Z   duration_ms: 0.128219
test (22)	Coverage report (informational, not a gate)	2026-08-20T18:02:52.1324151Z   type: 'test'
test (22)	Coverage report (informational, not a gate)	2026-08-20T18:02:52.1324776Z   ...
test (22)	Coverage report (informational, not a gate)	2026-08-20T18:02:52.1327708Z # Subtest: --seed=<n> equals form accepts a negative number
test (22)	Coverage report (informational, not a gate)	2026-08-20T18:02:52.1329318Z ok 10 - --seed=<n> equals form accepts a negative number
test (22)	Coverage report (informational, not a gate)	2026-08-20T18:02:52.1330160Z   ---
test (22)	Coverage report (informational, not a gate)	2026-08-20T18:02:52.1330878Z   duration_ms: 0.190326
test (22)	Coverage report (informational, not a gate)	2026-08-20T18:02:52.1331576Z   type: 'test'
test (22)	Coverage report (informational, not a gate)	2026-08-20T18:02:52.1332185Z   ...
test (22)	Coverage report (informational, not a gate)	2026-08-20T18:02:52.1332988Z # Subtest: non-numeric --seed is a usage error
test (22)	Coverage report (informational, not a gate)	2026-08-20T18:02:52.1333952Z ok 11 - non-numeric --seed is a usage error
test (22)	Coverage report (informational, not a gate)	2026-08-20T18:02:52.1334706Z   ---
test (22)	Coverage report (informational, not a gate)	2026-08-20T18:02:52.1335374Z   duration_ms: 0.345355
test (22)	Coverage report (informational, not a gate)	2026-08-20T18:02:52.1336092Z   type: 'test'
test (22)	Coverage report (informational, not a gate)	2026-08-20T18:02:52.1336730Z   ...
test (22)	Coverage report (informational, not a gate)	2026-08-20T18:02:52.1337704Z # Subtest: non-numeric --seed= equals form is a usage error
test (22)	Coverage report (informational, not a gate)	2026-08-20T18:02:52.1339730Z ok 12 - non-numeric --seed= equals form is a usage error
test (22)	Coverage report (informational, not a gate)	2026-08-20T18:02:52.1340640Z   ---
test (22)	Coverage report (informational, not a gate)	2026-08-20T18:02:52.1341310Z   duration_ms: 0.176389
test (22)	Coverage report (informational, not a gate)	2026-08-20T18:02:52.1342082Z   type: 'test'
test (22)	Coverage report (informational, not a gate)	2026-08-20T18:02:52.1342837Z   ...
test (22)	Coverage report (informational, not a gate)	2026-08-20T18:02:52.1343777Z # Subtest: --list sets list: true
test (22)	Coverage report (informational, not a gate)	2026-08-20T18:02:52.1344769Z ok 13 - --list sets list: true
test (22)	Coverage report (informational, not a gate)	2026-08-20T18:02:52.1345575Z   ---
test (22)	Coverage report (informational, not a gate)	2026-08-20T18:02:52.1346296Z   duration_ms: 0.133199
test (22)	Coverage report (informational, not a gate)	2026-08-20T18:02:52.1347078Z   type: 'test'
test (22)	Coverage report (informational, not a gate)	2026-08-20T18:02:52.1348034Z   ...
test (22)	Coverage report (informational, not a gate)	2026-08-20T18:02:52.1348941Z # Subtest: --json sets json: true
test (22)	Coverage report (informational, not a gate)	2026-08-20T18:02:52.1349877Z ok 14 - --json sets json: true
test (22)	Coverage report (informational, not a gate)	2026-08-20T18:02:52.1350740Z   ---
test (22)	Coverage report (informational, not a gate)	2026-08-20T18:02:52.1351370Z   duration_ms: 0.12309
test (22)	Coverage report (informational, not a gate)	2026-08-20T18:02:52.1352032Z   type: 'test'
test (22)	Coverage report (informational, not a gate)	2026-08-20T18:02:52.1352666Z   ...
test (22)	Coverage report (informational, not a gate)	2026-08-20T18:02:52.1353530Z # Subtest: --help sets help: true
test (22)	Coverage report (informational, not a gate)	2026-08-20T18:02:52.1354574Z ok 15 - --help sets help: true
test (22)	Coverage report (informational, not a gate)	2026-08-20T18:02:52.1357513Z   ---
test (22)	Coverage report (informational, not a gate)	2026-08-20T18:02:52.1358278Z   duration_ms: 0.124302
test (22)	Coverage report (informational, not a gate)	2026-08-20T18:02:52.1358833Z   type: 'test'
test (22)	Coverage report (informational, not a gate)	2026-08-20T18:02:52.1359286Z   ...
test (22)	Coverage report (informational, not a gate)	2026-08-20T18:02:52.1361409Z # Subtest: -h sets help: true
test (22)	Coverage report (informational, not a gate)	2026-08-20T18:02:52.1362935Z ok 16 - -h sets help: true
test (22)	Coverage report (informational, not a gate)	2026-08-20T18:02:52.1378545Z   ---
test (22)	Coverage report (informational, not a gate)	2026-08-20T18:02:52.1379126Z   duration_ms: 0.117189
test (22)	Coverage report (informational, not a gate)	2026-08-20T18:02:52.1379725Z   type: 'test'
test (22)	Coverage report (informational, not a gate)	2026-08-20T18:02:52.1380300Z   ...
test (22)	Coverage report (informational, not a gate)	2026-08-20T18:02:52.1381078Z # Subtest: unknown flag is a usage error
test (22)	Coverage report (informational, not a gate)	2026-08-20T18:02:52.1381808Z ok 17 - unknown flag is a usage error
test (22)	Coverage report (informational, not a gate)	2026-08-20T18:02:52.1382367Z   ---
test (22)	Coverage report (informational, not a gate)	2026-08-20T18:02:52.1383078Z   duration_ms: 0.200074
test (22)	Coverage report (informational, not a gate)	2026-08-20T18:02:52.1383627Z   type: 'test'
test (22)	Coverage report (informational, not a gate)	2026-08-20T18:02:52.1384052Z   ...
test (22)	Coverage report (informational, not a gate)	2026-08-20T18:02:52.1384809Z # Subtest: unknown short flag is a usage error
test (22)	Coverage report (informational, not a gate)	2026-08-20T18:02:52.1385714Z ok 18 - unknown short flag is a usage error
test (22)	Coverage report (informational, not a gate)	2026-08-20T18:02:52.1386402Z   ---
test (22)	Coverage report (informational, not a gate)	2026-08-20T18:02:52.1386882Z   duration_ms: 1.029063
test (22)	Coverage report (informational, not a gate)	2026-08-20T18:02:52.1387393Z   type: 'test'
test (22)	Coverage report (informational, not a gate)	2026-08-20T18:02:52.1429484Z   ...
test (22)	Coverage report (informational, not a gate)	2026-08-20T18:02:52.1430501Z # Subtest: --author missing value at end of argv is a usage error
test (22)	Coverage report (informational, not a gate)	2026-08-20T18:02:52.1432522Z ok 19 - --author missing value at end of argv is a usage error
test (22)	Coverage report (informational, not a gate)	2026-08-20T18:02:52.1433869Z   ---
test (22)	Coverage report (informational, not a gate)	2026-08-20T18:02:52.1434776Z   duration_ms: 0.150271
test (22)	Coverage report (informational, not a gate)	2026-08-20T18:02:52.1435708Z   type: 'test'
test (22)	Coverage report (informational, not a gate)	2026-08-20T18:02:52.1436545Z   ...
test (22)	Coverage report (informational, not a gate)	2026-08-20T18:02:52.1437880Z # Subtest: --tag missing value because next token is another flag is a usage error
test (22)	Coverage report (informational, not a gate)	2026-08-20T18:02:52.1439779Z ok 20 - --tag missing value because next token is another flag is a usage error
test (22)	Coverage report (informational, not a gate)	2026-08-20T18:02:52.1440866Z   ---
test (22)	Coverage report (informational, not a gate)	2026-08-20T18:02:52.1441660Z   duration_ms: 0.142346
test (22)	Coverage report (informational, not a gate)	2026-08-20T18:02:52.1442322Z   type: 'test'
test (22)	Coverage report (informational, not a gate)	2026-08-20T18:02:52.1443097Z   ...
test (22)	Coverage report (informational, not a gate)	2026-08-20T18:02:52.1444298Z # Subtest: --seed missing value at end of argv is a usage error
test (22)	Coverage report (informational, not a gate)	2026-08-20T18:02:52.1445655Z ok 21 - --seed missing value at end of argv is a usage error
test (22)	Coverage report (informational, not a gate)	2026-08-20T18:02:52.1446687Z   ---
test (22)	Coverage report (informational, not a gate)	2026-08-20T18:02:52.1447477Z   duration_ms: 0.13397
test (22)	Coverage report (informational, not a gate)	2026-08-20T18:02:52.1448807Z   type: 'test'
test (22)	Coverage report (informational, not a gate)	2026-08-20T18:02:52.1449597Z   ...
test (22)	Coverage report (informational, not a gate)	2026-08-20T18:02:52.1451181Z # Subtest: --author= with empty value is a usage error
test (22)	Coverage report (informational, not a gate)	2026-08-20T18:02:52.1452536Z ok 22 - --author= with empty value is a usage error
test (22)	Coverage report (informational, not a gate)	2026-08-20T18:02:52.1453634Z   ---
test (22)	Coverage report (informational, not a gate)	2026-08-20T18:02:52.1454305Z   duration_ms: 0.121647
test (22)	Coverage report (informational, not a gate)	2026-08-20T18:02:52.1455298Z   type: 'test'
test (22)	Coverage report (informational, not a gate)	2026-08-20T18:02:52.1456219Z   ...
test (22)	Coverage report (informational, not a gate)	2026-08-20T18:02:52.1457455Z # Subtest: a bare positional argument (not a flag) is a usage error
test (22)	Coverage report (informational, not a gate)	2026-08-20T18:02:52.1459140Z ok 23 - a bare positional argument (not a flag) is a usage error
test (22)	Coverage report (informational, not a gate)	2026-08-20T18:02:52.1460373Z   ---
test (22)	Coverage report (informational, not a gate)	2026-08-20T18:02:52.1461247Z   duration_ms: 0.197148
test (22)	Coverage report (informational, not a gate)	2026-08-20T18:02:52.1461979Z   type: 'test'
test (22)	Coverage report (informational, not a gate)	2026-08-20T18:02:52.1462597Z   ...
test (22)	Coverage report (informational, not a gate)	2026-08-20T18:02:52.1463640Z # Subtest: parseArgs never throws on malformed input
test (22)	Coverage report (informational, not a gate)	2026-08-20T18:02:52.1464642Z ok 24 - parseArgs never throws on malformed input
test (22)	Coverage report (informational, not a gate)	2026-08-20T18:02:52.1465404Z   ---
test (22)	Coverage report (informational, not a gate)	2026-08-20T18:02:52.1465979Z   duration_ms: 0.276146
test (22)	Coverage report (informational, not a gate)	2026-08-20T18:02:52.1467182Z   type: 'test'
test (22)	Coverage report (informational, not a gate)	2026-08-20T18:02:52.1467844Z   ...
test (22)	Coverage report (informational, not a gate)	2026-08-20T18:02:52.1469265Z # Subtest: absent options are undefined/false, never null
test (22)	Coverage report (informational, not a gate)	2026-08-20T18:02:52.1470510Z ok 25 - absent options are undefined/false, never null
test (22)	Coverage report (informational, not a gate)	2026-08-20T18:02:52.1471418Z   ---
test (22)	Coverage report (informational, not a gate)	2026-08-20T18:02:52.1472055Z   duration_ms: 0.16048
test (22)	Coverage report (informational, not a gate)	2026-08-20T18:02:52.1472743Z   type: 'test'
test (22)	Coverage report (informational, not a gate)	2026-08-20T18:02:52.1473398Z   ...
test (22)	Coverage report (informational, not a gate)	2026-08-20T18:02:52.1474875Z # Subtest: HELP is a non-empty string mentioning every flag name
test (22)	Coverage report (informational, not a gate)	2026-08-20T18:02:52.1476109Z ok 26 - HELP is a non-empty string mentioning every flag name
test (22)	Coverage report (informational, not a gate)	2026-08-20T18:02:52.1476957Z   ---
test (22)	Coverage report (informational, not a gate)	2026-08-20T18:02:52.1477620Z   duration_ms: 0.201747
test (22)	Coverage report (informational, not a gate)	2026-08-20T18:02:52.1478729Z   type: 'test'
test (22)	Coverage report (informational, not a gate)	2026-08-20T18:02:52.1479427Z   ...
test (22)	Coverage report (informational, not a gate)	2026-08-20T18:02:52.1480405Z # Subtest: HELP fits comfortably on one 24-line terminal screen
test (22)	Coverage report (informational, not a gate)	2026-08-20T18:02:52.1481653Z ok 27 - HELP fits comfortably on one 24-line terminal screen
test (22)	Coverage report (informational, not a gate)	2026-08-20T18:02:52.1482518Z   ---
test (22)	Coverage report (informational, not a gate)	2026-08-20T18:02:52.1483144Z   duration_ms: 0.175929
test (22)	Coverage report (informational, not a gate)	2026-08-20T18:02:52.1483884Z   type: 'test'
test (22)	Coverage report (informational, not a gate)	2026-08-20T18:02:52.1484523Z   ...
test (22)	Coverage report (informational, not a gate)	2026-08-20T18:02:52.1485624Z # Subtest: --seed Infinity / --seed -Infinity parse to numbers, not a usage error
test (22)	Coverage report (informational, not a gate)	2026-08-20T18:02:52.1487095Z ok 28 - --seed Infinity / --seed -Infinity parse to numbers, not a usage error
test (22)	Coverage report (informational, not a gate)	2026-08-20T18:02:52.1488470Z   ---
test (22)	Coverage report (informational, not a gate)	2026-08-20T18:02:52.1489142Z   duration_ms: 0.158386
test (22)	Coverage report (informational, not a gate)	2026-08-20T18:02:52.1489837Z   type: 'test'
test (22)	Coverage report (informational, not a gate)	2026-08-20T18:02:52.1490466Z   ...
test (22)	Coverage report (informational, not a gate)	2026-08-20T18:02:55.6427496Z # Subtest: bare invocation prints one attributed aphorism and exits 0
test (22)	Coverage report (informational, not a gate)	2026-08-20T18:02:55.6429247Z ok 29 - bare invocation prints one attributed aphorism and exits 0
test (22)	Coverage report (informational, not a gate)	2026-08-20T18:02:55.6429980Z   ---
test (22)	Coverage report (informational, not a gate)	2026-08-20T18:02:55.6430569Z   duration_ms: 66.698859
test (22)	Coverage report (informational, not a gate)	2026-08-20T18:02:55.6431301Z   type: 'test'
test (22)	Coverage report (informational, not a gate)	2026-08-20T18:02:55.6431852Z   ...
test (22)	Coverage report (informational, not a gate)	2026-08-20T18:02:55.6433593Z # Subtest: --seed is deterministic across separate processes
test (22)	Coverage report (informational, not a gate)	2026-08-20T18:02:55.6435997Z ok 30 - --seed is deterministic across separate processes
test (22)	Coverage report (informational, not a gate)	2026-08-20T18:02:55.6436719Z   ---
test (22)	Coverage report (informational, not a gate)	2026-08-20T18:02:55.6441930Z   duration_ms: 106.846545
test (22)	Coverage report (informational, not a gate)	2026-08-20T18:02:55.6443012Z   type: 'test'
test (22)	Coverage report (informational, not a gate)	2026-08-20T18:02:55.6443722Z   ...
test (22)	Coverage report (informational, not a gate)	2026-08-20T18:02:55.6444649Z # Subtest: different seeds do not all collapse to one aphorism
test (22)	Coverage report (informational, not a gate)	2026-08-20T18:02:55.6445747Z ok 31 - different seeds do not all collapse to one aphorism
test (22)	Coverage report (informational, not a gate)	2026-08-20T18:02:55.6446523Z   ---
test (22)	Coverage report (informational, not a gate)	2026-08-20T18:02:55.6447081Z   duration_ms: 510.673375
test (22)	Coverage report (informational, not a gate)	2026-08-20T18:02:55.6447711Z   type: 'test'
test (22)	Coverage report (informational, not a gate)	2026-08-20T18:02:55.6448545Z   ...
test (22)	Coverage report (informational, not a gate)	2026-08-20T18:02:55.6449483Z # Subtest: --json emits a single-line JSON object with text/author/tags
test (22)	Coverage report (informational, not a gate)	2026-08-20T18:02:55.6450724Z ok 32 - --json emits a single-line JSON object with text/author/tags
test (22)	Coverage report (informational, not a gate)	2026-08-20T18:02:55.6451604Z   ---
test (22)	Coverage report (informational, not a gate)	2026-08-20T18:02:55.6452134Z   duration_ms: 40.115934
test (22)	Coverage report (informational, not a gate)	2026-08-20T18:02:55.6452743Z   type: 'test'
test (22)	Coverage report (informational, not a gate)	2026-08-20T18:02:55.6453291Z   ...
test (22)	Coverage report (informational, not a gate)	2026-08-20T18:02:55.6454098Z # Subtest: --list prints every entry in the filtered set
test (22)	Coverage report (informational, not a gate)	2026-08-20T18:02:55.6456695Z ok 33 - --list prints every entry in the filtered set
test (22)	Coverage report (informational, not a gate)	2026-08-20T18:02:55.6457370Z   ---
test (22)	Coverage report (informational, not a gate)	2026-08-20T18:02:55.6457998Z   duration_ms: 36.195742
test (22)	Coverage report (informational, not a gate)	2026-08-20T18:02:55.6458452Z   type: 'test'
test (22)	Coverage report (informational, not a gate)	2026-08-20T18:02:55.6458850Z   ...
test (22)	Coverage report (informational, not a gate)	2026-08-20T18:02:55.6469022Z # Subtest: --help prints usage to stdout and exits 0
test (22)	Coverage report (informational, not a gate)	2026-08-20T18:02:55.6470138Z ok 34 - --help prints usage to stdout and exits 0
test (22)	Coverage report (informational, not a gate)	2026-08-20T18:02:55.6470684Z   ---
test (22)	Coverage report (informational, not a gate)	2026-08-20T18:02:55.6471041Z   duration_ms: 35.281702
test (22)	Coverage report (informational, not a gate)	2026-08-20T18:02:55.6471443Z   type: 'test'
test (22)	Coverage report (informational, not a gate)	2026-08-20T18:02:55.6471787Z   ...
test (22)	Coverage report (informational, not a gate)	2026-08-20T18:02:55.6472424Z # Subtest: no match exits 1 with stderr only and zero bytes on stdout
test (22)	Coverage report (informational, not a gate)	2026-08-20T18:02:55.6473341Z ok 35 - no match exits 1 with stderr only and zero bytes on stdout
test (22)	Coverage report (informational, not a gate)	2026-08-20T18:02:55.6487055Z   ---
test (22)	Coverage report (informational, not a gate)	2026-08-20T18:02:55.6488069Z   duration_ms: 34.12283
test (22)	Coverage report (informational, not a gate)	2026-08-20T18:02:55.6488707Z   type: 'test'
test (22)	Coverage report (informational, not a gate)	2026-08-20T18:02:55.6489221Z   ...
test (22)	Coverage report (informational, not a gate)	2026-08-20T18:02:55.6490039Z # Subtest: unknown flag is a usage error, exit 2, stdout clean
test (22)	Coverage report (informational, not a gate)	2026-08-20T18:02:55.6491123Z ok 36 - unknown flag is a usage error, exit 2, stdout clean
test (22)	Coverage report (informational, not a gate)	2026-08-20T18:02:55.6492145Z   ---
test (22)	Coverage report (informational, not a gate)	2026-08-20T18:02:55.6501098Z   duration_ms: 35.771269
test (22)	Coverage report (informational, not a gate)	2026-08-20T18:02:55.6501803Z   type: 'test'
test (22)	Coverage report (informational, not a gate)	2026-08-20T18:02:55.6502589Z   ...
test (22)	Coverage report (informational, not a gate)	2026-08-20T18:02:55.6503483Z # Subtest: non-numeric seed is a usage error, exit 2
test (22)	Coverage report (informational, not a gate)	2026-08-20T18:02:55.6504511Z ok 37 - non-numeric seed is a usage error, exit 2
test (22)	Coverage report (informational, not a gate)	2026-08-20T18:02:55.6505310Z   ---
test (22)	Coverage report (informational, not a gate)	2026-08-20T18:02:55.6505900Z   duration_ms: 37.305281
test (22)	Coverage report (informational, not a gate)	2026-08-20T18:02:55.6506584Z   type: 'test'
test (22)	Coverage report (informational, not a gate)	2026-08-20T18:02:55.6507182Z   ...
test (22)	Coverage report (informational, not a gate)	2026-08-20T18:02:55.6508410Z # Subtest: author filter is case-insensitive and narrows the list
test (22)	Coverage report (informational, not a gate)	2026-08-20T18:02:55.6509640Z ok 38 - author filter is case-insensitive and narrows the list
test (22)	Coverage report (informational, not a gate)	2026-08-20T18:02:55.6510511Z   ---
test (22)	Coverage report (informational, not a gate)	2026-08-20T18:02:55.6511131Z   duration_ms: 69.10225
test (22)	Coverage report (informational, not a gate)	2026-08-20T18:02:55.6511808Z   type: 'test'
test (22)	Coverage report (informational, not a gate)	2026-08-20T18:02:55.6512423Z   ...
test (22)	Coverage report (informational, not a gate)	2026-08-20T18:02:55.6513690Z # Subtest: output is pipe-safe — no ANSI escapes when not a TTY
test (22)	Coverage report (informational, not a gate)	2026-08-20T18:02:55.6515025Z ok 39 - output is pipe-safe — no ANSI escapes when not a TTY
test (22)	Coverage report (informational, not a gate)	2026-08-20T18:02:55.6515918Z   ---
test (22)	Coverage report (informational, not a gate)	2026-08-20T18:02:55.6516542Z   duration_ms: 35.48419
test (22)	Coverage report (informational, not a gate)	2026-08-20T18:02:55.6517202Z   type: 'test'
test (22)	Coverage report (informational, not a gate)	2026-08-20T18:02:55.6518100Z   ...
test (22)	Coverage report (informational, not a gate)	2026-08-20T18:02:55.6519028Z # Subtest: --tag matches membership, not substring containment
test (22)	Coverage report (informational, not a gate)	2026-08-20T18:02:55.6520194Z ok 40 - --tag matches membership, not substring containment
test (22)	Coverage report (informational, not a gate)	2026-08-20T18:02:55.6521107Z   ---
test (22)	Coverage report (informational, not a gate)	2026-08-20T18:02:55.6521702Z   duration_ms: 80.372097
test (22)	Coverage report (informational, not a gate)	2026-08-20T18:02:55.6522373Z   type: 'test'
test (22)	Coverage report (informational, not a gate)	2026-08-20T18:02:55.6522956Z   ...
test (22)	Coverage report (informational, not a gate)	2026-08-20T18:02:55.6523904Z # Subtest: --list prints exactly one line per matching entry, no drops
test (22)	Coverage report (informational, not a gate)	2026-08-20T18:02:55.6525217Z ok 41 - --list prints exactly one line per matching entry, no drops
test (22)	Coverage report (informational, not a gate)	2026-08-20T18:02:55.6526111Z   ---
test (22)	Coverage report (informational, not a gate)	2026-08-20T18:02:55.6526729Z   duration_ms: 34.696451
test (22)	Coverage report (informational, not a gate)	2026-08-20T18:02:55.6527453Z   type: 'test'
test (22)	Coverage report (informational, not a gate)	2026-08-20T18:02:55.6528320Z   ...
test (22)	Coverage report (informational, not a gate)	2026-08-20T18:02:55.6529333Z # Subtest: --list preserves corpus order (first and last line match)
test (22)	Coverage report (informational, not a gate)	2026-08-20T18:02:55.6530588Z ok 42 - --list preserves corpus order (first and last line match)
test (22)	Coverage report (informational, not a gate)	2026-08-20T18:02:55.6531881Z   ---
test (22)	Coverage report (informational, not a gate)	2026-08-20T18:02:55.6532487Z   duration_ms: 35.58149
test (22)	Coverage report (informational, not a gate)	2026-08-20T18:02:55.6533155Z   type: 'test'
test (22)	Coverage report (informational, not a gate)	2026-08-20T18:02:55.6533755Z   ...
test (22)	Coverage report (informational, not a gate)	2026-08-20T18:02:55.6534678Z # Subtest: --json output is exactly one line, never pretty-printed
test (22)	Coverage report (informational, not a gate)	2026-08-20T18:02:55.6535914Z ok 43 - --json output is exactly one line, never pretty-printed
test (22)	Coverage report (informational, not a gate)	2026-08-20T18:02:55.6536794Z   ---
test (22)	Coverage report (informational, not a gate)	2026-08-20T18:02:55.6537409Z   duration_ms: 32.824053
test (22)	Coverage report (informational, not a gate)	2026-08-20T18:02:55.6538841Z   type: 'test'
test (22)	Coverage report (informational, not a gate)	2026-08-20T18:02:55.6539595Z   ...
test (22)	Coverage report (informational, not a gate)	2026-08-20T18:02:55.6541012Z # Subtest: --list --json emits newline-delimited JSON, one object per line, in corpus order
test (22)	Coverage report (informational, not a gate)	2026-08-20T18:02:55.6542836Z ok 44 - --list --json emits newline-delimited JSON, one object per line, in corpus order
test (22)	Coverage report (informational, not a gate)	2026-08-20T18:02:55.6544322Z   ---
test (22)	Coverage report (informational, not a gate)	2026-08-20T18:02:55.6545270Z   duration_ms: 34.489888
test (22)	Coverage report (informational, not a gate)	2026-08-20T18:02:55.6546123Z   type: 'test'
test (22)	Coverage report (informational, not a gate)	2026-08-20T18:02:55.6547063Z   ...
test (22)	Coverage report (informational, not a gate)	2026-08-20T18:02:55.6548913Z # Subtest: --json composes with --seed: the seeded JSON pick is reproducible AND is the same entry as the plain-text pick
test (22)	Coverage report (informational, not a gate)	2026-08-20T18:02:55.6551138Z ok 45 - --json composes with --seed: the seeded JSON pick is reproducible AND is the same entry as the plain-text pick
test (22)	Coverage report (informational, not a gate)	2026-08-20T18:02:55.6623586Z   ---
test (22)	Coverage report (informational, not a gate)	2026-08-20T18:02:55.6624282Z   duration_ms: 638.950264
test (22)	Coverage report (informational, not a gate)	2026-08-20T18:02:55.6624791Z   type: 'test'
test (22)	Coverage report (informational, not a gate)	2026-08-20T18:02:55.6625139Z   ...
test (22)	Coverage report (informational, not a gate)	2026-08-20T18:02:55.6625950Z # Subtest: --json composes with the filter flags: the JSON pick is always a member of the FILTERED set
test (22)	Coverage report (informational, not a gate)	2026-08-20T18:02:55.6626793Z ok 46 - --json composes with the filter flags: the JSON pick is always a member of the FILTERED set
test (22)	Coverage report (informational, not a gate)	2026-08-20T18:02:55.6627260Z   ---
test (22)	Coverage report (informational, not a gate)	2026-08-20T18:02:55.6627476Z   duration_ms: 827.164051
test (22)	Coverage report (informational, not a gate)	2026-08-20T18:02:55.6627731Z   type: 'test'
test (22)	Coverage report (informational, not a gate)	2026-08-20T18:02:55.6628232Z   ...
test (22)	Coverage report (informational, not a gate)	2026-08-20T18:02:55.6629006Z # Subtest: --list accepts a valid --seed and IGNORES it: output is byte-identical across seeds
test (22)	Coverage report (informational, not a gate)	2026-08-20T18:02:55.6630658Z ok 47 - --list accepts a valid --seed and IGNORES it: output is byte-identical across seeds
test (22)	Coverage report (informational, not a gate)	2026-08-20T18:02:55.6631414Z   ---
test (22)	Coverage report (informational, not a gate)	2026-08-20T18:02:55.6631759Z   duration_ms: 339.681327
test (22)	Coverage report (informational, not a gate)	2026-08-20T18:02:55.6632174Z   type: 'test'
test (22)	Coverage report (informational, not a gate)	2026-08-20T18:02:55.6632508Z   ...
test (22)	Coverage report (informational, not a gate)	2026-08-20T18:02:55.6633357Z # Subtest: --list --seed abc is a usage error, exit 2, stdout empty, stderr carries the diagnostic
test (22)	Coverage report (informational, not a gate)	2026-08-20T18:02:55.6634636Z ok 48 - --list --seed abc is a usage error, exit 2, stdout empty, stderr carries the diagnostic
test (22)	Coverage report (informational, not a gate)	2026-08-20T18:02:55.6635385Z   ---
test (22)	Coverage report (informational, not a gate)	2026-08-20T18:02:55.6635724Z   duration_ms: 31.216366
test (22)	Coverage report (informational, not a gate)	2026-08-20T18:02:55.6636129Z   type: 'test'
test (22)	Coverage report (informational, not a gate)	2026-08-20T18:02:55.6636461Z   ...
test (22)	Coverage report (informational, not a gate)	2026-08-20T18:02:55.6637369Z # Subtest: --seed abc --list (erroring flag BEFORE --list) is still a usage error, exit 2, stdout empty
test (22)	Coverage report (informational, not a gate)	2026-08-20T18:02:55.6638931Z ok 49 - --seed abc --list (erroring flag BEFORE --list) is still a usage error, exit 2, stdout empty
test (22)	Coverage report (informational, not a gate)	2026-08-20T18:02:55.6639714Z   ---
test (22)	Coverage report (informational, not a gate)	2026-08-20T18:02:55.6640046Z   duration_ms: 35.77826
test (22)	Coverage report (informational, not a gate)	2026-08-20T18:02:55.6640449Z   type: 'test'
test (22)	Coverage report (informational, not a gate)	2026-08-20T18:02:55.6640804Z   ...
test (22)	Coverage report (informational, not a gate)	2026-08-20T18:02:55.6641536Z # Subtest: --list --seed=  (empty seed value) is a usage error, exit 2, stdout empty
test (22)	Coverage report (informational, not a gate)	2026-08-20T18:02:55.6642669Z ok 50 - --list --seed=  (empty seed value) is a usage error, exit 2, stdout empty
test (22)	Coverage report (informational, not a gate)	2026-08-20T18:02:55.6643401Z   ---
test (22)	Coverage report (informational, not a gate)	2026-08-20T18:02:55.6643859Z   duration_ms: 36.281651
test (22)	Coverage report (informational, not a gate)	2026-08-20T18:02:55.6644298Z   type: 'test'
test (22)	Coverage report (informational, not a gate)	2026-08-20T18:02:55.6644649Z   ...
test (22)	Coverage report (informational, not a gate)	2026-08-20T18:02:55.6645554Z # Subtest: --list --seed "   " (whitespace-only seed value) is a usage error, exit 2, stdout empty
test (22)	Coverage report (informational, not a gate)	2026-08-20T18:02:55.6646906Z ok 51 - --list --seed "   " (whitespace-only seed value) is a usage error, exit 2, stdout empty
test (22)	Coverage report (informational, not a gate)	2026-08-20T18:02:55.6647718Z   ---
test (22)	Coverage report (informational, not a gate)	2026-08-20T18:02:55.6648510Z   duration_ms: 33.632997
test (22)	Coverage report (informational, not a gate)	2026-08-20T18:02:55.6648960Z   type: 'test'
test (22)	Coverage report (informational, not a gate)	2026-08-20T18:02:55.6649337Z   ...
test (22)	Coverage report (informational, not a gate)	2026-08-20T18:02:55.6650854Z # Subtest: --list --nosuchflag (unknown flag) is a usage error, exit 2, stdout empty — --list does not swallow it
test (22)	Coverage report (informational, not a gate)	2026-08-20T18:02:55.6653046Z ok 52 - --list --nosuchflag (unknown flag) is a usage error, exit 2, stdout empty — --list does not swallow it
test (22)	Coverage report (informational, not a gate)	2026-08-20T18:02:55.6653990Z   ---
test (22)	Coverage report (informational, not a gate)	2026-08-20T18:02:55.6654370Z   duration_ms: 33.646979
test (22)	Coverage report (informational, not a gate)	2026-08-20T18:02:55.6654805Z   type: 'test'
test (22)	Coverage report (informational, not a gate)	2026-08-20T18:02:55.6655179Z   ...
test (22)	Coverage report (informational, not a gate)	2026-08-20T18:02:55.6656152Z # Subtest: --nosuchflag --list (unknown flag BEFORE --list) is still a usage error, exit 2, stdout empty
test (22)	Coverage report (informational, not a gate)	2026-08-20T18:02:55.6657661Z ok 53 - --nosuchflag --list (unknown flag BEFORE --list) is still a usage error, exit 2, stdout empty
test (22)	Coverage report (informational, not a gate)	2026-08-20T18:02:55.6658850Z   ---
test (22)	Coverage report (informational, not a gate)	2026-08-20T18:02:55.6659228Z   duration_ms: 33.483321
test (22)	Coverage report (informational, not a gate)	2026-08-20T18:02:55.6659657Z   type: 'test'
test (22)	Coverage report (informational, not a gate)	2026-08-20T18:02:55.6660009Z   ...
test (22)	Coverage report (informational, not a gate)	2026-08-20T18:02:55.6661011Z # Subtest: plain single-pick output is TWO lines: text, newline, four-space indent, EM DASH, space, author
test (22)	Coverage report (informational, not a gate)	2026-08-20T18:02:55.6662543Z ok 54 - plain single-pick output is TWO lines: text, newline, four-space indent, EM DASH, space, author
test (22)	Coverage report (informational, not a gate)	2026-08-20T18:02:55.6663451Z   ---
test (22)	Coverage report (informational, not a gate)	2026-08-20T18:02:55.6663814Z   duration_ms: 32.260397
test (22)	Coverage report (informational, not a gate)	2026-08-20T18:02:55.6664238Z   type: 'test'
test (22)	Coverage report (informational, not a gate)	2026-08-20T18:02:55.6664593Z   ...
test (22)	Coverage report (informational, not a gate)	2026-08-20T18:02:55.6665544Z # Subtest: --seed Infinity and --seed -Infinity (typed as CLI strings) are accepted and deterministic
test (22)	Coverage report (informational, not a gate)	2026-08-20T18:02:55.6667017Z ok 55 - --seed Infinity and --seed -Infinity (typed as CLI strings) are accepted and deterministic
test (22)	Coverage report (informational, not a gate)	2026-08-20T18:02:55.6668132Z   ---
test (22)	Coverage report (informational, not a gate)	2026-08-20T18:02:55.6668526Z   duration_ms: 137.374152
test (22)	Coverage report (informational, not a gate)	2026-08-20T18:02:55.6668950Z   type: 'test'
test (22)	Coverage report (informational, not a gate)	2026-08-20T18:02:55.6669320Z   ...
test (22)	Coverage report (informational, not a gate)	2026-08-20T18:02:55.6670225Z # Subtest: --list with a filter that matches nothing is STILL exit 1, stderr only, stdout empty
test (22)	Coverage report (informational, not a gate)	2026-08-20T18:02:55.6671597Z ok 56 - --list with a filter that matches nothing is STILL exit 1, stderr only, stdout empty
test (22)	Coverage report (informational, not a gate)	2026-08-20T18:02:55.6672440Z   ---
test (22)	Coverage report (informational, not a gate)	2026-08-20T18:02:55.6672832Z   duration_ms: 67.901585
test (22)	Coverage report (informational, not a gate)	2026-08-20T18:02:55.6673275Z   type: 'test'
test (22)	Coverage report (informational, not a gate)	2026-08-20T18:02:55.6673645Z   ...
test (22)	Coverage report (informational, not a gate)	2026-08-20T18:02:55.6675085Z # Subtest: --tag "" (bare empty-string value) matches nothing: whole-tag equality against the literal "" is not a filter no-op
test (22)	Coverage report (informational, not a gate)	2026-08-20T18:02:55.6676910Z ok 57 - --tag "" (bare empty-string value) matches nothing: whole-tag equality against the literal "" is not a filter no-op
test (22)	Coverage report (informational, not a gate)	2026-08-20T18:02:55.6678186Z   ---
test (22)	Coverage report (informational, not a gate)	2026-08-20T18:02:55.6678568Z   duration_ms: 35.581366
test (22)	Coverage report (informational, not a gate)	2026-08-20T18:02:55.6679016Z   type: 'test'
test (22)	Coverage report (informational, not a gate)	2026-08-20T18:02:55.6679391Z   ...
test (22)	Coverage report (informational, not a gate)	2026-08-20T18:02:55.8138825Z # Subtest: README Node support citation: cited git diff must be empty (or the check must skip on a missing precondition)
test (22)	Coverage report (informational, not a gate)	2026-08-20T18:02:55.8141218Z ok 58 - README Node support citation: cited git diff must be empty (or the check must skip on a missing precondition) # SKIP cited base commit 2b003ea is not reachable in this checkout (this is a shallow clone) -- cannot evaluate the README's Node support citation
test (22)	Coverage report (informational, not a gate)	2026-08-20T18:02:55.8143139Z   ---
test (22)	Coverage report (informational, not a gate)	2026-08-20T18:02:55.8143583Z   duration_ms: 24.110016
test (22)	Coverage report (informational, not a gate)	2026-08-20T18:02:55.8144175Z   type: 'test'
test (22)	Coverage report (informational, not a gate)	2026-08-20T18:02:55.8144538Z   ...
test (22)	Coverage report (informational, not a gate)	2026-08-20T18:02:55.8146265Z # Subtest: README Node support citation: base-to-working-tree diff must also be empty, so an uncommitted falsification is visible now (or the check must skip on a missing precondition)
test (22)	Coverage report (informational, not a gate)	2026-08-20T18:02:55.8150335Z ok 59 - README Node support citation: base-to-working-tree diff must also be empty, so an uncommitted falsification is visible now (or the check must skip on a missing precondition) # SKIP cited base commit 2b003ea is not reachable in this checkout (this is a shallow clone) -- cannot evaluate the README's Node support citation
test (22)	Coverage report (informational, not a gate)	2026-08-20T18:02:55.8152060Z   ---
test (22)	Coverage report (informational, not a gate)	2026-08-20T18:02:55.8152415Z   duration_ms: 21.152829
test (22)	Coverage report (informational, not a gate)	2026-08-20T18:02:55.8152670Z   type: 'test'
test (22)	Coverage report (informational, not a gate)	2026-08-20T18:02:55.8152983Z   ...
test (22)	Coverage report (informational, not a gate)	2026-08-20T18:02:55.8153528Z # Subtest: --list | true: exits quietly, zero stderr, no crash banner
test (22)	Coverage report (informational, not a gate)	2026-08-20T18:02:55.8154260Z ok 60 - --list | true: exits quietly, zero stderr, no crash banner
test (22)	Coverage report (informational, not a gate)	2026-08-20T18:02:55.8154783Z   ---
test (22)	Coverage report (informational, not a gate)	2026-08-20T18:02:55.8155133Z   duration_ms: 62.372658
test (22)	Coverage report (informational, not a gate)	2026-08-20T18:02:55.8155772Z   type: 'test'
test (22)	Coverage report (informational, not a gate)	2026-08-20T18:02:55.8156111Z   ...
test (22)	Coverage report (informational, not a gate)	2026-08-20T18:02:55.8156694Z # Subtest: | true (no --list, single aphorism): exits quietly, zero stderr
test (22)	Coverage report (informational, not a gate)	2026-08-20T18:02:55.8157459Z ok 61 - | true (no --list, single aphorism): exits quietly, zero stderr
test (22)	Coverage report (informational, not a gate)	2026-08-20T18:02:55.8158215Z   ---
test (22)	Coverage report (informational, not a gate)	2026-08-20T18:02:55.8158546Z   duration_ms: 53.048212
test (22)	Coverage report (informational, not a gate)	2026-08-20T18:02:55.8158959Z   type: 'test'
test (22)	Coverage report (informational, not a gate)	2026-08-20T18:02:55.8159364Z   ...
test (22)	Coverage report (informational, not a gate)	2026-08-20T18:02:55.8160058Z # Subtest: --list | head -0: exits quietly, zero stderr, no crash banner
test (22)	Coverage report (informational, not a gate)	2026-08-20T18:02:55.8160969Z ok 62 - --list | head -0: exits quietly, zero stderr, no crash banner
test (22)	Coverage report (informational, not a gate)	2026-08-20T18:02:55.8161535Z   ---
test (22)	Coverage report (informational, not a gate)	2026-08-20T18:02:55.8161849Z   duration_ms: 52.606492
test (22)	Coverage report (informational, not a gate)	2026-08-20T18:02:55.8162225Z   type: 'test'
test (22)	Coverage report (informational, not a gate)	2026-08-20T18:02:55.8162543Z   ...
test (22)	Coverage report (informational, not a gate)	2026-08-20T18:02:55.8163215Z # Subtest: --list | /nonexistent-cmd-xyz: no crash banner from the CLI itself
test (22)	Coverage report (informational, not a gate)	2026-08-20T18:02:55.8164285Z ok 63 - --list | /nonexistent-cmd-xyz: no crash banner from the CLI itself
test (22)	Coverage report (informational, not a gate)	2026-08-20T18:02:55.8164868Z   ---
test (22)	Coverage report (informational, not a gate)	2026-08-20T18:02:55.8165081Z   duration_ms: 39.620874
test (22)	Coverage report (informational, not a gate)	2026-08-20T18:02:55.8165328Z   type: 'test'
test (22)	Coverage report (informational, not a gate)	2026-08-20T18:02:55.8165535Z   ...
test (22)	Coverage report (informational, not a gate)	2026-08-20T18:02:55.8166004Z # Subtest: non-EPIPE stdout write failure: reported, not silent, not exit 1, no stack trace
test (22)	Coverage report (informational, not a gate)	2026-08-20T18:02:55.8166703Z ok 64 - non-EPIPE stdout write failure: reported, not silent, not exit 1, no stack trace
test (22)	Coverage report (informational, not a gate)	2026-08-20T18:02:55.8167128Z   ---
test (22)	Coverage report (informational, not a gate)	2026-08-20T18:02:55.8167328Z   duration_ms: 39.769897
test (22)	Coverage report (informational, not a gate)	2026-08-20T18:02:55.8167563Z   type: 'test'
test (22)	Coverage report (informational, not a gate)	2026-08-20T18:02:55.8168261Z   ...
test (22)	Coverage report (informational, not a gate)	2026-08-20T18:02:55.8169038Z # Subtest: usage error survives a closed stderr reader: still exits 2, not clobbered to 1
test (22)	Coverage report (informational, not a gate)	2026-08-20T18:02:55.8170308Z ok 65 - usage error survives a closed stderr reader: still exits 2, not clobbered to 1
test (22)	Coverage report (informational, not a gate)	2026-08-20T18:02:55.8171057Z   ---
test (22)	Coverage report (informational, not a gate)	2026-08-20T18:02:55.8171423Z   duration_ms: 120.823222
test (22)	Coverage report (informational, not a gate)	2026-08-20T18:02:55.8171844Z   type: 'test'
test (22)	Coverage report (informational, not a gate)	2026-08-20T18:02:55.8172495Z   ...
test (22)	Coverage report (informational, not a gate)	2026-08-20T18:02:55.8173368Z # Subtest: no-match exit code survives a closed stderr reader: still exits 1, not misreported
test (22)	Coverage report (informational, not a gate)	2026-08-20T18:02:55.8174498Z ok 66 - no-match exit code survives a closed stderr reader: still exits 1, not misreported
test (22)	Coverage report (informational, not a gate)	2026-08-20T18:02:55.8174956Z   ---
test (22)	Coverage report (informational, not a gate)	2026-08-20T18:02:55.8175171Z   duration_ms: 126.067585
test (22)	Coverage report (informational, not a gate)	2026-08-20T18:02:55.8175419Z   type: 'test'
test (22)	Coverage report (informational, not a gate)	2026-08-20T18:02:55.8175632Z   ...
test (22)	Coverage report (informational, not a gate)	2026-08-20T18:02:55.8176118Z # Subtest: non-EPIPE stderr write failure: not silent, not the earned exit code, no stack trace
test (22)	Coverage report (informational, not a gate)	2026-08-20T18:02:55.8177279Z ok 67 - non-EPIPE stderr write failure: not silent, not the earned exit code, no stack trace
test (22)	Coverage report (informational, not a gate)	2026-08-20T18:02:55.8178245Z   ---
test (22)	Coverage report (informational, not a gate)	2026-08-20T18:02:55.8178575Z   duration_ms: 54.760225
test (22)	Coverage report (informational, not a gate)	2026-08-20T18:02:55.8178959Z   type: 'test'
test (22)	Coverage report (informational, not a gate)	2026-08-20T18:02:55.8179290Z   ...
test (22)	Coverage report (informational, not a gate)	2026-08-20T18:02:55.8179867Z # Subtest: control: --list | head -1 stays completely clean
test (22)	Coverage report (informational, not a gate)	2026-08-20T18:02:55.8180659Z ok 68 - control: --list | head -1 stays completely clean
test (22)	Coverage report (informational, not a gate)	2026-08-20T18:02:55.8181217Z   ---
test (22)	Coverage report (informational, not a gate)	2026-08-20T18:02:55.8181554Z   duration_ms: 51.377466
test (22)	Coverage report (informational, not a gate)	2026-08-20T18:02:55.8181935Z   type: 'test'
test (22)	Coverage report (informational, not a gate)	2026-08-20T18:02:55.8182266Z   ...
test (22)	Coverage report (informational, not a gate)	2026-08-20T18:02:55.8182820Z # Subtest: control: --list | head -5 stays completely clean
test (22)	Coverage report (informational, not a gate)	2026-08-20T18:02:55.8183597Z ok 69 - control: --list | head -5 stays completely clean
test (22)	Coverage report (informational, not a gate)	2026-08-20T18:02:55.8184121Z   ---
test (22)	Coverage report (informational, not a gate)	2026-08-20T18:02:55.8184444Z   duration_ms: 42.515897
test (22)	Coverage report (informational, not a gate)	2026-08-20T18:02:55.8184825Z   type: 'test'
test (22)	Coverage report (informational, not a gate)	2026-08-20T18:02:55.8185157Z   ...
test (22)	Coverage report (informational, not a gate)	2026-08-20T18:02:55.8185758Z # Subtest: control: --list | sed 1q stays completely clean
test (22)	Coverage report (informational, not a gate)	2026-08-20T18:02:55.8186520Z ok 70 - control: --list | sed 1q stays completely clean
test (22)	Coverage report (informational, not a gate)	2026-08-20T18:02:55.8187036Z   ---
test (22)	Coverage report (informational, not a gate)	2026-08-20T18:02:55.8187352Z   duration_ms: 36.7356
test (22)	Coverage report (informational, not a gate)	2026-08-20T18:02:55.8187895Z   type: 'test'
test (22)	Coverage report (informational, not a gate)	2026-08-20T18:02:55.8188237Z   ...
test (22)	Coverage report (informational, not a gate)	2026-08-20T18:02:55.8188826Z # Subtest: control: --list | grep -q . stays completely clean
test (22)	Coverage report (informational, not a gate)	2026-08-20T18:02:55.8189509Z ok 71 - control: --list | grep -q . stays completely clean
test (22)	Coverage report (informational, not a gate)	2026-08-20T18:02:55.8190067Z   ---
test (22)	Coverage report (informational, not a gate)	2026-08-20T18:02:55.8190705Z   duration_ms: 35.752698
test (22)	Coverage report (informational, not a gate)	2026-08-20T18:02:55.8191096Z   type: 'test'
test (22)	Coverage report (informational, not a gate)	2026-08-20T18:02:55.8191429Z   ...
test (22)	Coverage report (informational, not a gate)	2026-08-20T18:02:55.8191935Z # Subtest: control: | wc -l stays completely clean
test (22)	Coverage report (informational, not a gate)	2026-08-20T18:02:55.8192615Z ok 72 - control: | wc -l stays completely clean
test (22)	Coverage report (informational, not a gate)	2026-08-20T18:02:55.8193099Z   ---
test (22)	Coverage report (informational, not a gate)	2026-08-20T18:02:55.8193419Z   duration_ms: 36.03346
test (22)	Coverage report (informational, not a gate)	2026-08-20T18:02:55.8193788Z   type: 'test'
test (22)	Coverage report (informational, not a gate)	2026-08-20T18:02:55.8194113Z   ...
test (22)	Coverage report (informational, not a gate)	2026-08-20T18:02:55.8194709Z # Subtest: control: --list --json | head -2 stays completely clean
test (22)	Coverage report (informational, not a gate)	2026-08-20T18:02:55.8195565Z ok 73 - control: --list --json | head -2 stays completely clean
test (22)	Coverage report (informational, not a gate)	2026-08-20T18:02:55.8196115Z   ---
test (22)	Coverage report (informational, not a gate)	2026-08-20T18:02:55.8196431Z   duration_ms: 37.531739
test (22)	Coverage report (informational, not a gate)	2026-08-20T18:02:55.8196807Z   type: 'test'
test (22)	Coverage report (informational, not a gate)	2026-08-20T18:02:55.8197137Z   ...
test (22)	Coverage report (informational, not a gate)	2026-08-20T18:02:55.8197996Z # Subtest: control: exit 1 / exit 2 stderr messages and codes are unchanged
test (22)	Coverage report (informational, not a gate)	2026-08-20T18:02:55.8198968Z ok 74 - control: exit 1 / exit 2 stderr messages and codes are unchanged
test (22)	Coverage report (informational, not a gate)	2026-08-20T18:02:55.8199585Z   ---
test (22)	Coverage report (informational, not a gate)	2026-08-20T18:02:55.8199903Z   duration_ms: 73.2792
test (22)	Coverage report (informational, not a gate)	2026-08-20T18:02:55.8200267Z   type: 'test'
test (22)	Coverage report (informational, not a gate)	2026-08-20T18:02:55.8200593Z   ...
test (22)	Coverage report (informational, not a gate)	2026-08-20T18:02:55.8201313Z # Subtest: control: a normal (non-full) stdout target still exits 0 with empty stderr
test (22)	Coverage report (informational, not a gate)	2026-08-20T18:02:55.8202392Z ok 75 - control: a normal (non-full) stdout target still exits 0 with empty stderr
test (22)	Coverage report (informational, not a gate)	2026-08-20T18:02:55.8203050Z   ---
test (22)	Coverage report (informational, not a gate)	2026-08-20T18:02:55.8203367Z   duration_ms: 70.565404
test (22)	Coverage report (informational, not a gate)	2026-08-20T18:02:55.8203746Z   type: 'test'
test (22)	Coverage report (informational, not a gate)	2026-08-20T18:02:55.8204072Z   ...
test (22)	Coverage report (informational, not a gate)	2026-08-20T18:02:55.8204511Z # Subtest: README tags must exist in corpus
test (22)	Coverage report (informational, not a gate)	2026-08-20T18:02:55.8205103Z ok 76 - README tags must exist in corpus
test (22)	Coverage report (informational, not a gate)	2026-08-20T18:02:55.8205557Z   ---
test (22)	Coverage report (informational, not a gate)	2026-08-20T18:02:55.8205877Z   duration_ms: 2.467249
test (22)	Coverage report (informational, not a gate)	2026-08-20T18:02:55.8206245Z   type: 'test'
test (22)	Coverage report (informational, not a gate)	2026-08-20T18:02:55.8206574Z   ...
test (22)	Coverage report (informational, not a gate)	2026-08-20T18:02:55.8207026Z # Subtest: README tag counts must match corpus
test (22)	Coverage report (informational, not a gate)	2026-08-20T18:02:55.8207648Z ok 77 - README tag counts must match corpus
test (22)	Coverage report (informational, not a gate)	2026-08-20T18:02:55.8208498Z   ---
test (22)	Coverage report (informational, not a gate)	2026-08-20T18:02:55.8208821Z   duration_ms: 0.73316
test (22)	Coverage report (informational, not a gate)	2026-08-20T18:02:55.8209187Z   type: 'test'
test (22)	Coverage report (informational, not a gate)	2026-08-20T18:02:55.8209504Z   ...
test (22)	Coverage report (informational, not a gate)	2026-08-20T18:02:55.8210031Z # Subtest: README must state total unique tags correctly
test (22)	Coverage report (informational, not a gate)	2026-08-20T18:02:55.8210758Z ok 78 - README must state total unique tags correctly
test (22)	Coverage report (informational, not a gate)	2026-08-20T18:02:55.8211260Z   ---
test (22)	Coverage report (informational, not a gate)	2026-08-20T18:02:55.8211578Z   duration_ms: 1.281595
test (22)	Coverage report (informational, not a gate)	2026-08-20T18:02:55.8211946Z   type: 'test'
test (22)	Coverage report (informational, not a gate)	2026-08-20T18:02:55.8212264Z   ...
test (22)	Coverage report (informational, not a gate)	2026-08-20T18:02:55.8212749Z # Subtest: README must list all single-entry tags
test (22)	Coverage report (informational, not a gate)	2026-08-20T18:02:55.8213402Z ok 79 - README must list all single-entry tags
test (22)	Coverage report (informational, not a gate)	2026-08-20T18:02:55.8213876Z   ---
test (22)	Coverage report (informational, not a gate)	2026-08-20T18:02:55.8214194Z   duration_ms: 0.384759
test (22)	Coverage report (informational, not a gate)	2026-08-20T18:02:55.8214561Z   type: 'test'
test (22)	Coverage report (informational, not a gate)	2026-08-20T18:02:55.8214881Z   ...
test (22)	Coverage report (informational, not a gate)	2026-08-20T18:02:55.8216295Z # Subtest: README Tag vocabulary counts table "Tags on exactly one entry" row matches the corpus (structural replacement for the retired token co-occurrence guard, Q-4)
test (22)	Coverage report (informational, not a gate)	2026-08-20T18:02:55.8218766Z ok 80 - README Tag vocabulary counts table "Tags on exactly one entry" row matches the corpus (structural replacement for the retired token co-occurrence guard, Q-4)
test (22)	Coverage report (informational, not a gate)	2026-08-20T18:02:55.8220021Z   ---
test (22)	Coverage report (informational, not a gate)	2026-08-20T18:02:55.8220358Z   duration_ms: 0.507047
test (22)	Coverage report (informational, not a gate)	2026-08-20T18:02:55.8220751Z   type: 'test'
test (22)	Coverage report (informational, not a gate)	2026-08-20T18:02:55.8221081Z   ...
test (22)	Coverage report (informational, not a gate)	2026-08-20T18:02:55.8222190Z # Subtest: assertTagVocabCountsTableWellFormed fails loud on a DUPLICATED row label, whichever order the rows appear in (Q-4)
test (22)	Coverage report (informational, not a gate)	2026-08-20T18:02:55.8223993Z ok 81 - assertTagVocabCountsTableWellFormed fails loud on a DUPLICATED row label, whichever order the rows appear in (Q-4)
test (22)	Coverage report (informational, not a gate)	2026-08-20T18:02:55.8224988Z   ---
test (22)	Coverage report (informational, not a gate)	2026-08-20T18:02:55.8225344Z   duration_ms: 1.965211
test (22)	Coverage report (informational, not a gate)	2026-08-20T18:02:55.8225579Z   type: 'test'
test (22)	Coverage report (informational, not a gate)	2026-08-20T18:02:55.8225782Z   ...
test (22)	Coverage report (informational, not a gate)	2026-08-20T18:02:55.8226334Z # Subtest: assertTagVocabCountsTableWellFormed fails loud on a row label no guard in this file reads (Q-4)
test (22)	Coverage report (informational, not a gate)	2026-08-20T18:02:55.8227428Z ok 82 - assertTagVocabCountsTableWellFormed fails loud on a row label no guard in this file reads (Q-4)
test (22)	Coverage report (informational, not a gate)	2026-08-20T18:02:55.8228708Z   ---
test (22)	Coverage report (informational, not a gate)	2026-08-20T18:02:55.8229039Z   duration_ms: 3.642976
test (22)	Coverage report (informational, not a gate)	2026-08-20T18:02:55.8229414Z   type: 'test'
test (22)	Coverage report (informational, not a gate)	2026-08-20T18:02:55.8229735Z   ...
test (22)	Coverage report (informational, not a gate)	2026-08-20T18:02:55.8230939Z # Subtest: parseTagVocabCountsTable returns null when the counts table is missing or malformed, and both readers fail loud on that null (Q-4)
test (22)	Coverage report (informational, not a gate)	2026-08-20T18:02:55.8232853Z ok 83 - parseTagVocabCountsTable returns null when the counts table is missing or malformed, and both readers fail loud on that null (Q-4)
test (22)	Coverage report (informational, not a gate)	2026-08-20T18:02:55.8233882Z   ---
test (22)	Coverage report (informational, not a gate)	2026-08-20T18:02:55.8234200Z   duration_ms: 0.701581
test (22)	Coverage report (informational, not a gate)	2026-08-20T18:02:55.8234565Z   type: 'test'
test (22)	Coverage report (informational, not a gate)	2026-08-20T18:02:55.8234882Z   ...
test (22)	Coverage report (informational, not a gate)	2026-08-20T18:02:55.8235824Z # Subtest: readTagVocabCount fails loud when a row value is not a plain integer, or when its row is absent (Q-4)
test (22)	Coverage report (informational, not a gate)	2026-08-20T18:02:55.8237284Z ok 84 - readTagVocabCount fails loud when a row value is not a plain integer, or when its row is absent (Q-4)
test (22)	Coverage report (informational, not a gate)	2026-08-20T18:02:55.8238294Z   ---
test (22)	Coverage report (informational, not a gate)	2026-08-20T18:02:55.8238618Z   duration_ms: 1.004186
test (22)	Coverage report (informational, not a gate)	2026-08-20T18:02:55.8238983Z   type: 'test'
test (22)	Coverage report (informational, not a gate)	2026-08-20T18:02:55.8239304Z   ...
test (22)	Coverage report (informational, not a gate)	2026-08-20T18:02:55.8240724Z # Subtest: extractBandTablesFromReadme tolerates a prose sentence between a band heading and its table (T-025), without mis-attaching a table when the real one is missing
test (22)	Coverage report (informational, not a gate)	2026-08-20T18:02:55.8242991Z ok 85 - extractBandTablesFromReadme tolerates a prose sentence between a band heading and its table (T-025), without mis-attaching a table when the real one is missing
test (22)	Coverage report (informational, not a gate)	2026-08-20T18:02:55.8244227Z   ---
test (22)	Coverage report (informational, not a gate)	2026-08-20T18:02:55.8244561Z   duration_ms: 1.043159
test (22)	Coverage report (informational, not a gate)	2026-08-20T18:02:55.8244932Z   type: 'test'
test (22)	Coverage report (informational, not a gate)	2026-08-20T18:02:55.8245250Z   ...
test (22)	Coverage report (informational, not a gate)	2026-08-20T18:02:55.8246232Z # Subtest: extractBandTablesFromReadme does not let a band-shaped PROSE line steal a real heading's table (T-039)
test (22)	Coverage report (informational, not a gate)	2026-08-20T18:02:55.8247962Z ok 86 - extractBandTablesFromReadme does not let a band-shaped PROSE line steal a real heading's table (T-039)
test (22)	Coverage report (informational, not a gate)	2026-08-20T18:02:55.8248846Z   ---
test (22)	Coverage report (informational, not a gate)	2026-08-20T18:02:55.8249050Z   duration_ms: 0.274974
test (22)	Coverage report (informational, not a gate)	2026-08-20T18:02:55.8249279Z   type: 'test'
test (22)	Coverage report (informational, not a gate)	2026-08-20T18:02:55.8249482Z   ...
test (22)	Coverage report (informational, not a gate)	2026-08-20T18:02:55.8250426Z # Subtest: extractBandTablesFromReadme does not read a fenced example block as a second, real band table
test (22)	Coverage report (informational, not a gate)	2026-08-20T18:02:55.8251858Z ok 87 - extractBandTablesFromReadme does not read a fenced example block as a second, real band table
test (22)	Coverage report (informational, not a gate)	2026-08-20T18:02:55.8252671Z   ---
test (22)	Coverage report (informational, not a gate)	2026-08-20T18:02:55.8252990Z   duration_ms: 0.246029
test (22)	Coverage report (informational, not a gate)	2026-08-20T18:02:55.8253366Z   type: 'test'
test (22)	Coverage report (informational, not a gate)	2026-08-20T18:02:55.8253691Z   ...
test (22)	Coverage report (informational, not a gate)	2026-08-20T18:02:55.8255302Z # Subtest: extractBandTablesFromReadme's recognised bands account for every structural `| Tag | Count |` table -- a table under an unrecognised heading shape is a loud mismatch, not a silent miss
test (22)	Coverage report (informational, not a gate)	2026-08-20T18:02:55.8257253Z ok 88 - extractBandTablesFromReadme's recognised bands account for every structural `| Tag | Count |` table -- a table under an unrecognised heading shape is a loud mismatch, not a silent miss
test (22)	Coverage report (informational, not a gate)	2026-08-20T18:02:55.8258328Z   ---
test (22)	Coverage report (informational, not a gate)	2026-08-20T18:02:55.8258539Z   duration_ms: 0.506305
test (22)	Coverage report (informational, not a gate)	2026-08-20T18:02:55.8258769Z   type: 'test'
test (22)	Coverage report (informational, not a gate)	2026-08-20T18:02:55.8258963Z   ...
test (22)	Coverage report (informational, not a gate)	2026-08-20T18:02:55.8259752Z # Subtest: every `| Tag | Count |` table in the real README Tag vocabulary section is a recognised band table (no table may hide under an unrecognised heading shape)
test (22)	Coverage report (informational, not a gate)	2026-08-20T18:02:55.8260948Z ok 89 - every `| Tag | Count |` table in the real README Tag vocabulary section is a recognised band table (no table may hide under an unrecognised heading shape)
test (22)	Coverage report (informational, not a gate)	2026-08-20T18:02:55.8261578Z   ---
test (22)	Coverage report (informational, not a gate)	2026-08-20T18:02:55.8261772Z   duration_ms: 0.656977
test (22)	Coverage report (informational, not a gate)	2026-08-20T18:02:55.8261995Z   type: 'test'
test (22)	Coverage report (informational, not a gate)	2026-08-20T18:02:55.8262194Z   ...
test (22)	Coverage report (informational, not a gate)	2026-08-20T18:02:55.8262747Z # Subtest: every band table in README Tag vocabulary contains exactly the corpus tags whose count fits that band
test (22)	Coverage report (informational, not a gate)	2026-08-20T18:02:55.8263588Z ok 90 - every band table in README Tag vocabulary contains exactly the corpus tags whose count fits that band
test (22)	Coverage report (informational, not a gate)	2026-08-20T18:02:55.8264234Z   ---
test (22)	Coverage report (informational, not a gate)	2026-08-20T18:02:55.8264430Z   duration_ms: 0.558093
test (22)	Coverage report (informational, not a gate)	2026-08-20T18:02:55.8264653Z   type: 'test'
test (22)	Coverage report (informational, not a gate)	2026-08-20T18:02:55.8264855Z   ...
test (22)	Coverage report (informational, not a gate)	2026-08-20T18:02:55.8265480Z # Subtest: every corpus tag appearing on 2+ entries must have a row in some band table (no band table may be deleted wholesale) (T-019)
test (22)	Coverage report (informational, not a gate)	2026-08-20T18:02:55.8266461Z ok 91 - every corpus tag appearing on 2+ entries must have a row in some band table (no band table may be deleted wholesale) (T-019)
test (22)	Coverage report (informational, not a gate)	2026-08-20T18:02:55.8267275Z   ---
test (22)	Coverage report (informational, not a gate)	2026-08-20T18:02:55.8267642Z   duration_ms: 0.499783
test (22)	Coverage report (informational, not a gate)	2026-08-20T18:02:55.8268287Z   type: 'test'
test (22)	Coverage report (informational, not a gate)	2026-08-20T18:02:55.8268651Z   ...
test (22)	Coverage report (informational, not a gate)	2026-08-20T18:02:55.8270072Z # Subtest: extractBandTablesFromReadme derives a band's row count purely from its table, ignoring decoy "N tags" phrases in the heading line (T-024b)
test (22)	Coverage report (informational, not a gate)	2026-08-20T18:02:55.8272421Z ok 92 - extractBandTablesFromReadme derives a band's row count purely from its table, ignoring decoy "N tags" phrases in the heading line (T-024b)
test (22)	Coverage report (informational, not a gate)	2026-08-20T18:02:55.8273686Z   ---
test (22)	Coverage report (informational, not a gate)	2026-08-20T18:02:55.8274074Z   duration_ms: 0.25726
test (22)	Coverage report (informational, not a gate)	2026-08-20T18:02:55.8274513Z   type: 'test'
test (22)	Coverage report (informational, not a gate)	2026-08-20T18:02:55.8274880Z   ...
test (22)	Coverage report (informational, not a gate)	2026-08-20T18:02:55.8275639Z # Subtest: README must state correct multi-entry and single-entry tag counts
test (22)	Coverage report (informational, not a gate)	2026-08-20T18:02:55.8276762Z ok 93 - README must state correct multi-entry and single-entry tag counts
test (22)	Coverage report (informational, not a gate)	2026-08-20T18:02:55.8277449Z   ---
test (22)	Coverage report (informational, not a gate)	2026-08-20T18:02:55.8278067Z   duration_ms: 0.566538
test (22)	Coverage report (informational, not a gate)	2026-08-20T18:02:55.8278498Z   type: 'test'
test (22)	Coverage report (informational, not a gate)	2026-08-20T18:02:55.8278847Z   ...
test (22)	Coverage report (informational, not a gate)	2026-08-20T18:02:55.8279727Z # Subtest: README Tag vocabulary section must contain no unrecognised count-claim digits (J-5)
test (22)	Coverage report (informational, not a gate)	2026-08-20T18:02:55.8281091Z ok 94 - README Tag vocabulary section must contain no unrecognised count-claim digits (J-5)
test (22)	Coverage report (informational, not a gate)	2026-08-20T18:02:55.8281879Z   ---
test (22)	Coverage report (informational, not a gate)	2026-08-20T18:02:55.8282227Z   duration_ms: 0.507047
test (22)	Coverage report (informational, not a gate)	2026-08-20T18:02:55.8282636Z   type: 'test'
test (22)	Coverage report (informational, not a gate)	2026-08-20T18:02:55.8282981Z   ...
test (22)	Coverage report (informational, not a gate)	2026-08-20T18:02:55.8283979Z # Subtest: README Attribution table "Entries ranked" count must match corpus.length and the triage doc (C1)
test (22)	Coverage report (informational, not a gate)	2026-08-20T18:02:55.8285843Z ok 95 - README Attribution table "Entries ranked" count must match corpus.length and the triage doc (C1)
test (22)	Coverage report (informational, not a gate)	2026-08-20T18:02:55.8286750Z   ---
test (22)	Coverage report (informational, not a gate)	2026-08-20T18:02:55.8287117Z   duration_ms: 1.510792
test (22)	Coverage report (informational, not a gate)	2026-08-20T18:02:55.8287551Z   type: 'test'
test (22)	Coverage report (informational, not a gate)	2026-08-20T18:02:55.8288167Z   ...
test (22)	Coverage report (informational, not a gate)	2026-08-20T18:02:55.8289143Z # Subtest: README Attribution table "Rated HIGH risk" count must match the triage doc table (C2)
test (22)	Coverage report (informational, not a gate)	2026-08-20T18:02:55.8290614Z ok 96 - README Attribution table "Rated HIGH risk" count must match the triage doc table (C2)
test (22)	Coverage report (informational, not a gate)	2026-08-20T18:02:55.8291479Z   ---
test (22)	Coverage report (informational, not a gate)	2026-08-20T18:02:55.8291848Z   duration_ms: 0.727379
test (22)	Coverage report (informational, not a gate)	2026-08-20T18:02:55.8292270Z   type: 'test'
test (22)	Coverage report (informational, not a gate)	2026-08-20T18:02:55.8292626Z   ...
test (22)	Coverage report (informational, not a gate)	2026-08-20T18:02:55.8293504Z # Subtest: README Attribution section must contain no digit runs outside the counts table (C7)
test (22)	Coverage report (informational, not a gate)	2026-08-20T18:02:55.8294880Z ok 97 - README Attribution section must contain no digit runs outside the counts table (C7)
test (22)	Coverage report (informational, not a gate)	2026-08-20T18:02:55.8295743Z   ---
test (22)	Coverage report (informational, not a gate)	2026-08-20T18:02:55.8296114Z   duration_ms: 1.232713
test (22)	Coverage report (informational, not a gate)	2026-08-20T18:02:55.8296540Z   type: 'test'
test (22)	Coverage report (informational, not a gate)	2026-08-20T18:02:55.8296904Z   ...
test (22)	Coverage report (informational, not a gate)	2026-08-20T18:02:55.8297543Z # Subtest: README Layout section paths must exist on disk (C6)
test (22)	Coverage report (informational, not a gate)	2026-08-20T18:02:55.8298746Z ok 98 - README Layout section paths must exist on disk (C6)
test (22)	Coverage report (informational, not a gate)	2026-08-20T18:02:55.8299374Z   ---
test (22)	Coverage report (informational, not a gate)	2026-08-20T18:02:55.8299747Z   duration_ms: 0.692042
test (22)	Coverage report (informational, not a gate)	2026-08-20T18:02:55.8300170Z   type: 'test'
test (22)	Coverage report (informational, not a gate)	2026-08-20T18:02:55.8300555Z   ...
test (22)	Coverage report (informational, not a gate)	2026-08-20T18:02:55.8301647Z # Subtest: getListBehaviourSection tolerates a reformatted "--list behaviour" heading with no backticks (T-021)
test (22)	Coverage report (informational, not a gate)	2026-08-20T18:02:55.8303406Z ok 99 - getListBehaviourSection tolerates a reformatted "--list behaviour" heading with no backticks (T-021)
test (22)	Coverage report (informational, not a gate)	2026-08-20T18:02:55.8304423Z   ---
test (22)	Coverage report (informational, not a gate)	2026-08-20T18:02:55.8304794Z   duration_ms: 0.589491
test (22)	Coverage report (informational, not a gate)	2026-08-20T18:02:55.8305211Z   type: 'test'
test (22)	Coverage report (informational, not a gate)	2026-08-20T18:02:55.8305568Z   ...
test (22)	Coverage report (informational, not a gate)	2026-08-20T18:02:55.8307035Z # Subtest: getListBehaviourSection still fails on a SEPARATOR MISMATCH (not a heading-parse error) when a reformatted heading's literal is mutated (T-021)
test (22)	Coverage report (informational, not a gate)	2026-08-20T18:02:55.8309757Z ok 100 - getListBehaviourSection still fails on a SEPARATOR MISMATCH (not a heading-parse error) when a reformatted heading's literal is mutated (T-021)
test (22)	Coverage report (informational, not a gate)	2026-08-20T18:02:55.8310467Z   ---
test (22)	Coverage report (informational, not a gate)	2026-08-20T18:02:55.8310680Z   duration_ms: 0.412641
test (22)	Coverage report (informational, not a gate)	2026-08-20T18:02:55.8310922Z   type: 'test'
test (22)	Coverage report (informational, not a gate)	2026-08-20T18:02:55.8311127Z   ...
test (22)	Coverage report (informational, not a gate)	2026-08-20T18:02:55.8311770Z # Subtest: getListBehaviourSection reports ambiguity loudly instead of taking the first of two qualifying headings (T-021)
test (22)	Coverage report (informational, not a gate)	2026-08-20T18:02:55.8312770Z ok 101 - getListBehaviourSection reports ambiguity loudly instead of taking the first of two qualifying headings (T-021)
test (22)	Coverage report (informational, not a gate)	2026-08-20T18:02:55.8313319Z   ---
test (22)	Coverage report (informational, not a gate)	2026-08-20T18:02:55.8313531Z   duration_ms: 0.489845
test (22)	Coverage report (informational, not a gate)	2026-08-20T18:02:55.8313776Z   type: 'test'
test (22)	Coverage report (informational, not a gate)	2026-08-20T18:02:55.8313980Z   ...
test (22)	Coverage report (informational, not a gate)	2026-08-20T18:02:55.8314521Z # Subtest: getListBehaviourSection does not let "--list-only" satisfy the standalone `--list` token (T-021)
test (22)	Coverage report (informational, not a gate)	2026-08-20T18:02:55.8315365Z ok 102 - getListBehaviourSection does not let "--list-only" satisfy the standalone `--list` token (T-021)
test (22)	Coverage report (informational, not a gate)	2026-08-20T18:02:55.8315847Z   ---
test (22)	Coverage report (informational, not a gate)	2026-08-20T18:02:55.8316056Z   duration_ms: 0.332171
test (22)	Coverage report (informational, not a gate)	2026-08-20T18:02:55.8316285Z   type: 'test'
test (22)	Coverage report (informational, not a gate)	2026-08-20T18:02:55.8316480Z   ...
test (22)	Coverage report (informational, not a gate)	2026-08-20T18:02:55.8316987Z # Subtest: getListBehaviourSection tolerates the American spelling "behavior" in the heading (T-027)
test (22)	Coverage report (informational, not a gate)	2026-08-20T18:02:55.8318049Z ok 103 - getListBehaviourSection tolerates the American spelling "behavior" in the heading (T-027)
test (22)	Coverage report (informational, not a gate)	2026-08-20T18:02:55.8318873Z   ---
test (22)	Coverage report (informational, not a gate)	2026-08-20T18:02:55.8319230Z   duration_ms: 0.227645
test (22)	Coverage report (informational, not a gate)	2026-08-20T18:02:55.8319618Z   type: 'test'
test (22)	Coverage report (informational, not a gate)	2026-08-20T18:02:55.8319948Z   ...
test (22)	Coverage report (informational, not a gate)	2026-08-20T18:02:55.8321210Z # Subtest: getListBehaviourSection still fails on a SEPARATOR MISMATCH (not a heading-parse error) under an American-spelled heading (T-027)
test (22)	Coverage report (informational, not a gate)	2026-08-20T18:02:55.8323269Z ok 104 - getListBehaviourSection still fails on a SEPARATOR MISMATCH (not a heading-parse error) under an American-spelled heading (T-027)
test (22)	Coverage report (informational, not a gate)	2026-08-20T18:02:55.8324626Z   ---
test (22)	Coverage report (informational, not a gate)	2026-08-20T18:02:55.8324992Z   duration_ms: 0.247001
test (22)	Coverage report (informational, not a gate)	2026-08-20T18:02:55.8325395Z   type: 'test'
test (22)	Coverage report (informational, not a gate)	2026-08-20T18:02:55.8325742Z   ...
test (22)	Coverage report (informational, not a gate)	2026-08-20T18:02:55.8326663Z # Subtest: README `--list` format literal matches the shipped binary's actual --list output (T-017)
test (22)	Coverage report (informational, not a gate)	2026-08-20T18:02:55.8328262Z ok 105 - README `--list` format literal matches the shipped binary's actual --list output (T-017)
test (22)	Coverage report (informational, not a gate)	2026-08-20T18:02:55.8329063Z   ---
test (22)	Coverage report (informational, not a gate)	2026-08-20T18:02:55.8329401Z   duration_ms: 56.942833
test (22)	Coverage report (informational, not a gate)	2026-08-20T18:02:55.8329787Z   type: 'test'
test (22)	Coverage report (informational, not a gate)	2026-08-20T18:02:55.8330100Z   ...
test (22)	Coverage report (informational, not a gate)	2026-08-20T18:02:55.8331031Z # Subtest: README `--author` matching section must state the correct count of distinct corpus authors (Q-8)
test (22)	Coverage report (informational, not a gate)	2026-08-20T18:02:55.8332502Z ok 106 - README `--author` matching section must state the correct count of distinct corpus authors (Q-8)
test (22)	Coverage report (informational, not a gate)	2026-08-20T18:02:55.8333337Z   ---
test (22)	Coverage report (informational, not a gate)	2026-08-20T18:02:55.8333669Z   duration_ms: 0.559084
test (22)	Coverage report (informational, not a gate)	2026-08-20T18:02:55.8334061Z   type: 'test'
test (22)	Coverage report (informational, not a gate)	2026-08-20T18:02:55.8334396Z   ...
test (22)	Coverage report (informational, not a gate)	2026-08-20T18:02:55.8334844Z # Subtest: corpus has at least 40 entries
test (22)	Coverage report (informational, not a gate)	2026-08-20T18:02:55.8335453Z ok 107 - corpus has at least 40 entries
test (22)	Coverage report (informational, not a gate)	2026-08-20T18:02:55.8335930Z   ---
test (22)	Coverage report (informational, not a gate)	2026-08-20T18:02:55.8336281Z   duration_ms: 2.779422
test (22)	Coverage report (informational, not a gate)	2026-08-20T18:02:55.8336686Z   type: 'test'
test (22)	Coverage report (informational, not a gate)	2026-08-20T18:02:55.8337031Z   ...
test (22)	Coverage report (informational, not a gate)	2026-08-20T18:02:55.8338044Z # Subtest: every corpus entry has non-empty text, non-empty author, and an array of tags
test (22)	Coverage report (informational, not a gate)	2026-08-20T18:02:55.8339246Z ok 108 - every corpus entry has non-empty text, non-empty author, and an array of tags
test (22)	Coverage report (informational, not a gate)	2026-08-20T18:02:55.8339977Z   ---
test (22)	Coverage report (informational, not a gate)	2026-08-20T18:02:55.8340319Z   duration_ms: 0.606574
test (22)	Coverage report (informational, not a gate)	2026-08-20T18:02:55.8340712Z   type: 'test'
test (22)	Coverage report (informational, not a gate)	2026-08-20T18:02:55.8341051Z   ...
test (22)	Coverage report (informational, not a gate)	2026-08-20T18:02:55.8341568Z # Subtest: filter: author match is case-insensitive
test (22)	Coverage report (informational, not a gate)	2026-08-20T18:02:55.8342296Z ok 109 - filter: author match is case-insensitive
test (22)	Coverage report (informational, not a gate)	2026-08-20T18:02:55.8342822Z   ---
test (22)	Coverage report (informational, not a gate)	2026-08-20T18:02:55.8343179Z   duration_ms: 1.447955
test (22)	Coverage report (informational, not a gate)	2026-08-20T18:02:55.8343890Z   type: 'test'
test (22)	Coverage report (informational, not a gate)	2026-08-20T18:02:55.8344238Z   ...
test (22)	Coverage report (informational, not a gate)	2026-08-20T18:02:55.8344757Z # Subtest: filter: tag match is case-insensitive
test (22)	Coverage report (informational, not a gate)	2026-08-20T18:02:55.8345473Z ok 110 - filter: tag match is case-insensitive
test (22)	Coverage report (informational, not a gate)	2026-08-20T18:02:55.8345984Z   ---
test (22)	Coverage report (informational, not a gate)	2026-08-20T18:02:55.8346326Z   duration_ms: 0.384067
test (22)	Coverage report (informational, not a gate)	2026-08-20T18:02:55.8346745Z   type: 'test'
test (22)	Coverage report (informational, not a gate)	2026-08-20T18:02:55.8347096Z   ...
test (22)	Coverage report (informational, not a gate)	2026-08-20T18:02:55.8348072Z # Subtest: filter: author and tag together narrow to the intersection (AND)
test (22)	Coverage report (informational, not a gate)	2026-08-20T18:02:55.8349173Z ok 111 - filter: author and tag together narrow to the intersection (AND)
test (22)	Coverage report (informational, not a gate)	2026-08-20T18:02:55.8349848Z   ---
test (22)	Coverage report (informational, not a gate)	2026-08-20T18:02:55.8350195Z   duration_ms: 0.49265
test (22)	Coverage report (informational, not a gate)	2026-08-20T18:02:55.8350596Z   type: 'test'
test (22)	Coverage report (informational, not a gate)	2026-08-20T18:02:55.8350936Z   ...
test (22)	Coverage report (informational, not a gate)	2026-08-20T18:02:55.8351517Z # Subtest: filter: undefined/absent options do not filter
test (22)	Coverage report (informational, not a gate)	2026-08-20T18:02:55.8352334Z ok 112 - filter: undefined/absent options do not filter
test (22)	Coverage report (informational, not a gate)	2026-08-20T18:02:55.8352905Z   ---
test (22)	Coverage report (informational, not a gate)	2026-08-20T18:02:55.8353260Z   duration_ms: 0.215733
test (22)	Coverage report (informational, not a gate)	2026-08-20T18:02:55.8353664Z   type: 'test'
test (22)	Coverage report (informational, not a gate)	2026-08-20T18:02:55.8354017Z   ...
test (22)	Coverage report (informational, not a gate)	2026-08-20T18:02:55.8354781Z # Subtest: pick: same seed over the same candidates always returns the same element
test (22)	Coverage report (informational, not a gate)	2026-08-20T18:02:55.8355945Z ok 113 - pick: same seed over the same candidates always returns the same element
test (22)	Coverage report (informational, not a gate)	2026-08-20T18:02:55.8356655Z   ---
test (22)	Coverage report (informational, not a gate)	2026-08-20T18:02:55.8357001Z   duration_ms: 0.503471
test (22)	Coverage report (informational, not a gate)	2026-08-20T18:02:55.8357404Z   type: 'test'
test (22)	Coverage report (informational, not a gate)	2026-08-20T18:02:55.8357997Z   ...
test (22)	Coverage report (informational, not a gate)	2026-08-20T18:02:55.8358681Z # Subtest: pick: different seeds generally produce different results
test (22)	Coverage report (informational, not a gate)	2026-08-20T18:02:55.8359725Z ok 114 - pick: different seeds generally produce different results
test (22)	Coverage report (informational, not a gate)	2026-08-20T18:02:55.8360352Z   ---
test (22)	Coverage report (informational, not a gate)	2026-08-20T18:02:55.8360747Z   duration_ms: 0.286345
test (22)	Coverage report (informational, not a gate)	2026-08-20T18:02:55.8361157Z   type: 'test'
test (22)	Coverage report (informational, not a gate)	2026-08-20T18:02:55.8361509Z   ...
test (22)	Coverage report (informational, not a gate)	2026-08-20T18:02:55.8362150Z # Subtest: pick: undefined seed picks a valid member (random mode)
test (22)	Coverage report (informational, not a gate)	2026-08-20T18:02:55.8363361Z ok 115 - pick: undefined seed picks a valid member (random mode)
test (22)	Coverage report (informational, not a gate)	2026-08-20T18:02:55.8363981Z   ---
test (22)	Coverage report (informational, not a gate)	2026-08-20T18:02:55.8364203Z   duration_ms: 0.259796
test (22)	Coverage report (informational, not a gate)	2026-08-20T18:02:55.8364447Z   type: 'test'
test (22)	Coverage report (informational, not a gate)	2026-08-20T18:02:55.8364652Z   ...
test (22)	Coverage report (informational, not a gate)	2026-08-20T18:02:55.8365091Z # Subtest: pick: null seed also triggers random mode and returns a valid member
test (22)	Coverage report (informational, not a gate)	2026-08-20T18:02:55.8365694Z ok 116 - pick: null seed also triggers random mode and returns a valid member
test (22)	Coverage report (informational, not a gate)	2026-08-20T18:02:55.8366079Z   ---
test (22)	Coverage report (informational, not a gate)	2026-08-20T18:02:55.8366279Z   duration_ms: 0.159087
test (22)	Coverage report (informational, not a gate)	2026-08-20T18:02:55.8366515Z   type: 'test'
test (22)	Coverage report (informational, not a gate)	2026-08-20T18:02:55.8366712Z   ...
test (22)	Coverage report (informational, not a gate)	2026-08-20T18:02:55.8367047Z # Subtest: pick: throws RangeError on empty candidates array
test (22)	Coverage report (informational, not a gate)	2026-08-20T18:02:55.8367546Z ok 117 - pick: throws RangeError on empty candidates array
test (22)	Coverage report (informational, not a gate)	2026-08-20T18:02:55.8368247Z   ---
test (22)	Coverage report (informational, not a gate)	2026-08-20T18:02:55.8368485Z   duration_ms: 0.712721
test (22)	Coverage report (informational, not a gate)	2026-08-20T18:02:55.8368747Z   type: 'test'
test (22)	Coverage report (informational, not a gate)	2026-08-20T18:02:55.8368969Z   ...
test (22)	Coverage report (informational, not a gate)	2026-08-20T18:02:55.8369382Z # Subtest: pick: Infinity seed is deterministic and returns a valid member
test (22)	Coverage report (informational, not a gate)	2026-08-20T18:02:55.8370009Z ok 118 - pick: Infinity seed is deterministic and returns a valid member
test (22)	Coverage report (informational, not a gate)	2026-08-20T18:02:55.8370406Z   ---
test (22)	Coverage report (informational, not a gate)	2026-08-20T18:02:55.8370621Z   duration_ms: 1.687613
test (22)	Coverage report (informational, not a gate)	2026-08-20T18:02:55.8370872Z   type: 'test'
test (22)	Coverage report (informational, not a gate)	2026-08-20T18:02:55.8371080Z   ...
test (22)	Coverage report (informational, not a gate)	2026-08-20T18:02:55.8371510Z # Subtest: pick: -Infinity seed is deterministic and returns a valid member
test (22)	Coverage report (informational, not a gate)	2026-08-20T18:02:55.8372126Z ok 119 - pick: -Infinity seed is deterministic and returns a valid member
test (22)	Coverage report (informational, not a gate)	2026-08-20T18:02:55.8372529Z   ---
test (22)	Coverage report (informational, not a gate)	2026-08-20T18:02:55.8372752Z   duration_ms: 0.242504
test (22)	Coverage report (informational, not a gate)	2026-08-20T18:02:55.8373000Z   type: 'test'
test (22)	Coverage report (informational, not a gate)	2026-08-20T18:02:55.8373241Z   ...
test (22)	Coverage report (informational, not a gate)	2026-08-20T18:02:55.8373671Z # Subtest: pick: NaN seed still uses the random branch and returns a valid member
test (22)	Coverage report (informational, not a gate)	2026-08-20T18:02:55.8374360Z ok 120 - pick: NaN seed still uses the random branch and returns a valid member
test (22)	Coverage report (informational, not a gate)	2026-08-20T18:02:55.8374840Z   ---
test (22)	Coverage report (informational, not a gate)	2026-08-20T18:02:55.8375061Z   duration_ms: 0.144861
test (22)	Coverage report (informational, not a gate)	2026-08-20T18:02:55.8375306Z   type: 'test'
test (22)	Coverage report (informational, not a gate)	2026-08-20T18:02:55.8375524Z   ...
test (22)	Coverage report (informational, not a gate)	2026-08-20T18:02:55.8376171Z # Subtest: pick: finite seed determinism is unchanged by the non-finite-seed fix
test (22)	Coverage report (informational, not a gate)	2026-08-20T18:02:55.8376789Z ok 121 - pick: finite seed determinism is unchanged by the non-finite-seed fix
test (22)	Coverage report (informational, not a gate)	2026-08-20T18:02:55.8377203Z   ---
test (22)	Coverage report (informational, not a gate)	2026-08-20T18:02:55.8377421Z   duration_ms: 0.235249
test (22)	Coverage report (informational, not a gate)	2026-08-20T18:02:55.8377657Z   type: 'test'
test (22)	Coverage report (informational, not a gate)	2026-08-20T18:02:55.8378126Z   ...
test (22)	Coverage report (informational, not a gate)	2026-08-20T18:02:55.8378510Z # Subtest: pick: every candidate is REACHABLE by an unseeded draw
test (22)	Coverage report (informational, not a gate)	2026-08-20T18:02:55.8379064Z ok 122 - pick: every candidate is REACHABLE by an unseeded draw
test (22)	Coverage report (informational, not a gate)	2026-08-20T18:02:55.8379431Z   ---
test (22)	Coverage report (informational, not a gate)	2026-08-20T18:02:55.8379632Z   duration_ms: 2.622419
test (22)	Coverage report (informational, not a gate)	2026-08-20T18:02:55.8379884Z   type: 'test'
test (22)	Coverage report (informational, not a gate)	2026-08-20T18:02:55.8380099Z   ...
test (22)	Coverage report (informational, not a gate)	2026-08-20T18:02:55.8380558Z # Subtest: pick: unseeded draws split the interval EQUALLY across candidates (uniform)
test (22)	Coverage report (informational, not a gate)	2026-08-20T18:02:55.8381252Z ok 123 - pick: unseeded draws split the interval EQUALLY across candidates (uniform)
test (22)	Coverage report (informational, not a gate)	2026-08-20T18:02:55.8381698Z   ---
test (22)	Coverage report (informational, not a gate)	2026-08-20T18:02:55.8381905Z   duration_ms: 2.075307
test (22)	Coverage report (informational, not a gate)	2026-08-20T18:02:55.8382156Z   type: 'test'
test (22)	Coverage report (informational, not a gate)	2026-08-20T18:02:55.8382373Z   ...
test (22)	Coverage report (informational, not a gate)	2026-08-20T18:02:55.8382846Z # Subtest: pick: single-element candidates always returns that element regardless of seed
test (22)	Coverage report (informational, not a gate)	2026-08-20T18:02:55.8383925Z ok 124 - pick: single-element candidates always returns that element regardless of seed
test (22)	Coverage report (informational, not a gate)	2026-08-20T18:02:55.8384606Z   ---
test (22)	Coverage report (informational, not a gate)	2026-08-20T18:02:55.8384809Z   duration_ms: 0.232194
test (22)	Coverage report (informational, not a gate)	2026-08-20T18:02:55.8385061Z   type: 'test'
test (22)	Coverage report (informational, not a gate)	2026-08-20T18:02:55.8385270Z   ...
test (22)	Coverage report (informational, not a gate)	2026-08-20T18:02:55.8385474Z 1..124
test (22)	Coverage report (informational, not a gate)	2026-08-20T18:02:55.8385672Z # tests 124
test (22)	Coverage report (informational, not a gate)	2026-08-20T18:02:55.8385883Z # suites 0
test (22)	Coverage report (informational, not a gate)	2026-08-20T18:02:55.8386092Z # pass 122
test (22)	Coverage report (informational, not a gate)	2026-08-20T18:02:55.8386285Z # fail 0
test (22)	Coverage report (informational, not a gate)	2026-08-20T18:02:55.8386502Z # cancelled 0
test (22)	Coverage report (informational, not a gate)	2026-08-20T18:02:55.8386724Z # skipped 2
test (22)	Coverage report (informational, not a gate)	2026-08-20T18:02:55.8386919Z # todo 0
test (22)	Coverage report (informational, not a gate)	2026-08-20T18:02:55.8387156Z # duration_ms 3631.425056
test (22)	Coverage report (informational, not a gate)	2026-08-20T18:02:55.8387442Z # start of coverage report
test (22)	Coverage report (informational, not a gate)	2026-08-20T18:02:55.8388445Z # -------------------------------------------------------------------------------------------------------------------------------------------
test (22)	Coverage report (informational, not a gate)	2026-08-20T18:02:55.8389138Z # file                           | line % | branch % | funcs % | uncovered lines
test (22)	Coverage report (informational, not a gate)	2026-08-20T18:02:55.8389879Z # -------------------------------------------------------------------------------------------------------------------------------------------
test (22)	Coverage report (informational, not a gate)	2026-08-20T18:02:55.8390496Z # bin                            |        |          |         | 
test (22)	Coverage report (informational, not a gate)	2026-08-20T18:02:55.8390928Z #  aphorism.js                   | 100.00 |    85.71 |  100.00 | 
test (22)	Coverage report (informational, not a gate)	2026-08-20T18:02:55.8392495Z # src                            |        |          |         | 
test (22)	Coverage report (informational, not a gate)	2026-08-20T18:02:55.8392964Z #  args.js                       | 100.00 |   100.00 |  100.00 | 
test (22)	Coverage report (informational, not a gate)	2026-08-20T18:02:55.8393404Z #  corpus.js                     | 100.00 |   100.00 |  100.00 | 
test (22)	Coverage report (informational, not a gate)	2026-08-20T18:02:55.8393830Z #  select.js                     | 100.00 |   100.00 |  100.00 | 
test (22)	Coverage report (informational, not a gate)	2026-08-20T18:02:55.8394254Z # test                           |        |          |         | 
test (22)	Coverage report (informational, not a gate)	2026-08-20T18:02:55.8394682Z #  args.test.js                  | 100.00 |   100.00 |  100.00 | 
test (22)	Coverage report (informational, not a gate)	2026-08-20T18:02:55.8395116Z #  cli.test.js                   | 100.00 |   100.00 |  100.00 | 
test (22)	Coverage report (informational, not a gate)	2026-08-20T18:02:55.8395799Z #  node-support-citation.test.js |  69.26 |    40.00 |  100.00 | 128-130 139-141 162-168 176-184 196-205 207-222 234-249 251-269
test (22)	Coverage report (informational, not a gate)	2026-08-20T18:02:55.8396472Z #  pipe.test.js                  |  96.73 |    83.33 |  100.00 | 50-51 89-91 163-165
test (22)	Coverage report (informational, not a gate)	2026-08-20T18:02:55.8397202Z #  readme-tags.test.js           |  99.03 |    89.67 |   97.03 | 174-175 184-185 1004-1005 1007-1008 1022-1025 1845-1846 2196-2197 2396-2406
test (22)	Coverage report (informational, not a gate)	2026-08-20T18:02:55.8398127Z #  select.test.js                | 100.00 |    97.92 |  100.00 | 
test (22)	Coverage report (informational, not a gate)	2026-08-20T18:02:55.8398892Z # -------------------------------------------------------------------------------------------------------------------------------------------
test (22)	Coverage report (informational, not a gate)	2026-08-20T18:02:55.8399550Z # all files                      |  97.61 |    91.78 |   98.77 | 
test (22)	Coverage report (informational, not a gate)	2026-08-20T18:02:55.8400419Z # -------------------------------------------------------------------------------------------------------------------------------------------
test (22)	Coverage report (informational, not a gate)	2026-08-20T18:02:55.8400948Z # end of coverage report
test (22)	Post Run actions/setup-node@v7	﻿2026-08-20T18:02:55.8537309Z Post job cleanup.
test (22)	Post Run actions/checkout@v7	﻿2026-08-20T18:02:55.9883997Z Post job cleanup.
test (22)	Post Run actions/checkout@v7	2026-08-20T18:02:56.0784919Z [command]/usr/bin/git version
test (22)	Post Run actions/checkout@v7	2026-08-20T18:02:56.0840772Z git version 2.55.0
test (22)	Post Run actions/checkout@v7	2026-08-20T18:02:56.0880407Z Temporarily overriding HOME='/home/runner/work/_temp/cee41856-d661-406f-ba65-2fe7197ad47e' before making global git config changes
test (22)	Post Run actions/checkout@v7	2026-08-20T18:02:56.0881916Z Adding repository directory to the temporary git global config as a safe directory
test (22)	Post Run actions/checkout@v7	2026-08-20T18:02:56.0885354Z [command]/usr/bin/git config --global --add safe.directory /home/runner/work/aphorism-cli/aphorism-cli
test (22)	Post Run actions/checkout@v7	2026-08-20T18:02:56.0923272Z Removing SSH command configuration
test (22)	Post Run actions/checkout@v7	2026-08-20T18:02:56.0931366Z [command]/usr/bin/git config --local --name-only --get-regexp core\.sshCommand
test (22)	Post Run actions/checkout@v7	2026-08-20T18:02:56.0985785Z [command]/usr/bin/git submodule foreach --recursive sh -c "git config --local --name-only --get-regexp 'core\.sshCommand' && git config --local --unset-all 'core.sshCommand' || :"
test (22)	Post Run actions/checkout@v7	2026-08-20T18:02:56.1248430Z Removing HTTP extra header
test (22)	Post Run actions/checkout@v7	2026-08-20T18:02:56.1254738Z [command]/usr/bin/git config --local --name-only --get-regexp http\.https\:\/\/github\.com\/\.extraheader
test (22)	Post Run actions/checkout@v7	2026-08-20T18:02:56.1301443Z [command]/usr/bin/git submodule foreach --recursive sh -c "git config --local --name-only --get-regexp 'http\.https\:\/\/github\.com\/\.extraheader' && git config --local --unset-all 'http.https://github.com/.extraheader' || :"
test (22)	Post Run actions/checkout@v7	2026-08-20T18:02:56.1545438Z Removing includeIf entries pointing to credentials config files
test (22)	Post Run actions/checkout@v7	2026-08-20T18:02:56.1555572Z [command]/usr/bin/git config --local --name-only --get-regexp ^includeIf\.gitdir:
test (22)	Post Run actions/checkout@v7	2026-08-20T18:02:56.1588924Z includeif.gitdir:/home/runner/work/aphorism-cli/aphorism-cli/.git.path
test (22)	Post Run actions/checkout@v7	2026-08-20T18:02:56.1590131Z includeif.gitdir:/home/runner/work/aphorism-cli/aphorism-cli/.git/worktrees/*.path
test (22)	Post Run actions/checkout@v7	2026-08-20T18:02:56.1591222Z includeif.gitdir:/github/workspace/.git.path
test (22)	Post Run actions/checkout@v7	2026-08-20T18:02:56.1591992Z includeif.gitdir:/github/workspace/.git/worktrees/*.path
test (22)	Post Run actions/checkout@v7	2026-08-20T18:02:56.1598728Z [command]/usr/bin/git config --local --get-all includeif.gitdir:/home/runner/work/aphorism-cli/aphorism-cli/.git.path
test (22)	Post Run actions/checkout@v7	2026-08-20T18:02:56.1624624Z /home/runner/work/_temp/git-credentials-5a7aa07c-37ed-45ee-ab27-629a381c1ab5.config
test (22)	Post Run actions/checkout@v7	2026-08-20T18:02:56.1655196Z [command]/usr/bin/git config --local --unset includeif.gitdir:/home/runner/work/aphorism-cli/aphorism-cli/.git.path \/home\/runner\/work\/_temp\/git\-credentials\-5a7aa07c\-37ed\-45ee\-ab27\-629a381c1ab5\.config
test (22)	Post Run actions/checkout@v7	2026-08-20T18:02:56.1689017Z [command]/usr/bin/git config --local --get-all includeif.gitdir:/home/runner/work/aphorism-cli/aphorism-cli/.git/worktrees/*.path
test (22)	Post Run actions/checkout@v7	2026-08-20T18:02:56.1718753Z /home/runner/work/_temp/git-credentials-5a7aa07c-37ed-45ee-ab27-629a381c1ab5.config
test (22)	Post Run actions/checkout@v7	2026-08-20T18:02:56.1730457Z [command]/usr/bin/git config --local --unset includeif.gitdir:/home/runner/work/aphorism-cli/aphorism-cli/.git/worktrees/*.path \/home\/runner\/work\/_temp\/git\-credentials\-5a7aa07c\-37ed\-45ee\-ab27\-629a381c1ab5\.config
test (22)	Post Run actions/checkout@v7	2026-08-20T18:02:56.1780029Z [command]/usr/bin/git config --local --get-all includeif.gitdir:/github/workspace/.git.path
test (22)	Post Run actions/checkout@v7	2026-08-20T18:02:56.1809239Z /github/runner_temp/git-credentials-5a7aa07c-37ed-45ee-ab27-629a381c1ab5.config
test (22)	Post Run actions/checkout@v7	2026-08-20T18:02:56.1831002Z [command]/usr/bin/git config --local --unset includeif.gitdir:/github/workspace/.git.path \/github\/runner_temp\/git\-credentials\-5a7aa07c\-37ed\-45ee\-ab27\-629a381c1ab5\.config
test (22)	Post Run actions/checkout@v7	2026-08-20T18:02:56.1871750Z [command]/usr/bin/git config --local --get-all includeif.gitdir:/github/workspace/.git/worktrees/*.path
test (22)	Post Run actions/checkout@v7	2026-08-20T18:02:56.1903785Z /github/runner_temp/git-credentials-5a7aa07c-37ed-45ee-ab27-629a381c1ab5.config
test (22)	Post Run actions/checkout@v7	2026-08-20T18:02:56.1914992Z [command]/usr/bin/git config --local --unset includeif.gitdir:/github/workspace/.git/worktrees/*.path \/github\/runner_temp\/git\-credentials\-5a7aa07c\-37ed\-45ee\-ab27\-629a381c1ab5\.config
test (22)	Post Run actions/checkout@v7	2026-08-20T18:02:56.1952883Z [command]/usr/bin/git submodule foreach --recursive git config --local --show-origin --name-only --get-regexp remote.origin.url
test (22)	Post Run actions/checkout@v7	2026-08-20T18:02:56.2200943Z Removing credentials config '/home/runner/work/_temp/git-credentials-5a7aa07c-37ed-45ee-ab27-629a381c1ab5.config'
test (22)	Complete job	﻿2026-08-20T18:02:56.2370752Z Cleaning up orphan processes
test (24)	Set up job	﻿2026-08-20T18:02:46.9596678Z Current runner version: '2.336.0'
test (24)	Set up job	2026-08-20T18:02:46.9649441Z ##[group]Runner Image Provisioner
test (24)	Set up job	2026-08-20T18:02:46.9650669Z Hosted Compute Agent
test (24)	Set up job	2026-08-20T18:02:46.9651276Z Version: 20260729.566
test (24)	Set up job	2026-08-20T18:02:46.9652379Z Commit: cf7153fe6e25b664e8693c24944bf2b00355d109
test (24)	Set up job	2026-08-20T18:02:46.9653466Z Build Date: 2026-07-29T19:17:02Z
test (24)	Set up job	2026-08-20T18:02:46.9654164Z Worker ID: {c32f87a1-2708-476e-8813-777feb53f4f2}
test (24)	Set up job	2026-08-20T18:02:46.9655017Z Azure Region: northcentralus
test (24)	Set up job	2026-08-20T18:02:46.9655641Z ##[endgroup]
test (24)	Set up job	2026-08-20T18:02:46.9657271Z ##[group]Operating System
test (24)	Set up job	2026-08-20T18:02:46.9657951Z Ubuntu
test (24)	Set up job	2026-08-20T18:02:46.9658466Z 24.04.4
test (24)	Set up job	2026-08-20T18:02:46.9659107Z LTS
test (24)	Set up job	2026-08-20T18:02:46.9659610Z ##[endgroup]
test (24)	Set up job	2026-08-20T18:02:46.9660136Z ##[group]Runner Image
test (24)	Set up job	2026-08-20T18:02:46.9660813Z Image: ubuntu-24.04
test (24)	Set up job	2026-08-20T18:02:46.9661408Z Version: 20260816.277.1
test (24)	Set up job	2026-08-20T18:02:46.9663354Z Included Software: https://github.com/actions/runner-images/blob/ubuntu24/20260816.277/images/ubuntu/Ubuntu2404-Readme.md
test (24)	Set up job	2026-08-20T18:02:46.9665256Z Image Release: https://github.com/actions/runner-images/releases/tag/ubuntu24%2F20260816.277
test (24)	Set up job	2026-08-20T18:02:46.9666329Z ##[endgroup]
test (24)	Set up job	2026-08-20T18:02:46.9667528Z ##[group]GITHUB_TOKEN Permissions
test (24)	Set up job	2026-08-20T18:02:46.9669900Z Contents: read
test (24)	Set up job	2026-08-20T18:02:46.9670533Z Metadata: read
test (24)	Set up job	2026-08-20T18:02:46.9671172Z Packages: read
test (24)	Set up job	2026-08-20T18:02:46.9672028Z ##[endgroup]
test (24)	Set up job	2026-08-20T18:02:46.9674376Z Secret source: Actions
test (24)	Set up job	2026-08-20T18:02:46.9675940Z Prepare workflow directory
test (24)	Set up job	2026-08-20T18:02:47.0115073Z Prepare all required actions
test (24)	Set up job	2026-08-20T18:02:47.0186267Z Getting action download info
test (24)	Set up job	2026-08-20T18:02:47.2634955Z Download action repository 'actions/checkout@v7' (SHA:3d3c42e5aac5ba805825da76410c181273ba90b1)
test (24)	Set up job	2026-08-20T18:02:47.4094004Z Download action repository 'actions/setup-node@v7' (SHA:820762786026740c76f36085b0efc47a31fe5020)
test (24)	Set up job	2026-08-20T18:02:47.5969903Z Complete job name: test (24)
test (24)	Run actions/checkout@v7	﻿2026-08-20T18:02:47.6901339Z ##[group]Run actions/checkout@v7
test (24)	Run actions/checkout@v7	2026-08-20T18:02:47.6902667Z with:
test (24)	Run actions/checkout@v7	2026-08-20T18:02:47.6903158Z   repository: trmnmc/aphorism-cli
test (24)	Run actions/checkout@v7	2026-08-20T18:02:47.6909041Z   token: ***
test (24)	Run actions/checkout@v7	2026-08-20T18:02:47.6909558Z   ssh-strict: true
test (24)	Run actions/checkout@v7	2026-08-20T18:02:47.6910007Z   ssh-user: git
test (24)	Run actions/checkout@v7	2026-08-20T18:02:47.6910454Z   persist-credentials: true
test (24)	Run actions/checkout@v7	2026-08-20T18:02:47.6910941Z   clean: true
test (24)	Run actions/checkout@v7	2026-08-20T18:02:47.6912008Z   sparse-checkout-cone-mode: true
test (24)	Run actions/checkout@v7	2026-08-20T18:02:47.6912994Z   fetch-depth: 1
test (24)	Run actions/checkout@v7	2026-08-20T18:02:47.6913720Z   fetch-tags: false
test (24)	Run actions/checkout@v7	2026-08-20T18:02:47.6914196Z   show-progress: true
test (24)	Run actions/checkout@v7	2026-08-20T18:02:47.6914643Z   lfs: false
test (24)	Run actions/checkout@v7	2026-08-20T18:02:47.6915055Z   submodules: false
test (24)	Run actions/checkout@v7	2026-08-20T18:02:47.6915512Z   set-safe-directory: true
test (24)	Run actions/checkout@v7	2026-08-20T18:02:47.6916026Z   allow-unsafe-pr-checkout: false
test (24)	Run actions/checkout@v7	2026-08-20T18:02:47.6916966Z ##[endgroup]
test (24)	Run actions/checkout@v7	2026-08-20T18:02:47.7934222Z Syncing repository: trmnmc/aphorism-cli
test (24)	Run actions/checkout@v7	2026-08-20T18:02:47.7936759Z ##[group]Getting Git version info
test (24)	Run actions/checkout@v7	2026-08-20T18:02:47.7937998Z Working directory is '/home/runner/work/aphorism-cli/aphorism-cli'
test (24)	Run actions/checkout@v7	2026-08-20T18:02:47.7939888Z [command]/usr/bin/git version
test (24)	Run actions/checkout@v7	2026-08-20T18:02:47.8047080Z git version 2.55.0
test (24)	Run actions/checkout@v7	2026-08-20T18:02:47.8072243Z ##[endgroup]
test (24)	Run actions/checkout@v7	2026-08-20T18:02:47.8084505Z Temporarily overriding HOME='/home/runner/work/_temp/e30d843f-94fd-4393-85fe-d39b7824344d' before making global git config changes
test (24)	Run actions/checkout@v7	2026-08-20T18:02:47.8086875Z Adding repository directory to the temporary git global config as a safe directory
test (24)	Run actions/checkout@v7	2026-08-20T18:02:47.8090680Z [command]/usr/bin/git config --global --add safe.directory /home/runner/work/aphorism-cli/aphorism-cli
test (24)	Run actions/checkout@v7	2026-08-20T18:02:47.8149035Z Deleting the contents of '/home/runner/work/aphorism-cli/aphorism-cli'
test (24)	Run actions/checkout@v7	2026-08-20T18:02:47.8152815Z ##[group]Determining repository object format
test (24)	Run actions/checkout@v7	2026-08-20T18:02:47.8154697Z ##[endgroup]
test (24)	Run actions/checkout@v7	2026-08-20T18:02:47.8155909Z ##[group]Initializing the repository
test (24)	Run actions/checkout@v7	2026-08-20T18:02:47.8158884Z [command]/usr/bin/git init /home/runner/work/aphorism-cli/aphorism-cli
test (24)	Run actions/checkout@v7	2026-08-20T18:02:47.8290464Z hint: Using 'master' as the name for the initial branch. This default branch name
test (24)	Run actions/checkout@v7	2026-08-20T18:02:47.8292719Z hint: will change to "main" in Git 3.0. To configure the initial branch name
test (24)	Run actions/checkout@v7	2026-08-20T18:02:47.8294302Z hint: to use in all of your new repositories, which will suppress this warning,
test (24)	Run actions/checkout@v7	2026-08-20T18:02:47.8295599Z hint: call:
test (24)	Run actions/checkout@v7	2026-08-20T18:02:47.8296283Z hint:
test (24)	Run actions/checkout@v7	2026-08-20T18:02:47.8297095Z hint: 	git config --global init.defaultBranch <name>
test (24)	Run actions/checkout@v7	2026-08-20T18:02:47.8298127Z hint:
test (24)	Run actions/checkout@v7	2026-08-20T18:02:47.8299154Z hint: Names commonly chosen instead of 'master' are 'main', 'trunk' and
test (24)	Run actions/checkout@v7	2026-08-20T18:02:47.8300691Z hint: 'development'. The just-created branch can be renamed via this command:
test (24)	Run actions/checkout@v7	2026-08-20T18:02:47.8302178Z hint:
test (24)	Run actions/checkout@v7	2026-08-20T18:02:47.8302906Z hint: 	git branch -m <name>
test (24)	Run actions/checkout@v7	2026-08-20T18:02:47.8303766Z hint:
test (24)	Run actions/checkout@v7	2026-08-20T18:02:47.8304792Z hint: Disable this message with "git config set advice.defaultBranchName false"
test (24)	Run actions/checkout@v7	2026-08-20T18:02:47.8306525Z Initialized empty Git repository in /home/runner/work/aphorism-cli/aphorism-cli/.git/
test (24)	Run actions/checkout@v7	2026-08-20T18:02:47.8321148Z [command]/usr/bin/git remote add origin https://github.com/trmnmc/aphorism-cli
test (24)	Run actions/checkout@v7	2026-08-20T18:02:47.8366854Z ##[endgroup]
test (24)	Run actions/checkout@v7	2026-08-20T18:02:47.8367692Z ##[group]Disabling automatic garbage collection
test (24)	Run actions/checkout@v7	2026-08-20T18:02:47.8371539Z [command]/usr/bin/git config --local gc.auto 0
test (24)	Run actions/checkout@v7	2026-08-20T18:02:47.8405390Z ##[endgroup]
test (24)	Run actions/checkout@v7	2026-08-20T18:02:47.8406502Z ##[group]Setting up auth
test (24)	Run actions/checkout@v7	2026-08-20T18:02:47.8407679Z Removing SSH command configuration
test (24)	Run actions/checkout@v7	2026-08-20T18:02:47.8412023Z [command]/usr/bin/git config --local --name-only --get-regexp core\.sshCommand
test (24)	Run actions/checkout@v7	2026-08-20T18:02:47.8448397Z [command]/usr/bin/git submodule foreach --recursive sh -c "git config --local --name-only --get-regexp 'core\.sshCommand' && git config --local --unset-all 'core.sshCommand' || :"
test (24)	Run actions/checkout@v7	2026-08-20T18:02:47.8838587Z Removing HTTP extra header
test (24)	Run actions/checkout@v7	2026-08-20T18:02:47.8846715Z [command]/usr/bin/git config --local --name-only --get-regexp http\.https\:\/\/github\.com\/\.extraheader
test (24)	Run actions/checkout@v7	2026-08-20T18:02:47.8883760Z [command]/usr/bin/git submodule foreach --recursive sh -c "git config --local --name-only --get-regexp 'http\.https\:\/\/github\.com\/\.extraheader' && git config --local --unset-all 'http.https://github.com/.extraheader' || :"
test (24)	Run actions/checkout@v7	2026-08-20T18:02:47.9100107Z Removing includeIf entries pointing to credentials config files
test (24)	Run actions/checkout@v7	2026-08-20T18:02:47.9105608Z [command]/usr/bin/git config --local --name-only --get-regexp ^includeIf\.gitdir:
test (24)	Run actions/checkout@v7	2026-08-20T18:02:47.9142214Z [command]/usr/bin/git submodule foreach --recursive git config --local --show-origin --name-only --get-regexp remote.origin.url
test (24)	Run actions/checkout@v7	2026-08-20T18:02:47.9376571Z [command]/usr/bin/git config --file /home/runner/work/_temp/git-credentials-4571d8a5-0265-45a5-8fa5-2062dbe65ce7.config http.https://github.com/.extraheader AUTHORIZATION: basic ***
test (24)	Run actions/checkout@v7	2026-08-20T18:02:47.9418763Z [command]/usr/bin/git config --local includeIf.gitdir:/home/runner/work/aphorism-cli/aphorism-cli/.git.path /home/runner/work/_temp/git-credentials-4571d8a5-0265-45a5-8fa5-2062dbe65ce7.config
test (24)	Run actions/checkout@v7	2026-08-20T18:02:47.9453171Z [command]/usr/bin/git config --local includeIf.gitdir:/home/runner/work/aphorism-cli/aphorism-cli/.git/worktrees/*.path /home/runner/work/_temp/git-credentials-4571d8a5-0265-45a5-8fa5-2062dbe65ce7.config
test (24)	Run actions/checkout@v7	2026-08-20T18:02:47.9490476Z [command]/usr/bin/git config --local includeIf.gitdir:/github/workspace/.git.path /github/runner_temp/git-credentials-4571d8a5-0265-45a5-8fa5-2062dbe65ce7.config
test (24)	Run actions/checkout@v7	2026-08-20T18:02:47.9526435Z [command]/usr/bin/git config --local includeIf.gitdir:/github/workspace/.git/worktrees/*.path /github/runner_temp/git-credentials-4571d8a5-0265-45a5-8fa5-2062dbe65ce7.config
test (24)	Run actions/checkout@v7	2026-08-20T18:02:47.9559937Z ##[endgroup]
test (24)	Run actions/checkout@v7	2026-08-20T18:02:47.9560751Z ##[group]Fetching the repository
test (24)	Run actions/checkout@v7	2026-08-20T18:02:47.9567633Z [command]/usr/bin/git -c protocol.version=2 fetch --no-tags --prune --no-recurse-submodules --depth=1 origin +4b63e9124de935be9996b01267a9f49487f937ff:refs/remotes/origin/master
test (24)	Run actions/checkout@v7	2026-08-20T18:02:48.7031276Z From https://github.com/trmnmc/aphorism-cli
test (24)	Run actions/checkout@v7	2026-08-20T18:02:48.7034974Z  * [new ref]         4b63e9124de935be9996b01267a9f49487f937ff -> origin/master
test (24)	Run actions/checkout@v7	2026-08-20T18:02:48.7042672Z [command]/usr/bin/git branch --list --remote origin/master
test (24)	Run actions/checkout@v7	2026-08-20T18:02:48.7075406Z   origin/master
test (24)	Run actions/checkout@v7	2026-08-20T18:02:48.7085877Z [command]/usr/bin/git rev-parse refs/remotes/origin/master
test (24)	Run actions/checkout@v7	2026-08-20T18:02:48.7113890Z 4b63e9124de935be9996b01267a9f49487f937ff
test (24)	Run actions/checkout@v7	2026-08-20T18:02:48.7119100Z ##[endgroup]
test (24)	Run actions/checkout@v7	2026-08-20T18:02:48.7120415Z ##[group]Determining the checkout info
test (24)	Run actions/checkout@v7	2026-08-20T18:02:48.7122511Z ##[endgroup]
test (24)	Run actions/checkout@v7	2026-08-20T18:02:48.7124134Z [command]/usr/bin/git sparse-checkout disable
test (24)	Run actions/checkout@v7	2026-08-20T18:02:48.7179150Z [command]/usr/bin/git config --local --unset-all extensions.worktreeConfig
test (24)	Run actions/checkout@v7	2026-08-20T18:02:48.7216161Z ##[group]Checking out the ref
test (24)	Run actions/checkout@v7	2026-08-20T18:02:48.7217868Z [command]/usr/bin/git checkout --progress --force -B master refs/remotes/origin/master
test (24)	Run actions/checkout@v7	2026-08-20T18:02:48.8137416Z Reset branch 'master'
test (24)	Run actions/checkout@v7	2026-08-20T18:02:48.8142999Z branch 'master' set up to track 'origin/master'.
test (24)	Run actions/checkout@v7	2026-08-20T18:02:48.8156684Z ##[endgroup]
test (24)	Run actions/checkout@v7	2026-08-20T18:02:48.8209032Z [command]/usr/bin/git log -1 --format=%H
test (24)	Run actions/checkout@v7	2026-08-20T18:02:48.8240811Z 4b63e9124de935be9996b01267a9f49487f937ff
test (24)	Run actions/setup-node@v7	﻿2026-08-20T18:02:48.8634651Z ##[group]Run actions/setup-node@v7
test (24)	Run actions/setup-node@v7	2026-08-20T18:02:48.8635958Z with:
test (24)	Run actions/setup-node@v7	2026-08-20T18:02:48.8636845Z   node-version: 24
test (24)	Run actions/setup-node@v7	2026-08-20T18:02:48.8637841Z   check-latest: false
test (24)	Run actions/setup-node@v7	2026-08-20T18:02:48.8648896Z   token: ***
test (24)	Run actions/setup-node@v7	2026-08-20T18:02:48.8649894Z   package-manager-cache: true
test (24)	Run actions/setup-node@v7	2026-08-20T18:02:48.8651035Z ##[endgroup]
test (24)	Run actions/setup-node@v7	2026-08-20T18:02:48.9984037Z Found in cache @ /opt/hostedtoolcache/node/24.19.0/x64
test (24)	Run actions/setup-node@v7	2026-08-20T18:02:48.9994391Z ##[group]Environment details
test (24)	Run actions/setup-node@v7	2026-08-20T18:02:52.1477483Z node: v24.19.0
test (24)	Run actions/setup-node@v7	2026-08-20T18:02:52.1478133Z npm: 11.17.0
test (24)	Run actions/setup-node@v7	2026-08-20T18:02:52.1478587Z yarn: 1.22.22
test (24)	Run actions/setup-node@v7	2026-08-20T18:02:52.1480343Z ##[endgroup]
test (24)	Assert the test glob matches at least one file	﻿2026-08-20T18:02:52.1644428Z ##[group]Run ls test/*.test.js
test (24)	Assert the test glob matches at least one file	2026-08-20T18:02:52.1644878Z [36;1mls test/*.test.js[0m
test (24)	Assert the test glob matches at least one file	2026-08-20T18:02:52.1696865Z shell: /usr/bin/bash -e {0}
test (24)	Assert the test glob matches at least one file	2026-08-20T18:02:52.1697229Z ##[endgroup]
test (24)	Assert the test glob matches at least one file	2026-08-20T18:02:52.1798794Z test/args.test.js
test (24)	Assert the test glob matches at least one file	2026-08-20T18:02:52.1799259Z test/cli.test.js
test (24)	Assert the test glob matches at least one file	2026-08-20T18:02:52.1799731Z test/node-support-citation.test.js
test (24)	Assert the test glob matches at least one file	2026-08-20T18:02:52.1800127Z test/pipe.test.js
test (24)	Assert the test glob matches at least one file	2026-08-20T18:02:52.1800473Z test/readme-tags.test.js
test (24)	Assert the test glob matches at least one file	2026-08-20T18:02:52.1800847Z test/select.test.js
test (24)	Run node --test test/*.test.js	﻿2026-08-20T18:02:52.1885374Z ##[group]Run node --test test/*.test.js
test (24)	Run node --test test/*.test.js	2026-08-20T18:02:52.1885861Z [36;1mnode --test test/*.test.js[0m
test (24)	Run node --test test/*.test.js	2026-08-20T18:02:52.1924191Z shell: /usr/bin/bash -e {0}
test (24)	Run node --test test/*.test.js	2026-08-20T18:02:52.1924519Z ##[endgroup]
test (24)	Run node --test test/*.test.js	2026-08-20T18:02:52.3463509Z ✔ zero args: no error, no filters set (3.191628ms)
test (24)	Run node --test test/*.test.js	2026-08-20T18:02:52.3465859Z ✔ --author <name> sets author string (0.25123ms)
test (24)	Run node --test test/*.test.js	2026-08-20T18:02:52.3475798Z ✔ --author=<name> equals form sets author string (0.247222ms)
test (24)	Run node --test test/*.test.js	2026-08-20T18:02:52.3485587Z ✔ --tag <tag> sets tag string (0.251891ms)
test (24)	Run node --test test/*.test.js	2026-08-20T18:02:52.3487289Z ✔ --tag=<tag> equals form sets tag string (0.327762ms)
test (24)	Run node --test test/*.test.js	2026-08-20T18:02:52.3488956Z ✔ combined --author X --tag Y sets both (0.254426ms)
test (24)	Run node --test test/*.test.js	2026-08-20T18:02:52.3493934Z ✔ --seed <n> parses as a number (0.282629ms)
test (24)	Run node --test test/*.test.js	2026-08-20T18:02:52.3498417Z ✔ --seed=<n> equals form parses as a number (0.214751ms)
test (24)	Run node --test test/*.test.js	2026-08-20T18:02:52.3510170Z ✔ --seed <n> accepts a negative number (0.546442ms)
test (24)	Run node --test test/*.test.js	2026-08-20T18:02:52.3513572Z ✔ --seed=<n> equals form accepts a negative number (0.489716ms)
test (24)	Run node --test test/*.test.js	2026-08-20T18:02:52.3515442Z ✔ non-numeric --seed is a usage error (0.383457ms)
test (24)	Run node --test test/*.test.js	2026-08-20T18:02:52.3517342Z ✔ non-numeric --seed= equals form is a usage error (0.503091ms)
test (24)	Run node --test test/*.test.js	2026-08-20T18:02:52.3519250Z ✔ --list sets list: true (0.15481ms)
test (24)	Run node --test test/*.test.js	2026-08-20T18:02:52.3531497Z ✔ --json sets json: true (0.780449ms)
test (24)	Run node --test test/*.test.js	2026-08-20T18:02:52.3533161Z ✔ --help sets help: true (0.150432ms)
test (24)	Run node --test test/*.test.js	2026-08-20T18:02:52.3534446Z ✔ -h sets help: true (0.148477ms)
test (24)	Run node --test test/*.test.js	2026-08-20T18:02:52.3568311Z ✔ unknown flag is a usage error (0.205034ms)
test (24)	Run node --test test/*.test.js	2026-08-20T18:02:52.3586276Z ✔ unknown short flag is a usage error (0.301604ms)
test (24)	Run node --test test/*.test.js	2026-08-20T18:02:52.3588090Z ✔ --author missing value at end of argv is a usage error (0.175609ms)
test (24)	Run node --test test/*.test.js	2026-08-20T18:02:52.3589959Z ✔ --tag missing value because next token is another flag is a usage error (0.164117ms)
test (24)	Run node --test test/*.test.js	2026-08-20T18:02:52.3592918Z ✔ --seed missing value at end of argv is a usage error (0.182311ms)
test (24)	Run node --test test/*.test.js	2026-08-20T18:02:52.3594724Z ✔ --author= with empty value is a usage error (0.183162ms)
test (24)	Run node --test test/*.test.js	2026-08-20T18:02:52.3596338Z ✔ a bare positional argument (not a flag) is a usage error (1.579294ms)
test (24)	Run node --test test/*.test.js	2026-08-20T18:02:52.3598063Z ✔ parseArgs never throws on malformed input (0.225001ms)
test (24)	Run node --test test/*.test.js	2026-08-20T18:02:52.3599741Z ✔ absent options are undefined/false, never null (0.163816ms)
test (24)	Run node --test test/*.test.js	2026-08-20T18:02:52.3601360Z ✔ HELP is a non-empty string mentioning every flag name (0.150151ms)
test (24)	Run node --test test/*.test.js	2026-08-20T18:02:52.3625056Z ✔ HELP fits comfortably on one 24-line terminal screen (0.116588ms)
test (24)	Run node --test test/*.test.js	2026-08-20T18:02:52.3639091Z ✔ --seed Infinity / --seed -Infinity parse to numbers, not a usage error (0.126937ms)
test (24)	Run node --test test/*.test.js	2026-08-20T18:02:55.3996091Z ✔ bare invocation prints one attributed aphorism and exits 0 (46.27598ms)
test (24)	Run node --test test/*.test.js	2026-08-20T18:02:55.4005729Z ✔ --seed is deterministic across separate processes (82.281116ms)
test (24)	Run node --test test/*.test.js	2026-08-20T18:02:55.4007001Z ✔ different seeds do not all collapse to one aphorism (442.530102ms)
test (24)	Run node --test test/*.test.js	2026-08-20T18:02:55.4007757Z ✔ --json emits a single-line JSON object with text/author/tags (45.319599ms)
test (24)	Run node --test test/*.test.js	2026-08-20T18:02:55.4031623Z ✔ --list prints every entry in the filtered set (39.964731ms)
test (24)	Run node --test test/*.test.js	2026-08-20T18:02:55.4036971Z ✔ --help prints usage to stdout and exits 0 (46.720308ms)
test (24)	Run node --test test/*.test.js	2026-08-20T18:02:55.4038529Z ✔ no match exits 1 with stderr only and zero bytes on stdout (43.436283ms)
test (24)	Run node --test test/*.test.js	2026-08-20T18:02:55.4040047Z ✔ unknown flag is a usage error, exit 2, stdout clean (46.153931ms)
test (24)	Run node --test test/*.test.js	2026-08-20T18:02:55.4041318Z ✔ non-numeric seed is a usage error, exit 2 (41.165031ms)
test (24)	Run node --test test/*.test.js	2026-08-20T18:02:55.4042893Z ✔ author filter is case-insensitive and narrows the list (85.543377ms)
test (24)	Run node --test test/*.test.js	2026-08-20T18:02:55.4044318Z ✔ output is pipe-safe — no ANSI escapes when not a TTY (45.184549ms)
test (24)	Run node --test test/*.test.js	2026-08-20T18:02:55.4045652Z ✔ --tag matches membership, not substring containment (58.947999ms)
test (24)	Run node --test test/*.test.js	2026-08-20T18:02:55.4048439Z ✔ --list prints exactly one line per matching entry, no drops (27.624209ms)
test (24)	Run node --test test/*.test.js	2026-08-20T18:02:55.4051461Z ✔ --list preserves corpus order (first and last line match) (28.961426ms)
test (24)	Run node --test test/*.test.js	2026-08-20T18:02:55.4053243Z ✔ --json output is exactly one line, never pretty-printed (27.343692ms)
test (24)	Run node --test test/*.test.js	2026-08-20T18:02:55.4055552Z ✔ --list --json emits newline-delimited JSON, one object per line, in corpus order (43.312379ms)
test (24)	Run node --test test/*.test.js	2026-08-20T18:02:55.4061606Z ✔ --json composes with --seed: the seeded JSON pick is reproducible AND is the same entry as the plain-text pick (529.45585ms)
test (24)	Run node --test test/*.test.js	2026-08-20T18:02:55.4064143Z ✔ --json composes with the filter flags: the JSON pick is always a member of the FILTERED set (700.616827ms)
test (24)	Run node --test test/*.test.js	2026-08-20T18:02:55.4065933Z ✔ --list accepts a valid --seed and IGNORES it: output is byte-identical across seeds (283.976275ms)
test (24)	Run node --test test/*.test.js	2026-08-20T18:02:55.4074654Z ✔ --list --seed abc is a usage error, exit 2, stdout empty, stderr carries the diagnostic (28.288308ms)
test (24)	Run node --test test/*.test.js	2026-08-20T18:02:55.4076717Z ✔ --seed abc --list (erroring flag BEFORE --list) is still a usage error, exit 2, stdout empty (28.301813ms)
test (24)	Run node --test test/*.test.js	2026-08-20T18:02:55.4083471Z ✔ --list --seed=  (empty seed value) is a usage error, exit 2, stdout empty (26.982108ms)
test (24)	Run node --test test/*.test.js	2026-08-20T18:02:55.4085500Z ✔ --list --seed "   " (whitespace-only seed value) is a usage error, exit 2, stdout empty (28.975161ms)
test (24)	Run node --test test/*.test.js	2026-08-20T18:02:55.4087739Z ✔ --list --nosuchflag (unknown flag) is a usage error, exit 2, stdout empty — --list does not swallow it (27.866721ms)
test (24)	Run node --test test/*.test.js	2026-08-20T18:02:55.4089863Z ✔ --nosuchflag --list (unknown flag BEFORE --list) is still a usage error, exit 2, stdout empty (28.998227ms)
test (24)	Run node --test test/*.test.js	2026-08-20T18:02:55.4103605Z ✔ plain single-pick output is TWO lines: text, newline, four-space indent, EM DASH, space, author (29.550802ms)
test (24)	Run node --test test/*.test.js	2026-08-20T18:02:55.4117705Z ✔ --seed Infinity and --seed -Infinity (typed as CLI strings) are accepted and deterministic (115.550549ms)
test (24)	Run node --test test/*.test.js	2026-08-20T18:02:55.4119462Z ✔ --list with a filter that matches nothing is STILL exit 1, stderr only, stdout empty (59.185338ms)
test (24)	Run node --test test/*.test.js	2026-08-20T18:02:55.4121972Z ✔ --tag "" (bare empty-string value) matches nothing: whole-tag equality against the literal "" is not a filter no-op (28.250637ms)
test (24)	Run node --test test/*.test.js	2026-08-20T18:02:55.4199377Z ﹣ README Node support citation: cited git diff must be empty (or the check must skip on a missing precondition) (20.120344ms) # cited base commit 2b003ea is not reachable in this checkout (this is a shallow clone) -- cannot evaluate the README's Node support citation
test (24)	Run node --test test/*.test.js	2026-08-20T18:02:55.4204508Z ﹣ README Node support citation: base-to-working-tree diff must also be empty, so an uncommitted falsification is visible now (or the check must skip on a missing precondition) (14.95839ms) # cited base commit 2b003ea is not reachable in this checkout (this is a shallow clone) -- cannot evaluate the README's Node support citation
test (24)	Run node --test test/*.test.js	2026-08-20T18:02:55.4206648Z ✔ --list | true: exits quietly, zero stderr, no crash banner (53.868477ms)
test (24)	Run node --test test/*.test.js	2026-08-20T18:02:55.4207690Z ✔ | true (no --list, single aphorism): exits quietly, zero stderr (40.1962ms)
test (24)	Run node --test test/*.test.js	2026-08-20T18:02:55.4208858Z ✔ --list | head -0: exits quietly, zero stderr, no crash banner (36.149417ms)
test (24)	Run node --test test/*.test.js	2026-08-20T18:02:55.4210009Z ✔ --list | /nonexistent-cmd-xyz: no crash banner from the CLI itself (36.940622ms)
test (24)	Run node --test test/*.test.js	2026-08-20T18:02:55.4211328Z ✔ non-EPIPE stdout write failure: reported, not silent, not exit 1, no stack trace (51.124377ms)
test (24)	Run node --test test/*.test.js	2026-08-20T18:02:55.4213006Z ✔ usage error survives a closed stderr reader: still exits 2, not clobbered to 1 (99.150607ms)
test (24)	Run node --test test/*.test.js	2026-08-20T18:02:55.4214445Z ✔ no-match exit code survives a closed stderr reader: still exits 1, not misreported (120.746129ms)
test (24)	Run node --test test/*.test.js	2026-08-20T18:02:55.4215758Z ✔ non-EPIPE stderr write failure: not silent, not the earned exit code, no stack trace (44.974357ms)
test (24)	Run node --test test/*.test.js	2026-08-20T18:02:55.4216450Z ✔ control: --list | head -1 stays completely clean (33.48875ms)
test (24)	Run node --test test/*.test.js	2026-08-20T18:02:55.4217004Z ✔ control: --list | head -5 stays completely clean (37.978042ms)
test (24)	Run node --test test/*.test.js	2026-08-20T18:02:55.4217543Z ✔ control: --list | sed 1q stays completely clean (34.587166ms)
test (24)	Run node --test test/*.test.js	2026-08-20T18:02:55.4218548Z ✔ control: --list | grep -q . stays completely clean (34.860833ms)
test (24)	Run node --test test/*.test.js	2026-08-20T18:02:55.4219450Z ✔ control: | wc -l stays completely clean (41.826059ms)
test (24)	Run node --test test/*.test.js	2026-08-20T18:02:55.4220152Z ✔ control: --list --json | head -2 stays completely clean (35.445378ms)
test (24)	Run node --test test/*.test.js	2026-08-20T18:02:55.4221067Z ✔ control: exit 1 / exit 2 stderr messages and codes are unchanged (81.197639ms)
test (24)	Run node --test test/*.test.js	2026-08-20T18:02:55.4223209Z ✔ control: a normal (non-full) stdout target still exits 0 with empty stderr (64.816127ms)
test (24)	Run node --test test/*.test.js	2026-08-20T18:02:55.4224355Z ✔ README tags must exist in corpus (2.552062ms)
test (24)	Run node --test test/*.test.js	2026-08-20T18:02:55.4224833Z ✔ README tag counts must match corpus (0.425064ms)
test (24)	Run node --test test/*.test.js	2026-08-20T18:02:55.4225315Z ✔ README must state total unique tags correctly (1.13298ms)
test (24)	Run node --test test/*.test.js	2026-08-20T18:02:55.4225798Z ✔ README must list all single-entry tags (0.378027ms)
test (24)	Run node --test test/*.test.js	2026-08-20T18:02:55.4226837Z ✔ README Tag vocabulary counts table "Tags on exactly one entry" row matches the corpus (structural replacement for the retired token co-occurrence guard, Q-4) (0.397263ms)
test (24)	Run node --test test/*.test.js	2026-08-20T18:02:55.4228088Z ✔ assertTagVocabCountsTableWellFormed fails loud on a DUPLICATED row label, whichever order the rows appear in (Q-4) (1.296985ms)
test (24)	Run node --test test/*.test.js	2026-08-20T18:02:55.4229119Z ✔ assertTagVocabCountsTableWellFormed fails loud on a row label no guard in this file reads (Q-4) (7.211614ms)
test (24)	Run node --test test/*.test.js	2026-08-20T18:02:55.4230223Z ✔ parseTagVocabCountsTable returns null when the counts table is missing or malformed, and both readers fail loud on that null (Q-4) (0.559085ms)
test (24)	Run node --test test/*.test.js	2026-08-20T18:02:55.4231275Z ✔ readTagVocabCount fails loud when a row value is not a plain integer, or when its row is absent (Q-4) (2.452506ms)
test (24)	Run node --test test/*.test.js	2026-08-20T18:02:55.4232950Z ✔ extractBandTablesFromReadme tolerates a prose sentence between a band heading and its table (T-025), without mis-attaching a table when the real one is missing (0.916935ms)
test (24)	Run node --test test/*.test.js	2026-08-20T18:02:55.4234171Z ✔ extractBandTablesFromReadme does not let a band-shaped PROSE line steal a real heading's table (T-039) (0.569024ms)
test (24)	Run node --test test/*.test.js	2026-08-20T18:02:55.4235116Z ✔ extractBandTablesFromReadme does not read a fenced example block as a second, real band table (0.238987ms)
test (24)	Run node --test test/*.test.js	2026-08-20T18:02:55.4236703Z ✔ extractBandTablesFromReadme's recognised bands account for every structural `| Tag | Count |` table -- a table under an unrecognised heading shape is a loud mismatch, not a silent miss (0.471671ms)
test (24)	Run node --test test/*.test.js	2026-08-20T18:02:55.4238233Z ✔ every `| Tag | Count |` table in the real README Tag vocabulary section is a recognised band table (no table may hide under an unrecognised heading shape) (0.526254ms)
test (24)	Run node --test test/*.test.js	2026-08-20T18:02:55.4239464Z ✔ every band table in README Tag vocabulary contains exactly the corpus tags whose count fits that band (0.380932ms)
test (24)	Run node --test test/*.test.js	2026-08-20T18:02:55.4240619Z ✔ every corpus tag appearing on 2+ entries must have a row in some band table (no band table may be deleted wholesale) (T-019) (0.454139ms)
test (24)	Run node --test test/*.test.js	2026-08-20T18:02:55.4242232Z ✔ extractBandTablesFromReadme derives a band's row count purely from its table, ignoring decoy "N tags" phrases in the heading line (T-024b) (0.177942ms)
test (24)	Run node --test test/*.test.js	2026-08-20T18:02:55.4243337Z ✔ README must state correct multi-entry and single-entry tag counts (0.322093ms)
test (24)	Run node --test test/*.test.js	2026-08-20T18:02:55.4244217Z ✔ README Tag vocabulary section must contain no unrecognised count-claim digits (J-5) (0.343061ms)
test (24)	Run node --test test/*.test.js	2026-08-20T18:02:55.4245267Z ✔ README Attribution table "Entries ranked" count must match corpus.length and the triage doc (C1) (1.076012ms)
test (24)	Run node --test test/*.test.js	2026-08-20T18:02:55.4246213Z ✔ README Attribution table "Rated HIGH risk" count must match the triage doc table (C2) (0.525944ms)
test (24)	Run node --test test/*.test.js	2026-08-20T18:02:55.4247103Z ✔ README Attribution section must contain no digit runs outside the counts table (C7) (0.321801ms)
test (24)	Run node --test test/*.test.js	2026-08-20T18:02:55.4247857Z ✔ README Layout section paths must exist on disk (C6) (0.426889ms)
test (24)	Run node --test test/*.test.js	2026-08-20T18:02:55.4248736Z ✔ getListBehaviourSection tolerates a reformatted "--list behaviour" heading with no backticks (T-021) (0.361837ms)
test (24)	Run node --test test/*.test.js	2026-08-20T18:02:55.4250082Z ✔ getListBehaviourSection still fails on a SEPARATOR MISMATCH (not a heading-parse error) when a reformatted heading's literal is mutated (T-021) (0.242002ms)
test (24)	Run node --test test/*.test.js	2026-08-20T18:02:55.4251321Z ✔ getListBehaviourSection reports ambiguity loudly instead of taking the first of two qualifying headings (T-021) (0.378869ms)
test (24)	Run node --test test/*.test.js	2026-08-20T18:02:55.4252741Z ✔ getListBehaviourSection does not let "--list-only" satisfy the standalone `--list` token (T-021) (0.186108ms)
test (24)	Run node --test test/*.test.js	2026-08-20T18:02:55.4254747Z ✔ getListBehaviourSection tolerates the American spelling "behavior" in the heading (T-027) (0.123922ms)
test (24)	Run node --test test/*.test.js	2026-08-20T18:02:55.4255896Z ✔ getListBehaviourSection still fails on a SEPARATOR MISMATCH (not a heading-parse error) under an American-spelled heading (T-027) (0.151985ms)
test (24)	Run node --test test/*.test.js	2026-08-20T18:02:55.4256909Z ✔ README `--list` format literal matches the shipped binary's actual --list output (T-017) (32.839486ms)
test (24)	Run node --test test/*.test.js	2026-08-20T18:02:55.4257792Z ✔ README `--author` matching section must state the correct count of distinct corpus authors (Q-8) (0.569265ms)
test (24)	Run node --test test/*.test.js	2026-08-20T18:02:55.4258427Z ✔ corpus has at least 40 entries (1.324717ms)
test (24)	Run node --test test/*.test.js	2026-08-20T18:02:55.4259038Z ✔ every corpus entry has non-empty text, non-empty author, and an array of tags (1.425285ms)
test (24)	Run node --test test/*.test.js	2026-08-20T18:02:55.4259677Z ✔ filter: author match is case-insensitive (0.930159ms)
test (24)	Run node --test test/*.test.js	2026-08-20T18:02:55.4260142Z ✔ filter: tag match is case-insensitive (0.414815ms)
test (24)	Run node --test test/*.test.js	2026-08-20T18:02:55.4260711Z ✔ filter: author and tag together narrow to the intersection (AND) (0.34729ms)
test (24)	Run node --test test/*.test.js	2026-08-20T18:02:55.4261308Z ✔ filter: undefined/absent options do not filter (0.229489ms)
test (24)	Run node --test test/*.test.js	2026-08-20T18:02:55.4262318Z ✔ pick: same seed over the same candidates always returns the same element (0.640729ms)
test (24)	Run node --test test/*.test.js	2026-08-20T18:02:55.4263012Z ✔ pick: different seeds generally produce different results (0.265276ms)
test (24)	Run node --test test/*.test.js	2026-08-20T18:02:55.4263622Z ✔ pick: undefined seed picks a valid member (random mode) (0.210383ms)
test (24)	Run node --test test/*.test.js	2026-08-20T18:02:55.4264268Z ✔ pick: null seed also triggers random mode and returns a valid member (0.32636ms)
test (24)	Run node --test test/*.test.js	2026-08-20T18:02:55.4264874Z ✔ pick: throws RangeError on empty candidates array (0.832835ms)
test (24)	Run node --test test/*.test.js	2026-08-20T18:02:55.4265479Z ✔ pick: Infinity seed is deterministic and returns a valid member (0.305912ms)
test (24)	Run node --test test/*.test.js	2026-08-20T18:02:55.4266319Z ✔ pick: -Infinity seed is deterministic and returns a valid member (0.299981ms)
test (24)	Run node --test test/*.test.js	2026-08-20T18:02:55.4266987Z ✔ pick: NaN seed still uses the random branch and returns a valid member (0.16567ms)
test (24)	Run node --test test/*.test.js	2026-08-20T18:02:55.4267680Z ✔ pick: finite seed determinism is unchanged by the non-finite-seed fix (0.317304ms)
test (24)	Run node --test test/*.test.js	2026-08-20T18:02:55.4268300Z ✔ pick: every candidate is REACHABLE by an unseeded draw (4.05396ms)
test (24)	Run node --test test/*.test.js	2026-08-20T18:02:55.4268972Z ✔ pick: unseeded draws split the interval EQUALLY across candidates (uniform) (1.146426ms)
test (24)	Run node --test test/*.test.js	2026-08-20T18:02:55.4269743Z ✔ pick: single-element candidates always returns that element regardless of seed (0.202288ms)
test (24)	Run node --test test/*.test.js	2026-08-20T18:02:55.4270216Z ℹ tests 124
test (24)	Run node --test test/*.test.js	2026-08-20T18:02:55.4270422Z ℹ suites 0
test (24)	Run node --test test/*.test.js	2026-08-20T18:02:55.4270628Z ℹ pass 122
test (24)	Run node --test test/*.test.js	2026-08-20T18:02:55.4270829Z ℹ fail 0
test (24)	Run node --test test/*.test.js	2026-08-20T18:02:55.4271034Z ℹ cancelled 0
test (24)	Run node --test test/*.test.js	2026-08-20T18:02:55.4271245Z ℹ skipped 2
test (24)	Run node --test test/*.test.js	2026-08-20T18:02:55.4271446Z ℹ todo 0
test (24)	Run node --test test/*.test.js	2026-08-20T18:02:55.4271928Z ℹ duration_ms 3171.470998
test (24)	Coverage report (informational, not a gate)	﻿2026-08-20T18:02:55.4333259Z ##[group]Run node --test --experimental-test-coverage test/*.test.js \
test (24)	Coverage report (informational, not a gate)	2026-08-20T18:02:55.4333828Z [36;1mnode --test --experimental-test-coverage test/*.test.js \[0m
test (24)	Coverage report (informational, not a gate)	2026-08-20T18:02:55.4334632Z [36;1m  || echo "NOTE: --experimental-test-coverage exited non-zero on Node 24 (see output above). This step is informational only and does not affect job status."[0m
test (24)	Coverage report (informational, not a gate)	2026-08-20T18:02:55.4374381Z shell: /usr/bin/bash -e {0}
test (24)	Coverage report (informational, not a gate)	2026-08-20T18:02:55.4374648Z ##[endgroup]
test (24)	Coverage report (informational, not a gate)	2026-08-20T18:02:55.5884414Z ✔ zero args: no error, no filters set (2.180538ms)
test (24)	Coverage report (informational, not a gate)	2026-08-20T18:02:55.5885744Z ✔ --author <name> sets author string (0.268792ms)
test (24)	Coverage report (informational, not a gate)	2026-08-20T18:02:55.5894867Z ✔ --author=<name> equals form sets author string (0.186418ms)
test (24)	Coverage report (informational, not a gate)	2026-08-20T18:02:55.5915204Z ✔ --tag <tag> sets tag string (0.198802ms)
test (24)	Coverage report (informational, not a gate)	2026-08-20T18:02:55.5916421Z ✔ --tag=<tag> equals form sets tag string (0.94119ms)
test (24)	Coverage report (informational, not a gate)	2026-08-20T18:02:55.5917690Z ✔ combined --author X --tag Y sets both (0.142807ms)
test (24)	Coverage report (informational, not a gate)	2026-08-20T18:02:55.5918945Z ✔ --seed <n> parses as a number (0.271187ms)
test (24)	Coverage report (informational, not a gate)	2026-08-20T18:02:55.5920222Z ✔ --seed=<n> equals form parses as a number (0.141885ms)
test (24)	Coverage report (informational, not a gate)	2026-08-20T18:02:55.5921480Z ✔ --seed <n> accepts a negative number (0.148558ms)
test (24)	Coverage report (informational, not a gate)	2026-08-20T18:02:55.5930282Z ✔ --seed=<n> equals form accepts a negative number (0.127839ms)
test (24)	Coverage report (informational, not a gate)	2026-08-20T18:02:55.5935104Z ✔ non-numeric --seed is a usage error (0.778998ms)
test (24)	Coverage report (informational, not a gate)	2026-08-20T18:02:55.5967031Z ✔ non-numeric --seed= equals form is a usage error (1.217747ms)
test (24)	Coverage report (informational, not a gate)	2026-08-20T18:02:55.5968559Z ✔ --list sets list: true (0.237935ms)
test (24)	Coverage report (informational, not a gate)	2026-08-20T18:02:55.5969826Z ✔ --json sets json: true (0.205053ms)
test (24)	Coverage report (informational, not a gate)	2026-08-20T18:02:55.5971195Z ✔ --help sets help: true (0.173745ms)
test (24)	Coverage report (informational, not a gate)	2026-08-20T18:02:55.5972585Z ✔ -h sets help: true (0.147185ms)
test (24)	Coverage report (informational, not a gate)	2026-08-20T18:02:55.5984776Z ✔ unknown flag is a usage error (0.256389ms)
test (24)	Coverage report (informational, not a gate)	2026-08-20T18:02:55.5995146Z ✔ unknown short flag is a usage error (2.40777ms)
test (24)	Coverage report (informational, not a gate)	2026-08-20T18:02:55.6023011Z ✔ --author missing value at end of argv is a usage error (0.182241ms)
test (24)	Coverage report (informational, not a gate)	2026-08-20T18:02:55.6056244Z ✔ --tag missing value because next token is another flag is a usage error (0.180928ms)
test (24)	Coverage report (informational, not a gate)	2026-08-20T18:02:55.6057650Z ✔ --seed missing value at end of argv is a usage error (0.127559ms)
test (24)	Coverage report (informational, not a gate)	2026-08-20T18:02:55.6058735Z ✔ --author= with empty value is a usage error (0.112951ms)
test (24)	Coverage report (informational, not a gate)	2026-08-20T18:02:55.6059859Z ✔ a bare positional argument (not a flag) is a usage error (0.110126ms)
test (24)	Coverage report (informational, not a gate)	2026-08-20T18:02:55.6060925Z ✔ parseArgs never throws on malformed input (0.382966ms)
test (24)	Coverage report (informational, not a gate)	2026-08-20T18:02:55.6062231Z ✔ absent options are undefined/false, never null (0.204352ms)
test (24)	Coverage report (informational, not a gate)	2026-08-20T18:02:55.6063323Z ✔ HELP is a non-empty string mentioning every flag name (0.252583ms)
test (24)	Coverage report (informational, not a gate)	2026-08-20T18:02:55.6064378Z ✔ HELP fits comfortably on one 24-line terminal screen (0.185326ms)
test (24)	Coverage report (informational, not a gate)	2026-08-20T18:02:55.6065581Z ✔ --seed Infinity / --seed -Infinity parse to numbers, not a usage error (0.268051ms)
test (24)	Coverage report (informational, not a gate)	2026-08-20T18:02:59.1362201Z ✔ bare invocation prints one attributed aphorism and exits 0 (61.537537ms)
test (24)	Coverage report (informational, not a gate)	2026-08-20T18:02:59.1371234Z ✔ --seed is deterministic across separate processes (119.065067ms)
test (24)	Coverage report (informational, not a gate)	2026-08-20T18:02:59.1373269Z ✔ different seeds do not all collapse to one aphorism (527.378435ms)
test (24)	Coverage report (informational, not a gate)	2026-08-20T18:02:59.1380592Z ✔ --json emits a single-line JSON object with text/author/tags (49.840467ms)
test (24)	Coverage report (informational, not a gate)	2026-08-20T18:02:59.1382104Z ✔ --list prints every entry in the filtered set (40.330282ms)
test (24)	Coverage report (informational, not a gate)	2026-08-20T18:02:59.1386528Z ✔ --help prints usage to stdout and exits 0 (38.342676ms)
test (24)	Coverage report (informational, not a gate)	2026-08-20T18:02:59.1387893Z ✔ no match exits 1 with stderr only and zero bytes on stdout (34.87397ms)
test (24)	Coverage report (informational, not a gate)	2026-08-20T18:02:59.1389215Z ✔ unknown flag is a usage error, exit 2, stdout clean (35.15743ms)
test (24)	Coverage report (informational, not a gate)	2026-08-20T18:02:59.1390547Z ✔ non-numeric seed is a usage error, exit 2 (36.198075ms)
test (24)	Coverage report (informational, not a gate)	2026-08-20T18:02:59.1392049Z ✔ author filter is case-insensitive and narrows the list (73.178044ms)
test (24)	Coverage report (informational, not a gate)	2026-08-20T18:02:59.1393257Z ✔ output is pipe-safe — no ANSI escapes when not a TTY (38.218752ms)
test (24)	Coverage report (informational, not a gate)	2026-08-20T18:02:59.1395308Z ✔ --tag matches membership, not substring containment (70.469289ms)
test (24)	Coverage report (informational, not a gate)	2026-08-20T18:02:59.1399046Z ✔ --list prints exactly one line per matching entry, no drops (32.920708ms)
test (24)	Coverage report (informational, not a gate)	2026-08-20T18:02:59.1404642Z ✔ --list preserves corpus order (first and last line match) (35.351665ms)
test (24)	Coverage report (informational, not a gate)	2026-08-20T18:02:59.1408989Z ✔ --json output is exactly one line, never pretty-printed (33.636026ms)
test (24)	Coverage report (informational, not a gate)	2026-08-20T18:02:59.1414527Z ✔ --list --json emits newline-delimited JSON, one object per line, in corpus order (34.365918ms)
test (24)	Coverage report (informational, not a gate)	2026-08-20T18:02:59.1421377Z ✔ --json composes with --seed: the seeded JSON pick is reproducible AND is the same entry as the plain-text pick (637.07777ms)
test (24)	Coverage report (informational, not a gate)	2026-08-20T18:02:59.1425152Z ✔ --json composes with the filter flags: the JSON pick is always a member of the FILTERED set (828.66207ms)
test (24)	Coverage report (informational, not a gate)	2026-08-20T18:02:59.1432073Z ✔ --list accepts a valid --seed and IGNORES it: output is byte-identical across seeds (351.91378ms)
test (24)	Coverage report (informational, not a gate)	2026-08-20T18:02:59.1435641Z ✔ --list --seed abc is a usage error, exit 2, stdout empty, stderr carries the diagnostic (36.021515ms)
test (24)	Coverage report (informational, not a gate)	2026-08-20T18:02:59.1440527Z ✔ --seed abc --list (erroring flag BEFORE --list) is still a usage error, exit 2, stdout empty (35.088183ms)
test (24)	Coverage report (informational, not a gate)	2026-08-20T18:02:59.1445652Z ✔ --list --seed=  (empty seed value) is a usage error, exit 2, stdout empty (36.039137ms)
test (24)	Coverage report (informational, not a gate)	2026-08-20T18:02:59.1449554Z ✔ --list --seed "   " (whitespace-only seed value) is a usage error, exit 2, stdout empty (34.488881ms)
test (24)	Coverage report (informational, not a gate)	2026-08-20T18:02:59.1454500Z ✔ --list --nosuchflag (unknown flag) is a usage error, exit 2, stdout empty — --list does not swallow it (35.777988ms)
test (24)	Coverage report (informational, not a gate)	2026-08-20T18:02:59.1457093Z ✔ --nosuchflag --list (unknown flag BEFORE --list) is still a usage error, exit 2, stdout empty (33.649771ms)
test (24)	Coverage report (informational, not a gate)	2026-08-20T18:02:59.1467204Z ✔ plain single-pick output is TWO lines: text, newline, four-space indent, EM DASH, space, author (36.260021ms)
test (24)	Coverage report (informational, not a gate)	2026-08-20T18:02:59.1474615Z ✔ --seed Infinity and --seed -Infinity (typed as CLI strings) are accepted and deterministic (138.490528ms)
test (24)	Coverage report (informational, not a gate)	2026-08-20T18:02:59.1476503Z ✔ --list with a filter that matches nothing is STILL exit 1, stderr only, stdout empty (71.990875ms)
test (24)	Coverage report (informational, not a gate)	2026-08-20T18:02:59.1478132Z ✔ --tag "" (bare empty-string value) matches nothing: whole-tag equality against the literal "" is not a filter no-op (36.243268ms)
test (24)	Coverage report (informational, not a gate)	2026-08-20T18:02:59.1652730Z ﹣ README Node support citation: cited git diff must be empty (or the check must skip on a missing precondition) (17.87821ms) # cited base commit 2b003ea is not reachable in this checkout (this is a shallow clone) -- cannot evaluate the README's Node support citation
test (24)	Coverage report (informational, not a gate)	2026-08-20T18:02:59.1657557Z ﹣ README Node support citation: base-to-working-tree diff must also be empty, so an uncommitted falsification is visible now (or the check must skip on a missing precondition) (12.145961ms) # cited base commit 2b003ea is not reachable in this checkout (this is a shallow clone) -- cannot evaluate the README's Node support citation
test (24)	Coverage report (informational, not a gate)	2026-08-20T18:02:59.1660468Z ✔ --list | true: exits quietly, zero stderr, no crash banner (72.826406ms)
test (24)	Coverage report (informational, not a gate)	2026-08-20T18:02:59.1662941Z ✔ | true (no --list, single aphorism): exits quietly, zero stderr (58.98677ms)
test (24)	Coverage report (informational, not a gate)	2026-08-20T18:02:59.1664685Z ✔ --list | head -0: exits quietly, zero stderr, no crash banner (46.474491ms)
test (24)	Coverage report (informational, not a gate)	2026-08-20T18:02:59.1665995Z ✔ --list | /nonexistent-cmd-xyz: no crash banner from the CLI itself (42.616467ms)
test (24)	Coverage report (informational, not a gate)	2026-08-20T18:02:59.1667603Z ✔ non-EPIPE stdout write failure: reported, not silent, not exit 1, no stack trace (45.44841ms)
test (24)	Coverage report (informational, not a gate)	2026-08-20T18:02:59.1669072Z ✔ usage error survives a closed stderr reader: still exits 2, not clobbered to 1 (124.914794ms)
test (24)	Coverage report (informational, not a gate)	2026-08-20T18:02:59.1670815Z ✔ no-match exit code survives a closed stderr reader: still exits 1, not misreported (119.189391ms)
test (24)	Coverage report (informational, not a gate)	2026-08-20T18:02:59.1672748Z ✔ non-EPIPE stderr write failure: not silent, not the earned exit code, no stack trace (38.613322ms)
test (24)	Coverage report (informational, not a gate)	2026-08-20T18:02:59.1674141Z ✔ control: --list | head -1 stays completely clean (37.84888ms)
test (24)	Coverage report (informational, not a gate)	2026-08-20T18:02:59.1675286Z ✔ control: --list | head -5 stays completely clean (39.254851ms)
test (24)	Coverage report (informational, not a gate)	2026-08-20T18:02:59.1676426Z ✔ control: --list | sed 1q stays completely clean (42.307139ms)
test (24)	Coverage report (informational, not a gate)	2026-08-20T18:02:59.1677555Z ✔ control: --list | grep -q . stays completely clean (39.092871ms)
test (24)	Coverage report (informational, not a gate)	2026-08-20T18:02:59.1679081Z ✔ control: | wc -l stays completely clean (38.445147ms)
test (24)	Coverage report (informational, not a gate)	2026-08-20T18:02:59.1680372Z ✔ control: --list --json | head -2 stays completely clean (37.523011ms)
test (24)	Coverage report (informational, not a gate)	2026-08-20T18:02:59.1682477Z ✔ control: exit 1 / exit 2 stderr messages and codes are unchanged (73.833208ms)
test (24)	Coverage report (informational, not a gate)	2026-08-20T18:02:59.1683840Z ✔ control: a normal (non-full) stdout target still exits 0 with empty stderr (72.179307ms)
test (24)	Coverage report (informational, not a gate)	2026-08-20T18:02:59.1684782Z ✔ README tags must exist in corpus (2.296394ms)
test (24)	Coverage report (informational, not a gate)	2026-08-20T18:02:59.1685635Z ✔ README tag counts must match corpus (0.484406ms)
test (24)	Coverage report (informational, not a gate)	2026-08-20T18:02:59.1686677Z ✔ README must state total unique tags correctly (1.082494ms)
test (24)	Coverage report (informational, not a gate)	2026-08-20T18:02:59.1687325Z ✔ README must list all single-entry tags (1.300642ms)
test (24)	Coverage report (informational, not a gate)	2026-08-20T18:02:59.1688382Z ✔ README Tag vocabulary counts table "Tags on exactly one entry" row matches the corpus (structural replacement for the retired token co-occurrence guard, Q-4) (0.474337ms)
test (24)	Coverage report (informational, not a gate)	2026-08-20T18:02:59.1689632Z ✔ assertTagVocabCountsTableWellFormed fails loud on a DUPLICATED row label, whichever order the rows appear in (Q-4) (1.89856ms)
test (24)	Coverage report (informational, not a gate)	2026-08-20T18:02:59.1690671Z ✔ assertTagVocabCountsTableWellFormed fails loud on a row label no guard in this file reads (Q-4) (3.584393ms)
test (24)	Coverage report (informational, not a gate)	2026-08-20T18:02:59.1692245Z ✔ parseTagVocabCountsTable returns null when the counts table is missing or malformed, and both readers fail loud on that null (Q-4) (0.559616ms)
test (24)	Coverage report (informational, not a gate)	2026-08-20T18:02:59.1693882Z ✔ readTagVocabCount fails loud when a row value is not a plain integer, or when its row is absent (Q-4) (2.009067ms)
test (24)	Coverage report (informational, not a gate)	2026-08-20T18:02:59.1695163Z ✔ extractBandTablesFromReadme tolerates a prose sentence between a band heading and its table (T-025), without mis-attaching a table when the real one is missing (1.384578ms)
test (24)	Coverage report (informational, not a gate)	2026-08-20T18:02:59.1696369Z ✔ extractBandTablesFromReadme does not let a band-shaped PROSE line steal a real heading's table (T-039) (0.725316ms)
test (24)	Coverage report (informational, not a gate)	2026-08-20T18:02:59.1697409Z ✔ extractBandTablesFromReadme does not read a fenced example block as a second, real band table (0.222896ms)
test (24)	Coverage report (informational, not a gate)	2026-08-20T18:02:59.1699326Z ✔ extractBandTablesFromReadme's recognised bands account for every structural `| Tag | Count |` table -- a table under an unrecognised heading shape is a loud mismatch, not a silent miss (0.90338ms)
test (24)	Coverage report (informational, not a gate)	2026-08-20T18:02:59.1700830Z ✔ every `| Tag | Count |` table in the real README Tag vocabulary section is a recognised band table (no table may hide under an unrecognised heading shape) (0.569886ms)
test (24)	Coverage report (informational, not a gate)	2026-08-20T18:02:59.1702327Z ✔ every band table in README Tag vocabulary contains exactly the corpus tags whose count fits that band (0.738621ms)
test (24)	Coverage report (informational, not a gate)	2026-08-20T18:02:59.1703416Z ✔ every corpus tag appearing on 2+ entries must have a row in some band table (no band table may be deleted wholesale) (T-019) (0.406109ms)
test (24)	Coverage report (informational, not a gate)	2026-08-20T18:02:59.1704625Z ✔ extractBandTablesFromReadme derives a band's row count purely from its table, ignoring decoy "N tags" phrases in the heading line (T-024b) (0.216625ms)
test (24)	Coverage report (informational, not a gate)	2026-08-20T18:02:59.1705888Z ✔ README must state correct multi-entry and single-entry tag counts (0.457094ms)
test (24)	Coverage report (informational, not a gate)	2026-08-20T18:02:59.1706659Z ✔ README Tag vocabulary section must contain no unrecognised count-claim digits (J-5) (0.400359ms)
test (24)	Coverage report (informational, not a gate)	2026-08-20T18:02:59.1707530Z ✔ README Attribution table "Entries ranked" count must match corpus.length and the triage doc (C1) (1.633374ms)
test (24)	Coverage report (informational, not a gate)	2026-08-20T18:02:59.1708393Z ✔ README Attribution table "Rated HIGH risk" count must match the triage doc table (C2) (0.623676ms)
test (24)	Coverage report (informational, not a gate)	2026-08-20T18:02:59.1709194Z ✔ README Attribution section must contain no digit runs outside the counts table (C7) (0.472163ms)
test (24)	Coverage report (informational, not a gate)	2026-08-20T18:02:59.1709845Z ✔ README Layout section paths must exist on disk (C6) (0.669411ms)
test (24)	Coverage report (informational, not a gate)	2026-08-20T18:02:59.1710635Z ✔ getListBehaviourSection tolerates a reformatted "--list behaviour" heading with no backticks (T-021) (0.639736ms)
test (24)	Coverage report (informational, not a gate)	2026-08-20T18:02:59.1712272Z ✔ getListBehaviourSection still fails on a SEPARATOR MISMATCH (not a heading-parse error) when a reformatted heading's literal is mutated (T-021) (0.381513ms)
test (24)	Coverage report (informational, not a gate)	2026-08-20T18:02:59.1714614Z ✔ getListBehaviourSection reports ambiguity loudly instead of taking the first of two qualifying headings (T-021) (0.491259ms)
test (24)	Coverage report (informational, not a gate)	2026-08-20T18:02:59.1715937Z ✔ getListBehaviourSection does not let "--list-only" satisfy the standalone `--list` token (T-021) (0.301123ms)
test (24)	Coverage report (informational, not a gate)	2026-08-20T18:02:59.1716870Z ✔ getListBehaviourSection tolerates the American spelling "behavior" in the heading (T-027) (0.206145ms)
test (24)	Coverage report (informational, not a gate)	2026-08-20T18:02:59.1717961Z ✔ getListBehaviourSection still fails on a SEPARATOR MISMATCH (not a heading-parse error) under an American-spelled heading (T-027) (0.258403ms)
test (24)	Coverage report (informational, not a gate)	2026-08-20T18:02:59.1718974Z ✔ README `--list` format literal matches the shipped binary's actual --list output (T-017) (59.920493ms)
test (24)	Coverage report (informational, not a gate)	2026-08-20T18:02:59.1719869Z ✔ README `--author` matching section must state the correct count of distinct corpus authors (Q-8) (0.554868ms)
test (24)	Coverage report (informational, not a gate)	2026-08-20T18:02:59.1720489Z ✔ corpus has at least 40 entries (3.005928ms)
test (24)	Coverage report (informational, not a gate)	2026-08-20T18:02:59.1721115Z ✔ every corpus entry has non-empty text, non-empty author, and an array of tags (0.4063ms)
test (24)	Coverage report (informational, not a gate)	2026-08-20T18:02:59.1722139Z ✔ filter: author match is case-insensitive (1.168145ms)
test (24)	Coverage report (informational, not a gate)	2026-08-20T18:02:59.1722688Z ✔ filter: tag match is case-insensitive (0.485467ms)
test (24)	Coverage report (informational, not a gate)	2026-08-20T18:02:59.1723273Z ✔ filter: author and tag together narrow to the intersection (AND) (0.449912ms)
test (24)	Coverage report (informational, not a gate)	2026-08-20T18:02:59.1723858Z ✔ filter: undefined/absent options do not filter (0.382545ms)
test (24)	Coverage report (informational, not a gate)	2026-08-20T18:02:59.1724495Z ✔ pick: same seed over the same candidates always returns the same element (0.558304ms)
test (24)	Coverage report (informational, not a gate)	2026-08-20T18:02:59.1725152Z ✔ pick: different seeds generally produce different results (0.388105ms)
test (24)	Coverage report (informational, not a gate)	2026-08-20T18:02:59.1725741Z ✔ pick: undefined seed picks a valid member (random mode) (0.206305ms)
test (24)	Coverage report (informational, not a gate)	2026-08-20T18:02:59.1726387Z ✔ pick: null seed also triggers random mode and returns a valid member (0.187781ms)
test (24)	Coverage report (informational, not a gate)	2026-08-20T18:02:59.1726989Z ✔ pick: throws RangeError on empty candidates array (0.759621ms)
test (24)	Coverage report (informational, not a gate)	2026-08-20T18:02:59.1727600Z ✔ pick: Infinity seed is deterministic and returns a valid member (0.263633ms)
test (24)	Coverage report (informational, not a gate)	2026-08-20T18:02:59.1728262Z ✔ pick: -Infinity seed is deterministic and returns a valid member (0.220061ms)
test (24)	Coverage report (informational, not a gate)	2026-08-20T18:02:59.1729262Z ✔ pick: NaN seed still uses the random branch and returns a valid member (0.152014ms)
test (24)	Coverage report (informational, not a gate)	2026-08-20T18:02:59.1730605Z ✔ pick: finite seed determinism is unchanged by the non-finite-seed fix (0.501488ms)
test (24)	Coverage report (informational, not a gate)	2026-08-20T18:02:59.1731435Z ✔ pick: every candidate is REACHABLE by an unseeded draw (2.67406ms)
test (24)	Coverage report (informational, not a gate)	2026-08-20T18:02:59.1732482Z ✔ pick: unseeded draws split the interval EQUALLY across candidates (uniform) (2.526385ms)
test (24)	Coverage report (informational, not a gate)	2026-08-20T18:02:59.1733293Z ✔ pick: single-element candidates always returns that element regardless of seed (0.147697ms)
test (24)	Coverage report (informational, not a gate)	2026-08-20T18:02:59.4346800Z ℹ tests 124
test (24)	Coverage report (informational, not a gate)	2026-08-20T18:02:59.4347330Z ℹ suites 0
test (24)	Coverage report (informational, not a gate)	2026-08-20T18:02:59.4347752Z ℹ pass 122
test (24)	Coverage report (informational, not a gate)	2026-08-20T18:02:59.4348160Z ℹ fail 0
test (24)	Coverage report (informational, not a gate)	2026-08-20T18:02:59.4348579Z ℹ cancelled 0
test (24)	Coverage report (informational, not a gate)	2026-08-20T18:02:59.4349026Z ℹ skipped 2
test (24)	Coverage report (informational, not a gate)	2026-08-20T18:02:59.4349778Z ℹ todo 0
test (24)	Coverage report (informational, not a gate)	2026-08-20T18:02:59.4350267Z ℹ duration_ms 3694.416124
test (24)	Coverage report (informational, not a gate)	2026-08-20T18:02:59.4356622Z ℹ start of coverage report
test (24)	Coverage report (informational, not a gate)	2026-08-20T18:02:59.4357430Z ℹ -------------------------------------------------------------
test (24)	Coverage report (informational, not a gate)	2026-08-20T18:02:59.4358078Z ℹ file         | line % | branch % | funcs % | uncovered lines
test (24)	Coverage report (informational, not a gate)	2026-08-20T18:02:59.4358671Z ℹ -------------------------------------------------------------
test (24)	Coverage report (informational, not a gate)	2026-08-20T18:02:59.4359172Z ℹ bin          |        |          |         | 
test (24)	Coverage report (informational, not a gate)	2026-08-20T18:02:59.4359643Z ℹ  aphorism.js | 100.00 |    85.71 |  100.00 | 
test (24)	Coverage report (informational, not a gate)	2026-08-20T18:02:59.4360098Z ℹ src          |        |          |         | 
test (24)	Coverage report (informational, not a gate)	2026-08-20T18:02:59.4360546Z ℹ  args.js     | 100.00 |   100.00 |  100.00 | 
test (24)	Coverage report (informational, not a gate)	2026-08-20T18:02:59.4361003Z ℹ  corpus.js   | 100.00 |   100.00 |  100.00 | 
test (24)	Coverage report (informational, not a gate)	2026-08-20T18:02:59.4361466Z ℹ  select.js   | 100.00 |   100.00 |  100.00 | 
test (24)	Coverage report (informational, not a gate)	2026-08-20T18:02:59.4362327Z ℹ -------------------------------------------------------------
test (24)	Coverage report (informational, not a gate)	2026-08-20T18:02:59.4362846Z ℹ all files    | 100.00 |    98.44 |  100.00 | 
test (24)	Coverage report (informational, not a gate)	2026-08-20T18:02:59.4363380Z ℹ -------------------------------------------------------------
test (24)	Coverage report (informational, not a gate)	2026-08-20T18:02:59.4364047Z ℹ end of coverage report
test (24)	Post Run actions/setup-node@v7	﻿2026-08-20T18:02:59.4538215Z Post job cleanup.
test (24)	Post Run actions/checkout@v7	﻿2026-08-20T18:02:59.5928493Z Post job cleanup.
test (24)	Post Run actions/checkout@v7	2026-08-20T18:02:59.6791195Z [command]/usr/bin/git version
test (24)	Post Run actions/checkout@v7	2026-08-20T18:02:59.6839606Z git version 2.55.0
test (24)	Post Run actions/checkout@v7	2026-08-20T18:02:59.6918842Z Temporarily overriding HOME='/home/runner/work/_temp/ec9bbf1c-7881-49ba-9899-a91ceb29da99' before making global git config changes
test (24)	Post Run actions/checkout@v7	2026-08-20T18:02:59.6920379Z Adding repository directory to the temporary git global config as a safe directory
test (24)	Post Run actions/checkout@v7	2026-08-20T18:02:59.6926271Z [command]/usr/bin/git config --global --add safe.directory /home/runner/work/aphorism-cli/aphorism-cli
test (24)	Post Run actions/checkout@v7	2026-08-20T18:02:59.6962332Z Removing SSH command configuration
test (24)	Post Run actions/checkout@v7	2026-08-20T18:02:59.6978660Z [command]/usr/bin/git config --local --name-only --get-regexp core\.sshCommand
test (24)	Post Run actions/checkout@v7	2026-08-20T18:02:59.7020209Z [command]/usr/bin/git submodule foreach --recursive sh -c "git config --local --name-only --get-regexp 'core\.sshCommand' && git config --local --unset-all 'core.sshCommand' || :"
test (24)	Post Run actions/checkout@v7	2026-08-20T18:02:59.7266435Z Removing HTTP extra header
test (24)	Post Run actions/checkout@v7	2026-08-20T18:02:59.7272526Z [command]/usr/bin/git config --local --name-only --get-regexp http\.https\:\/\/github\.com\/\.extraheader
test (24)	Post Run actions/checkout@v7	2026-08-20T18:02:59.7317077Z [command]/usr/bin/git submodule foreach --recursive sh -c "git config --local --name-only --get-regexp 'http\.https\:\/\/github\.com\/\.extraheader' && git config --local --unset-all 'http.https://github.com/.extraheader' || :"
test (24)	Post Run actions/checkout@v7	2026-08-20T18:02:59.7590821Z Removing includeIf entries pointing to credentials config files
test (24)	Post Run actions/checkout@v7	2026-08-20T18:02:59.7599069Z [command]/usr/bin/git config --local --name-only --get-regexp ^includeIf\.gitdir:
test (24)	Post Run actions/checkout@v7	2026-08-20T18:02:59.7630385Z includeif.gitdir:/home/runner/work/aphorism-cli/aphorism-cli/.git.path
test (24)	Post Run actions/checkout@v7	2026-08-20T18:02:59.7640361Z includeif.gitdir:/home/runner/work/aphorism-cli/aphorism-cli/.git/worktrees/*.path
test (24)	Post Run actions/checkout@v7	2026-08-20T18:02:59.7650487Z includeif.gitdir:/github/workspace/.git.path
test (24)	Post Run actions/checkout@v7	2026-08-20T18:02:59.7651410Z includeif.gitdir:/github/workspace/.git/worktrees/*.path
test (24)	Post Run actions/checkout@v7	2026-08-20T18:02:59.7653665Z [command]/usr/bin/git config --local --get-all includeif.gitdir:/home/runner/work/aphorism-cli/aphorism-cli/.git.path
test (24)	Post Run actions/checkout@v7	2026-08-20T18:02:59.7672530Z /home/runner/work/_temp/git-credentials-4571d8a5-0265-45a5-8fa5-2062dbe65ce7.config
test (24)	Post Run actions/checkout@v7	2026-08-20T18:02:59.7683748Z [command]/usr/bin/git config --local --unset includeif.gitdir:/home/runner/work/aphorism-cli/aphorism-cli/.git.path \/home\/runner\/work\/_temp\/git\-credentials\-4571d8a5\-0265\-45a5\-8fa5\-2062dbe65ce7\.config
test (24)	Post Run actions/checkout@v7	2026-08-20T18:02:59.7732133Z [command]/usr/bin/git config --local --get-all includeif.gitdir:/home/runner/work/aphorism-cli/aphorism-cli/.git/worktrees/*.path
test (24)	Post Run actions/checkout@v7	2026-08-20T18:02:59.7761883Z /home/runner/work/_temp/git-credentials-4571d8a5-0265-45a5-8fa5-2062dbe65ce7.config
test (24)	Post Run actions/checkout@v7	2026-08-20T18:02:59.7772328Z [command]/usr/bin/git config --local --unset includeif.gitdir:/home/runner/work/aphorism-cli/aphorism-cli/.git/worktrees/*.path \/home\/runner\/work\/_temp\/git\-credentials\-4571d8a5\-0265\-45a5\-8fa5\-2062dbe65ce7\.config
test (24)	Post Run actions/checkout@v7	2026-08-20T18:02:59.7817359Z [command]/usr/bin/git config --local --get-all includeif.gitdir:/github/workspace/.git.path
test (24)	Post Run actions/checkout@v7	2026-08-20T18:02:59.7847316Z /github/runner_temp/git-credentials-4571d8a5-0265-45a5-8fa5-2062dbe65ce7.config
test (24)	Post Run actions/checkout@v7	2026-08-20T18:02:59.7855416Z [command]/usr/bin/git config --local --unset includeif.gitdir:/github/workspace/.git.path \/github\/runner_temp\/git\-credentials\-4571d8a5\-0265\-45a5\-8fa5\-2062dbe65ce7\.config
test (24)	Post Run actions/checkout@v7	2026-08-20T18:02:59.7891148Z [command]/usr/bin/git config --local --get-all includeif.gitdir:/github/workspace/.git/worktrees/*.path
test (24)	Post Run actions/checkout@v7	2026-08-20T18:02:59.7916881Z /github/runner_temp/git-credentials-4571d8a5-0265-45a5-8fa5-2062dbe65ce7.config
test (24)	Post Run actions/checkout@v7	2026-08-20T18:02:59.7925963Z [command]/usr/bin/git config --local --unset includeif.gitdir:/github/workspace/.git/worktrees/*.path \/github\/runner_temp\/git\-credentials\-4571d8a5\-0265\-45a5\-8fa5\-2062dbe65ce7\.config
test (24)	Post Run actions/checkout@v7	2026-08-20T18:02:59.7965416Z [command]/usr/bin/git submodule foreach --recursive git config --local --show-origin --name-only --get-regexp remote.origin.url
test (24)	Post Run actions/checkout@v7	2026-08-20T18:02:59.8188789Z Removing credentials config '/home/runner/work/_temp/git-credentials-4571d8a5-0265-45a5-8fa5-2062dbe65ce7.config'
test (24)	Complete job	﻿2026-08-20T18:02:59.8331480Z Cleaning up orphan processes
test (18)	Set up job	﻿2026-08-20T18:02:46.7061207Z Current runner version: '2.336.0'
test (18)	Set up job	2026-08-20T18:02:46.7103147Z ##[group]Runner Image Provisioner
test (18)	Set up job	2026-08-20T18:02:46.7103926Z Hosted Compute Agent
test (18)	Set up job	2026-08-20T18:02:46.7104475Z Version: 20260729.566
test (18)	Set up job	2026-08-20T18:02:46.7104996Z Commit: cf7153fe6e25b664e8693c24944bf2b00355d109
test (18)	Set up job	2026-08-20T18:02:46.7105587Z Build Date: 2026-07-29T19:17:02Z
test (18)	Set up job	2026-08-20T18:02:46.7106241Z Worker ID: {32ca781b-4d93-48f2-a408-c466e5611632}
test (18)	Set up job	2026-08-20T18:02:46.7106818Z Azure Region: westus
test (18)	Set up job	2026-08-20T18:02:46.7107528Z ##[endgroup]
test (18)	Set up job	2026-08-20T18:02:46.7108739Z ##[group]Operating System
test (18)	Set up job	2026-08-20T18:02:46.7109274Z Ubuntu
test (18)	Set up job	2026-08-20T18:02:46.7109829Z 24.04.4
test (18)	Set up job	2026-08-20T18:02:46.7110262Z LTS
test (18)	Set up job	2026-08-20T18:02:46.7110720Z ##[endgroup]
test (18)	Set up job	2026-08-20T18:02:46.7111194Z ##[group]Runner Image
test (18)	Set up job	2026-08-20T18:02:46.7111706Z Image: ubuntu-24.04
test (18)	Set up job	2026-08-20T18:02:46.7112243Z Version: 20260816.277.1
test (18)	Set up job	2026-08-20T18:02:46.7113116Z Included Software: https://github.com/actions/runner-images/blob/ubuntu24/20260816.277/images/ubuntu/Ubuntu2404-Readme.md
test (18)	Set up job	2026-08-20T18:02:46.7114940Z Image Release: https://github.com/actions/runner-images/releases/tag/ubuntu24%2F20260816.277
test (18)	Set up job	2026-08-20T18:02:46.7115730Z ##[endgroup]
test (18)	Set up job	2026-08-20T18:02:46.7116766Z ##[group]GITHUB_TOKEN Permissions
test (18)	Set up job	2026-08-20T18:02:46.7118706Z Contents: read
test (18)	Set up job	2026-08-20T18:02:46.7119236Z Metadata: read
test (18)	Set up job	2026-08-20T18:02:46.7119738Z Packages: read
test (18)	Set up job	2026-08-20T18:02:46.7120241Z ##[endgroup]
test (18)	Set up job	2026-08-20T18:02:46.7121959Z Secret source: Actions
test (18)	Set up job	2026-08-20T18:02:46.7122972Z Prepare workflow directory
test (18)	Set up job	2026-08-20T18:02:46.7385311Z Prepare all required actions
test (18)	Set up job	2026-08-20T18:02:46.7424893Z Getting action download info
test (18)	Set up job	2026-08-20T18:02:47.0819820Z Download action repository 'actions/checkout@v7' (SHA:3d3c42e5aac5ba805825da76410c181273ba90b1)
test (18)	Set up job	2026-08-20T18:02:47.2755864Z Download action repository 'actions/setup-node@v7' (SHA:820762786026740c76f36085b0efc47a31fe5020)
test (18)	Set up job	2026-08-20T18:02:47.6502047Z Complete job name: test (18)
test (18)	Run actions/checkout@v7	﻿2026-08-20T18:02:47.7202711Z ##[group]Run actions/checkout@v7
test (18)	Run actions/checkout@v7	2026-08-20T18:02:47.7203523Z with:
test (18)	Run actions/checkout@v7	2026-08-20T18:02:47.7203968Z   repository: trmnmc/aphorism-cli
test (18)	Run actions/checkout@v7	2026-08-20T18:02:47.7208063Z   token: ***
test (18)	Run actions/checkout@v7	2026-08-20T18:02:47.7208469Z   ssh-strict: true
test (18)	Run actions/checkout@v7	2026-08-20T18:02:47.7208875Z   ssh-user: git
test (18)	Run actions/checkout@v7	2026-08-20T18:02:47.7209279Z   persist-credentials: true
test (18)	Run actions/checkout@v7	2026-08-20T18:02:47.7209728Z   clean: true
test (18)	Run actions/checkout@v7	2026-08-20T18:02:47.7210137Z   sparse-checkout-cone-mode: true
test (18)	Run actions/checkout@v7	2026-08-20T18:02:47.7210621Z   fetch-depth: 1
test (18)	Run actions/checkout@v7	2026-08-20T18:02:47.7211009Z   fetch-tags: false
test (18)	Run actions/checkout@v7	2026-08-20T18:02:47.7211408Z   show-progress: true
test (18)	Run actions/checkout@v7	2026-08-20T18:02:47.7211801Z   lfs: false
test (18)	Run actions/checkout@v7	2026-08-20T18:02:47.7212213Z   submodules: false
test (18)	Run actions/checkout@v7	2026-08-20T18:02:47.7212643Z   set-safe-directory: true
test (18)	Run actions/checkout@v7	2026-08-20T18:02:47.7213106Z   allow-unsafe-pr-checkout: false
test (18)	Run actions/checkout@v7	2026-08-20T18:02:47.7213816Z ##[endgroup]
test (18)	Run actions/checkout@v7	2026-08-20T18:02:47.8069679Z Syncing repository: trmnmc/aphorism-cli
test (18)	Run actions/checkout@v7	2026-08-20T18:02:47.8072281Z ##[group]Getting Git version info
test (18)	Run actions/checkout@v7	2026-08-20T18:02:47.8073444Z Working directory is '/home/runner/work/aphorism-cli/aphorism-cli'
test (18)	Run actions/checkout@v7	2026-08-20T18:02:47.8075289Z [command]/usr/bin/git version
test (18)	Run actions/checkout@v7	2026-08-20T18:02:47.8132679Z git version 2.55.0
test (18)	Run actions/checkout@v7	2026-08-20T18:02:47.8152986Z ##[endgroup]
test (18)	Run actions/checkout@v7	2026-08-20T18:02:47.8164635Z Temporarily overriding HOME='/home/runner/work/_temp/b43bcb6b-1b7b-4186-b4a6-ed0ca4ffa510' before making global git config changes
test (18)	Run actions/checkout@v7	2026-08-20T18:02:47.8167030Z Adding repository directory to the temporary git global config as a safe directory
test (18)	Run actions/checkout@v7	2026-08-20T18:02:47.8170352Z [command]/usr/bin/git config --global --add safe.directory /home/runner/work/aphorism-cli/aphorism-cli
test (18)	Run actions/checkout@v7	2026-08-20T18:02:47.8386098Z Deleting the contents of '/home/runner/work/aphorism-cli/aphorism-cli'
test (18)	Run actions/checkout@v7	2026-08-20T18:02:47.8389569Z ##[group]Determining repository object format
test (18)	Run actions/checkout@v7	2026-08-20T18:02:47.8390916Z ##[endgroup]
test (18)	Run actions/checkout@v7	2026-08-20T18:02:47.8391941Z ##[group]Initializing the repository
test (18)	Run actions/checkout@v7	2026-08-20T18:02:47.8403404Z [command]/usr/bin/git init /home/runner/work/aphorism-cli/aphorism-cli
test (18)	Run actions/checkout@v7	2026-08-20T18:02:47.8483441Z hint: Using 'master' as the name for the initial branch. This default branch name
test (18)	Run actions/checkout@v7	2026-08-20T18:02:47.8485234Z hint: will change to "main" in Git 3.0. To configure the initial branch name
test (18)	Run actions/checkout@v7	2026-08-20T18:02:47.8486397Z hint: to use in all of your new repositories, which will suppress this warning,
test (18)	Run actions/checkout@v7	2026-08-20T18:02:47.8487407Z hint: call:
test (18)	Run actions/checkout@v7	2026-08-20T18:02:47.8488039Z hint:
test (18)	Run actions/checkout@v7	2026-08-20T18:02:47.8488671Z hint: 	git config --global init.defaultBranch <name>
test (18)	Run actions/checkout@v7	2026-08-20T18:02:47.8489403Z hint:
test (18)	Run actions/checkout@v7	2026-08-20T18:02:47.8490074Z hint: Names commonly chosen instead of 'master' are 'main', 'trunk' and
test (18)	Run actions/checkout@v7	2026-08-20T18:02:47.8491127Z hint: 'development'. The just-created branch can be renamed via this command:
test (18)	Run actions/checkout@v7	2026-08-20T18:02:47.8491959Z hint:
test (18)	Run actions/checkout@v7	2026-08-20T18:02:47.8492479Z hint: 	git branch -m <name>
test (18)	Run actions/checkout@v7	2026-08-20T18:02:47.8493056Z hint:
test (18)	Run actions/checkout@v7	2026-08-20T18:02:47.8493770Z hint: Disable this message with "git config set advice.defaultBranchName false"
test (18)	Run actions/checkout@v7	2026-08-20T18:02:47.8513220Z Initialized empty Git repository in /home/runner/work/aphorism-cli/aphorism-cli/.git/
test (18)	Run actions/checkout@v7	2026-08-20T18:02:47.8524516Z [command]/usr/bin/git remote add origin https://github.com/trmnmc/aphorism-cli
test (18)	Run actions/checkout@v7	2026-08-20T18:02:47.8643495Z ##[endgroup]
test (18)	Run actions/checkout@v7	2026-08-20T18:02:47.8644797Z ##[group]Disabling automatic garbage collection
test (18)	Run actions/checkout@v7	2026-08-20T18:02:47.8646352Z [command]/usr/bin/git config --local gc.auto 0
test (18)	Run actions/checkout@v7	2026-08-20T18:02:47.8691902Z ##[endgroup]
test (18)	Run actions/checkout@v7	2026-08-20T18:02:47.8693384Z ##[group]Setting up auth
test (18)	Run actions/checkout@v7	2026-08-20T18:02:47.8694179Z Removing SSH command configuration
test (18)	Run actions/checkout@v7	2026-08-20T18:02:47.8696795Z [command]/usr/bin/git config --local --name-only --get-regexp core\.sshCommand
test (18)	Run actions/checkout@v7	2026-08-20T18:02:47.8735407Z [command]/usr/bin/git submodule foreach --recursive sh -c "git config --local --name-only --get-regexp 'core\.sshCommand' && git config --local --unset-all 'core.sshCommand' || :"
test (18)	Run actions/checkout@v7	2026-08-20T18:02:47.9014566Z Removing HTTP extra header
test (18)	Run actions/checkout@v7	2026-08-20T18:02:47.9020212Z [command]/usr/bin/git config --local --name-only --get-regexp http\.https\:\/\/github\.com\/\.extraheader
test (18)	Run actions/checkout@v7	2026-08-20T18:02:47.9052253Z [command]/usr/bin/git submodule foreach --recursive sh -c "git config --local --name-only --get-regexp 'http\.https\:\/\/github\.com\/\.extraheader' && git config --local --unset-all 'http.https://github.com/.extraheader' || :"
test (18)	Run actions/checkout@v7	2026-08-20T18:02:47.9246026Z Removing includeIf entries pointing to credentials config files
test (18)	Run actions/checkout@v7	2026-08-20T18:02:47.9250793Z [command]/usr/bin/git config --local --name-only --get-regexp ^includeIf\.gitdir:
test (18)	Run actions/checkout@v7	2026-08-20T18:02:47.9285906Z [command]/usr/bin/git submodule foreach --recursive git config --local --show-origin --name-only --get-regexp remote.origin.url
test (18)	Run actions/checkout@v7	2026-08-20T18:02:47.9490213Z [command]/usr/bin/git config --file /home/runner/work/_temp/git-credentials-8c758f75-a750-4233-9f1a-7a9636d8a010.config http.https://github.com/.extraheader AUTHORIZATION: basic ***
test (18)	Run actions/checkout@v7	2026-08-20T18:02:47.9528141Z [command]/usr/bin/git config --local includeIf.gitdir:/home/runner/work/aphorism-cli/aphorism-cli/.git.path /home/runner/work/_temp/git-credentials-8c758f75-a750-4233-9f1a-7a9636d8a010.config
test (18)	Run actions/checkout@v7	2026-08-20T18:02:47.9556902Z [command]/usr/bin/git config --local includeIf.gitdir:/home/runner/work/aphorism-cli/aphorism-cli/.git/worktrees/*.path /home/runner/work/_temp/git-credentials-8c758f75-a750-4233-9f1a-7a9636d8a010.config
test (18)	Run actions/checkout@v7	2026-08-20T18:02:47.9590605Z [command]/usr/bin/git config --local includeIf.gitdir:/github/workspace/.git.path /github/runner_temp/git-credentials-8c758f75-a750-4233-9f1a-7a9636d8a010.config
test (18)	Run actions/checkout@v7	2026-08-20T18:02:47.9620122Z [command]/usr/bin/git config --local includeIf.gitdir:/github/workspace/.git/worktrees/*.path /github/runner_temp/git-credentials-8c758f75-a750-4233-9f1a-7a9636d8a010.config
test (18)	Run actions/checkout@v7	2026-08-20T18:02:47.9646624Z ##[endgroup]
test (18)	Run actions/checkout@v7	2026-08-20T18:02:47.9647853Z ##[group]Fetching the repository
test (18)	Run actions/checkout@v7	2026-08-20T18:02:47.9652571Z [command]/usr/bin/git -c protocol.version=2 fetch --no-tags --prune --no-recurse-submodules --depth=1 origin +4b63e9124de935be9996b01267a9f49487f937ff:refs/remotes/origin/master
test (18)	Run actions/checkout@v7	2026-08-20T18:02:48.9986442Z From https://github.com/trmnmc/aphorism-cli
test (18)	Run actions/checkout@v7	2026-08-20T18:02:48.9987032Z  * [new ref]         4b63e9124de935be9996b01267a9f49487f937ff -> origin/master
test (18)	Run actions/checkout@v7	2026-08-20T18:02:48.9990216Z [command]/usr/bin/git branch --list --remote origin/master
test (18)	Run actions/checkout@v7	2026-08-20T18:02:49.0019315Z   origin/master
test (18)	Run actions/checkout@v7	2026-08-20T18:02:49.0026184Z [command]/usr/bin/git rev-parse refs/remotes/origin/master
test (18)	Run actions/checkout@v7	2026-08-20T18:02:49.0050020Z 4b63e9124de935be9996b01267a9f49487f937ff
test (18)	Run actions/checkout@v7	2026-08-20T18:02:49.0053321Z ##[endgroup]
test (18)	Run actions/checkout@v7	2026-08-20T18:02:49.0054000Z ##[group]Determining the checkout info
test (18)	Run actions/checkout@v7	2026-08-20T18:02:49.0054704Z ##[endgroup]
test (18)	Run actions/checkout@v7	2026-08-20T18:02:49.0057998Z [command]/usr/bin/git sparse-checkout disable
test (18)	Run actions/checkout@v7	2026-08-20T18:02:49.0101960Z [command]/usr/bin/git config --local --unset-all extensions.worktreeConfig
test (18)	Run actions/checkout@v7	2026-08-20T18:02:49.0130411Z ##[group]Checking out the ref
test (18)	Run actions/checkout@v7	2026-08-20T18:02:49.0133874Z [command]/usr/bin/git checkout --progress --force -B master refs/remotes/origin/master
test (18)	Run actions/checkout@v7	2026-08-20T18:02:49.0897783Z Reset branch 'master'
test (18)	Run actions/checkout@v7	2026-08-20T18:02:49.0900328Z branch 'master' set up to track 'origin/master'.
test (18)	Run actions/checkout@v7	2026-08-20T18:02:49.0909535Z ##[endgroup]
test (18)	Run actions/checkout@v7	2026-08-20T18:02:49.0953151Z [command]/usr/bin/git log -1 --format=%H
test (18)	Run actions/checkout@v7	2026-08-20T18:02:49.0979934Z 4b63e9124de935be9996b01267a9f49487f937ff
test (18)	Run actions/setup-node@v7	﻿2026-08-20T18:02:49.1216237Z ##[group]Run actions/setup-node@v7
test (18)	Run actions/setup-node@v7	2026-08-20T18:02:49.1216558Z with:
test (18)	Run actions/setup-node@v7	2026-08-20T18:02:49.1216776Z   node-version: 18
test (18)	Run actions/setup-node@v7	2026-08-20T18:02:49.1217012Z   check-latest: false
test (18)	Run actions/setup-node@v7	2026-08-20T18:02:49.1219138Z   token: ***
test (18)	Run actions/setup-node@v7	2026-08-20T18:02:49.1219375Z   package-manager-cache: true
test (18)	Run actions/setup-node@v7	2026-08-20T18:02:49.1219637Z ##[endgroup]
test (18)	Run actions/setup-node@v7	2026-08-20T18:02:49.2272774Z Attempting to download 18...
test (18)	Run actions/setup-node@v7	2026-08-20T18:02:50.1173218Z Acquiring 18.20.8 - x64 from https://github.com/actions/node-versions/releases/download/18.20.8-14110393767/node-18.20.8-linux-x64.tar.gz
test (18)	Run actions/setup-node@v7	2026-08-20T18:02:50.5018926Z Extracting ...
test (18)	Run actions/setup-node@v7	2026-08-20T18:02:50.5117906Z [command]/usr/bin/tar xz --strip 1 --warning=no-unknown-keyword --overwrite -C /home/runner/work/_temp/15b60d07-db20-4de1-a040-3a873fa4a703 -f /home/runner/work/_temp/997dc660-98d7-4c4d-9c90-75a475e7c0f8
test (18)	Run actions/setup-node@v7	2026-08-20T18:02:51.3280895Z Adding to the cache ...
test (18)	Run actions/setup-node@v7	2026-08-20T18:02:53.1581033Z ##[group]Environment details
test (18)	Run actions/setup-node@v7	2026-08-20T18:02:53.3445981Z node: v18.20.8
test (18)	Run actions/setup-node@v7	2026-08-20T18:02:53.3446294Z npm: 10.8.2
test (18)	Run actions/setup-node@v7	2026-08-20T18:02:53.3446563Z yarn: 1.22.22
test (18)	Run actions/setup-node@v7	2026-08-20T18:02:53.3446980Z ##[endgroup]
test (18)	Assert the test glob matches at least one file	﻿2026-08-20T18:02:53.3589225Z ##[group]Run ls test/*.test.js
test (18)	Assert the test glob matches at least one file	2026-08-20T18:02:53.3589517Z [36;1mls test/*.test.js[0m
test (18)	Assert the test glob matches at least one file	2026-08-20T18:02:53.3630061Z shell: /usr/bin/bash -e {0}
test (18)	Assert the test glob matches at least one file	2026-08-20T18:02:53.3630296Z ##[endgroup]
test (18)	Assert the test glob matches at least one file	2026-08-20T18:02:53.3714385Z test/args.test.js
test (18)	Assert the test glob matches at least one file	2026-08-20T18:02:53.3714633Z test/cli.test.js
test (18)	Assert the test glob matches at least one file	2026-08-20T18:02:53.3714927Z test/node-support-citation.test.js
test (18)	Assert the test glob matches at least one file	2026-08-20T18:02:53.3715213Z test/pipe.test.js
test (18)	Assert the test glob matches at least one file	2026-08-20T18:02:53.3715426Z test/readme-tags.test.js
test (18)	Assert the test glob matches at least one file	2026-08-20T18:02:53.3715641Z test/select.test.js
test (18)	Run node --test test/*.test.js	﻿2026-08-20T18:02:53.3741321Z ##[group]Run node --test test/*.test.js
test (18)	Run node --test test/*.test.js	2026-08-20T18:02:53.3741592Z [36;1mnode --test test/*.test.js[0m
test (18)	Run node --test test/*.test.js	2026-08-20T18:02:53.3772933Z shell: /usr/bin/bash -e {0}
test (18)	Run node --test test/*.test.js	2026-08-20T18:02:53.3773159Z ##[endgroup]
test (18)	Run node --test test/*.test.js	2026-08-20T18:02:53.4175061Z TAP version 13
test (18)	Run node --test test/*.test.js	2026-08-20T18:02:53.4698821Z # Subtest: zero args: no error, no filters set
test (18)	Run node --test test/*.test.js	2026-08-20T18:02:53.4712674Z ok 1 - zero args: no error, no filters set
test (18)	Run node --test test/*.test.js	2026-08-20T18:02:53.4721486Z   ---
test (18)	Run node --test test/*.test.js	2026-08-20T18:02:53.4721893Z   duration_ms: 1.462869
test (18)	Run node --test test/*.test.js	2026-08-20T18:02:53.4722262Z   ...
test (18)	Run node --test test/*.test.js	2026-08-20T18:02:53.4722651Z # Subtest: --author <name> sets author string
test (18)	Run node --test test/*.test.js	2026-08-20T18:02:53.4723100Z ok 2 - --author <name> sets author string
test (18)	Run node --test test/*.test.js	2026-08-20T18:02:53.4723472Z   ---
test (18)	Run node --test test/*.test.js	2026-08-20T18:02:53.4723772Z   duration_ms: 0.234177
test (18)	Run node --test test/*.test.js	2026-08-20T18:02:53.4724078Z   ...
test (18)	Run node --test test/*.test.js	2026-08-20T18:02:53.4745058Z # Subtest: --author=<name> equals form sets author string
test (18)	Run node --test test/*.test.js	2026-08-20T18:02:53.4758102Z ok 3 - --author=<name> equals form sets author string
test (18)	Run node --test test/*.test.js	2026-08-20T18:02:53.4788021Z   ---
test (18)	Run node --test test/*.test.js	2026-08-20T18:02:53.4817943Z   duration_ms: 0.123242
test (18)	Run node --test test/*.test.js	2026-08-20T18:02:53.4819168Z   ...
test (18)	Run node --test test/*.test.js	2026-08-20T18:02:53.4819658Z # Subtest: --tag <tag> sets tag string
test (18)	Run node --test test/*.test.js	2026-08-20T18:02:53.4820243Z ok 4 - --tag <tag> sets tag string
test (18)	Run node --test test/*.test.js	2026-08-20T18:02:53.4841459Z   ---
test (18)	Run node --test test/*.test.js	2026-08-20T18:02:53.4841949Z   duration_ms: 1.017759
test (18)	Run node --test test/*.test.js	2026-08-20T18:02:53.4842860Z   ...
test (18)	Run node --test test/*.test.js	2026-08-20T18:02:53.4843449Z # Subtest: --tag=<tag> equals form sets tag string
test (18)	Run node --test test/*.test.js	2026-08-20T18:02:53.4843941Z ok 5 - --tag=<tag> equals form sets tag string
test (18)	Run node --test test/*.test.js	2026-08-20T18:02:53.4844304Z   ---
test (18)	Run node --test test/*.test.js	2026-08-20T18:02:53.4844552Z   duration_ms: 0.146026
test (18)	Run node --test test/*.test.js	2026-08-20T18:02:53.4844816Z   ...
test (18)	Run node --test test/*.test.js	2026-08-20T18:02:53.4845198Z # Subtest: combined --author X --tag Y sets both
test (18)	Run node --test test/*.test.js	2026-08-20T18:02:53.4845660Z ok 6 - combined --author X --tag Y sets both
test (18)	Run node --test test/*.test.js	2026-08-20T18:02:53.4846000Z   ---
test (18)	Run node --test test/*.test.js	2026-08-20T18:02:53.4846233Z   duration_ms: 0.12158
test (18)	Run node --test test/*.test.js	2026-08-20T18:02:53.4846487Z   ...
test (18)	Run node --test test/*.test.js	2026-08-20T18:02:53.4846794Z # Subtest: --seed <n> parses as a number
test (18)	Run node --test test/*.test.js	2026-08-20T18:02:53.4847189Z ok 7 - --seed <n> parses as a number
test (18)	Run node --test test/*.test.js	2026-08-20T18:02:53.4847697Z   ---
test (18)	Run node --test test/*.test.js	2026-08-20T18:02:53.4847939Z   duration_ms: 0.156773
test (18)	Run node --test test/*.test.js	2026-08-20T18:02:53.4848190Z   ...
test (18)	Run node --test test/*.test.js	2026-08-20T18:02:53.4848541Z # Subtest: --seed=<n> equals form parses as a number
test (18)	Run node --test test/*.test.js	2026-08-20T18:02:53.4848997Z ok 8 - --seed=<n> equals form parses as a number
test (18)	Run node --test test/*.test.js	2026-08-20T18:02:53.4849239Z   ---
test (18)	Run node --test test/*.test.js	2026-08-20T18:02:53.4849406Z   duration_ms: 0.14783
test (18)	Run node --test test/*.test.js	2026-08-20T18:02:53.4849591Z   ...
test (18)	Run node --test test/*.test.js	2026-08-20T18:02:53.4849816Z # Subtest: --seed <n> accepts a negative number
test (18)	Run node --test test/*.test.js	2026-08-20T18:02:53.4850103Z ok 9 - --seed <n> accepts a negative number
test (18)	Run node --test test/*.test.js	2026-08-20T18:02:53.4850329Z   ---
test (18)	Run node --test test/*.test.js	2026-08-20T18:02:53.4850490Z   duration_ms: 0.169351
test (18)	Run node --test test/*.test.js	2026-08-20T18:02:53.4850666Z   ...
test (18)	Run node --test test/*.test.js	2026-08-20T18:02:53.4850929Z # Subtest: --seed=<n> equals form accepts a negative number
test (18)	Run node --test test/*.test.js	2026-08-20T18:02:53.4851322Z ok 10 - --seed=<n> equals form accepts a negative number
test (18)	Run node --test test/*.test.js	2026-08-20T18:02:53.4851682Z   ---
test (18)	Run node --test test/*.test.js	2026-08-20T18:02:53.4851843Z   duration_ms: 0.180578
test (18)	Run node --test test/*.test.js	2026-08-20T18:02:53.4852017Z   ...
test (18)	Run node --test test/*.test.js	2026-08-20T18:02:53.4852245Z # Subtest: non-numeric --seed is a usage error
test (18)	Run node --test test/*.test.js	2026-08-20T18:02:53.4852538Z ok 11 - non-numeric --seed is a usage error
test (18)	Run node --test test/*.test.js	2026-08-20T18:02:53.4852755Z   ---
test (18)	Run node --test test/*.test.js	2026-08-20T18:02:53.4852915Z   duration_ms: 0.239055
test (18)	Run node --test test/*.test.js	2026-08-20T18:02:53.4853082Z   ...
test (18)	Run node --test test/*.test.js	2026-08-20T18:02:53.4853329Z # Subtest: non-numeric --seed= equals form is a usage error
test (18)	Run node --test test/*.test.js	2026-08-20T18:02:53.4853675Z ok 12 - non-numeric --seed= equals form is a usage error
test (18)	Run node --test test/*.test.js	2026-08-20T18:02:53.4853914Z   ---
test (18)	Run node --test test/*.test.js	2026-08-20T18:02:53.4854072Z   duration_ms: 0.14159
test (18)	Run node --test test/*.test.js	2026-08-20T18:02:53.4854246Z   ...
test (18)	Run node --test test/*.test.js	2026-08-20T18:02:53.4854436Z # Subtest: --list sets list: true
test (18)	Run node --test test/*.test.js	2026-08-20T18:02:53.4854694Z ok 13 - --list sets list: true
test (18)	Run node --test test/*.test.js	2026-08-20T18:02:53.4854885Z   ---
test (18)	Run node --test test/*.test.js	2026-08-20T18:02:53.4855047Z   duration_ms: 0.082653
test (18)	Run node --test test/*.test.js	2026-08-20T18:02:53.4855219Z   ...
test (18)	Run node --test test/*.test.js	2026-08-20T18:02:53.4855410Z # Subtest: --json sets json: true
test (18)	Run node --test test/*.test.js	2026-08-20T18:02:53.4855639Z ok 14 - --json sets json: true
test (18)	Run node --test test/*.test.js	2026-08-20T18:02:53.4855823Z   ---
test (18)	Run node --test test/*.test.js	2026-08-20T18:02:53.4855975Z   duration_ms: 0.151354
test (18)	Run node --test test/*.test.js	2026-08-20T18:02:53.4856146Z   ...
test (18)	Run node --test test/*.test.js	2026-08-20T18:02:53.4856340Z # Subtest: --help sets help: true
test (18)	Run node --test test/*.test.js	2026-08-20T18:02:53.4856835Z ok 15 - --help sets help: true
test (18)	Run node --test test/*.test.js	2026-08-20T18:02:53.4857018Z   ---
test (18)	Run node --test test/*.test.js	2026-08-20T18:02:53.4857174Z   duration_ms: 0.075202
test (18)	Run node --test test/*.test.js	2026-08-20T18:02:53.4857689Z   ...
test (18)	Run node --test test/*.test.js	2026-08-20T18:02:53.4857890Z # Subtest: -h sets help: true
test (18)	Run node --test test/*.test.js	2026-08-20T18:02:53.4858113Z ok 16 - -h sets help: true
test (18)	Run node --test test/*.test.js	2026-08-20T18:02:53.4858292Z   ---
test (18)	Run node --test test/*.test.js	2026-08-20T18:02:53.4858448Z   duration_ms: 0.10782
test (18)	Run node --test test/*.test.js	2026-08-20T18:02:53.4858618Z   ...
test (18)	Run node --test test/*.test.js	2026-08-20T18:02:53.4858850Z # Subtest: unknown flag is a usage error
test (18)	Run node --test test/*.test.js	2026-08-20T18:02:53.4859142Z ok 17 - unknown flag is a usage error
test (18)	Run node --test test/*.test.js	2026-08-20T18:02:53.4859359Z   ---
test (18)	Run node --test test/*.test.js	2026-08-20T18:02:53.4859542Z   duration_ms: 0.233186
test (18)	Run node --test test/*.test.js	2026-08-20T18:02:53.4859730Z   ...
test (18)	Run node --test test/*.test.js	2026-08-20T18:02:53.4859964Z # Subtest: unknown short flag is a usage error
test (18)	Run node --test test/*.test.js	2026-08-20T18:02:53.4860267Z ok 18 - unknown short flag is a usage error
test (18)	Run node --test test/*.test.js	2026-08-20T18:02:53.4860503Z   ---
test (18)	Run node --test test/*.test.js	2026-08-20T18:02:53.4860673Z   duration_ms: 0.224553
test (18)	Run node --test test/*.test.js	2026-08-20T18:02:53.4860864Z   ...
test (18)	Run node --test test/*.test.js	2026-08-20T18:02:53.4861150Z # Subtest: --author missing value at end of argv is a usage error
test (18)	Run node --test test/*.test.js	2026-08-20T18:02:53.4861556Z ok 19 - --author missing value at end of argv is a usage error
test (18)	Run node --test test/*.test.js	2026-08-20T18:02:53.4861828Z   ---
test (18)	Run node --test test/*.test.js	2026-08-20T18:02:53.4861999Z   duration_ms: 0.157955
test (18)	Run node --test test/*.test.js	2026-08-20T18:02:53.4862182Z   ...
test (18)	Run node --test test/*.test.js	2026-08-20T18:02:53.4862681Z # Subtest: --tag missing value because next token is another flag is a usage error
test (18)	Run node --test test/*.test.js	2026-08-20T18:02:53.4863155Z ok 20 - --tag missing value because next token is another flag is a usage error
test (18)	Run node --test test/*.test.js	2026-08-20T18:02:53.4863473Z   ---
test (18)	Run node --test test/*.test.js	2026-08-20T18:02:53.4863635Z   duration_ms: 0.190703
test (18)	Run node --test test/*.test.js	2026-08-20T18:02:53.4863837Z   ...
test (18)	Run node --test test/*.test.js	2026-08-20T18:02:53.4864120Z # Subtest: --seed missing value at end of argv is a usage error
test (18)	Run node --test test/*.test.js	2026-08-20T18:02:53.4864542Z ok 21 - --seed missing value at end of argv is a usage error
test (18)	Run node --test test/*.test.js	2026-08-20T18:02:53.4864806Z   ---
test (18)	Run node --test test/*.test.js	2026-08-20T18:02:53.4864993Z   duration_ms: 0.103623
test (18)	Run node --test test/*.test.js	2026-08-20T18:02:53.4865225Z   ...
test (18)	Run node --test test/*.test.js	2026-08-20T18:02:53.4865506Z # Subtest: --author= with empty value is a usage error
test (18)	Run node --test test/*.test.js	2026-08-20T18:02:53.4865884Z ok 22 - --author= with empty value is a usage error
test (18)	Run node --test test/*.test.js	2026-08-20T18:02:53.4866161Z   ---
test (18)	Run node --test test/*.test.js	2026-08-20T18:02:53.4866465Z   duration_ms: 0.068001
test (18)	Run node --test test/*.test.js	2026-08-20T18:02:53.4866827Z   ...
test (18)	Run node --test test/*.test.js	2026-08-20T18:02:53.4867455Z # Subtest: a bare positional argument (not a flag) is a usage error
test (18)	Run node --test test/*.test.js	2026-08-20T18:02:53.4868160Z ok 23 - a bare positional argument (not a flag) is a usage error
test (18)	Run node --test test/*.test.js	2026-08-20T18:02:53.4868672Z   ---
test (18)	Run node --test test/*.test.js	2026-08-20T18:02:53.4868977Z   duration_ms: 0.079227
test (18)	Run node --test test/*.test.js	2026-08-20T18:02:53.4869318Z   ...
test (18)	Run node --test test/*.test.js	2026-08-20T18:02:53.4869742Z # Subtest: parseArgs never throws on malformed input
test (18)	Run node --test test/*.test.js	2026-08-20T18:02:53.4870224Z ok 24 - parseArgs never throws on malformed input
test (18)	Run node --test test/*.test.js	2026-08-20T18:02:53.4870558Z   ---
test (18)	Run node --test test/*.test.js	2026-08-20T18:02:53.4870854Z   duration_ms: 0.237942
test (18)	Run node --test test/*.test.js	2026-08-20T18:02:53.4871217Z   ...
test (18)	Run node --test test/*.test.js	2026-08-20T18:02:53.4871631Z # Subtest: absent options are undefined/false, never null
test (18)	Run node --test test/*.test.js	2026-08-20T18:02:53.4872262Z ok 25 - absent options are undefined/false, never null
test (18)	Run node --test test/*.test.js	2026-08-20T18:02:53.4872698Z   ---
test (18)	Run node --test test/*.test.js	2026-08-20T18:02:53.4872944Z   duration_ms: 1.10613
test (18)	Run node --test test/*.test.js	2026-08-20T18:02:53.4873230Z   ...
test (18)	Run node --test test/*.test.js	2026-08-20T18:02:53.4873675Z # Subtest: HELP is a non-empty string mentioning every flag name
test (18)	Run node --test test/*.test.js	2026-08-20T18:02:53.4874274Z ok 26 - HELP is a non-empty string mentioning every flag name
test (18)	Run node --test test/*.test.js	2026-08-20T18:02:53.4874707Z   ---
test (18)	Run node --test test/*.test.js	2026-08-20T18:02:53.4874971Z   duration_ms: 0.199486
test (18)	Run node --test test/*.test.js	2026-08-20T18:02:53.4875257Z   ...
test (18)	Run node --test test/*.test.js	2026-08-20T18:02:53.4875712Z # Subtest: HELP fits comfortably on one 24-line terminal screen
test (18)	Run node --test test/*.test.js	2026-08-20T18:02:53.4876352Z ok 27 - HELP fits comfortably on one 24-line terminal screen
test (18)	Run node --test test/*.test.js	2026-08-20T18:02:53.4876786Z   ---
test (18)	Run node --test test/*.test.js	2026-08-20T18:02:53.4877037Z   duration_ms: 0.105917
test (18)	Run node --test test/*.test.js	2026-08-20T18:02:53.4877977Z   ...
test (18)	Run node --test test/*.test.js	2026-08-20T18:02:53.4878637Z # Subtest: --seed Infinity / --seed -Infinity parse to numbers, not a usage error
test (18)	Run node --test test/*.test.js	2026-08-20T18:02:53.4879458Z ok 28 - --seed Infinity / --seed -Infinity parse to numbers, not a usage error
test (18)	Run node --test test/*.test.js	2026-08-20T18:02:53.4879964Z   ---
test (18)	Run node --test test/*.test.js	2026-08-20T18:02:53.4880218Z   duration_ms: 0.110413
test (18)	Run node --test test/*.test.js	2026-08-20T18:02:53.4880502Z   ...
test (18)	Run node --test test/*.test.js	2026-08-20T18:02:56.0686395Z # Subtest: bare invocation prints one attributed aphorism and exits 0
test (18)	Run node --test test/*.test.js	2026-08-20T18:02:56.0698811Z ok 29 - bare invocation prints one attributed aphorism and exits 0
test (18)	Run node --test test/*.test.js	2026-08-20T18:02:56.0699434Z   ---
test (18)	Run node --test test/*.test.js	2026-08-20T18:02:56.0699755Z   duration_ms: 32.466113
test (18)	Run node --test test/*.test.js	2026-08-20T18:02:56.0700190Z   ...
test (18)	Run node --test test/*.test.js	2026-08-20T18:02:56.0700853Z # Subtest: --seed is deterministic across separate processes
test (18)	Run node --test test/*.test.js	2026-08-20T18:02:56.0701443Z ok 30 - --seed is deterministic across separate processes
test (18)	Run node --test test/*.test.js	2026-08-20T18:02:56.0701877Z   ---
test (18)	Run node --test test/*.test.js	2026-08-20T18:02:56.0702120Z   duration_ms: 72.376173
test (18)	Run node --test test/*.test.js	2026-08-20T18:02:56.0702422Z   ...
test (18)	Run node --test test/*.test.js	2026-08-20T18:02:56.0702842Z # Subtest: different seeds do not all collapse to one aphorism
test (18)	Run node --test test/*.test.js	2026-08-20T18:02:56.0703434Z ok 31 - different seeds do not all collapse to one aphorism
test (18)	Run node --test test/*.test.js	2026-08-20T18:02:56.0703825Z   ---
test (18)	Run node --test test/*.test.js	2026-08-20T18:02:56.0704074Z   duration_ms: 400.422902
test (18)	Run node --test test/*.test.js	2026-08-20T18:02:56.0704356Z   ...
test (18)	Run node --test test/*.test.js	2026-08-20T18:02:56.0704834Z # Subtest: --json emits a single-line JSON object with text/author/tags
test (18)	Run node --test test/*.test.js	2026-08-20T18:02:56.0705492Z ok 32 - --json emits a single-line JSON object with text/author/tags
test (18)	Run node --test test/*.test.js	2026-08-20T18:02:56.0705916Z   ---
test (18)	Run node --test test/*.test.js	2026-08-20T18:02:56.0706169Z   duration_ms: 38.204434
test (18)	Run node --test test/*.test.js	2026-08-20T18:02:56.0706442Z   ...
test (18)	Run node --test test/*.test.js	2026-08-20T18:02:56.0706822Z # Subtest: --list prints every entry in the filtered set
test (18)	Run node --test test/*.test.js	2026-08-20T18:02:56.0708042Z ok 33 - --list prints every entry in the filtered set
test (18)	Run node --test test/*.test.js	2026-08-20T18:02:56.0708432Z   ---
test (18)	Run node --test test/*.test.js	2026-08-20T18:02:56.0708682Z   duration_ms: 29.516004
test (18)	Run node --test test/*.test.js	2026-08-20T18:02:56.0708952Z   ...
test (18)	Run node --test test/*.test.js	2026-08-20T18:02:56.0709322Z # Subtest: --help prints usage to stdout and exits 0
test (18)	Run node --test test/*.test.js	2026-08-20T18:02:56.0709815Z ok 34 - --help prints usage to stdout and exits 0
test (18)	Run node --test test/*.test.js	2026-08-20T18:02:56.0710171Z   ---
test (18)	Run node --test test/*.test.js	2026-08-20T18:02:56.0710439Z   duration_ms: 27.465998
test (18)	Run node --test test/*.test.js	2026-08-20T18:02:56.0710813Z   ...
test (18)	Run node --test test/*.test.js	2026-08-20T18:02:56.0711262Z # Subtest: no match exits 1 with stderr only and zero bytes on stdout
test (18)	Run node --test test/*.test.js	2026-08-20T18:02:56.0711889Z ok 35 - no match exits 1 with stderr only and zero bytes on stdout
test (18)	Run node --test test/*.test.js	2026-08-20T18:02:56.0712284Z   ---
test (18)	Run node --test test/*.test.js	2026-08-20T18:02:56.0712531Z   duration_ms: 25.903857
test (18)	Run node --test test/*.test.js	2026-08-20T18:02:56.0712766Z   ...
test (18)	Run node --test test/*.test.js	2026-08-20T18:02:56.0713101Z # Subtest: unknown flag is a usage error, exit 2, stdout clean
test (18)	Run node --test test/*.test.js	2026-08-20T18:02:56.0713557Z ok 36 - unknown flag is a usage error, exit 2, stdout clean
test (18)	Run node --test test/*.test.js	2026-08-20T18:02:56.0714055Z   ---
test (18)	Run node --test test/*.test.js	2026-08-20T18:02:56.0737882Z   duration_ms: 26.785854
test (18)	Run node --test test/*.test.js	2026-08-20T18:02:56.0747981Z   ...
test (18)	Run node --test test/*.test.js	2026-08-20T18:02:56.0748508Z # Subtest: non-numeric seed is a usage error, exit 2
test (18)	Run node --test test/*.test.js	2026-08-20T18:02:56.0749039Z ok 37 - non-numeric seed is a usage error, exit 2
test (18)	Run node --test test/*.test.js	2026-08-20T18:02:56.0749403Z   ---
test (18)	Run node --test test/*.test.js	2026-08-20T18:02:56.0749667Z   duration_ms: 27.185232
test (18)	Run node --test test/*.test.js	2026-08-20T18:02:56.0749919Z   ...
test (18)	Run node --test test/*.test.js	2026-08-20T18:02:56.0750319Z # Subtest: author filter is case-insensitive and narrows the list
test (18)	Run node --test test/*.test.js	2026-08-20T18:02:56.0750856Z ok 38 - author filter is case-insensitive and narrows the list
test (18)	Run node --test test/*.test.js	2026-08-20T18:02:56.0751232Z   ---
test (18)	Run node --test test/*.test.js	2026-08-20T18:02:56.0751473Z   duration_ms: 53.791204
test (18)	Run node --test test/*.test.js	2026-08-20T18:02:56.0751727Z   ...
test (18)	Run node --test test/*.test.js	2026-08-20T18:02:56.0752416Z # Subtest: output is pipe-safe — no ANSI escapes when not a TTY
test (18)	Run node --test test/*.test.js	2026-08-20T18:02:56.0753076Z ok 39 - output is pipe-safe — no ANSI escapes when not a TTY
test (18)	Run node --test test/*.test.js	2026-08-20T18:02:56.0753460Z   ---
test (18)	Run node --test test/*.test.js	2026-08-20T18:02:56.0753698Z   duration_ms: 26.314025
test (18)	Run node --test test/*.test.js	2026-08-20T18:02:56.0753964Z   ...
test (18)	Run node --test test/*.test.js	2026-08-20T18:02:56.0754380Z # Subtest: --tag matches membership, not substring containment
test (18)	Run node --test test/*.test.js	2026-08-20T18:02:56.0754951Z ok 40 - --tag matches membership, not substring containment
test (18)	Run node --test test/*.test.js	2026-08-20T18:02:56.0755329Z   ---
test (18)	Run node --test test/*.test.js	2026-08-20T18:02:56.0755559Z   duration_ms: 52.720512
test (18)	Run node --test test/*.test.js	2026-08-20T18:02:56.0755816Z   ...
test (18)	Run node --test test/*.test.js	2026-08-20T18:02:56.0756258Z # Subtest: --list prints exactly one line per matching entry, no drops
test (18)	Run node --test test/*.test.js	2026-08-20T18:02:56.0756886Z ok 41 - --list prints exactly one line per matching entry, no drops
test (18)	Run node --test test/*.test.js	2026-08-20T18:02:56.0757466Z   ---
test (18)	Run node --test test/*.test.js	2026-08-20T18:02:56.0757700Z   duration_ms: 24.590509
test (18)	Run node --test test/*.test.js	2026-08-20T18:02:56.0757955Z   ...
test (18)	Run node --test test/*.test.js	2026-08-20T18:02:56.0758387Z # Subtest: --list preserves corpus order (first and last line match)
test (18)	Run node --test test/*.test.js	2026-08-20T18:02:56.0759001Z ok 42 - --list preserves corpus order (first and last line match)
test (18)	Run node --test test/*.test.js	2026-08-20T18:02:56.0759567Z   ---
test (18)	Run node --test test/*.test.js	2026-08-20T18:02:56.0759732Z   duration_ms: 24.701433
test (18)	Run node --test test/*.test.js	2026-08-20T18:02:56.0759902Z   ...
test (18)	Run node --test test/*.test.js	2026-08-20T18:02:56.0760185Z # Subtest: --json output is exactly one line, never pretty-printed
test (18)	Run node --test test/*.test.js	2026-08-20T18:02:56.0760589Z ok 43 - --json output is exactly one line, never pretty-printed
test (18)	Run node --test test/*.test.js	2026-08-20T18:02:56.0760848Z   ---
test (18)	Run node --test test/*.test.js	2026-08-20T18:02:56.0761009Z   duration_ms: 25.269586
test (18)	Run node --test test/*.test.js	2026-08-20T18:02:56.0761193Z   ...
test (18)	Run node --test test/*.test.js	2026-08-20T18:02:56.0761550Z # Subtest: --list --json emits newline-delimited JSON, one object per line, in corpus order
test (18)	Run node --test test/*.test.js	2026-08-20T18:02:56.0762054Z ok 44 - --list --json emits newline-delimited JSON, one object per line, in corpus order
test (18)	Run node --test test/*.test.js	2026-08-20T18:02:56.0762367Z   ---
test (18)	Run node --test test/*.test.js	2026-08-20T18:02:56.0762531Z   duration_ms: 26.461458
test (18)	Run node --test test/*.test.js	2026-08-20T18:02:56.0762710Z   ...
test (18)	Run node --test test/*.test.js	2026-08-20T18:02:56.0763159Z # Subtest: --json composes with --seed: the seeded JSON pick is reproducible AND is the same entry as the plain-text pick
test (18)	Run node --test test/*.test.js	2026-08-20T18:02:56.0763822Z ok 45 - --json composes with --seed: the seeded JSON pick is reproducible AND is the same entry as the plain-text pick
test (18)	Run node --test test/*.test.js	2026-08-20T18:02:56.0764207Z   ---
test (18)	Run node --test test/*.test.js	2026-08-20T18:02:56.0764369Z   duration_ms: 468.284578
test (18)	Run node --test test/*.test.js	2026-08-20T18:02:56.0764550Z   ...
test (18)	Run node --test test/*.test.js	2026-08-20T18:02:56.0764959Z # Subtest: --json composes with the filter flags: the JSON pick is always a member of the FILTERED set
test (18)	Run node --test test/*.test.js	2026-08-20T18:02:56.0765666Z ok 46 - --json composes with the filter flags: the JSON pick is always a member of the FILTERED set
test (18)	Run node --test test/*.test.js	2026-08-20T18:02:56.0766000Z   ---
test (18)	Run node --test test/*.test.js	2026-08-20T18:02:56.0766164Z   duration_ms: 627.527117
test (18)	Run node --test test/*.test.js	2026-08-20T18:02:56.0766348Z   ...
test (18)	Run node --test test/*.test.js	2026-08-20T18:02:56.0766709Z # Subtest: --list accepts a valid --seed and IGNORES it: output is byte-identical across seeds
test (18)	Run node --test test/*.test.js	2026-08-20T18:02:56.0767229Z ok 47 - --list accepts a valid --seed and IGNORES it: output is byte-identical across seeds
test (18)	Run node --test test/*.test.js	2026-08-20T18:02:56.0767898Z   ---
test (18)	Run node --test test/*.test.js	2026-08-20T18:02:56.0768116Z   duration_ms: 251.511627
test (18)	Run node --test test/*.test.js	2026-08-20T18:02:56.0768357Z   ...
test (18)	Run node --test test/*.test.js	2026-08-20T18:02:56.0768870Z # Subtest: --list --seed abc is a usage error, exit 2, stdout empty, stderr carries the diagnostic
test (18)	Run node --test test/*.test.js	2026-08-20T18:02:56.0769648Z ok 48 - --list --seed abc is a usage error, exit 2, stdout empty, stderr carries the diagnostic
test (18)	Run node --test test/*.test.js	2026-08-20T18:02:56.0770128Z   ---
test (18)	Run node --test test/*.test.js	2026-08-20T18:02:56.0770344Z   duration_ms: 25.341202
test (18)	Run node --test test/*.test.js	2026-08-20T18:02:56.0770606Z   ...
test (18)	Run node --test test/*.test.js	2026-08-20T18:02:56.0771223Z # Subtest: --seed abc --list (erroring flag BEFORE --list) is still a usage error, exit 2, stdout empty
test (18)	Run node --test test/*.test.js	2026-08-20T18:02:56.0772056Z ok 49 - --seed abc --list (erroring flag BEFORE --list) is still a usage error, exit 2, stdout empty
test (18)	Run node --test test/*.test.js	2026-08-20T18:02:56.0772587Z   ---
test (18)	Run node --test test/*.test.js	2026-08-20T18:02:56.0772817Z   duration_ms: 25.332819
test (18)	Run node --test test/*.test.js	2026-08-20T18:02:56.0773096Z   ...
test (18)	Run node --test test/*.test.js	2026-08-20T18:02:56.0779231Z # Subtest: --list --seed=  (empty seed value) is a usage error, exit 2, stdout empty
test (18)	Run node --test test/*.test.js	2026-08-20T18:02:56.0780346Z ok 50 - --list --seed=  (empty seed value) is a usage error, exit 2, stdout empty
test (18)	Run node --test test/*.test.js	2026-08-20T18:02:56.0780813Z   ---
test (18)	Run node --test test/*.test.js	2026-08-20T18:02:56.0781097Z   duration_ms: 25.193132
test (18)	Run node --test test/*.test.js	2026-08-20T18:02:56.0781390Z   ...
test (18)	Run node --test test/*.test.js	2026-08-20T18:02:56.0783152Z # Subtest: --list --seed "   " (whitespace-only seed value) is a usage error, exit 2, stdout empty
test (18)	Run node --test test/*.test.js	2026-08-20T18:02:56.0783952Z ok 51 - --list --seed "   " (whitespace-only seed value) is a usage error, exit 2, stdout empty
test (18)	Run node --test test/*.test.js	2026-08-20T18:02:56.0784550Z   ---
test (18)	Run node --test test/*.test.js	2026-08-20T18:02:56.0784793Z   duration_ms: 25.511409
test (18)	Run node --test test/*.test.js	2026-08-20T18:02:56.0785077Z   ...
test (18)	Run node --test test/*.test.js	2026-08-20T18:02:56.0788094Z # Subtest: --list --nosuchflag (unknown flag) is a usage error, exit 2, stdout empty — --list does not swallow it
test (18)	Run node --test test/*.test.js	2026-08-20T18:02:56.0789672Z ok 52 - --list --nosuchflag (unknown flag) is a usage error, exit 2, stdout empty — --list does not swallow it
test (18)	Run node --test test/*.test.js	2026-08-20T18:02:56.0790387Z   ---
test (18)	Run node --test test/*.test.js	2026-08-20T18:02:56.0790735Z   duration_ms: 25.220113
test (18)	Run node --test test/*.test.js	2026-08-20T18:02:56.0791120Z   ...
test (18)	Run node --test test/*.test.js	2026-08-20T18:02:56.0791880Z # Subtest: --nosuchflag --list (unknown flag BEFORE --list) is still a usage error, exit 2, stdout empty
test (18)	Run node --test test/*.test.js	2026-08-20T18:02:56.0793221Z ok 53 - --nosuchflag --list (unknown flag BEFORE --list) is still a usage error, exit 2, stdout empty
test (18)	Run node --test test/*.test.js	2026-08-20T18:02:56.0802166Z   ---
test (18)	Run node --test test/*.test.js	2026-08-20T18:02:56.0802474Z   duration_ms: 25.1509
test (18)	Run node --test test/*.test.js	2026-08-20T18:02:56.0802769Z   ...
test (18)	Run node --test test/*.test.js	2026-08-20T18:02:56.0803434Z # Subtest: plain single-pick output is TWO lines: text, newline, four-space indent, EM DASH, space, author
test (18)	Run node --test test/*.test.js	2026-08-20T18:02:56.0804339Z ok 54 - plain single-pick output is TWO lines: text, newline, four-space indent, EM DASH, space, author
test (18)	Run node --test test/*.test.js	2026-08-20T18:02:56.0804735Z   ---
test (18)	Run node --test test/*.test.js	2026-08-20T18:02:56.0805014Z   duration_ms: 25.416489
test (18)	Run node --test test/*.test.js	2026-08-20T18:02:56.0805356Z   ...
test (18)	Run node --test test/*.test.js	2026-08-20T18:02:56.0805754Z # Subtest: --seed Infinity and --seed -Infinity (typed as CLI strings) are accepted and deterministic
test (18)	Run node --test test/*.test.js	2026-08-20T18:02:56.0806320Z ok 55 - --seed Infinity and --seed -Infinity (typed as CLI strings) are accepted and deterministic
test (18)	Run node --test test/*.test.js	2026-08-20T18:02:56.0806659Z   ---
test (18)	Run node --test test/*.test.js	2026-08-20T18:02:56.0806826Z   duration_ms: 100.623569
test (18)	Run node --test test/*.test.js	2026-08-20T18:02:56.0807013Z   ...
test (18)	Run node --test test/*.test.js	2026-08-20T18:02:56.0807601Z # Subtest: --list with a filter that matches nothing is STILL exit 1, stderr only, stdout empty
test (18)	Run node --test test/*.test.js	2026-08-20T18:02:56.0808129Z ok 56 - --list with a filter that matches nothing is STILL exit 1, stderr only, stdout empty
test (18)	Run node --test test/*.test.js	2026-08-20T18:02:56.0808456Z   ---
test (18)	Run node --test test/*.test.js	2026-08-20T18:02:56.0808815Z   duration_ms: 50.908039
test (18)	Run node --test test/*.test.js	2026-08-20T18:02:56.0809002Z   ...
test (18)	Run node --test test/*.test.js	2026-08-20T18:02:56.0809472Z # Subtest: --tag "" (bare empty-string value) matches nothing: whole-tag equality against the literal "" is not a filter no-op
test (18)	Run node --test test/*.test.js	2026-08-20T18:02:56.0810155Z ok 57 - --tag "" (bare empty-string value) matches nothing: whole-tag equality against the literal "" is not a filter no-op
test (18)	Run node --test test/*.test.js	2026-08-20T18:02:56.0810537Z   ---
test (18)	Run node --test test/*.test.js	2026-08-20T18:02:56.0810693Z   duration_ms: 25.998126
test (18)	Run node --test test/*.test.js	2026-08-20T18:02:56.0810864Z   ...
test (18)	Run node --test test/*.test.js	2026-08-20T18:02:56.0902322Z # Subtest: README Node support citation: cited git diff must be empty (or the check must skip on a missing precondition)
test (18)	Run node --test test/*.test.js	2026-08-20T18:02:56.0904445Z ok 58 - README Node support citation: cited git diff must be empty (or the check must skip on a missing precondition) # SKIP cited base commit 2b003ea is not reachable in this checkout (this is a shallow clone) -- cannot evaluate the README's Node support citation
test (18)	Run node --test test/*.test.js	2026-08-20T18:02:56.0905717Z   ---
test (18)	Run node --test test/*.test.js	2026-08-20T18:02:56.0905984Z   duration_ms: 16.854964
test (18)	Run node --test test/*.test.js	2026-08-20T18:02:56.0906287Z   ...
test (18)	Run node --test test/*.test.js	2026-08-20T18:02:56.0907529Z # Subtest: README Node support citation: base-to-working-tree diff must also be empty, so an uncommitted falsification is visible now (or the check must skip on a missing precondition)
test (18)	Run node --test test/*.test.js	2026-08-20T18:02:56.0910079Z ok 59 - README Node support citation: base-to-working-tree diff must also be empty, so an uncommitted falsification is visible now (or the check must skip on a missing precondition) # SKIP cited base commit 2b003ea is not reachable in this checkout (this is a shallow clone) -- cannot evaluate the README's Node support citation
test (18)	Run node --test test/*.test.js	2026-08-20T18:02:56.0911531Z   ---
test (18)	Run node --test test/*.test.js	2026-08-20T18:02:56.0911802Z   duration_ms: 15.551121
test (18)	Run node --test test/*.test.js	2026-08-20T18:02:56.0912086Z   ...
test (18)	Run node --test test/*.test.js	2026-08-20T18:02:56.0912574Z # Subtest: --list | true: exits quietly, zero stderr, no crash banner
test (18)	Run node --test test/*.test.js	2026-08-20T18:02:56.0913234Z ok 60 - --list | true: exits quietly, zero stderr, no crash banner
test (18)	Run node --test test/*.test.js	2026-08-20T18:02:56.0913640Z   ---
test (18)	Run node --test test/*.test.js	2026-08-20T18:02:56.0913888Z   duration_ms: 33.56261
test (18)	Run node --test test/*.test.js	2026-08-20T18:02:56.0914176Z   ...
test (18)	Run node --test test/*.test.js	2026-08-20T18:02:56.0914642Z # Subtest: | true (no --list, single aphorism): exits quietly, zero stderr
test (18)	Run node --test test/*.test.js	2026-08-20T18:02:56.0915288Z ok 61 - | true (no --list, single aphorism): exits quietly, zero stderr
test (18)	Run node --test test/*.test.js	2026-08-20T18:02:56.0915729Z   ---
test (18)	Run node --test test/*.test.js	2026-08-20T18:02:56.0915980Z   duration_ms: 39.409045
test (18)	Run node --test test/*.test.js	2026-08-20T18:02:56.0916261Z   ...
test (18)	Run node --test test/*.test.js	2026-08-20T18:02:56.0916717Z # Subtest: --list | head -0: exits quietly, zero stderr, no crash banner
test (18)	Run node --test test/*.test.js	2026-08-20T18:02:56.0917525Z ok 62 - --list | head -0: exits quietly, zero stderr, no crash banner
test (18)	Run node --test test/*.test.js	2026-08-20T18:02:56.0917968Z   ---
test (18)	Run node --test test/*.test.js	2026-08-20T18:02:56.0918217Z   duration_ms: 35.970871
test (18)	Run node --test test/*.test.js	2026-08-20T18:02:56.0918491Z   ...
test (18)	Run node --test test/*.test.js	2026-08-20T18:02:56.0918989Z # Subtest: --list | /nonexistent-cmd-xyz: no crash banner from the CLI itself
test (18)	Run node --test test/*.test.js	2026-08-20T18:02:56.0920190Z ok 63 - --list | /nonexistent-cmd-xyz: no crash banner from the CLI itself
test (18)	Run node --test test/*.test.js	2026-08-20T18:02:56.0920658Z   ---
test (18)	Run node --test test/*.test.js	2026-08-20T18:02:56.0920918Z   duration_ms: 35.456183
test (18)	Run node --test test/*.test.js	2026-08-20T18:02:56.0921194Z   ...
test (18)	Run node --test test/*.test.js	2026-08-20T18:02:56.0921774Z # Subtest: non-EPIPE stdout write failure: reported, not silent, not exit 1, no stack trace
test (18)	Run node --test test/*.test.js	2026-08-20T18:02:56.0948604Z ok 64 - non-EPIPE stdout write failure: reported, not silent, not exit 1, no stack trace
test (18)	Run node --test test/*.test.js	2026-08-20T18:02:56.0949193Z   ---
test (18)	Run node --test test/*.test.js	2026-08-20T18:02:56.0949476Z   duration_ms: 35.671653
test (18)	Run node --test test/*.test.js	2026-08-20T18:02:56.0949761Z   ...
test (18)	Run node --test test/*.test.js	2026-08-20T18:02:56.0950328Z # Subtest: usage error survives a closed stderr reader: still exits 2, not clobbered to 1
test (18)	Run node --test test/*.test.js	2026-08-20T18:02:56.0951155Z ok 65 - usage error survives a closed stderr reader: still exits 2, not clobbered to 1
test (18)	Run node --test test/*.test.js	2026-08-20T18:02:56.0951654Z   ---
test (18)	Run node --test test/*.test.js	2026-08-20T18:02:56.0951912Z   duration_ms: 86.833368
test (18)	Run node --test test/*.test.js	2026-08-20T18:02:56.0952197Z   ...
test (18)	Run node --test test/*.test.js	2026-08-20T18:02:56.0952784Z # Subtest: no-match exit code survives a closed stderr reader: still exits 1, not misreported
test (18)	Run node --test test/*.test.js	2026-08-20T18:02:56.0953632Z ok 66 - no-match exit code survives a closed stderr reader: still exits 1, not misreported
test (18)	Run node --test test/*.test.js	2026-08-20T18:02:56.0954129Z   ---
test (18)	Run node --test test/*.test.js	2026-08-20T18:02:56.0954378Z   duration_ms: 96.16711
test (18)	Run node --test test/*.test.js	2026-08-20T18:02:56.0954963Z   ...
test (18)	Run node --test test/*.test.js	2026-08-20T18:02:56.0955584Z # Subtest: non-EPIPE stderr write failure: not silent, not the earned exit code, no stack trace
test (18)	Run node --test test/*.test.js	2026-08-20T18:02:56.0956487Z ok 67 - non-EPIPE stderr write failure: not silent, not the earned exit code, no stack trace
test (18)	Run node --test test/*.test.js	2026-08-20T18:02:56.0957021Z   ---
test (18)	Run node --test test/*.test.js	2026-08-20T18:02:56.0957440Z   duration_ms: 30.3698
test (18)	Run node --test test/*.test.js	2026-08-20T18:02:56.0957707Z   ...
test (18)	Run node --test test/*.test.js	2026-08-20T18:02:56.0958116Z # Subtest: control: --list | head -1 stays completely clean
test (18)	Run node --test test/*.test.js	2026-08-20T18:02:56.0958686Z ok 68 - control: --list | head -1 stays completely clean
test (18)	Run node --test test/*.test.js	2026-08-20T18:02:56.0959057Z   ---
test (18)	Run node --test test/*.test.js	2026-08-20T18:02:56.0959309Z   duration_ms: 32.64925
test (18)	Run node --test test/*.test.js	2026-08-20T18:02:56.0959582Z   ...
test (18)	Run node --test test/*.test.js	2026-08-20T18:02:56.0960012Z # Subtest: control: --list | head -5 stays completely clean
test (18)	Run node --test test/*.test.js	2026-08-20T18:02:56.0960588Z ok 69 - control: --list | head -5 stays completely clean
test (18)	Run node --test test/*.test.js	2026-08-20T18:02:56.0961009Z   ---
test (18)	Run node --test test/*.test.js	2026-08-20T18:02:56.0961295Z   duration_ms: 28.182817
test (18)	Run node --test test/*.test.js	2026-08-20T18:02:56.0961601Z   ...
test (18)	Run node --test test/*.test.js	2026-08-20T18:02:56.0962011Z # Subtest: control: --list | sed 1q stays completely clean
test (18)	Run node --test test/*.test.js	2026-08-20T18:02:56.0962555Z ok 70 - control: --list | sed 1q stays completely clean
test (18)	Run node --test test/*.test.js	2026-08-20T18:02:56.0962936Z   ---
test (18)	Run node --test test/*.test.js	2026-08-20T18:02:56.0963186Z   duration_ms: 27.51157
test (18)	Run node --test test/*.test.js	2026-08-20T18:02:56.0963455Z   ...
test (18)	Run node --test test/*.test.js	2026-08-20T18:02:56.0963863Z # Subtest: control: --list | grep -q . stays completely clean
test (18)	Run node --test test/*.test.js	2026-08-20T18:02:56.0964438Z ok 71 - control: --list | grep -q . stays completely clean
test (18)	Run node --test test/*.test.js	2026-08-20T18:02:56.0964833Z   ---
test (18)	Run node --test test/*.test.js	2026-08-20T18:02:56.0965081Z   duration_ms: 28.042989
test (18)	Run node --test test/*.test.js	2026-08-20T18:02:56.0965372Z   ...
test (18)	Run node --test test/*.test.js	2026-08-20T18:02:56.0965733Z # Subtest: control: | wc -l stays completely clean
test (18)	Run node --test test/*.test.js	2026-08-20T18:02:56.0966225Z ok 72 - control: | wc -l stays completely clean
test (18)	Run node --test test/*.test.js	2026-08-20T18:02:56.0966600Z   ---
test (18)	Run node --test test/*.test.js	2026-08-20T18:02:56.0966853Z   duration_ms: 28.763272
test (18)	Run node --test test/*.test.js	2026-08-20T18:02:56.0967132Z   ...
test (18)	Run node --test test/*.test.js	2026-08-20T18:02:56.0967756Z # Subtest: control: --list --json | head -2 stays completely clean
test (18)	Run node --test test/*.test.js	2026-08-20T18:02:56.0968425Z ok 73 - control: --list --json | head -2 stays completely clean
test (18)	Run node --test test/*.test.js	2026-08-20T18:02:56.0968868Z   ---
test (18)	Run node --test test/*.test.js	2026-08-20T18:02:56.0969166Z   duration_ms: 26.706071
test (18)	Run node --test test/*.test.js	2026-08-20T18:02:56.0969447Z   ...
test (18)	Run node --test test/*.test.js	2026-08-20T18:02:56.0969921Z # Subtest: control: exit 1 / exit 2 stderr messages and codes are unchanged
test (18)	Run node --test test/*.test.js	2026-08-20T18:02:56.0970601Z ok 74 - control: exit 1 / exit 2 stderr messages and codes are unchanged
test (18)	Run node --test test/*.test.js	2026-08-20T18:02:56.0971052Z   ---
test (18)	Run node --test test/*.test.js	2026-08-20T18:02:56.0971301Z   duration_ms: 53.630256
test (18)	Run node --test test/*.test.js	2026-08-20T18:02:56.0971580Z   ...
test (18)	Run node --test test/*.test.js	2026-08-20T18:02:56.0972111Z # Subtest: control: a normal (non-full) stdout target still exits 0 with empty stderr
test (18)	Run node --test test/*.test.js	2026-08-20T18:02:56.0972918Z ok 75 - control: a normal (non-full) stdout target still exits 0 with empty stderr
test (18)	Run node --test test/*.test.js	2026-08-20T18:02:56.0973653Z   ---
test (18)	Run node --test test/*.test.js	2026-08-20T18:02:56.0973899Z   duration_ms: 53.811114
test (18)	Run node --test test/*.test.js	2026-08-20T18:02:56.0974181Z   ...
test (18)	Run node --test test/*.test.js	2026-08-20T18:02:56.0974533Z # Subtest: README tags must exist in corpus
test (18)	Run node --test test/*.test.js	2026-08-20T18:02:56.0974977Z ok 76 - README tags must exist in corpus
test (18)	Run node --test test/*.test.js	2026-08-20T18:02:56.0975312Z   ---
test (18)	Run node --test test/*.test.js	2026-08-20T18:02:56.0975576Z   duration_ms: 3.329838
test (18)	Run node --test test/*.test.js	2026-08-20T18:02:56.0975855Z   ...
test (18)	Run node --test test/*.test.js	2026-08-20T18:02:56.0976202Z # Subtest: README tag counts must match corpus
test (18)	Run node --test test/*.test.js	2026-08-20T18:02:56.0976668Z ok 77 - README tag counts must match corpus
test (18)	Run node --test test/*.test.js	2026-08-20T18:02:56.0977020Z   ---
test (18)	Run node --test test/*.test.js	2026-08-20T18:02:56.0977410Z   duration_ms: 0.521573
test (18)	Run node --test test/*.test.js	2026-08-20T18:02:56.0977679Z   ...
test (18)	Run node --test test/*.test.js	2026-08-20T18:02:56.0988492Z # Subtest: README must state total unique tags correctly
test (18)	Run node --test test/*.test.js	2026-08-20T18:02:56.0989199Z ok 78 - README must state total unique tags correctly
test (18)	Run node --test test/*.test.js	2026-08-20T18:02:56.0989678Z   ---
test (18)	Run node --test test/*.test.js	2026-08-20T18:02:56.0990049Z   duration_ms: 0.986814
test (18)	Run node --test test/*.test.js	2026-08-20T18:02:56.0990421Z   ...
test (18)	Run node --test test/*.test.js	2026-08-20T18:02:56.0990884Z # Subtest: README must list all single-entry tags
test (18)	Run node --test test/*.test.js	2026-08-20T18:02:56.0991473Z ok 79 - README must list all single-entry tags
test (18)	Run node --test test/*.test.js	2026-08-20T18:02:56.0991928Z   ---
test (18)	Run node --test test/*.test.js	2026-08-20T18:02:56.0992264Z   duration_ms: 0.30347
test (18)	Run node --test test/*.test.js	2026-08-20T18:02:56.0992617Z   ...
test (18)	Run node --test test/*.test.js	2026-08-20T18:02:56.0993377Z # Subtest: README Tag vocabulary counts table "Tags on exactly one entry" row matches the corpus (structural replacement for the retired token co-occurrence guard, Q-4)
test (18)	Run node --test test/*.test.js	2026-08-20T18:02:56.0994606Z ok 80 - README Tag vocabulary counts table "Tags on exactly one entry" row matches the corpus (structural replacement for the retired token co-occurrence guard, Q-4)
test (18)	Run node --test test/*.test.js	2026-08-20T18:02:56.0995172Z   ---
test (18)	Run node --test test/*.test.js	2026-08-20T18:02:56.0995408Z   duration_ms: 0.432491
test (18)	Run node --test test/*.test.js	2026-08-20T18:02:56.0995681Z   ...
test (18)	Run node --test test/*.test.js	2026-08-20T18:02:56.0996243Z # Subtest: assertTagVocabCountsTableWellFormed fails loud on a DUPLICATED row label, whichever order the rows appear in (Q-4)
test (18)	Run node --test test/*.test.js	2026-08-20T18:02:56.0997052Z ok 81 - assertTagVocabCountsTableWellFormed fails loud on a DUPLICATED row label, whichever order the rows appear in (Q-4)
test (18)	Run node --test test/*.test.js	2026-08-20T18:02:56.0997782Z   ---
test (18)	Run node --test test/*.test.js	2026-08-20T18:02:56.0998031Z   duration_ms: 1.238076
test (18)	Run node --test test/*.test.js	2026-08-20T18:02:56.0998283Z   ...
test (18)	Run node --test test/*.test.js	2026-08-20T18:02:56.0998758Z # Subtest: assertTagVocabCountsTableWellFormed fails loud on a row label no guard in this file reads (Q-4)
test (18)	Run node --test test/*.test.js	2026-08-20T18:02:56.0999384Z ok 82 - assertTagVocabCountsTableWellFormed fails loud on a row label no guard in this file reads (Q-4)
test (18)	Run node --test test/*.test.js	2026-08-20T18:02:56.0999760Z   ---
test (18)	Run node --test test/*.test.js	2026-08-20T18:02:56.0999921Z   duration_ms: 1.019072
test (18)	Run node --test test/*.test.js	2026-08-20T18:02:56.1016872Z   ...
test (18)	Run node --test test/*.test.js	2026-08-20T18:02:56.1017841Z # Subtest: parseTagVocabCountsTable returns null when the counts table is missing or malformed, and both readers fail loud on that null (Q-4)
test (18)	Run node --test test/*.test.js	2026-08-20T18:02:56.1018676Z ok 83 - parseTagVocabCountsTable returns null when the counts table is missing or malformed, and both readers fail loud on that null (Q-4)
test (18)	Run node --test test/*.test.js	2026-08-20T18:02:56.1019126Z   ---
test (18)	Run node --test test/*.test.js	2026-08-20T18:02:56.1019300Z   duration_ms: 0.410559
test (18)	Run node --test test/*.test.js	2026-08-20T18:02:56.1019477Z   ...
test (18)	Run node --test test/*.test.js	2026-08-20T18:02:56.1019901Z # Subtest: readTagVocabCount fails loud when a row value is not a plain integer, or when its row is absent (Q-4)
test (18)	Run node --test test/*.test.js	2026-08-20T18:02:56.1020536Z ok 84 - readTagVocabCount fails loud when a row value is not a plain integer, or when its row is absent (Q-4)
test (18)	Run node --test test/*.test.js	2026-08-20T18:02:56.1020899Z   ---
test (18)	Run node --test test/*.test.js	2026-08-20T18:02:56.1021066Z   duration_ms: 1.264596
test (18)	Run node --test test/*.test.js	2026-08-20T18:02:56.1021242Z   ...
test (18)	Run node --test test/*.test.js	2026-08-20T18:02:56.1021860Z # Subtest: extractBandTablesFromReadme tolerates a prose sentence between a band heading and its table (T-025), without mis-attaching a table when the real one is missing
test (18)	Run node --test test/*.test.js	2026-08-20T18:02:56.1022834Z ok 85 - extractBandTablesFromReadme tolerates a prose sentence between a band heading and its table (T-025), without mis-attaching a table when the real one is missing
test (18)	Run node --test test/*.test.js	2026-08-20T18:02:56.1023339Z   ---
test (18)	Run node --test test/*.test.js	2026-08-20T18:02:56.1023499Z   duration_ms: 0.631126
test (18)	Run node --test test/*.test.js	2026-08-20T18:02:56.1023677Z   ...
test (18)	Run node --test test/*.test.js	2026-08-20T18:02:56.1024112Z # Subtest: extractBandTablesFromReadme does not let a band-shaped PROSE line steal a real heading's table (T-039)
test (18)	Run node --test test/*.test.js	2026-08-20T18:02:56.1025216Z ok 86 - extractBandTablesFromReadme does not let a band-shaped PROSE line steal a real heading's table (T-039)
test (18)	Run node --test test/*.test.js	2026-08-20T18:02:56.1025630Z   ---
test (18)	Run node --test test/*.test.js	2026-08-20T18:02:56.1025823Z   duration_ms: 0.214408
test (18)	Run node --test test/*.test.js	2026-08-20T18:02:56.1026004Z   ...
test (18)	Run node --test test/*.test.js	2026-08-20T18:02:56.1026406Z # Subtest: extractBandTablesFromReadme does not read a fenced example block as a second, real band table
test (18)	Run node --test test/*.test.js	2026-08-20T18:02:56.1027029Z ok 87 - extractBandTablesFromReadme does not read a fenced example block as a second, real band table
test (18)	Run node --test test/*.test.js	2026-08-20T18:02:56.1027754Z   ---
test (18)	Run node --test test/*.test.js	2026-08-20T18:02:56.1028009Z   duration_ms: 0.162391
test (18)	Run node --test test/*.test.js	2026-08-20T18:02:56.1028280Z   ...
test (18)	Run node --test test/*.test.js	2026-08-20T18:02:56.1029143Z # Subtest: extractBandTablesFromReadme's recognised bands account for every structural `| Tag | Count |` table -- a table under an unrecognised heading shape is a loud mismatch, not a silent miss
test (18)	Run node --test test/*.test.js	2026-08-20T18:02:56.1030320Z ok 88 - extractBandTablesFromReadme's recognised bands account for every structural `| Tag | Count |` table -- a table under an unrecognised heading shape is a loud mismatch, not a silent miss
test (18)	Run node --test test/*.test.js	2026-08-20T18:02:56.1031181Z   ---
test (18)	Run node --test test/*.test.js	2026-08-20T18:02:56.1031426Z   duration_ms: 0.207958
test (18)	Run node --test test/*.test.js	2026-08-20T18:02:56.1031704Z   ...
test (18)	Run node --test test/*.test.js	2026-08-20T18:02:56.1032629Z # Subtest: every `| Tag | Count |` table in the real README Tag vocabulary section is a recognised band table (no table may hide under an unrecognised heading shape)
test (18)	Run node --test test/*.test.js	2026-08-20T18:02:56.1034362Z ok 89 - every `| Tag | Count |` table in the real README Tag vocabulary section is a recognised band table (no table may hide under an unrecognised heading shape)
test (18)	Run node --test test/*.test.js	2026-08-20T18:02:56.1035153Z   ---
test (18)	Run node --test test/*.test.js	2026-08-20T18:02:56.1035412Z   duration_ms: 0.475506
test (18)	Run node --test test/*.test.js	2026-08-20T18:02:56.1035690Z   ...
test (18)	Run node --test test/*.test.js	2026-08-20T18:02:56.1036384Z # Subtest: every band table in README Tag vocabulary contains exactly the corpus tags whose count fits that band
test (18)	Run node --test test/*.test.js	2026-08-20T18:02:56.1037599Z ok 90 - every band table in README Tag vocabulary contains exactly the corpus tags whose count fits that band
test (18)	Run node --test test/*.test.js	2026-08-20T18:02:56.1038272Z   ---
test (18)	Run node --test test/*.test.js	2026-08-20T18:02:56.1038533Z   duration_ms: 0.376529
test (18)	Run node --test test/*.test.js	2026-08-20T18:02:56.1038808Z   ...
test (18)	Run node --test test/*.test.js	2026-08-20T18:02:56.1039595Z # Subtest: every corpus tag appearing on 2+ entries must have a row in some band table (no band table may be deleted wholesale) (T-019)
test (18)	Run node --test test/*.test.js	2026-08-20T18:02:56.1040831Z ok 91 - every corpus tag appearing on 2+ entries must have a row in some band table (no band table may be deleted wholesale) (T-019)
test (18)	Run node --test test/*.test.js	2026-08-20T18:02:56.1041514Z   ---
test (18)	Run node --test test/*.test.js	2026-08-20T18:02:56.1041762Z   duration_ms: 0.315228
test (18)	Run node --test test/*.test.js	2026-08-20T18:02:56.1042043Z   ...
test (18)	Run node --test test/*.test.js	2026-08-20T18:02:56.1042828Z # Subtest: extractBandTablesFromReadme derives a band's row count purely from its table, ignoring decoy "N tags" phrases in the heading line (T-024b)
test (18)	Run node --test test/*.test.js	2026-08-20T18:02:56.1043657Z ok 92 - extractBandTablesFromReadme derives a band's row count purely from its table, ignoring decoy "N tags" phrases in the heading line (T-024b)
test (18)	Run node --test test/*.test.js	2026-08-20T18:02:56.1044136Z   ---
test (18)	Run node --test test/*.test.js	2026-08-20T18:02:56.1044303Z   duration_ms: 0.199716
test (18)	Run node --test test/*.test.js	2026-08-20T18:02:56.1044473Z   ...
test (18)	Run node --test test/*.test.js	2026-08-20T18:02:56.1044811Z # Subtest: README must state correct multi-entry and single-entry tag counts
test (18)	Run node --test test/*.test.js	2026-08-20T18:02:56.1045256Z ok 93 - README must state correct multi-entry and single-entry tag counts
test (18)	Run node --test test/*.test.js	2026-08-20T18:02:56.1045588Z   ---
test (18)	Run node --test test/*.test.js	2026-08-20T18:02:56.1045748Z   duration_ms: 0.416607
test (18)	Run node --test test/*.test.js	2026-08-20T18:02:56.1045946Z   ...
test (18)	Run node --test test/*.test.js	2026-08-20T18:02:56.1047049Z # Subtest: README Tag vocabulary section must contain no unrecognised count-claim digits (J-5)
test (18)	Run node --test test/*.test.js	2026-08-20T18:02:56.1048275Z ok 94 - README Tag vocabulary section must contain no unrecognised count-claim digits (J-5)
test (18)	Run node --test test/*.test.js	2026-08-20T18:02:56.1048985Z   ---
test (18)	Run node --test test/*.test.js	2026-08-20T18:02:56.1049373Z   duration_ms: 0.413994
test (18)	Run node --test test/*.test.js	2026-08-20T18:02:56.1049637Z   ...
test (18)	Run node --test test/*.test.js	2026-08-20T18:02:56.1050342Z # Subtest: README Attribution table "Entries ranked" count must match corpus.length and the triage doc (C1)
test (18)	Run node --test test/*.test.js	2026-08-20T18:02:56.1051186Z ok 95 - README Attribution table "Entries ranked" count must match corpus.length and the triage doc (C1)
test (18)	Run node --test test/*.test.js	2026-08-20T18:02:56.1051758Z   ---
test (18)	Run node --test test/*.test.js	2026-08-20T18:02:56.1052002Z   duration_ms: 0.955387
test (18)	Run node --test test/*.test.js	2026-08-20T18:02:56.1052413Z   ...
test (18)	Run node --test test/*.test.js	2026-08-20T18:02:56.1052770Z # Subtest: README Attribution table "Rated HIGH risk" count must match the triage doc table (C2)
test (18)	Run node --test test/*.test.js	2026-08-20T18:02:56.1053298Z ok 96 - README Attribution table "Rated HIGH risk" count must match the triage doc table (C2)
test (18)	Run node --test test/*.test.js	2026-08-20T18:02:56.1053621Z   ---
test (18)	Run node --test test/*.test.js	2026-08-20T18:02:56.1053779Z   duration_ms: 0.458329
test (18)	Run node --test test/*.test.js	2026-08-20T18:02:56.1053956Z   ...
test (18)	Run node --test test/*.test.js	2026-08-20T18:02:56.1054303Z # Subtest: README Attribution section must contain no digit runs outside the counts table (C7)
test (18)	Run node --test test/*.test.js	2026-08-20T18:02:56.1054814Z ok 97 - README Attribution section must contain no digit runs outside the counts table (C7)
test (18)	Run node --test test/*.test.js	2026-08-20T18:02:56.1055124Z   ---
test (18)	Run node --test test/*.test.js	2026-08-20T18:02:56.1055286Z   duration_ms: 0.389768
test (18)	Run node --test test/*.test.js	2026-08-20T18:02:56.1055453Z   ...
test (18)	Run node --test test/*.test.js	2026-08-20T18:02:56.1055713Z # Subtest: README Layout section paths must exist on disk (C6)
test (18)	Run node --test test/*.test.js	2026-08-20T18:02:56.1056069Z ok 98 - README Layout section paths must exist on disk (C6)
test (18)	Run node --test test/*.test.js	2026-08-20T18:02:56.1056308Z   ---
test (18)	Run node --test test/*.test.js	2026-08-20T18:02:56.1056470Z   duration_ms: 0.959814
test (18)	Run node --test test/*.test.js	2026-08-20T18:02:56.1056643Z   ...
test (18)	Run node --test test/*.test.js	2026-08-20T18:02:56.1057090Z # Subtest: getListBehaviourSection tolerates a reformatted "--list behaviour" heading with no backticks (T-021)
test (18)	Run node --test test/*.test.js	2026-08-20T18:02:56.1057984Z ok 99 - getListBehaviourSection tolerates a reformatted "--list behaviour" heading with no backticks (T-021)
test (18)	Run node --test test/*.test.js	2026-08-20T18:02:56.1058511Z   ---
test (18)	Run node --test test/*.test.js	2026-08-20T18:02:56.1058673Z   duration_ms: 0.371892
test (18)	Run node --test test/*.test.js	2026-08-20T18:02:56.1058892Z   ...
test (18)	Run node --test test/*.test.js	2026-08-20T18:02:56.1059455Z # Subtest: getListBehaviourSection still fails on a SEPARATOR MISMATCH (not a heading-parse error) when a reformatted heading's literal is mutated (T-021)
test (18)	Run node --test test/*.test.js	2026-08-20T18:02:56.1060326Z ok 100 - getListBehaviourSection still fails on a SEPARATOR MISMATCH (not a heading-parse error) when a reformatted heading's literal is mutated (T-021)
test (18)	Run node --test test/*.test.js	2026-08-20T18:02:56.1060789Z   ---
test (18)	Run node --test test/*.test.js	2026-08-20T18:02:56.1060940Z   duration_ms: 0.235859
test (18)	Run node --test test/*.test.js	2026-08-20T18:02:56.1061107Z   ...
test (18)	Run node --test test/*.test.js	2026-08-20T18:02:56.1061556Z # Subtest: getListBehaviourSection reports ambiguity loudly instead of taking the first of two qualifying headings (T-021)
test (18)	Run node --test test/*.test.js	2026-08-20T18:02:56.1062265Z ok 101 - getListBehaviourSection reports ambiguity loudly instead of taking the first of two qualifying headings (T-021)
test (18)	Run node --test test/*.test.js	2026-08-20T18:02:56.1062657Z   ---
test (18)	Run node --test test/*.test.js	2026-08-20T18:02:56.1062818Z   duration_ms: 0.285643
test (18)	Run node --test test/*.test.js	2026-08-20T18:02:56.1062995Z   ...
test (18)	Run node --test test/*.test.js	2026-08-20T18:02:56.1063391Z # Subtest: getListBehaviourSection does not let "--list-only" satisfy the standalone `--list` token (T-021)
test (18)	Run node --test test/*.test.js	2026-08-20T18:02:56.1064058Z ok 102 - getListBehaviourSection does not let "--list-only" satisfy the standalone `--list` token (T-021)
test (18)	Run node --test test/*.test.js	2026-08-20T18:02:56.1064574Z   ---
test (18)	Run node --test test/*.test.js	2026-08-20T18:02:56.1064809Z   duration_ms: 0.14206
test (18)	Run node --test test/*.test.js	2026-08-20T18:02:56.1065062Z   ...
test (18)	Run node --test test/*.test.js	2026-08-20T18:02:56.1065653Z # Subtest: getListBehaviourSection tolerates the American spelling "behavior" in the heading (T-027)
test (18)	Run node --test test/*.test.js	2026-08-20T18:02:56.1066592Z ok 103 - getListBehaviourSection tolerates the American spelling "behavior" in the heading (T-027)
test (18)	Run node --test test/*.test.js	2026-08-20T18:02:56.1066969Z   ---
test (18)	Run node --test test/*.test.js	2026-08-20T18:02:56.1067131Z   duration_ms: 0.083955
test (18)	Run node --test test/*.test.js	2026-08-20T18:02:56.1067459Z   ...
test (18)	Run node --test test/*.test.js	2026-08-20T18:02:56.1067972Z # Subtest: getListBehaviourSection still fails on a SEPARATOR MISMATCH (not a heading-parse error) under an American-spelled heading (T-027)
test (18)	Run node --test test/*.test.js	2026-08-20T18:02:56.1068763Z ok 104 - getListBehaviourSection still fails on a SEPARATOR MISMATCH (not a heading-parse error) under an American-spelled heading (T-027)
test (18)	Run node --test test/*.test.js	2026-08-20T18:02:56.1069204Z   ---
test (18)	Run node --test test/*.test.js	2026-08-20T18:02:56.1069357Z   duration_ms: 0.127439
test (18)	Run node --test test/*.test.js	2026-08-20T18:02:56.1069526Z   ...
test (18)	Run node --test test/*.test.js	2026-08-20T18:02:56.1069891Z # Subtest: README `--list` format literal matches the shipped binary's actual --list output (T-017)
test (18)	Run node --test test/*.test.js	2026-08-20T18:02:56.1070431Z ok 105 - README `--list` format literal matches the shipped binary's actual --list output (T-017)
test (18)	Run node --test test/*.test.js	2026-08-20T18:02:56.1070758Z   ---
test (18)	Run node --test test/*.test.js	2026-08-20T18:02:56.1070924Z   duration_ms: 35.196158
test (18)	Run node --test test/*.test.js	2026-08-20T18:02:56.1071129Z   ...
test (18)	Run node --test test/*.test.js	2026-08-20T18:02:56.1071551Z # Subtest: README `--author` matching section must state the correct count of distinct corpus authors (Q-8)
test (18)	Run node --test test/*.test.js	2026-08-20T18:02:56.1072280Z ok 106 - README `--author` matching section must state the correct count of distinct corpus authors (Q-8)
test (18)	Run node --test test/*.test.js	2026-08-20T18:02:56.1072625Z   ---
test (18)	Run node --test test/*.test.js	2026-08-20T18:02:56.1072782Z   duration_ms: 0.453243
test (18)	Run node --test test/*.test.js	2026-08-20T18:02:56.1072964Z   ...
test (18)	Run node --test test/*.test.js	2026-08-20T18:02:56.1073168Z # Subtest: corpus has at least 40 entries
test (18)	Run node --test test/*.test.js	2026-08-20T18:02:56.1073434Z ok 107 - corpus has at least 40 entries
test (18)	Run node --test test/*.test.js	2026-08-20T18:02:56.1073650Z   ---
test (18)	Run node --test test/*.test.js	2026-08-20T18:02:56.1073803Z   duration_ms: 1.287229
test (18)	Run node --test test/*.test.js	2026-08-20T18:02:56.1073976Z   ...
test (18)	Run node --test test/*.test.js	2026-08-20T18:02:56.1074317Z # Subtest: every corpus entry has non-empty text, non-empty author, and an array of tags
test (18)	Run node --test test/*.test.js	2026-08-20T18:02:56.1074802Z ok 108 - every corpus entry has non-empty text, non-empty author, and an array of tags
test (18)	Run node --test test/*.test.js	2026-08-20T18:02:56.1075101Z   ---
test (18)	Run node --test test/*.test.js	2026-08-20T18:02:56.1075251Z   duration_ms: 0.497148
test (18)	Run node --test test/*.test.js	2026-08-20T18:02:56.1075420Z   ...
test (18)	Run node --test test/*.test.js	2026-08-20T18:02:56.1075642Z # Subtest: filter: author match is case-insensitive
test (18)	Run node --test test/*.test.js	2026-08-20T18:02:56.1075966Z ok 109 - filter: author match is case-insensitive
test (18)	Run node --test test/*.test.js	2026-08-20T18:02:56.1076191Z   ---
test (18)	Run node --test test/*.test.js	2026-08-20T18:02:56.1076345Z   duration_ms: 0.767999
test (18)	Run node --test test/*.test.js	2026-08-20T18:02:56.1076511Z   ...
test (18)	Run node --test test/*.test.js	2026-08-20T18:02:56.1076726Z # Subtest: filter: tag match is case-insensitive
test (18)	Run node --test test/*.test.js	2026-08-20T18:02:56.1077121Z ok 110 - filter: tag match is case-insensitive
test (18)	Run node --test test/*.test.js	2026-08-20T18:02:56.1077511Z   ---
test (18)	Run node --test test/*.test.js	2026-08-20T18:02:56.1077668Z   duration_ms: 0.297361
test (18)	Run node --test test/*.test.js	2026-08-20T18:02:56.1077836Z   ...
test (18)	Run node --test test/*.test.js	2026-08-20T18:02:56.1078133Z # Subtest: filter: author and tag together narrow to the intersection (AND)
test (18)	Run node --test test/*.test.js	2026-08-20T18:02:56.1078552Z ok 111 - filter: author and tag together narrow to the intersection (AND)
test (18)	Run node --test test/*.test.js	2026-08-20T18:02:56.1078821Z   ---
test (18)	Run node --test test/*.test.js	2026-08-20T18:02:56.1078981Z   duration_ms: 0.313725
test (18)	Run node --test test/*.test.js	2026-08-20T18:02:56.1079147Z   ...
test (18)	Run node --test test/*.test.js	2026-08-20T18:02:56.1079392Z # Subtest: filter: undefined/absent options do not filter
test (18)	Run node --test test/*.test.js	2026-08-20T18:02:56.1079717Z ok 112 - filter: undefined/absent options do not filter
test (18)	Run node --test test/*.test.js	2026-08-20T18:02:56.1079968Z   ---
test (18)	Run node --test test/*.test.js	2026-08-20T18:02:56.1080134Z   duration_ms: 0.273996
test (18)	Run node --test test/*.test.js	2026-08-20T18:02:56.1080307Z   ...
test (18)	Run node --test test/*.test.js	2026-08-20T18:02:56.1080614Z # Subtest: pick: same seed over the same candidates always returns the same element
test (18)	Run node --test test/*.test.js	2026-08-20T18:02:56.1081067Z ok 113 - pick: same seed over the same candidates always returns the same element
test (18)	Run node --test test/*.test.js	2026-08-20T18:02:56.1081364Z   ---
test (18)	Run node --test test/*.test.js	2026-08-20T18:02:56.1081515Z   duration_ms: 0.468775
test (18)	Run node --test test/*.test.js	2026-08-20T18:02:56.1081683Z   ...
test (18)	Run node --test test/*.test.js	2026-08-20T18:02:56.1081958Z # Subtest: pick: different seeds generally produce different results
test (18)	Run node --test test/*.test.js	2026-08-20T18:02:56.1082342Z ok 114 - pick: different seeds generally produce different results
test (18)	Run node --test test/*.test.js	2026-08-20T18:02:56.1082602Z   ---
test (18)	Run node --test test/*.test.js	2026-08-20T18:02:56.1082760Z   duration_ms: 0.331091
test (18)	Run node --test test/*.test.js	2026-08-20T18:02:56.1082922Z   ...
test (18)	Run node --test test/*.test.js	2026-08-20T18:02:56.1083182Z # Subtest: pick: undefined seed picks a valid member (random mode)
test (18)	Run node --test test/*.test.js	2026-08-20T18:02:56.1083545Z ok 115 - pick: undefined seed picks a valid member (random mode)
test (18)	Run node --test test/*.test.js	2026-08-20T18:02:56.1083794Z   ---
test (18)	Run node --test test/*.test.js	2026-08-20T18:02:56.1083948Z   duration_ms: 0.151385
test (18)	Run node --test test/*.test.js	2026-08-20T18:02:56.1084124Z   ...
test (18)	Run node --test test/*.test.js	2026-08-20T18:02:56.1084454Z # Subtest: pick: null seed also triggers random mode and returns a valid member
test (18)	Run node --test test/*.test.js	2026-08-20T18:02:56.1084935Z ok 116 - pick: null seed also triggers random mode and returns a valid member
test (18)	Run node --test test/*.test.js	2026-08-20T18:02:56.1085235Z   ---
test (18)	Run node --test test/*.test.js	2026-08-20T18:02:56.1085408Z   duration_ms: 0.258273
test (18)	Run node --test test/*.test.js	2026-08-20T18:02:56.1085587Z   ...
test (18)	Run node --test test/*.test.js	2026-08-20T18:02:56.1085869Z # Subtest: pick: throws RangeError on empty candidates array
test (18)	Run node --test test/*.test.js	2026-08-20T18:02:56.1086251Z ok 117 - pick: throws RangeError on empty candidates array
test (18)	Run node --test test/*.test.js	2026-08-20T18:02:56.1086509Z   ---
test (18)	Run node --test test/*.test.js	2026-08-20T18:02:56.1086666Z   duration_ms: 0.568924
test (18)	Run node --test test/*.test.js	2026-08-20T18:02:56.1086851Z   ...
test (18)	Run node --test test/*.test.js	2026-08-20T18:02:56.1087154Z # Subtest: pick: Infinity seed is deterministic and returns a valid member
test (18)	Run node --test test/*.test.js	2026-08-20T18:02:56.1087752Z ok 118 - pick: Infinity seed is deterministic and returns a valid member
test (18)	Run node --test test/*.test.js	2026-08-20T18:02:56.1088052Z   ---
test (18)	Run node --test test/*.test.js	2026-08-20T18:02:56.1088236Z   duration_ms: 0.170713
test (18)	Run node --test test/*.test.js	2026-08-20T18:02:56.1088441Z   ...
test (18)	Run node --test test/*.test.js	2026-08-20T18:02:56.1088891Z # Subtest: pick: -Infinity seed is deterministic and returns a valid member
test (18)	Run node --test test/*.test.js	2026-08-20T18:02:56.1089347Z ok 119 - pick: -Infinity seed is deterministic and returns a valid member
test (18)	Run node --test test/*.test.js	2026-08-20T18:02:56.1089667Z   ---
test (18)	Run node --test test/*.test.js	2026-08-20T18:02:56.1089868Z   duration_ms: 0.166296
test (18)	Run node --test test/*.test.js	2026-08-20T18:02:56.1090057Z   ...
test (18)	Run node --test test/*.test.js	2026-08-20T18:02:56.1090395Z # Subtest: pick: NaN seed still uses the random branch and returns a valid member
test (18)	Run node --test test/*.test.js	2026-08-20T18:02:56.1090864Z ok 120 - pick: NaN seed still uses the random branch and returns a valid member
test (18)	Run node --test test/*.test.js	2026-08-20T18:02:56.1091159Z   ---
test (18)	Run node --test test/*.test.js	2026-08-20T18:02:56.1091336Z   duration_ms: 0.109442
test (18)	Run node --test test/*.test.js	2026-08-20T18:02:56.1091517Z   ...
test (18)	Run node --test test/*.test.js	2026-08-20T18:02:56.1091859Z # Subtest: pick: finite seed determinism is unchanged by the non-finite-seed fix
test (18)	Run node --test test/*.test.js	2026-08-20T18:02:56.1092347Z ok 121 - pick: finite seed determinism is unchanged by the non-finite-seed fix
test (18)	Run node --test test/*.test.js	2026-08-20T18:02:56.1092662Z   ---
test (18)	Run node --test test/*.test.js	2026-08-20T18:02:56.1092848Z   duration_ms: 0.233967
test (18)	Run node --test test/*.test.js	2026-08-20T18:02:56.1093054Z   ...
test (18)	Run node --test test/*.test.js	2026-08-20T18:02:56.1093349Z # Subtest: pick: every candidate is REACHABLE by an unseeded draw
test (18)	Run node --test test/*.test.js	2026-08-20T18:02:56.1093749Z ok 122 - pick: every candidate is REACHABLE by an unseeded draw
test (18)	Run node --test test/*.test.js	2026-08-20T18:02:56.1094028Z   ---
test (18)	Run node --test test/*.test.js	2026-08-20T18:02:56.1094188Z   duration_ms: 2.404446
test (18)	Run node --test test/*.test.js	2026-08-20T18:02:56.1094374Z   ...
test (18)	Run node --test test/*.test.js	2026-08-20T18:02:56.1094870Z # Subtest: pick: unseeded draws split the interval EQUALLY across candidates (uniform)
test (18)	Run node --test test/*.test.js	2026-08-20T18:02:56.1095409Z ok 123 - pick: unseeded draws split the interval EQUALLY across candidates (uniform)
test (18)	Run node --test test/*.test.js	2026-08-20T18:02:56.1095745Z   ---
test (18)	Run node --test test/*.test.js	2026-08-20T18:02:56.1095937Z   duration_ms: 0.933344
test (18)	Run node --test test/*.test.js	2026-08-20T18:02:56.1096178Z   ...
test (18)	Run node --test test/*.test.js	2026-08-20T18:02:56.1096629Z # Subtest: pick: single-element candidates always returns that element regardless of seed
test (18)	Run node --test test/*.test.js	2026-08-20T18:02:56.1097188Z ok 124 - pick: single-element candidates always returns that element regardless of seed
test (18)	Run node --test test/*.test.js	2026-08-20T18:02:56.1097723Z   ---
test (18)	Run node --test test/*.test.js	2026-08-20T18:02:56.1097886Z   duration_ms: 0.210532
test (18)	Run node --test test/*.test.js	2026-08-20T18:02:56.1098062Z   ...
test (18)	Run node --test test/*.test.js	2026-08-20T18:02:56.1098237Z 1..124
test (18)	Run node --test test/*.test.js	2026-08-20T18:02:56.1098444Z # tests 124
test (18)	Run node --test test/*.test.js	2026-08-20T18:02:56.1098642Z # suites 0
test (18)	Run node --test test/*.test.js	2026-08-20T18:02:56.1098874Z # pass 122
test (18)	Run node --test test/*.test.js	2026-08-20T18:02:56.1099141Z # fail 0
test (18)	Run node --test test/*.test.js	2026-08-20T18:02:56.1099368Z # cancelled 0
test (18)	Run node --test test/*.test.js	2026-08-20T18:02:56.1099602Z # skipped 2
test (18)	Run node --test test/*.test.js	2026-08-20T18:02:56.1099813Z # todo 0
test (18)	Run node --test test/*.test.js	2026-08-20T18:02:56.1100126Z # duration_ms 2685.839742
test (18)	Coverage report (informational, not a gate)	﻿2026-08-20T18:02:56.1164162Z ##[group]Run node --test --experimental-test-coverage test/*.test.js \
test (18)	Coverage report (informational, not a gate)	2026-08-20T18:02:56.1164606Z [36;1mnode --test --experimental-test-coverage test/*.test.js \[0m
test (18)	Coverage report (informational, not a gate)	2026-08-20T18:02:56.1165198Z [36;1m  || echo "NOTE: --experimental-test-coverage exited non-zero on Node 18 (see output above). This step is informational only and does not affect job status."[0m
test (18)	Coverage report (informational, not a gate)	2026-08-20T18:02:56.1198840Z shell: /usr/bin/bash -e {0}
test (18)	Coverage report (informational, not a gate)	2026-08-20T18:02:56.1199070Z ##[endgroup]
test (18)	Coverage report (informational, not a gate)	2026-08-20T18:02:56.1648870Z TAP version 13
test (18)	Coverage report (informational, not a gate)	2026-08-20T18:02:56.2188717Z # Subtest: zero args: no error, no filters set
test (18)	Coverage report (informational, not a gate)	2026-08-20T18:02:56.2218633Z ok 1 - zero args: no error, no filters set
test (18)	Coverage report (informational, not a gate)	2026-08-20T18:02:56.2219324Z   ---
test (18)	Coverage report (informational, not a gate)	2026-08-20T18:02:56.2223828Z   duration_ms: 2.775326
test (18)	Coverage report (informational, not a gate)	2026-08-20T18:02:56.2224312Z   ...
test (18)	Coverage report (informational, not a gate)	2026-08-20T18:02:56.2224815Z # Subtest: --author <name> sets author string
test (18)	Coverage report (informational, not a gate)	2026-08-20T18:02:56.2225423Z ok 2 - --author <name> sets author string
test (18)	Coverage report (informational, not a gate)	2026-08-20T18:02:56.2225974Z   ---
test (18)	Coverage report (informational, not a gate)	2026-08-20T18:02:56.2226372Z   duration_ms: 0.206256
test (18)	Coverage report (informational, not a gate)	2026-08-20T18:02:56.2226852Z   ...
test (18)	Coverage report (informational, not a gate)	2026-08-20T18:02:56.2227629Z # Subtest: --author=<name> equals form sets author string
test (18)	Coverage report (informational, not a gate)	2026-08-20T18:02:56.2228276Z ok 3 - --author=<name> equals form sets author string
test (18)	Coverage report (informational, not a gate)	2026-08-20T18:02:56.2228756Z   ---
test (18)	Coverage report (informational, not a gate)	2026-08-20T18:02:56.2229128Z   duration_ms: 0.143503
test (18)	Coverage report (informational, not a gate)	2026-08-20T18:02:56.2229522Z   ...
test (18)	Coverage report (informational, not a gate)	2026-08-20T18:02:56.2229960Z # Subtest: --tag <tag> sets tag string
test (18)	Coverage report (informational, not a gate)	2026-08-20T18:02:56.2230492Z ok 4 - --tag <tag> sets tag string
test (18)	Coverage report (informational, not a gate)	2026-08-20T18:02:56.2230922Z   ---
test (18)	Coverage report (informational, not a gate)	2026-08-20T18:02:56.2231306Z   duration_ms: 0.134459
test (18)	Coverage report (informational, not a gate)	2026-08-20T18:02:56.2231788Z   ...
test (18)	Coverage report (informational, not a gate)	2026-08-20T18:02:56.2232322Z # Subtest: --tag=<tag> equals form sets tag string
test (18)	Coverage report (informational, not a gate)	2026-08-20T18:02:56.2232965Z ok 5 - --tag=<tag> equals form sets tag string
test (18)	Coverage report (informational, not a gate)	2026-08-20T18:02:56.2233475Z   ---
test (18)	Coverage report (informational, not a gate)	2026-08-20T18:02:56.2233893Z   duration_ms: 0.147229
test (18)	Coverage report (informational, not a gate)	2026-08-20T18:02:56.2234337Z   ...
test (18)	Coverage report (informational, not a gate)	2026-08-20T18:02:56.2234820Z # Subtest: combined --author X --tag Y sets both
test (18)	Coverage report (informational, not a gate)	2026-08-20T18:02:56.2235417Z ok 6 - combined --author X --tag Y sets both
test (18)	Coverage report (informational, not a gate)	2026-08-20T18:02:56.2235890Z   ---
test (18)	Coverage report (informational, not a gate)	2026-08-20T18:02:56.2236253Z   duration_ms: 0.126798
test (18)	Coverage report (informational, not a gate)	2026-08-20T18:02:56.2236652Z   ...
test (18)	Coverage report (informational, not a gate)	2026-08-20T18:02:56.2237104Z # Subtest: --seed <n> parses as a number
test (18)	Coverage report (informational, not a gate)	2026-08-20T18:02:56.2237835Z ok 7 - --seed <n> parses as a number
test (18)	Coverage report (informational, not a gate)	2026-08-20T18:02:56.2238304Z   ---
test (18)	Coverage report (informational, not a gate)	2026-08-20T18:02:56.2238685Z   duration_ms: 0.205765
test (18)	Coverage report (informational, not a gate)	2026-08-20T18:02:56.2239084Z   ...
test (18)	Coverage report (informational, not a gate)	2026-08-20T18:02:56.2239660Z # Subtest: --seed=<n> equals form parses as a number
test (18)	Coverage report (informational, not a gate)	2026-08-20T18:02:56.2240295Z ok 8 - --seed=<n> equals form parses as a number
test (18)	Coverage report (informational, not a gate)	2026-08-20T18:02:56.2240800Z   ---
test (18)	Coverage report (informational, not a gate)	2026-08-20T18:02:56.2241199Z   duration_ms: 0.129502
test (18)	Coverage report (informational, not a gate)	2026-08-20T18:02:56.2241609Z   ...
test (18)	Coverage report (informational, not a gate)	2026-08-20T18:02:56.2242078Z # Subtest: --seed <n> accepts a negative number
test (18)	Coverage report (informational, not a gate)	2026-08-20T18:02:56.2242647Z ok 9 - --seed <n> accepts a negative number
test (18)	Coverage report (informational, not a gate)	2026-08-20T18:02:56.2243111Z   ---
test (18)	Coverage report (informational, not a gate)	2026-08-20T18:02:56.2243549Z   duration_ms: 0.117023
test (18)	Coverage report (informational, not a gate)	2026-08-20T18:02:56.2243946Z   ...
test (18)	Coverage report (informational, not a gate)	2026-08-20T18:02:56.2244975Z # Subtest: --seed=<n> equals form accepts a negative number
test (18)	Coverage report (informational, not a gate)	2026-08-20T18:02:56.2245708Z ok 10 - --seed=<n> equals form accepts a negative number
test (18)	Coverage report (informational, not a gate)	2026-08-20T18:02:56.2246267Z   ---
test (18)	Coverage report (informational, not a gate)	2026-08-20T18:02:56.2246677Z   duration_ms: 0.119497
test (18)	Coverage report (informational, not a gate)	2026-08-20T18:02:56.2247098Z   ...
test (18)	Coverage report (informational, not a gate)	2026-08-20T18:02:56.2247809Z # Subtest: non-numeric --seed is a usage error
test (18)	Coverage report (informational, not a gate)	2026-08-20T18:02:56.2248446Z ok 11 - non-numeric --seed is a usage error
test (18)	Coverage report (informational, not a gate)	2026-08-20T18:02:56.2248964Z   ---
test (18)	Coverage report (informational, not a gate)	2026-08-20T18:02:56.2249342Z   duration_ms: 0.303199
test (18)	Coverage report (informational, not a gate)	2026-08-20T18:02:56.2249740Z   ...
test (18)	Coverage report (informational, not a gate)	2026-08-20T18:02:56.2250283Z # Subtest: non-numeric --seed= equals form is a usage error
test (18)	Coverage report (informational, not a gate)	2026-08-20T18:02:56.2251012Z ok 12 - non-numeric --seed= equals form is a usage error
test (18)	Coverage report (informational, not a gate)	2026-08-20T18:02:56.2251552Z   ---
test (18)	Coverage report (informational, not a gate)	2026-08-20T18:02:56.2251920Z   duration_ms: 0.248178
test (18)	Coverage report (informational, not a gate)	2026-08-20T18:02:56.2252311Z   ...
test (18)	Coverage report (informational, not a gate)	2026-08-20T18:02:56.2252804Z # Subtest: --list sets list: true
test (18)	Coverage report (informational, not a gate)	2026-08-20T18:02:56.2253350Z ok 13 - --list sets list: true
test (18)	Coverage report (informational, not a gate)	2026-08-20T18:02:56.2253788Z   ---
test (18)	Coverage report (informational, not a gate)	2026-08-20T18:02:56.2254196Z   duration_ms: 0.118315
test (18)	Coverage report (informational, not a gate)	2026-08-20T18:02:56.2254615Z   ...
test (18)	Coverage report (informational, not a gate)	2026-08-20T18:02:56.2255384Z # Subtest: --json sets json: true
test (18)	Coverage report (informational, not a gate)	2026-08-20T18:02:56.2255995Z ok 14 - --json sets json: true
test (18)	Coverage report (informational, not a gate)	2026-08-20T18:02:56.2256458Z   ---
test (18)	Coverage report (informational, not a gate)	2026-08-20T18:02:56.2256846Z   duration_ms: 0.118606
test (18)	Coverage report (informational, not a gate)	2026-08-20T18:02:56.2257245Z   ...
test (18)	Coverage report (informational, not a gate)	2026-08-20T18:02:56.2258973Z # Subtest: --help sets help: true
test (18)	Coverage report (informational, not a gate)	2026-08-20T18:02:56.2260815Z ok 15 - --help sets help: true
test (18)	Coverage report (informational, not a gate)	2026-08-20T18:02:56.2261495Z   ---
test (18)	Coverage report (informational, not a gate)	2026-08-20T18:02:56.2261752Z   duration_ms: 0.122832
test (18)	Coverage report (informational, not a gate)	2026-08-20T18:02:56.2262016Z   ...
test (18)	Coverage report (informational, not a gate)	2026-08-20T18:02:56.2264683Z # Subtest: -h sets help: true
test (18)	Coverage report (informational, not a gate)	2026-08-20T18:02:56.2275063Z ok 16 - -h sets help: true
test (18)	Coverage report (informational, not a gate)	2026-08-20T18:02:56.2288425Z   ---
test (18)	Coverage report (informational, not a gate)	2026-08-20T18:02:56.2294615Z   duration_ms: 0.146728
test (18)	Coverage report (informational, not a gate)	2026-08-20T18:02:56.2294955Z   ...
test (18)	Coverage report (informational, not a gate)	2026-08-20T18:02:56.2295406Z # Subtest: unknown flag is a usage error
test (18)	Coverage report (informational, not a gate)	2026-08-20T18:02:56.2295867Z ok 17 - unknown flag is a usage error
test (18)	Coverage report (informational, not a gate)	2026-08-20T18:02:56.2334187Z   ---
test (18)	Coverage report (informational, not a gate)	2026-08-20T18:02:56.2375642Z   duration_ms: 1.039071
test (18)	Coverage report (informational, not a gate)	2026-08-20T18:02:56.2408022Z   ...
test (18)	Coverage report (informational, not a gate)	2026-08-20T18:02:56.2408483Z # Subtest: unknown short flag is a usage error
test (18)	Coverage report (informational, not a gate)	2026-08-20T18:02:56.2408975Z ok 18 - unknown short flag is a usage error
test (18)	Coverage report (informational, not a gate)	2026-08-20T18:02:56.2409307Z   ---
test (18)	Coverage report (informational, not a gate)	2026-08-20T18:02:56.2409545Z   duration_ms: 0.113208
test (18)	Coverage report (informational, not a gate)	2026-08-20T18:02:56.2409794Z   ...
test (18)	Coverage report (informational, not a gate)	2026-08-20T18:02:56.2410192Z # Subtest: --author missing value at end of argv is a usage error
test (18)	Coverage report (informational, not a gate)	2026-08-20T18:02:56.2410772Z ok 19 - --author missing value at end of argv is a usage error
test (18)	Coverage report (informational, not a gate)	2026-08-20T18:02:56.2411169Z   ---
test (18)	Coverage report (informational, not a gate)	2026-08-20T18:02:56.2411410Z   duration_ms: 0.150684
test (18)	Coverage report (informational, not a gate)	2026-08-20T18:02:56.2411663Z   ...
test (18)	Coverage report (informational, not a gate)	2026-08-20T18:02:56.2412176Z # Subtest: --tag missing value because next token is another flag is a usage error
test (18)	Coverage report (informational, not a gate)	2026-08-20T18:02:56.2412903Z ok 20 - --tag missing value because next token is another flag is a usage error
test (18)	Coverage report (informational, not a gate)	2026-08-20T18:02:56.2413375Z   ---
test (18)	Coverage report (informational, not a gate)	2026-08-20T18:02:56.2413618Z   duration_ms: 0.131946
test (18)	Coverage report (informational, not a gate)	2026-08-20T18:02:56.2413880Z   ...
test (18)	Coverage report (informational, not a gate)	2026-08-20T18:02:56.2414283Z # Subtest: --seed missing value at end of argv is a usage error
test (18)	Coverage report (informational, not a gate)	2026-08-20T18:02:56.2414883Z ok 21 - --seed missing value at end of argv is a usage error
test (18)	Coverage report (informational, not a gate)	2026-08-20T18:02:56.2415281Z   ---
test (18)	Coverage report (informational, not a gate)	2026-08-20T18:02:56.2415534Z   duration_ms: 0.106468
test (18)	Coverage report (informational, not a gate)	2026-08-20T18:02:56.2415805Z   ...
test (18)	Coverage report (informational, not a gate)	2026-08-20T18:02:56.2416172Z # Subtest: --author= with empty value is a usage error
test (18)	Coverage report (informational, not a gate)	2026-08-20T18:02:56.2416709Z ok 22 - --author= with empty value is a usage error
test (18)	Coverage report (informational, not a gate)	2026-08-20T18:02:56.2417080Z   ---
test (18)	Coverage report (informational, not a gate)	2026-08-20T18:02:56.2417443Z   duration_ms: 0.113799
test (18)	Coverage report (informational, not a gate)	2026-08-20T18:02:56.2417688Z   ...
test (18)	Coverage report (informational, not a gate)	2026-08-20T18:02:56.2418122Z # Subtest: a bare positional argument (not a flag) is a usage error
test (18)	Coverage report (informational, not a gate)	2026-08-20T18:02:56.2418758Z ok 23 - a bare positional argument (not a flag) is a usage error
test (18)	Coverage report (informational, not a gate)	2026-08-20T18:02:56.2419171Z   ---
test (18)	Coverage report (informational, not a gate)	2026-08-20T18:02:56.2419414Z   duration_ms: 0.076774
test (18)	Coverage report (informational, not a gate)	2026-08-20T18:02:56.2419677Z   ...
test (18)	Coverage report (informational, not a gate)	2026-08-20T18:02:56.2420040Z # Subtest: parseArgs never throws on malformed input
test (18)	Coverage report (informational, not a gate)	2026-08-20T18:02:56.2420548Z ok 24 - parseArgs never throws on malformed input
test (18)	Coverage report (informational, not a gate)	2026-08-20T18:02:56.2421326Z   ---
test (18)	Coverage report (informational, not a gate)	2026-08-20T18:02:56.2421563Z   duration_ms: 0.280006
test (18)	Coverage report (informational, not a gate)	2026-08-20T18:02:56.2421825Z   ...
test (18)	Coverage report (informational, not a gate)	2026-08-20T18:02:56.2422198Z # Subtest: absent options are undefined/false, never null
test (18)	Coverage report (informational, not a gate)	2026-08-20T18:02:56.2422726Z ok 25 - absent options are undefined/false, never null
test (18)	Coverage report (informational, not a gate)	2026-08-20T18:02:56.2423112Z   ---
test (18)	Coverage report (informational, not a gate)	2026-08-20T18:02:56.2423353Z   duration_ms: 0.113378
test (18)	Coverage report (informational, not a gate)	2026-08-20T18:02:56.2423609Z   ...
test (18)	Coverage report (informational, not a gate)	2026-08-20T18:02:56.2424025Z # Subtest: HELP is a non-empty string mentioning every flag name
test (18)	Coverage report (informational, not a gate)	2026-08-20T18:02:56.2424580Z ok 26 - HELP is a non-empty string mentioning every flag name
test (18)	Coverage report (informational, not a gate)	2026-08-20T18:02:56.2424965Z   ---
test (18)	Coverage report (informational, not a gate)	2026-08-20T18:02:56.2425226Z   duration_ms: 0.171655
test (18)	Coverage report (informational, not a gate)	2026-08-20T18:02:56.2425510Z   ...
test (18)	Coverage report (informational, not a gate)	2026-08-20T18:02:56.2425919Z # Subtest: HELP fits comfortably on one 24-line terminal screen
test (18)	Coverage report (informational, not a gate)	2026-08-20T18:02:56.2426504Z ok 27 - HELP fits comfortably on one 24-line terminal screen
test (18)	Coverage report (informational, not a gate)	2026-08-20T18:02:56.2426883Z   ---
test (18)	Coverage report (informational, not a gate)	2026-08-20T18:02:56.2427161Z   duration_ms: 0.081841
test (18)	Coverage report (informational, not a gate)	2026-08-20T18:02:56.2427868Z   ...
test (18)	Coverage report (informational, not a gate)	2026-08-20T18:02:56.2428347Z # Subtest: --seed Infinity / --seed -Infinity parse to numbers, not a usage error
test (18)	Coverage report (informational, not a gate)	2026-08-20T18:02:56.2429274Z ok 28 - --seed Infinity / --seed -Infinity parse to numbers, not a usage error
test (18)	Coverage report (informational, not a gate)	2026-08-20T18:02:56.2429715Z   ---
test (18)	Coverage report (informational, not a gate)	2026-08-20T18:02:56.2429942Z   duration_ms: 0.136613
test (18)	Coverage report (informational, not a gate)	2026-08-20T18:02:56.2430191Z   ...
test (18)	Coverage report (informational, not a gate)	2026-08-20T18:02:59.5894981Z # Subtest: bare invocation prints one attributed aphorism and exits 0
test (18)	Coverage report (informational, not a gate)	2026-08-20T18:02:59.5895945Z ok 29 - bare invocation prints one attributed aphorism and exits 0
test (18)	Coverage report (informational, not a gate)	2026-08-20T18:02:59.5903256Z   ---
test (18)	Coverage report (informational, not a gate)	2026-08-20T18:02:59.5903727Z   duration_ms: 51.097951
test (18)	Coverage report (informational, not a gate)	2026-08-20T18:02:59.5904279Z   ...
test (18)	Coverage report (informational, not a gate)	2026-08-20T18:02:59.5904857Z # Subtest: --seed is deterministic across separate processes
test (18)	Coverage report (informational, not a gate)	2026-08-20T18:02:59.5905618Z ok 30 - --seed is deterministic across separate processes
test (18)	Coverage report (informational, not a gate)	2026-08-20T18:02:59.5906183Z   ---
test (18)	Coverage report (informational, not a gate)	2026-08-20T18:02:59.5906557Z   duration_ms: 96.397742
test (18)	Coverage report (informational, not a gate)	2026-08-20T18:02:59.5906968Z   ...
test (18)	Coverage report (informational, not a gate)	2026-08-20T18:02:59.5907694Z # Subtest: different seeds do not all collapse to one aphorism
test (18)	Coverage report (informational, not a gate)	2026-08-20T18:02:59.5908482Z ok 31 - different seeds do not all collapse to one aphorism
test (18)	Coverage report (informational, not a gate)	2026-08-20T18:02:59.5909036Z   ---
test (18)	Coverage report (informational, not a gate)	2026-08-20T18:02:59.5909437Z   duration_ms: 464.963269
test (18)	Coverage report (informational, not a gate)	2026-08-20T18:02:59.5909860Z   ...
test (18)	Coverage report (informational, not a gate)	2026-08-20T18:02:59.5910486Z # Subtest: --json emits a single-line JSON object with text/author/tags
test (18)	Coverage report (informational, not a gate)	2026-08-20T18:02:59.5911313Z ok 32 - --json emits a single-line JSON object with text/author/tags
test (18)	Coverage report (informational, not a gate)	2026-08-20T18:02:59.5911876Z   ---
test (18)	Coverage report (informational, not a gate)	2026-08-20T18:02:59.5912254Z   duration_ms: 38.426548
test (18)	Coverage report (informational, not a gate)	2026-08-20T18:02:59.5912663Z   ...
test (18)	Coverage report (informational, not a gate)	2026-08-20T18:02:59.5913191Z # Subtest: --list prints every entry in the filtered set
test (18)	Coverage report (informational, not a gate)	2026-08-20T18:02:59.5913869Z ok 33 - --list prints every entry in the filtered set
test (18)	Coverage report (informational, not a gate)	2026-08-20T18:02:59.5914376Z   ---
test (18)	Coverage report (informational, not a gate)	2026-08-20T18:02:59.5914744Z   duration_ms: 33.604532
test (18)	Coverage report (informational, not a gate)	2026-08-20T18:02:59.5915142Z   ...
test (18)	Coverage report (informational, not a gate)	2026-08-20T18:02:59.5915672Z # Subtest: --help prints usage to stdout and exits 0
test (18)	Coverage report (informational, not a gate)	2026-08-20T18:02:59.5916172Z ok 34 - --help prints usage to stdout and exits 0
test (18)	Coverage report (informational, not a gate)	2026-08-20T18:02:59.5916537Z   ---
test (18)	Coverage report (informational, not a gate)	2026-08-20T18:02:59.5916782Z   duration_ms: 35.453904
test (18)	Coverage report (informational, not a gate)	2026-08-20T18:02:59.5917180Z   ...
test (18)	Coverage report (informational, not a gate)	2026-08-20T18:02:59.5917779Z # Subtest: no match exits 1 with stderr only and zero bytes on stdout
test (18)	Coverage report (informational, not a gate)	2026-08-20T18:02:59.5918470Z ok 35 - no match exits 1 with stderr only and zero bytes on stdout
test (18)	Coverage report (informational, not a gate)	2026-08-20T18:02:59.5918877Z   ---
test (18)	Coverage report (informational, not a gate)	2026-08-20T18:02:59.5919112Z   duration_ms: 35.446879
test (18)	Coverage report (informational, not a gate)	2026-08-20T18:02:59.5919335Z   ...
test (18)	Coverage report (informational, not a gate)	2026-08-20T18:02:59.5919591Z # Subtest: unknown flag is a usage error, exit 2, stdout clean
test (18)	Coverage report (informational, not a gate)	2026-08-20T18:02:59.5919943Z ok 36 - unknown flag is a usage error, exit 2, stdout clean
test (18)	Coverage report (informational, not a gate)	2026-08-20T18:02:59.5920182Z   ---
test (18)	Coverage report (informational, not a gate)	2026-08-20T18:02:59.5920340Z   duration_ms: 35.58211
test (18)	Coverage report (informational, not a gate)	2026-08-20T18:02:59.5920513Z   ...
test (18)	Coverage report (informational, not a gate)	2026-08-20T18:02:59.5920754Z # Subtest: non-numeric seed is a usage error, exit 2
test (18)	Coverage report (informational, not a gate)	2026-08-20T18:02:59.5921055Z ok 37 - non-numeric seed is a usage error, exit 2
test (18)	Coverage report (informational, not a gate)	2026-08-20T18:02:59.5921277Z   ---
test (18)	Coverage report (informational, not a gate)	2026-08-20T18:02:59.5921426Z   duration_ms: 35.06298
test (18)	Coverage report (informational, not a gate)	2026-08-20T18:02:59.5921589Z   ...
test (18)	Coverage report (informational, not a gate)	2026-08-20T18:02:59.5922352Z # Subtest: author filter is case-insensitive and narrows the list
test (18)	Coverage report (informational, not a gate)	2026-08-20T18:02:59.5922736Z ok 38 - author filter is case-insensitive and narrows the list
test (18)	Coverage report (informational, not a gate)	2026-08-20T18:02:59.5922995Z   ---
test (18)	Coverage report (informational, not a gate)	2026-08-20T18:02:59.5923156Z   duration_ms: 69.63396
test (18)	Coverage report (informational, not a gate)	2026-08-20T18:02:59.5923320Z   ...
test (18)	Coverage report (informational, not a gate)	2026-08-20T18:02:59.5923809Z # Subtest: output is pipe-safe — no ANSI escapes when not a TTY
test (18)	Coverage report (informational, not a gate)	2026-08-20T18:02:59.5924230Z ok 39 - output is pipe-safe — no ANSI escapes when not a TTY
test (18)	Coverage report (informational, not a gate)	2026-08-20T18:02:59.5924495Z   ---
test (18)	Coverage report (informational, not a gate)	2026-08-20T18:02:59.5924685Z   duration_ms: 35.516943
test (18)	Coverage report (informational, not a gate)	2026-08-20T18:02:59.5924885Z   ...
test (18)	Coverage report (informational, not a gate)	2026-08-20T18:02:59.5930344Z # Subtest: --tag matches membership, not substring containment
test (18)	Coverage report (informational, not a gate)	2026-08-20T18:02:59.5931139Z ok 40 - --tag matches membership, not substring containment
test (18)	Coverage report (informational, not a gate)	2026-08-20T18:02:59.5931848Z   ---
test (18)	Coverage report (informational, not a gate)	2026-08-20T18:02:59.5932300Z   duration_ms: 70.82777
test (18)	Coverage report (informational, not a gate)	2026-08-20T18:02:59.5932745Z   ...
test (18)	Coverage report (informational, not a gate)	2026-08-20T18:02:59.5933384Z # Subtest: --list prints exactly one line per matching entry, no drops
test (18)	Coverage report (informational, not a gate)	2026-08-20T18:02:59.5934221Z ok 41 - --list prints exactly one line per matching entry, no drops
test (18)	Coverage report (informational, not a gate)	2026-08-20T18:02:59.5935092Z   ---
test (18)	Coverage report (informational, not a gate)	2026-08-20T18:02:59.5935336Z   duration_ms: 34.104658
test (18)	Coverage report (informational, not a gate)	2026-08-20T18:02:59.5935599Z   ...
test (18)	Coverage report (informational, not a gate)	2026-08-20T18:02:59.5936036Z # Subtest: --list preserves corpus order (first and last line match)
test (18)	Coverage report (informational, not a gate)	2026-08-20T18:02:59.5936873Z ok 42 - --list preserves corpus order (first and last line match)
test (18)	Coverage report (informational, not a gate)	2026-08-20T18:02:59.5937519Z   ---
test (18)	Coverage report (informational, not a gate)	2026-08-20T18:02:59.5939133Z   duration_ms: 34.800501
test (18)	Coverage report (informational, not a gate)	2026-08-20T18:02:59.5939413Z   ...
test (18)	Coverage report (informational, not a gate)	2026-08-20T18:02:59.5940013Z # Subtest: --json output is exactly one line, never pretty-printed
test (18)	Coverage report (informational, not a gate)	2026-08-20T18:02:59.5953866Z ok 43 - --json output is exactly one line, never pretty-printed
test (18)	Coverage report (informational, not a gate)	2026-08-20T18:02:59.5954359Z   ---
test (18)	Coverage report (informational, not a gate)	2026-08-20T18:02:59.5954612Z   duration_ms: 34.181303
test (18)	Coverage report (informational, not a gate)	2026-08-20T18:02:59.5954957Z   ...
test (18)	Coverage report (informational, not a gate)	2026-08-20T18:02:59.5955823Z # Subtest: --list --json emits newline-delimited JSON, one object per line, in corpus order
test (18)	Coverage report (informational, not a gate)	2026-08-20T18:02:59.5957210Z ok 44 - --list --json emits newline-delimited JSON, one object per line, in corpus order
test (18)	Coverage report (informational, not a gate)	2026-08-20T18:02:59.5957927Z   ---
test (18)	Coverage report (informational, not a gate)	2026-08-20T18:02:59.5958181Z   duration_ms: 34.98188
test (18)	Coverage report (informational, not a gate)	2026-08-20T18:02:59.5958525Z   ...
test (18)	Coverage report (informational, not a gate)	2026-08-20T18:02:59.5960198Z # Subtest: --json composes with --seed: the seeded JSON pick is reproducible AND is the same entry as the plain-text pick
test (18)	Coverage report (informational, not a gate)	2026-08-20T18:02:59.5978606Z ok 45 - --json composes with --seed: the seeded JSON pick is reproducible AND is the same entry as the plain-text pick
test (18)	Coverage report (informational, not a gate)	2026-08-20T18:02:59.5988047Z   ---
test (18)	Coverage report (informational, not a gate)	2026-08-20T18:02:59.5988550Z   duration_ms: 607.905918
test (18)	Coverage report (informational, not a gate)	2026-08-20T18:02:59.5989235Z   ...
test (18)	Coverage report (informational, not a gate)	2026-08-20T18:02:59.5989880Z # Subtest: --json composes with the filter flags: the JSON pick is always a member of the FILTERED set
test (18)	Coverage report (informational, not a gate)	2026-08-20T18:02:59.5990814Z ok 46 - --json composes with the filter flags: the JSON pick is always a member of the FILTERED set
test (18)	Coverage report (informational, not a gate)	2026-08-20T18:02:59.5991342Z   ---
test (18)	Coverage report (informational, not a gate)	2026-08-20T18:02:59.5991511Z   duration_ms: 811.686553
test (18)	Coverage report (informational, not a gate)	2026-08-20T18:02:59.5991697Z   ...
test (18)	Coverage report (informational, not a gate)	2026-08-20T18:02:59.5992057Z # Subtest: --list accepts a valid --seed and IGNORES it: output is byte-identical across seeds
test (18)	Coverage report (informational, not a gate)	2026-08-20T18:02:59.5992598Z ok 47 - --list accepts a valid --seed and IGNORES it: output is byte-identical across seeds
test (18)	Coverage report (informational, not a gate)	2026-08-20T18:02:59.5992918Z   ---
test (18)	Coverage report (informational, not a gate)	2026-08-20T18:02:59.5993093Z   duration_ms: 341.545635
test (18)	Coverage report (informational, not a gate)	2026-08-20T18:02:59.5993274Z   ...
test (18)	Coverage report (informational, not a gate)	2026-08-20T18:02:59.5993630Z # Subtest: --list --seed abc is a usage error, exit 2, stdout empty, stderr carries the diagnostic
test (18)	Coverage report (informational, not a gate)	2026-08-20T18:02:59.5994148Z ok 48 - --list --seed abc is a usage error, exit 2, stdout empty, stderr carries the diagnostic
test (18)	Coverage report (informational, not a gate)	2026-08-20T18:02:59.5994459Z   ---
test (18)	Coverage report (informational, not a gate)	2026-08-20T18:02:59.5994626Z   duration_ms: 34.190075
test (18)	Coverage report (informational, not a gate)	2026-08-20T18:02:59.5994816Z   ...
test (18)	Coverage report (informational, not a gate)	2026-08-20T18:02:59.5995205Z # Subtest: --seed abc --list (erroring flag BEFORE --list) is still a usage error, exit 2, stdout empty
test (18)	Coverage report (informational, not a gate)	2026-08-20T18:02:59.5995781Z ok 49 - --seed abc --list (erroring flag BEFORE --list) is still a usage error, exit 2, stdout empty
test (18)	Coverage report (informational, not a gate)	2026-08-20T18:02:59.5996107Z   ---
test (18)	Coverage report (informational, not a gate)	2026-08-20T18:02:59.5996542Z   duration_ms: 33.804334
test (18)	Coverage report (informational, not a gate)	2026-08-20T18:02:59.5996723Z   ...
test (18)	Coverage report (informational, not a gate)	2026-08-20T18:02:59.5997056Z # Subtest: --list --seed=  (empty seed value) is a usage error, exit 2, stdout empty
test (18)	Coverage report (informational, not a gate)	2026-08-20T18:02:59.5997740Z ok 50 - --list --seed=  (empty seed value) is a usage error, exit 2, stdout empty
test (18)	Coverage report (informational, not a gate)	2026-08-20T18:02:59.5998027Z   ---
test (18)	Coverage report (informational, not a gate)	2026-08-20T18:02:59.5998184Z   duration_ms: 33.118225
test (18)	Coverage report (informational, not a gate)	2026-08-20T18:02:59.5998365Z   ...
test (18)	Coverage report (informational, not a gate)	2026-08-20T18:02:59.5998723Z # Subtest: --list --seed "   " (whitespace-only seed value) is a usage error, exit 2, stdout empty
test (18)	Coverage report (informational, not a gate)	2026-08-20T18:02:59.5999251Z ok 51 - --list --seed "   " (whitespace-only seed value) is a usage error, exit 2, stdout empty
test (18)	Coverage report (informational, not a gate)	2026-08-20T18:02:59.5999562Z   ---
test (18)	Coverage report (informational, not a gate)	2026-08-20T18:02:59.5999714Z   duration_ms: 34.030057
test (18)	Coverage report (informational, not a gate)	2026-08-20T18:02:59.5999885Z   ...
test (18)	Coverage report (informational, not a gate)	2026-08-20T18:02:59.6000580Z # Subtest: --list --nosuchflag (unknown flag) is a usage error, exit 2, stdout empty — --list does not swallow it
test (18)	Coverage report (informational, not a gate)	2026-08-20T18:02:59.6001267Z ok 52 - --list --nosuchflag (unknown flag) is a usage error, exit 2, stdout empty — --list does not swallow it
test (18)	Coverage report (informational, not a gate)	2026-08-20T18:02:59.6001761Z   ---
test (18)	Coverage report (informational, not a gate)	2026-08-20T18:02:59.6001922Z   duration_ms: 33.613841
test (18)	Coverage report (informational, not a gate)	2026-08-20T18:02:59.6002087Z   ...
test (18)	Coverage report (informational, not a gate)	2026-08-20T18:02:59.6002463Z # Subtest: --nosuchflag --list (unknown flag BEFORE --list) is still a usage error, exit 2, stdout empty
test (18)	Coverage report (informational, not a gate)	2026-08-20T18:02:59.6003031Z ok 53 - --nosuchflag --list (unknown flag BEFORE --list) is still a usage error, exit 2, stdout empty
test (18)	Coverage report (informational, not a gate)	2026-08-20T18:02:59.6003357Z   ---
test (18)	Coverage report (informational, not a gate)	2026-08-20T18:02:59.6003509Z   duration_ms: 33.585699
test (18)	Coverage report (informational, not a gate)	2026-08-20T18:02:59.6003676Z   ...
test (18)	Coverage report (informational, not a gate)	2026-08-20T18:02:59.6019883Z # Subtest: plain single-pick output is TWO lines: text, newline, four-space indent, EM DASH, space, author
test (18)	Coverage report (informational, not a gate)	2026-08-20T18:02:59.6021110Z ok 54 - plain single-pick output is TWO lines: text, newline, four-space indent, EM DASH, space, author
test (18)	Coverage report (informational, not a gate)	2026-08-20T18:02:59.6021878Z   ---
test (18)	Coverage report (informational, not a gate)	2026-08-20T18:02:59.6022270Z   duration_ms: 34.024379
test (18)	Coverage report (informational, not a gate)	2026-08-20T18:02:59.6022677Z   ...
test (18)	Coverage report (informational, not a gate)	2026-08-20T18:02:59.6032026Z # Subtest: --seed Infinity and --seed -Infinity (typed as CLI strings) are accepted and deterministic
test (18)	Coverage report (informational, not a gate)	2026-08-20T18:02:59.6042206Z ok 55 - --seed Infinity and --seed -Infinity (typed as CLI strings) are accepted and deterministic
test (18)	Coverage report (informational, not a gate)	2026-08-20T18:02:59.6042590Z   ---
test (18)	Coverage report (informational, not a gate)	2026-08-20T18:02:59.6042766Z   duration_ms: 136.539854
test (18)	Coverage report (informational, not a gate)	2026-08-20T18:02:59.6042954Z   ...
test (18)	Coverage report (informational, not a gate)	2026-08-20T18:02:59.6043331Z # Subtest: --list with a filter that matches nothing is STILL exit 1, stderr only, stdout empty
test (18)	Coverage report (informational, not a gate)	2026-08-20T18:02:59.6043859Z ok 56 - --list with a filter that matches nothing is STILL exit 1, stderr only, stdout empty
test (18)	Coverage report (informational, not a gate)	2026-08-20T18:02:59.6044179Z   ---
test (18)	Coverage report (informational, not a gate)	2026-08-20T18:02:59.6044339Z   duration_ms: 69.181156
test (18)	Coverage report (informational, not a gate)	2026-08-20T18:02:59.6044522Z   ...
test (18)	Coverage report (informational, not a gate)	2026-08-20T18:02:59.6044976Z # Subtest: --tag "" (bare empty-string value) matches nothing: whole-tag equality against the literal "" is not a filter no-op
test (18)	Coverage report (informational, not a gate)	2026-08-20T18:02:59.6045662Z ok 57 - --tag "" (bare empty-string value) matches nothing: whole-tag equality against the literal "" is not a filter no-op
test (18)	Coverage report (informational, not a gate)	2026-08-20T18:02:59.6046063Z   ---
test (18)	Coverage report (informational, not a gate)	2026-08-20T18:02:59.6046222Z   duration_ms: 34.670704
test (18)	Coverage report (informational, not a gate)	2026-08-20T18:02:59.6046405Z   ...
test (18)	Coverage report (informational, not a gate)	2026-08-20T18:02:59.7560875Z # Subtest: README Node support citation: cited git diff must be empty (or the check must skip on a missing precondition)
test (18)	Coverage report (informational, not a gate)	2026-08-20T18:02:59.7562839Z ok 58 - README Node support citation: cited git diff must be empty (or the check must skip on a missing precondition) # SKIP cited base commit 2b003ea is not reachable in this checkout (this is a shallow clone) -- cannot evaluate the README's Node support citation
test (18)	Coverage report (informational, not a gate)	2026-08-20T18:02:59.7564185Z   ---
test (18)	Coverage report (informational, not a gate)	2026-08-20T18:02:59.7564433Z   duration_ms: 20.639444
test (18)	Coverage report (informational, not a gate)	2026-08-20T18:02:59.7564700Z   ...
test (18)	Coverage report (informational, not a gate)	2026-08-20T18:02:59.7565804Z # Subtest: README Node support citation: base-to-working-tree diff must also be empty, so an uncommitted falsification is visible now (or the check must skip on a missing precondition)
test (18)	Coverage report (informational, not a gate)	2026-08-20T18:02:59.7568411Z ok 59 - README Node support citation: base-to-working-tree diff must also be empty, so an uncommitted falsification is visible now (or the check must skip on a missing precondition) # SKIP cited base commit 2b003ea is not reachable in this checkout (this is a shallow clone) -- cannot evaluate the README's Node support citation
test (18)	Coverage report (informational, not a gate)	2026-08-20T18:02:59.7570309Z   ---
test (18)	Coverage report (informational, not a gate)	2026-08-20T18:02:59.7570543Z   duration_ms: 18.495394
test (18)	Coverage report (informational, not a gate)	2026-08-20T18:02:59.7570806Z   ...
test (18)	Coverage report (informational, not a gate)	2026-08-20T18:02:59.7571243Z # Subtest: --list | true: exits quietly, zero stderr, no crash banner
test (18)	Coverage report (informational, not a gate)	2026-08-20T18:02:59.7571845Z ok 60 - --list | true: exits quietly, zero stderr, no crash banner
test (18)	Coverage report (informational, not a gate)	2026-08-20T18:02:59.7572237Z   ---
test (18)	Coverage report (informational, not a gate)	2026-08-20T18:02:59.7572456Z   duration_ms: 58.306822
test (18)	Coverage report (informational, not a gate)	2026-08-20T18:02:59.7572714Z   ...
test (18)	Coverage report (informational, not a gate)	2026-08-20T18:02:59.7573165Z # Subtest: | true (no --list, single aphorism): exits quietly, zero stderr
test (18)	Coverage report (informational, not a gate)	2026-08-20T18:02:59.7573792Z ok 61 - | true (no --list, single aphorism): exits quietly, zero stderr
test (18)	Coverage report (informational, not a gate)	2026-08-20T18:02:59.7574189Z   ---
test (18)	Coverage report (informational, not a gate)	2026-08-20T18:02:59.7574416Z   duration_ms: 41.597822
test (18)	Coverage report (informational, not a gate)	2026-08-20T18:02:59.7574669Z   ...
test (18)	Coverage report (informational, not a gate)	2026-08-20T18:02:59.7575126Z # Subtest: --list | head -0: exits quietly, zero stderr, no crash banner
test (18)	Coverage report (informational, not a gate)	2026-08-20T18:02:59.7576093Z ok 62 - --list | head -0: exits quietly, zero stderr, no crash banner
test (18)	Coverage report (informational, not a gate)	2026-08-20T18:02:59.7576610Z   ---
test (18)	Coverage report (informational, not a gate)	2026-08-20T18:02:59.7577143Z   duration_ms: 47.522292
test (18)	Coverage report (informational, not a gate)	2026-08-20T18:02:59.7577746Z   ...
test (18)	Coverage report (informational, not a gate)	2026-08-20T18:02:59.7578366Z # Subtest: --list | /nonexistent-cmd-xyz: no crash banner from the CLI itself
test (18)	Coverage report (informational, not a gate)	2026-08-20T18:02:59.7579186Z ok 63 - --list | /nonexistent-cmd-xyz: no crash banner from the CLI itself
test (18)	Coverage report (informational, not a gate)	2026-08-20T18:02:59.7579733Z   ---
test (18)	Coverage report (informational, not a gate)	2026-08-20T18:02:59.7580165Z   duration_ms: 45.528601
test (18)	Coverage report (informational, not a gate)	2026-08-20T18:02:59.7580555Z   ...
test (18)	Coverage report (informational, not a gate)	2026-08-20T18:02:59.7581307Z # Subtest: non-EPIPE stdout write failure: reported, not silent, not exit 1, no stack trace
test (18)	Coverage report (informational, not a gate)	2026-08-20T18:02:59.7592093Z ok 64 - non-EPIPE stdout write failure: reported, not silent, not exit 1, no stack trace
test (18)	Coverage report (informational, not a gate)	2026-08-20T18:02:59.7592562Z   ---
test (18)	Coverage report (informational, not a gate)	2026-08-20T18:02:59.7592777Z   duration_ms: 49.121259
test (18)	Coverage report (informational, not a gate)	2026-08-20T18:02:59.7593009Z   ...
test (18)	Coverage report (informational, not a gate)	2026-08-20T18:02:59.7593497Z # Subtest: usage error survives a closed stderr reader: still exits 2, not clobbered to 1
test (18)	Coverage report (informational, not a gate)	2026-08-20T18:02:59.7594175Z ok 65 - usage error survives a closed stderr reader: still exits 2, not clobbered to 1
test (18)	Coverage report (informational, not a gate)	2026-08-20T18:02:59.7594591Z   ---
test (18)	Coverage report (informational, not a gate)	2026-08-20T18:02:59.7594825Z   duration_ms: 113.677623
test (18)	Coverage report (informational, not a gate)	2026-08-20T18:02:59.7595066Z   ...
test (18)	Coverage report (informational, not a gate)	2026-08-20T18:02:59.7595566Z # Subtest: no-match exit code survives a closed stderr reader: still exits 1, not misreported
test (18)	Coverage report (informational, not a gate)	2026-08-20T18:02:59.7596320Z ok 66 - no-match exit code survives a closed stderr reader: still exits 1, not misreported
test (18)	Coverage report (informational, not a gate)	2026-08-20T18:02:59.7596817Z   ---
test (18)	Coverage report (informational, not a gate)	2026-08-20T18:02:59.7597066Z   duration_ms: 109.720685
test (18)	Coverage report (informational, not a gate)	2026-08-20T18:02:59.7597531Z   ...
test (18)	Coverage report (informational, not a gate)	2026-08-20T18:02:59.7598109Z # Subtest: non-EPIPE stderr write failure: not silent, not the earned exit code, no stack trace
test (18)	Coverage report (informational, not a gate)	2026-08-20T18:02:59.7598946Z ok 67 - non-EPIPE stderr write failure: not silent, not the earned exit code, no stack trace
test (18)	Coverage report (informational, not a gate)	2026-08-20T18:02:59.7599452Z   ---
test (18)	Coverage report (informational, not a gate)	2026-08-20T18:02:59.7599690Z   duration_ms: 34.109846
test (18)	Coverage report (informational, not a gate)	2026-08-20T18:02:59.7599978Z   ...
test (18)	Coverage report (informational, not a gate)	2026-08-20T18:02:59.7600363Z # Subtest: control: --list | head -1 stays completely clean
test (18)	Coverage report (informational, not a gate)	2026-08-20T18:02:59.7600894Z ok 68 - control: --list | head -1 stays completely clean
test (18)	Coverage report (informational, not a gate)	2026-08-20T18:02:59.7601258Z   ---
test (18)	Coverage report (informational, not a gate)	2026-08-20T18:02:59.7601487Z   duration_ms: 34.539052
test (18)	Coverage report (informational, not a gate)	2026-08-20T18:02:59.7601741Z   ...
test (18)	Coverage report (informational, not a gate)	2026-08-20T18:02:59.7602119Z # Subtest: control: --list | head -5 stays completely clean
test (18)	Coverage report (informational, not a gate)	2026-08-20T18:02:59.7602669Z ok 69 - control: --list | head -5 stays completely clean
test (18)	Coverage report (informational, not a gate)	2026-08-20T18:02:59.7603037Z   ---
test (18)	Coverage report (informational, not a gate)	2026-08-20T18:02:59.7603271Z   duration_ms: 36.251592
test (18)	Coverage report (informational, not a gate)	2026-08-20T18:02:59.7603537Z   ...
test (18)	Coverage report (informational, not a gate)	2026-08-20T18:02:59.7603916Z # Subtest: control: --list | sed 1q stays completely clean
test (18)	Coverage report (informational, not a gate)	2026-08-20T18:02:59.7604460Z ok 70 - control: --list | sed 1q stays completely clean
test (18)	Coverage report (informational, not a gate)	2026-08-20T18:02:59.7604829Z   ---
test (18)	Coverage report (informational, not a gate)	2026-08-20T18:02:59.7605061Z   duration_ms: 35.50426
test (18)	Coverage report (informational, not a gate)	2026-08-20T18:02:59.7605311Z   ...
test (18)	Coverage report (informational, not a gate)	2026-08-20T18:02:59.7605713Z # Subtest: control: --list | grep -q . stays completely clean
test (18)	Coverage report (informational, not a gate)	2026-08-20T18:02:59.7606562Z ok 71 - control: --list | grep -q . stays completely clean
test (18)	Coverage report (informational, not a gate)	2026-08-20T18:02:59.7607014Z   ---
test (18)	Coverage report (informational, not a gate)	2026-08-20T18:02:59.7607385Z   duration_ms: 41.086718
test (18)	Coverage report (informational, not a gate)	2026-08-20T18:02:59.7607649Z   ...
test (18)	Coverage report (informational, not a gate)	2026-08-20T18:02:59.7607991Z # Subtest: control: | wc -l stays completely clean
test (18)	Coverage report (informational, not a gate)	2026-08-20T18:02:59.7608463Z ok 72 - control: | wc -l stays completely clean
test (18)	Coverage report (informational, not a gate)	2026-08-20T18:02:59.7608800Z   ---
test (18)	Coverage report (informational, not a gate)	2026-08-20T18:02:59.7609036Z   duration_ms: 35.585515
test (18)	Coverage report (informational, not a gate)	2026-08-20T18:02:59.7609293Z   ...
test (18)	Coverage report (informational, not a gate)	2026-08-20T18:02:59.7609707Z # Subtest: control: --list --json | head -2 stays completely clean
test (18)	Coverage report (informational, not a gate)	2026-08-20T18:02:59.7610311Z ok 73 - control: --list --json | head -2 stays completely clean
test (18)	Coverage report (informational, not a gate)	2026-08-20T18:02:59.7610705Z   ---
test (18)	Coverage report (informational, not a gate)	2026-08-20T18:02:59.7610934Z   duration_ms: 35.230609
test (18)	Coverage report (informational, not a gate)	2026-08-20T18:02:59.7611200Z   ...
test (18)	Coverage report (informational, not a gate)	2026-08-20T18:02:59.7611648Z # Subtest: control: exit 1 / exit 2 stderr messages and codes are unchanged
test (18)	Coverage report (informational, not a gate)	2026-08-20T18:02:59.7612309Z ok 74 - control: exit 1 / exit 2 stderr messages and codes are unchanged
test (18)	Coverage report (informational, not a gate)	2026-08-20T18:02:59.7612733Z   ---
test (18)	Coverage report (informational, not a gate)	2026-08-20T18:02:59.7612955Z   duration_ms: 68.023421
test (18)	Coverage report (informational, not a gate)	2026-08-20T18:02:59.7613374Z   ...
test (18)	Coverage report (informational, not a gate)	2026-08-20T18:02:59.7613869Z # Subtest: control: a normal (non-full) stdout target still exits 0 with empty stderr
test (18)	Coverage report (informational, not a gate)	2026-08-20T18:02:59.7614625Z ok 75 - control: a normal (non-full) stdout target still exits 0 with empty stderr
test (18)	Coverage report (informational, not a gate)	2026-08-20T18:02:59.7615082Z   ---
test (18)	Coverage report (informational, not a gate)	2026-08-20T18:02:59.7615311Z   duration_ms: 66.413054
test (18)	Coverage report (informational, not a gate)	2026-08-20T18:02:59.7615567Z   ...
test (18)	Coverage report (informational, not a gate)	2026-08-20T18:02:59.7615878Z # Subtest: README tags must exist in corpus
test (18)	Coverage report (informational, not a gate)	2026-08-20T18:02:59.7616298Z ok 76 - README tags must exist in corpus
test (18)	Coverage report (informational, not a gate)	2026-08-20T18:02:59.7616616Z   ---
test (18)	Coverage report (informational, not a gate)	2026-08-20T18:02:59.7616848Z   duration_ms: 2.137279
test (18)	Coverage report (informational, not a gate)	2026-08-20T18:02:59.7617104Z   ...
test (18)	Coverage report (informational, not a gate)	2026-08-20T18:02:59.7617568Z # Subtest: README tag counts must match corpus
test (18)	Coverage report (informational, not a gate)	2026-08-20T18:02:59.7618002Z ok 77 - README tag counts must match corpus
test (18)	Coverage report (informational, not a gate)	2026-08-20T18:02:59.7618324Z   ---
test (18)	Coverage report (informational, not a gate)	2026-08-20T18:02:59.7618567Z   duration_ms: 0.561483
test (18)	Coverage report (informational, not a gate)	2026-08-20T18:02:59.7618820Z   ...
test (18)	Coverage report (informational, not a gate)	2026-08-20T18:02:59.7619189Z # Subtest: README must state total unique tags correctly
test (18)	Coverage report (informational, not a gate)	2026-08-20T18:02:59.7619699Z ok 78 - README must state total unique tags correctly
test (18)	Coverage report (informational, not a gate)	2026-08-20T18:02:59.7620053Z   ---
test (18)	Coverage report (informational, not a gate)	2026-08-20T18:02:59.7620276Z   duration_ms: 1.092239
test (18)	Coverage report (informational, not a gate)	2026-08-20T18:02:59.7620541Z   ...
test (18)	Coverage report (informational, not a gate)	2026-08-20T18:02:59.7620870Z # Subtest: README must list all single-entry tags
test (18)	Coverage report (informational, not a gate)	2026-08-20T18:02:59.7621322Z ok 79 - README must list all single-entry tags
test (18)	Coverage report (informational, not a gate)	2026-08-20T18:02:59.7621589Z   ---
test (18)	Coverage report (informational, not a gate)	2026-08-20T18:02:59.7621738Z   duration_ms: 1.910764
test (18)	Coverage report (informational, not a gate)	2026-08-20T18:02:59.7621901Z   ...
test (18)	Coverage report (informational, not a gate)	2026-08-20T18:02:59.7622501Z # Subtest: README Tag vocabulary counts table "Tags on exactly one entry" row matches the corpus (structural replacement for the retired token co-occurrence guard, Q-4)
test (18)	Coverage report (informational, not a gate)	2026-08-20T18:02:59.7623425Z ok 80 - README Tag vocabulary counts table "Tags on exactly one entry" row matches the corpus (structural replacement for the retired token co-occurrence guard, Q-4)
test (18)	Coverage report (informational, not a gate)	2026-08-20T18:02:59.7623918Z   ---
test (18)	Coverage report (informational, not a gate)	2026-08-20T18:02:59.7624070Z   duration_ms: 0.460323
test (18)	Coverage report (informational, not a gate)	2026-08-20T18:02:59.7624248Z   ...
test (18)	Coverage report (informational, not a gate)	2026-08-20T18:02:59.7624734Z # Subtest: assertTagVocabCountsTableWellFormed fails loud on a DUPLICATED row label, whichever order the rows appear in (Q-4)
test (18)	Coverage report (informational, not a gate)	2026-08-20T18:02:59.7625494Z ok 81 - assertTagVocabCountsTableWellFormed fails loud on a DUPLICATED row label, whichever order the rows appear in (Q-4)
test (18)	Coverage report (informational, not a gate)	2026-08-20T18:02:59.7625915Z   ---
test (18)	Coverage report (informational, not a gate)	2026-08-20T18:02:59.7626072Z   duration_ms: 1.512003
test (18)	Coverage report (informational, not a gate)	2026-08-20T18:02:59.7626237Z   ...
test (18)	Coverage report (informational, not a gate)	2026-08-20T18:02:59.7626644Z # Subtest: assertTagVocabCountsTableWellFormed fails loud on a row label no guard in this file reads (Q-4)
test (18)	Coverage report (informational, not a gate)	2026-08-20T18:02:59.7627398Z ok 82 - assertTagVocabCountsTableWellFormed fails loud on a row label no guard in this file reads (Q-4)
test (18)	Coverage report (informational, not a gate)	2026-08-20T18:02:59.7627979Z   ---
test (18)	Coverage report (informational, not a gate)	2026-08-20T18:02:59.7628203Z   duration_ms: 1.28775
test (18)	Coverage report (informational, not a gate)	2026-08-20T18:02:59.7628500Z   ...
test (18)	Coverage report (informational, not a gate)	2026-08-20T18:02:59.7629263Z # Subtest: parseTagVocabCountsTable returns null when the counts table is missing or malformed, and both readers fail loud on that null (Q-4)
test (18)	Coverage report (informational, not a gate)	2026-08-20T18:02:59.7630779Z ok 83 - parseTagVocabCountsTable returns null when the counts table is missing or malformed, and both readers fail loud on that null (Q-4)
test (18)	Coverage report (informational, not a gate)	2026-08-20T18:02:59.7631433Z   ---
test (18)	Coverage report (informational, not a gate)	2026-08-20T18:02:59.7631675Z   duration_ms: 0.385421
test (18)	Coverage report (informational, not a gate)	2026-08-20T18:02:59.7631963Z   ...
test (18)	Coverage report (informational, not a gate)	2026-08-20T18:02:59.7632635Z # Subtest: readTagVocabCount fails loud when a row value is not a plain integer, or when its row is absent (Q-4)
test (18)	Coverage report (informational, not a gate)	2026-08-20T18:02:59.7633653Z ok 84 - readTagVocabCount fails loud when a row value is not a plain integer, or when its row is absent (Q-4)
test (18)	Coverage report (informational, not a gate)	2026-08-20T18:02:59.7634215Z   ---
test (18)	Coverage report (informational, not a gate)	2026-08-20T18:02:59.7634450Z   duration_ms: 0.595473
test (18)	Coverage report (informational, not a gate)	2026-08-20T18:02:59.7634712Z   ...
test (18)	Coverage report (informational, not a gate)	2026-08-20T18:02:59.7635696Z # Subtest: extractBandTablesFromReadme tolerates a prose sentence between a band heading and its table (T-025), without mis-attaching a table when the real one is missing
test (18)	Coverage report (informational, not a gate)	2026-08-20T18:02:59.7637436Z ok 85 - extractBandTablesFromReadme tolerates a prose sentence between a band heading and its table (T-025), without mis-attaching a table when the real one is missing
test (18)	Coverage report (informational, not a gate)	2026-08-20T18:02:59.7638443Z   ---
test (18)	Coverage report (informational, not a gate)	2026-08-20T18:02:59.7638678Z   duration_ms: 0.817302
test (18)	Coverage report (informational, not a gate)	2026-08-20T18:02:59.7638936Z   ...
test (18)	Coverage report (informational, not a gate)	2026-08-20T18:02:59.7639615Z # Subtest: extractBandTablesFromReadme does not let a band-shaped PROSE line steal a real heading's table (T-039)
test (18)	Coverage report (informational, not a gate)	2026-08-20T18:02:59.7640668Z ok 86 - extractBandTablesFromReadme does not let a band-shaped PROSE line steal a real heading's table (T-039)
test (18)	Coverage report (informational, not a gate)	2026-08-20T18:02:59.7641271Z   ---
test (18)	Coverage report (informational, not a gate)	2026-08-20T18:02:59.7641496Z   duration_ms: 0.208489
test (18)	Coverage report (informational, not a gate)	2026-08-20T18:02:59.7641752Z   ...
test (18)	Coverage report (informational, not a gate)	2026-08-20T18:02:59.7642383Z # Subtest: extractBandTablesFromReadme does not read a fenced example block as a second, real band table
test (18)	Coverage report (informational, not a gate)	2026-08-20T18:02:59.7643348Z ok 87 - extractBandTablesFromReadme does not read a fenced example block as a second, real band table
test (18)	Coverage report (informational, not a gate)	2026-08-20T18:02:59.7643911Z   ---
test (18)	Coverage report (informational, not a gate)	2026-08-20T18:02:59.7644133Z   duration_ms: 0.144224
test (18)	Coverage report (informational, not a gate)	2026-08-20T18:02:59.7644389Z   ...
test (18)	Coverage report (informational, not a gate)	2026-08-20T18:02:59.7645500Z # Subtest: extractBandTablesFromReadme's recognised bands account for every structural `| Tag | Count |` table -- a table under an unrecognised heading shape is a loud mismatch, not a silent miss
test (18)	Coverage report (informational, not a gate)	2026-08-20T18:02:59.7647411Z ok 88 - extractBandTablesFromReadme's recognised bands account for every structural `| Tag | Count |` table -- a table under an unrecognised heading shape is a loud mismatch, not a silent miss
test (18)	Coverage report (informational, not a gate)	2026-08-20T18:02:59.7648321Z   ---
test (18)	Coverage report (informational, not a gate)	2026-08-20T18:02:59.7648551Z   duration_ms: 0.294036
test (18)	Coverage report (informational, not a gate)	2026-08-20T18:02:59.7648806Z   ...
test (18)	Coverage report (informational, not a gate)	2026-08-20T18:02:59.7649705Z # Subtest: every `| Tag | Count |` table in the real README Tag vocabulary section is a recognised band table (no table may hide under an unrecognised heading shape)
test (18)	Coverage report (informational, not a gate)	2026-08-20T18:02:59.7651116Z ok 89 - every `| Tag | Count |` table in the real README Tag vocabulary section is a recognised band table (no table may hide under an unrecognised heading shape)
test (18)	Coverage report (informational, not a gate)	2026-08-20T18:02:59.7651857Z   ---
test (18)	Coverage report (informational, not a gate)	2026-08-20T18:02:59.7652095Z   duration_ms: 0.574132
test (18)	Coverage report (informational, not a gate)	2026-08-20T18:02:59.7652422Z   ...
test (18)	Coverage report (informational, not a gate)	2026-08-20T18:02:59.7653045Z # Subtest: every band table in README Tag vocabulary contains exactly the corpus tags whose count fits that band
test (18)	Coverage report (informational, not a gate)	2026-08-20T18:02:59.7653673Z ok 90 - every band table in README Tag vocabulary contains exactly the corpus tags whose count fits that band
test (18)	Coverage report (informational, not a gate)	2026-08-20T18:02:59.7654041Z   ---
test (18)	Coverage report (informational, not a gate)	2026-08-20T18:02:59.7654203Z   duration_ms: 0.407554
test (18)	Coverage report (informational, not a gate)	2026-08-20T18:02:59.7654374Z   ...
test (18)	Coverage report (informational, not a gate)	2026-08-20T18:02:59.7654837Z # Subtest: every corpus tag appearing on 2+ entries must have a row in some band table (no band table may be deleted wholesale) (T-019)
test (18)	Coverage report (informational, not a gate)	2026-08-20T18:02:59.7655550Z ok 91 - every corpus tag appearing on 2+ entries must have a row in some band table (no band table may be deleted wholesale) (T-019)
test (18)	Coverage report (informational, not a gate)	2026-08-20T18:02:59.7655939Z   ---
test (18)	Coverage report (informational, not a gate)	2026-08-20T18:02:59.7656101Z   duration_ms: 0.366013
test (18)	Coverage report (informational, not a gate)	2026-08-20T18:02:59.7656277Z   ...
test (18)	Coverage report (informational, not a gate)	2026-08-20T18:02:59.7656803Z # Subtest: extractBandTablesFromReadme derives a band's row count purely from its table, ignoring decoy "N tags" phrases in the heading line (T-024b)
test (18)	Coverage report (informational, not a gate)	2026-08-20T18:02:59.7657940Z ok 92 - extractBandTablesFromReadme derives a band's row count purely from its table, ignoring decoy "N tags" phrases in the heading line (T-024b)
test (18)	Coverage report (informational, not a gate)	2026-08-20T18:02:59.7658404Z   ---
test (18)	Coverage report (informational, not a gate)	2026-08-20T18:02:59.7658573Z   duration_ms: 0.179466
test (18)	Coverage report (informational, not a gate)	2026-08-20T18:02:59.7658744Z   ...
test (18)	Coverage report (informational, not a gate)	2026-08-20T18:02:59.7659043Z # Subtest: README must state correct multi-entry and single-entry tag counts
test (18)	Coverage report (informational, not a gate)	2026-08-20T18:02:59.7659463Z ok 93 - README must state correct multi-entry and single-entry tag counts
test (18)	Coverage report (informational, not a gate)	2026-08-20T18:02:59.7659736Z   ---
test (18)	Coverage report (informational, not a gate)	2026-08-20T18:02:59.7659892Z   duration_ms: 0.383619
test (18)	Coverage report (informational, not a gate)	2026-08-20T18:02:59.7660068Z   ...
test (18)	Coverage report (informational, not a gate)	2026-08-20T18:02:59.7660426Z # Subtest: README Tag vocabulary section must contain no unrecognised count-claim digits (J-5)
test (18)	Coverage report (informational, not a gate)	2026-08-20T18:02:59.7660951Z ok 94 - README Tag vocabulary section must contain no unrecognised count-claim digits (J-5)
test (18)	Coverage report (informational, not a gate)	2026-08-20T18:02:59.7661267Z   ---
test (18)	Coverage report (informational, not a gate)	2026-08-20T18:02:59.7661420Z   duration_ms: 0.439912
test (18)	Coverage report (informational, not a gate)	2026-08-20T18:02:59.7661593Z   ...
test (18)	Coverage report (informational, not a gate)	2026-08-20T18:02:59.7661989Z # Subtest: README Attribution table "Entries ranked" count must match corpus.length and the triage doc (C1)
test (18)	Coverage report (informational, not a gate)	2026-08-20T18:02:59.7662706Z ok 95 - README Attribution table "Entries ranked" count must match corpus.length and the triage doc (C1)
test (18)	Coverage report (informational, not a gate)	2026-08-20T18:02:59.7663052Z   ---
test (18)	Coverage report (informational, not a gate)	2026-08-20T18:02:59.7663203Z   duration_ms: 3.328336
test (18)	Coverage report (informational, not a gate)	2026-08-20T18:02:59.7663367Z   ...
test (18)	Coverage report (informational, not a gate)	2026-08-20T18:02:59.7663720Z # Subtest: README Attribution table "Rated HIGH risk" count must match the triage doc table (C2)
test (18)	Coverage report (informational, not a gate)	2026-08-20T18:02:59.7664247Z ok 96 - README Attribution table "Rated HIGH risk" count must match the triage doc table (C2)
test (18)	Coverage report (informational, not a gate)	2026-08-20T18:02:59.7664561Z   ---
test (18)	Coverage report (informational, not a gate)	2026-08-20T18:02:59.7664712Z   duration_ms: 0.66795
test (18)	Coverage report (informational, not a gate)	2026-08-20T18:02:59.7664883Z   ...
test (18)	Coverage report (informational, not a gate)	2026-08-20T18:02:59.7665253Z # Subtest: README Attribution section must contain no digit runs outside the counts table (C7)
test (18)	Coverage report (informational, not a gate)	2026-08-20T18:02:59.7665758Z ok 97 - README Attribution section must contain no digit runs outside the counts table (C7)
test (18)	Coverage report (informational, not a gate)	2026-08-20T18:02:59.7666084Z   ---
test (18)	Coverage report (informational, not a gate)	2026-08-20T18:02:59.7666237Z   duration_ms: 0.424319
test (18)	Coverage report (informational, not a gate)	2026-08-20T18:02:59.7666408Z   ...
test (18)	Coverage report (informational, not a gate)	2026-08-20T18:02:59.7666662Z # Subtest: README Layout section paths must exist on disk (C6)
test (18)	Coverage report (informational, not a gate)	2026-08-20T18:02:59.7667008Z ok 98 - README Layout section paths must exist on disk (C6)
test (18)	Coverage report (informational, not a gate)	2026-08-20T18:02:59.7667377Z   ---
test (18)	Coverage report (informational, not a gate)	2026-08-20T18:02:59.7667608Z   duration_ms: 0.777924
test (18)	Coverage report (informational, not a gate)	2026-08-20T18:02:59.7667884Z   ...
test (18)	Coverage report (informational, not a gate)	2026-08-20T18:02:59.7668544Z # Subtest: getListBehaviourSection tolerates a reformatted "--list behaviour" heading with no backticks (T-021)
test (18)	Coverage report (informational, not a gate)	2026-08-20T18:02:59.7669593Z ok 99 - getListBehaviourSection tolerates a reformatted "--list behaviour" heading with no backticks (T-021)
test (18)	Coverage report (informational, not a gate)	2026-08-20T18:02:59.7670187Z   ---
test (18)	Coverage report (informational, not a gate)	2026-08-20T18:02:59.7670421Z   duration_ms: 0.493541
test (18)	Coverage report (informational, not a gate)	2026-08-20T18:02:59.7670677Z   ...
test (18)	Coverage report (informational, not a gate)	2026-08-20T18:02:59.7671470Z # Subtest: getListBehaviourSection still fails on a SEPARATOR MISMATCH (not a heading-parse error) when a reformatted heading's literal is mutated (T-021)
test (18)	Coverage report (informational, not a gate)	2026-08-20T18:02:59.7672358Z ok 100 - getListBehaviourSection still fails on a SEPARATOR MISMATCH (not a heading-parse error) when a reformatted heading's literal is mutated (T-021)
test (18)	Coverage report (informational, not a gate)	2026-08-20T18:02:59.7672829Z   ---
test (18)	Coverage report (informational, not a gate)	2026-08-20T18:02:59.7672990Z   duration_ms: 0.359664
test (18)	Coverage report (informational, not a gate)	2026-08-20T18:02:59.7673169Z   ...
test (18)	Coverage report (informational, not a gate)	2026-08-20T18:02:59.7673623Z # Subtest: getListBehaviourSection reports ambiguity loudly instead of taking the first of two qualifying headings (T-021)
test (18)	Coverage report (informational, not a gate)	2026-08-20T18:02:59.7674315Z ok 101 - getListBehaviourSection reports ambiguity loudly instead of taking the first of two qualifying headings (T-021)
test (18)	Coverage report (informational, not a gate)	2026-08-20T18:02:59.7674705Z   ---
test (18)	Coverage report (informational, not a gate)	2026-08-20T18:02:59.7674855Z   duration_ms: 0.400054
test (18)	Coverage report (informational, not a gate)	2026-08-20T18:02:59.7675030Z   ...
test (18)	Coverage report (informational, not a gate)	2026-08-20T18:02:59.7675416Z # Subtest: getListBehaviourSection does not let "--list-only" satisfy the standalone `--list` token (T-021)
test (18)	Coverage report (informational, not a gate)	2026-08-20T18:02:59.7676109Z ok 102 - getListBehaviourSection does not let "--list-only" satisfy the standalone `--list` token (T-021)
test (18)	Coverage report (informational, not a gate)	2026-08-20T18:02:59.7676686Z   ---
test (18)	Coverage report (informational, not a gate)	2026-08-20T18:02:59.7677069Z   duration_ms: 0.181078
test (18)	Coverage report (informational, not a gate)	2026-08-20T18:02:59.7677436Z   ...
test (18)	Coverage report (informational, not a gate)	2026-08-20T18:02:59.7678062Z # Subtest: getListBehaviourSection tolerates the American spelling "behavior" in the heading (T-027)
test (18)	Coverage report (informational, not a gate)	2026-08-20T18:02:59.7679001Z ok 103 - getListBehaviourSection tolerates the American spelling "behavior" in the heading (T-027)
test (18)	Coverage report (informational, not a gate)	2026-08-20T18:02:59.7679551Z   ---
test (18)	Coverage report (informational, not a gate)	2026-08-20T18:02:59.7679776Z   duration_ms: 0.113508
test (18)	Coverage report (informational, not a gate)	2026-08-20T18:02:59.7680071Z   ...
test (18)	Coverage report (informational, not a gate)	2026-08-20T18:02:59.7680724Z # Subtest: getListBehaviourSection still fails on a SEPARATOR MISMATCH (not a heading-parse error) under an American-spelled heading (T-027)
test (18)	Coverage report (informational, not a gate)	2026-08-20T18:02:59.7681528Z ok 104 - getListBehaviourSection still fails on a SEPARATOR MISMATCH (not a heading-parse error) under an American-spelled heading (T-027)
test (18)	Coverage report (informational, not a gate)	2026-08-20T18:02:59.7681966Z   ---
test (18)	Coverage report (informational, not a gate)	2026-08-20T18:02:59.7682122Z   duration_ms: 0.179306
test (18)	Coverage report (informational, not a gate)	2026-08-20T18:02:59.7682294Z   ...
test (18)	Coverage report (informational, not a gate)	2026-08-20T18:02:59.7682653Z # Subtest: README `--list` format literal matches the shipped binary's actual --list output (T-017)
test (18)	Coverage report (informational, not a gate)	2026-08-20T18:02:59.7683212Z ok 105 - README `--list` format literal matches the shipped binary's actual --list output (T-017)
test (18)	Coverage report (informational, not a gate)	2026-08-20T18:02:59.7683662Z   ---
test (18)	Coverage report (informational, not a gate)	2026-08-20T18:02:59.7683825Z   duration_ms: 48.469352
test (18)	Coverage report (informational, not a gate)	2026-08-20T18:02:59.7684001Z   ...
test (18)	Coverage report (informational, not a gate)	2026-08-20T18:02:59.7684386Z # Subtest: README `--author` matching section must state the correct count of distinct corpus authors (Q-8)
test (18)	Coverage report (informational, not a gate)	2026-08-20T18:02:59.7684966Z ok 106 - README `--author` matching section must state the correct count of distinct corpus authors (Q-8)
test (18)	Coverage report (informational, not a gate)	2026-08-20T18:02:59.7685315Z   ---
test (18)	Coverage report (informational, not a gate)	2026-08-20T18:02:59.7685470Z   duration_ms: 0.492531
test (18)	Coverage report (informational, not a gate)	2026-08-20T18:02:59.7685639Z   ...
test (18)	Coverage report (informational, not a gate)	2026-08-20T18:02:59.7685862Z # Subtest: corpus has at least 40 entries
test (18)	Coverage report (informational, not a gate)	2026-08-20T18:02:59.7686134Z ok 107 - corpus has at least 40 entries
test (18)	Coverage report (informational, not a gate)	2026-08-20T18:02:59.7686340Z   ---
test (18)	Coverage report (informational, not a gate)	2026-08-20T18:02:59.7686498Z   duration_ms: 1.993787
test (18)	Coverage report (informational, not a gate)	2026-08-20T18:02:59.7686670Z   ...
test (18)	Coverage report (informational, not a gate)	2026-08-20T18:02:59.7686992Z # Subtest: every corpus entry has non-empty text, non-empty author, and an array of tags
test (18)	Coverage report (informational, not a gate)	2026-08-20T18:02:59.7687669Z ok 108 - every corpus entry has non-empty text, non-empty author, and an array of tags
test (18)	Coverage report (informational, not a gate)	2026-08-20T18:02:59.7687986Z   ---
test (18)	Coverage report (informational, not a gate)	2026-08-20T18:02:59.7688139Z   duration_ms: 0.248999
test (18)	Coverage report (informational, not a gate)	2026-08-20T18:02:59.7688309Z   ...
test (18)	Coverage report (informational, not a gate)	2026-08-20T18:02:59.7688536Z # Subtest: filter: author match is case-insensitive
test (18)	Coverage report (informational, not a gate)	2026-08-20T18:02:59.7688835Z ok 109 - filter: author match is case-insensitive
test (18)	Coverage report (informational, not a gate)	2026-08-20T18:02:59.7689058Z   ---
test (18)	Coverage report (informational, not a gate)	2026-08-20T18:02:59.7689213Z   duration_ms: 0.821308
test (18)	Coverage report (informational, not a gate)	2026-08-20T18:02:59.7689373Z   ...
test (18)	Coverage report (informational, not a gate)	2026-08-20T18:02:59.7689584Z # Subtest: filter: tag match is case-insensitive
test (18)	Coverage report (informational, not a gate)	2026-08-20T18:02:59.7689981Z ok 110 - filter: tag match is case-insensitive
test (18)	Coverage report (informational, not a gate)	2026-08-20T18:02:59.7690311Z   ---
test (18)	Coverage report (informational, not a gate)	2026-08-20T18:02:59.7690530Z   duration_ms: 0.191624
test (18)	Coverage report (informational, not a gate)	2026-08-20T18:02:59.7690784Z   ...
test (18)	Coverage report (informational, not a gate)	2026-08-20T18:02:59.7691087Z # Subtest: filter: author and tag together narrow to the intersection (AND)
test (18)	Coverage report (informational, not a gate)	2026-08-20T18:02:59.7691506Z ok 111 - filter: author and tag together narrow to the intersection (AND)
test (18)	Coverage report (informational, not a gate)	2026-08-20T18:02:59.7691787Z   ---
test (18)	Coverage report (informational, not a gate)	2026-08-20T18:02:59.7691946Z   duration_ms: 0.241938
test (18)	Coverage report (informational, not a gate)	2026-08-20T18:02:59.7692111Z   ...
test (18)	Coverage report (informational, not a gate)	2026-08-20T18:02:59.7692353Z # Subtest: filter: undefined/absent options do not filter
test (18)	Coverage report (informational, not a gate)	2026-08-20T18:02:59.7692683Z ok 112 - filter: undefined/absent options do not filter
test (18)	Coverage report (informational, not a gate)	2026-08-20T18:02:59.7692912Z   ---
test (18)	Coverage report (informational, not a gate)	2026-08-20T18:02:59.7693059Z   duration_ms: 0.106248
test (18)	Coverage report (informational, not a gate)	2026-08-20T18:02:59.7693222Z   ...
test (18)	Coverage report (informational, not a gate)	2026-08-20T18:02:59.7693527Z # Subtest: pick: same seed over the same candidates always returns the same element
test (18)	Coverage report (informational, not a gate)	2026-08-20T18:02:59.7693978Z ok 113 - pick: same seed over the same candidates always returns the same element
test (18)	Coverage report (informational, not a gate)	2026-08-20T18:02:59.7694265Z   ---
test (18)	Coverage report (informational, not a gate)	2026-08-20T18:02:59.7694418Z   duration_ms: 0.246646
test (18)	Coverage report (informational, not a gate)	2026-08-20T18:02:59.7694585Z   ...
test (18)	Coverage report (informational, not a gate)	2026-08-20T18:02:59.7694854Z # Subtest: pick: different seeds generally produce different results
test (18)	Coverage report (informational, not a gate)	2026-08-20T18:02:59.7695237Z ok 114 - pick: different seeds generally produce different results
test (18)	Coverage report (informational, not a gate)	2026-08-20T18:02:59.7695495Z   ---
test (18)	Coverage report (informational, not a gate)	2026-08-20T18:02:59.7695979Z   duration_ms: 0.169291
test (18)	Coverage report (informational, not a gate)	2026-08-20T18:02:59.7696192Z   ...
test (18)	Coverage report (informational, not a gate)	2026-08-20T18:02:59.7696548Z # Subtest: pick: undefined seed picks a valid member (random mode)
test (18)	Coverage report (informational, not a gate)	2026-08-20T18:02:59.7697052Z ok 115 - pick: undefined seed picks a valid member (random mode)
test (18)	Coverage report (informational, not a gate)	2026-08-20T18:02:59.7697543Z   ---
test (18)	Coverage report (informational, not a gate)	2026-08-20T18:02:59.7697756Z   duration_ms: 0.091405
test (18)	Coverage report (informational, not a gate)	2026-08-20T18:02:59.7698012Z   ...
test (18)	Coverage report (informational, not a gate)	2026-08-20T18:02:59.7698432Z # Subtest: pick: null seed also triggers random mode and returns a valid member
test (18)	Coverage report (informational, not a gate)	2026-08-20T18:02:59.7699051Z ok 116 - pick: null seed also triggers random mode and returns a valid member
test (18)	Coverage report (informational, not a gate)	2026-08-20T18:02:59.7699439Z   ---
test (18)	Coverage report (informational, not a gate)	2026-08-20T18:02:59.7699657Z   duration_ms: 0.09436
test (18)	Coverage report (informational, not a gate)	2026-08-20T18:02:59.7699896Z   ...
test (18)	Coverage report (informational, not a gate)	2026-08-20T18:02:59.7700273Z # Subtest: pick: throws RangeError on empty candidates array
test (18)	Coverage report (informational, not a gate)	2026-08-20T18:02:59.7700770Z ok 117 - pick: throws RangeError on empty candidates array
test (18)	Coverage report (informational, not a gate)	2026-08-20T18:02:59.7701097Z   ---
test (18)	Coverage report (informational, not a gate)	2026-08-20T18:02:59.7701297Z   duration_ms: 0.346895
test (18)	Coverage report (informational, not a gate)	2026-08-20T18:02:59.7701559Z   ...
test (18)	Coverage report (informational, not a gate)	2026-08-20T18:02:59.7701872Z # Subtest: pick: Infinity seed is deterministic and returns a valid member
test (18)	Coverage report (informational, not a gate)	2026-08-20T18:02:59.7702465Z ok 118 - pick: Infinity seed is deterministic and returns a valid member
test (18)	Coverage report (informational, not a gate)	2026-08-20T18:02:59.7702732Z   ---
test (18)	Coverage report (informational, not a gate)	2026-08-20T18:02:59.7702889Z   duration_ms: 0.128381
test (18)	Coverage report (informational, not a gate)	2026-08-20T18:02:59.7703057Z   ...
test (18)	Coverage report (informational, not a gate)	2026-08-20T18:02:59.7703342Z # Subtest: pick: -Infinity seed is deterministic and returns a valid member
test (18)	Coverage report (informational, not a gate)	2026-08-20T18:02:59.7703775Z ok 119 - pick: -Infinity seed is deterministic and returns a valid member
test (18)	Coverage report (informational, not a gate)	2026-08-20T18:02:59.7704048Z   ---
test (18)	Coverage report (informational, not a gate)	2026-08-20T18:02:59.7704196Z   duration_ms: 0.857622
test (18)	Coverage report (informational, not a gate)	2026-08-20T18:02:59.7704362Z   ...
test (18)	Coverage report (informational, not a gate)	2026-08-20T18:02:59.7704662Z # Subtest: pick: NaN seed still uses the random branch and returns a valid member
test (18)	Coverage report (informational, not a gate)	2026-08-20T18:02:59.7705096Z ok 120 - pick: NaN seed still uses the random branch and returns a valid member
test (18)	Coverage report (informational, not a gate)	2026-08-20T18:02:59.7705391Z   ---
test (18)	Coverage report (informational, not a gate)	2026-08-20T18:02:59.7705545Z   duration_ms: 0.092387
test (18)	Coverage report (informational, not a gate)	2026-08-20T18:02:59.7705711Z   ...
test (18)	Coverage report (informational, not a gate)	2026-08-20T18:02:59.7706022Z # Subtest: pick: finite seed determinism is unchanged by the non-finite-seed fix
test (18)	Coverage report (informational, not a gate)	2026-08-20T18:02:59.7706464Z ok 121 - pick: finite seed determinism is unchanged by the non-finite-seed fix
test (18)	Coverage report (informational, not a gate)	2026-08-20T18:02:59.7706744Z   ---
test (18)	Coverage report (informational, not a gate)	2026-08-20T18:02:59.7706898Z   duration_ms: 0.101811
test (18)	Coverage report (informational, not a gate)	2026-08-20T18:02:59.7707061Z   ...
test (18)	Coverage report (informational, not a gate)	2026-08-20T18:02:59.7707523Z # Subtest: pick: every candidate is REACHABLE by an unseeded draw
test (18)	Coverage report (informational, not a gate)	2026-08-20T18:02:59.7707924Z ok 122 - pick: every candidate is REACHABLE by an unseeded draw
test (18)	Coverage report (informational, not a gate)	2026-08-20T18:02:59.7708176Z   ---
test (18)	Coverage report (informational, not a gate)	2026-08-20T18:02:59.7708327Z   duration_ms: 1.340117
test (18)	Coverage report (informational, not a gate)	2026-08-20T18:02:59.7708507Z   ...
test (18)	Coverage report (informational, not a gate)	2026-08-20T18:02:59.7708834Z # Subtest: pick: unseeded draws split the interval EQUALLY across candidates (uniform)
test (18)	Coverage report (informational, not a gate)	2026-08-20T18:02:59.7709309Z ok 123 - pick: unseeded draws split the interval EQUALLY across candidates (uniform)
test (18)	Coverage report (informational, not a gate)	2026-08-20T18:02:59.7709602Z   ---
test (18)	Coverage report (informational, not a gate)	2026-08-20T18:02:59.7709777Z   duration_ms: 0.888107
test (18)	Coverage report (informational, not a gate)	2026-08-20T18:02:59.7709943Z   ...
test (18)	Coverage report (informational, not a gate)	2026-08-20T18:02:59.7710292Z # Subtest: pick: single-element candidates always returns that element regardless of seed
test (18)	Coverage report (informational, not a gate)	2026-08-20T18:02:59.7710790Z ok 124 - pick: single-element candidates always returns that element regardless of seed
test (18)	Coverage report (informational, not a gate)	2026-08-20T18:02:59.7711096Z   ---
test (18)	Coverage report (informational, not a gate)	2026-08-20T18:02:59.7711248Z   duration_ms: 0.099858
test (18)	Coverage report (informational, not a gate)	2026-08-20T18:02:59.7711412Z   ...
test (18)	Coverage report (informational, not a gate)	2026-08-20T18:02:59.7711582Z 1..124
test (18)	Coverage report (informational, not a gate)	2026-08-20T18:02:59.7711738Z # tests 124
test (18)	Coverage report (informational, not a gate)	2026-08-20T18:02:59.7711895Z # suites 0
test (18)	Coverage report (informational, not a gate)	2026-08-20T18:02:59.7712047Z # pass 122
test (18)	Coverage report (informational, not a gate)	2026-08-20T18:02:59.7712194Z # fail 0
test (18)	Coverage report (informational, not a gate)	2026-08-20T18:02:59.7712342Z # cancelled 0
test (18)	Coverage report (informational, not a gate)	2026-08-20T18:02:59.7712503Z # skipped 2
test (18)	Coverage report (informational, not a gate)	2026-08-20T18:02:59.7712668Z # todo 0
test (18)	Coverage report (informational, not a gate)	2026-08-20T18:02:59.7712841Z # duration_ms 3471.191571
test (18)	Coverage report (informational, not a gate)	2026-08-20T18:02:59.7713062Z # start of coverage report
test (18)	Coverage report (informational, not a gate)	2026-08-20T18:02:59.7713320Z # file | line % | branch % | funcs % | uncovered lines
test (18)	Coverage report (informational, not a gate)	2026-08-20T18:02:59.7713607Z # bin/aphorism.js | 100.00 | 85.71 | 100.00 | 
test (18)	Coverage report (informational, not a gate)	2026-08-20T18:02:59.7713864Z # src/args.js | 100.00 | 100.00 | 100.00 | 
test (18)	Coverage report (informational, not a gate)	2026-08-20T18:02:59.7714124Z # src/corpus.js | 100.00 | 100.00 | 100.00 | 
test (18)	Coverage report (informational, not a gate)	2026-08-20T18:02:59.7714500Z # src/select.js | 100.00 | 100.00 | 100.00 | 
test (18)	Coverage report (informational, not a gate)	2026-08-20T18:02:59.7714775Z # test/args.test.js | 100.00 | 100.00 | 100.00 | 
test (18)	Coverage report (informational, not a gate)	2026-08-20T18:02:59.7715057Z # test/cli.test.js | 100.00 | 100.00 | 100.00 | 
test (18)	Coverage report (informational, not a gate)	2026-08-20T18:02:59.7716326Z # test/node-support-citation.test.js | 69.26 | 40.00 | 100.00 | 128, 129, 130, 139, 140, 141, 162, 163, 164, 165, 166, 167, 168, 176, 177, 178, 179, 180, 181, 182, 183, 184, 196, 197, 198, 199, 200, 201, 202, 203, 204, 205, 207, 208, 209, 210, 211, 212, 213, 214, 215, 216, 217, 218, 219, 220, 221, 222, 234, 235, 236, 237, 238, 239, 240, 241, 242, 243, 244, 245, 246, 247, 248, 249, 251, 252, 253, 254, 255, 256, 257, 258, 259, 260, 261, 262, 263, 264, 265, 266, 267, 268, 269
test (18)	Coverage report (informational, not a gate)	2026-08-20T18:02:59.7717579Z # test/pipe.test.js | 96.73 | 83.33 | 100.00 | 50, 51, 89, 90, 91, 163, 164, 165
test (18)	Coverage report (informational, not a gate)	2026-08-20T18:02:59.7718303Z # test/readme-tags.test.js | 99.03 | 89.67 | 97.03 | 174, 175, 184, 185, 1004, 1005, 1007, 1008, 1022, 1023, 1024, 1025, 1845, 1846, 2196, 2197, 2396, 2397, 2398, 2399, 2400, 2401, 2402, 2403, 2404, 2405, 2406
test (18)	Coverage report (informational, not a gate)	2026-08-20T18:02:59.7718956Z # test/select.test.js | 100.00 | 97.92 | 100.00 | 
test (18)	Coverage report (informational, not a gate)	2026-08-20T18:02:59.7719215Z # all files | 97.61 | 91.78 | 98.77 |
test (18)	Coverage report (informational, not a gate)	2026-08-20T18:02:59.7719439Z # end of coverage report
test (18)	Post Run actions/setup-node@v7	﻿2026-08-20T18:02:59.7879665Z Post job cleanup.
test (18)	Post Run actions/checkout@v7	﻿2026-08-20T18:02:59.9003274Z Post job cleanup.
test (18)	Post Run actions/checkout@v7	2026-08-20T18:02:59.9739974Z [command]/usr/bin/git version
test (18)	Post Run actions/checkout@v7	2026-08-20T18:02:59.9804133Z git version 2.55.0
test (18)	Post Run actions/checkout@v7	2026-08-20T18:02:59.9838607Z Temporarily overriding HOME='/home/runner/work/_temp/f4cc5cbb-09c9-4dec-9d6c-67fd4d4b2dc0' before making global git config changes
test (18)	Post Run actions/checkout@v7	2026-08-20T18:02:59.9839735Z Adding repository directory to the temporary git global config as a safe directory
test (18)	Post Run actions/checkout@v7	2026-08-20T18:02:59.9843872Z [command]/usr/bin/git config --global --add safe.directory /home/runner/work/aphorism-cli/aphorism-cli
test (18)	Post Run actions/checkout@v7	2026-08-20T18:03:00.0959652Z Removing SSH command configuration
test (18)	Post Run actions/checkout@v7	2026-08-20T18:03:00.0960606Z [command]/usr/bin/git config --local --name-only --get-regexp core\.sshCommand
test (18)	Post Run actions/checkout@v7	2026-08-20T18:03:00.1001639Z [command]/usr/bin/git submodule foreach --recursive sh -c "git config --local --name-only --get-regexp 'core\.sshCommand' && git config --local --unset-all 'core.sshCommand' || :"
test (18)	Post Run actions/checkout@v7	2026-08-20T18:03:00.1222329Z Removing HTTP extra header
test (18)	Post Run actions/checkout@v7	2026-08-20T18:03:00.1229087Z [command]/usr/bin/git config --local --name-only --get-regexp http\.https\:\/\/github\.com\/\.extraheader
test (18)	Post Run actions/checkout@v7	2026-08-20T18:03:00.1269418Z [command]/usr/bin/git submodule foreach --recursive sh -c "git config --local --name-only --get-regexp 'http\.https\:\/\/github\.com\/\.extraheader' && git config --local --unset-all 'http.https://github.com/.extraheader' || :"
test (18)	Post Run actions/checkout@v7	2026-08-20T18:03:00.1494262Z Removing includeIf entries pointing to credentials config files
test (18)	Post Run actions/checkout@v7	2026-08-20T18:03:00.1501550Z [command]/usr/bin/git config --local --name-only --get-regexp ^includeIf\.gitdir:
test (18)	Post Run actions/checkout@v7	2026-08-20T18:03:00.1534371Z includeif.gitdir:/home/runner/work/aphorism-cli/aphorism-cli/.git.path
test (18)	Post Run actions/checkout@v7	2026-08-20T18:03:00.1535286Z includeif.gitdir:/home/runner/work/aphorism-cli/aphorism-cli/.git/worktrees/*.path
test (18)	Post Run actions/checkout@v7	2026-08-20T18:03:00.1536289Z includeif.gitdir:/github/workspace/.git.path
test (18)	Post Run actions/checkout@v7	2026-08-20T18:03:00.1537088Z includeif.gitdir:/github/workspace/.git/worktrees/*.path
test (18)	Post Run actions/checkout@v7	2026-08-20T18:03:00.1544151Z [command]/usr/bin/git config --local --get-all includeif.gitdir:/home/runner/work/aphorism-cli/aphorism-cli/.git.path
test (18)	Post Run actions/checkout@v7	2026-08-20T18:03:00.1573376Z /home/runner/work/_temp/git-credentials-8c758f75-a750-4233-9f1a-7a9636d8a010.config
test (18)	Post Run actions/checkout@v7	2026-08-20T18:03:00.1596768Z [command]/usr/bin/git config --local --unset includeif.gitdir:/home/runner/work/aphorism-cli/aphorism-cli/.git.path \/home\/runner\/work\/_temp\/git\-credentials\-8c758f75\-a750\-4233\-9f1a\-7a9636d8a010\.config
test (18)	Post Run actions/checkout@v7	2026-08-20T18:03:00.1686673Z [command]/usr/bin/git config --local --get-all includeif.gitdir:/home/runner/work/aphorism-cli/aphorism-cli/.git/worktrees/*.path
test (18)	Post Run actions/checkout@v7	2026-08-20T18:03:00.1717801Z /home/runner/work/_temp/git-credentials-8c758f75-a750-4233-9f1a-7a9636d8a010.config
test (18)	Post Run actions/checkout@v7	2026-08-20T18:03:00.1739180Z [command]/usr/bin/git config --local --unset includeif.gitdir:/home/runner/work/aphorism-cli/aphorism-cli/.git/worktrees/*.path \/home\/runner\/work\/_temp\/git\-credentials\-8c758f75\-a750\-4233\-9f1a\-7a9636d8a010\.config
test (18)	Post Run actions/checkout@v7	2026-08-20T18:03:00.1801233Z [command]/usr/bin/git config --local --get-all includeif.gitdir:/github/workspace/.git.path
test (18)	Post Run actions/checkout@v7	2026-08-20T18:03:00.1827757Z /github/runner_temp/git-credentials-8c758f75-a750-4233-9f1a-7a9636d8a010.config
test (18)	Post Run actions/checkout@v7	2026-08-20T18:03:00.1834291Z [command]/usr/bin/git config --local --unset includeif.gitdir:/github/workspace/.git.path \/github\/runner_temp\/git\-credentials\-8c758f75\-a750\-4233\-9f1a\-7a9636d8a010\.config
test (18)	Post Run actions/checkout@v7	2026-08-20T18:03:00.2024956Z [command]/usr/bin/git config --local --get-all includeif.gitdir:/github/workspace/.git/worktrees/*.path
test (18)	Post Run actions/checkout@v7	2026-08-20T18:03:00.2059157Z /github/runner_temp/git-credentials-8c758f75-a750-4233-9f1a-7a9636d8a010.config
test (18)	Post Run actions/checkout@v7	2026-08-20T18:03:00.2065428Z [command]/usr/bin/git config --local --unset includeif.gitdir:/github/workspace/.git/worktrees/*.path \/github\/runner_temp\/git\-credentials\-8c758f75\-a750\-4233\-9f1a\-7a9636d8a010\.config
test (18)	Post Run actions/checkout@v7	2026-08-20T18:03:00.2162786Z [command]/usr/bin/git submodule foreach --recursive git config --local --show-origin --name-only --get-regexp remote.origin.url
test (18)	Post Run actions/checkout@v7	2026-08-20T18:03:00.2379719Z Removing credentials config '/home/runner/work/_temp/git-credentials-8c758f75-a750-4233-9f1a-7a9636d8a010.config'
test (18)	Complete job	﻿2026-08-20T18:03:00.2518552Z Cleaning up orphan processes
