test (22)	Set up job	﻿2026-08-20T04:26:46.0116800Z Current runner version: '2.336.0'
test (22)	Set up job	2026-08-20T04:26:46.0169454Z ##[group]Runner Image Provisioner
test (22)	Set up job	2026-08-20T04:26:46.0170488Z Hosted Compute Agent
test (22)	Set up job	2026-08-20T04:26:46.0171195Z Version: 20260729.566
test (22)	Set up job	2026-08-20T04:26:46.0171907Z Commit: cf7153fe6e25b664e8693c24944bf2b00355d109
test (22)	Set up job	2026-08-20T04:26:46.0172809Z Build Date: 2026-07-29T19:17:02Z
test (22)	Set up job	2026-08-20T04:26:46.0173878Z Worker ID: {19df97e9-617e-4840-9636-f51912fb0056}
test (22)	Set up job	2026-08-20T04:26:46.0175042Z Azure Region: westcentralus
test (22)	Set up job	2026-08-20T04:26:46.0175851Z ##[endgroup]
test (22)	Set up job	2026-08-20T04:26:46.0178280Z ##[group]Operating System
test (22)	Set up job	2026-08-20T04:26:46.0179036Z Ubuntu
test (22)	Set up job	2026-08-20T04:26:46.0179884Z 24.04.4
test (22)	Set up job	2026-08-20T04:26:46.0180492Z LTS
test (22)	Set up job	2026-08-20T04:26:46.0181385Z ##[endgroup]
test (22)	Set up job	2026-08-20T04:26:46.0182024Z ##[group]Runner Image
test (22)	Set up job	2026-08-20T04:26:46.0182860Z Image: ubuntu-24.04
test (22)	Set up job	2026-08-20T04:26:46.0183639Z Version: 20260810.271.1
test (22)	Set up job	2026-08-20T04:26:46.0186605Z Included Software: https://github.com/actions/runner-images/blob/ubuntu24/20260810.271/images/ubuntu/Ubuntu2404-Readme.md
test (22)	Set up job	2026-08-20T04:26:46.0189020Z Image Release: https://github.com/actions/runner-images/releases/tag/ubuntu24%2F20260810.271
test (22)	Set up job	2026-08-20T04:26:46.0190081Z ##[endgroup]
test (22)	Set up job	2026-08-20T04:26:46.0191666Z ##[group]GITHUB_TOKEN Permissions
test (22)	Set up job	2026-08-20T04:26:46.0196990Z Contents: read
test (22)	Set up job	2026-08-20T04:26:46.0197818Z Metadata: read
test (22)	Set up job	2026-08-20T04:26:46.0198647Z Packages: read
test (22)	Set up job	2026-08-20T04:26:46.0199245Z ##[endgroup]
test (22)	Set up job	2026-08-20T04:26:46.0201848Z Secret source: Actions
test (22)	Set up job	2026-08-20T04:26:46.0203338Z Prepare workflow directory
test (22)	Set up job	2026-08-20T04:26:46.0647595Z Prepare all required actions
test (22)	Set up job	2026-08-20T04:26:46.0733737Z Getting action download info
test (22)	Set up job	2026-08-20T04:26:46.3538223Z Download action repository 'actions/checkout@v4' (SHA:11d5960a326750d5838078e36cf38b85af677262)
test (22)	Set up job	2026-08-20T04:26:46.4517450Z Download action repository 'actions/setup-node@v4' (SHA:49933ea5288caeca8642d1e84afbd3f7d6820020)
test (22)	Set up job	2026-08-20T04:26:46.6442383Z Complete job name: test (22)
test (22)	Run actions/checkout@v4	﻿2026-08-20T04:26:46.7246689Z Node 20 is being deprecated. This workflow is running with Node 24 by default. If you need to temporarily use Node 20, you can set the ACTIONS_ALLOW_USE_UNSECURE_NODE_VERSION=true environment variable. For more information see: https://github.blog/changelog/2025-09-19-deprecation-of-node-20-on-github-actions-runners/
test (22)	Run actions/checkout@v4	2026-08-20T04:26:46.7255511Z ##[group]Run actions/checkout@v4
test (22)	Run actions/checkout@v4	2026-08-20T04:26:46.7256224Z with:
test (22)	Run actions/checkout@v4	2026-08-20T04:26:46.7256679Z   repository: trmnmc/aphorism-cli
test (22)	Run actions/checkout@v4	2026-08-20T04:26:46.7260755Z   token: ***
test (22)	Run actions/checkout@v4	2026-08-20T04:26:46.7261216Z   ssh-strict: true
test (22)	Run actions/checkout@v4	2026-08-20T04:26:46.7261659Z   ssh-user: git
test (22)	Run actions/checkout@v4	2026-08-20T04:26:46.7262115Z   persist-credentials: true
test (22)	Run actions/checkout@v4	2026-08-20T04:26:46.7262602Z   clean: true
test (22)	Run actions/checkout@v4	2026-08-20T04:26:46.7263052Z   sparse-checkout-cone-mode: true
test (22)	Run actions/checkout@v4	2026-08-20T04:26:46.7263577Z   fetch-depth: 1
test (22)	Run actions/checkout@v4	2026-08-20T04:26:46.7264008Z   fetch-tags: false
test (22)	Run actions/checkout@v4	2026-08-20T04:26:46.7264599Z   show-progress: true
test (22)	Run actions/checkout@v4	2026-08-20T04:26:46.7265054Z   lfs: false
test (22)	Run actions/checkout@v4	2026-08-20T04:26:46.7265482Z   submodules: false
test (22)	Run actions/checkout@v4	2026-08-20T04:26:46.7265987Z   set-safe-directory: true
test (22)	Run actions/checkout@v4	2026-08-20T04:26:46.7266508Z   allow-unsafe-pr-checkout: false
test (22)	Run actions/checkout@v4	2026-08-20T04:26:46.7267229Z ##[endgroup]
test (22)	Run actions/checkout@v4	2026-08-20T04:26:46.8304435Z Syncing repository: trmnmc/aphorism-cli
test (22)	Run actions/checkout@v4	2026-08-20T04:26:46.8307177Z ##[group]Getting Git version info
test (22)	Run actions/checkout@v4	2026-08-20T04:26:46.8308377Z Working directory is '/home/runner/work/aphorism-cli/aphorism-cli'
test (22)	Run actions/checkout@v4	2026-08-20T04:26:46.8310069Z [command]/usr/bin/git version
test (22)	Run actions/checkout@v4	2026-08-20T04:26:46.8369381Z git version 2.54.0
test (22)	Run actions/checkout@v4	2026-08-20T04:26:46.8389595Z ##[endgroup]
test (22)	Run actions/checkout@v4	2026-08-20T04:26:46.8406560Z Temporarily overriding HOME='/home/runner/work/_temp/71a3211b-0295-42f9-8d8e-1e26c468e541' before making global git config changes
test (22)	Run actions/checkout@v4	2026-08-20T04:26:46.8408934Z Adding repository directory to the temporary git global config as a safe directory
test (22)	Run actions/checkout@v4	2026-08-20T04:26:46.8411654Z [command]/usr/bin/git config --global --add safe.directory /home/runner/work/aphorism-cli/aphorism-cli
test (22)	Run actions/checkout@v4	2026-08-20T04:26:46.8467005Z Deleting the contents of '/home/runner/work/aphorism-cli/aphorism-cli'
test (22)	Run actions/checkout@v4	2026-08-20T04:26:46.8470996Z ##[group]Initializing the repository
test (22)	Run actions/checkout@v4	2026-08-20T04:26:46.8476234Z [command]/usr/bin/git init /home/runner/work/aphorism-cli/aphorism-cli
test (22)	Run actions/checkout@v4	2026-08-20T04:26:46.8576486Z hint: Using 'master' as the name for the initial branch. This default branch name
test (22)	Run actions/checkout@v4	2026-08-20T04:26:46.8578269Z hint: will change to "main" in Git 3.0. To configure the initial branch name
test (22)	Run actions/checkout@v4	2026-08-20T04:26:46.8580075Z hint: to use in all of your new repositories, which will suppress this warning,
test (22)	Run actions/checkout@v4	2026-08-20T04:26:46.8581652Z hint: call:
test (22)	Run actions/checkout@v4	2026-08-20T04:26:46.8582522Z hint:
test (22)	Run actions/checkout@v4	2026-08-20T04:26:46.8583530Z hint: 	git config --global init.defaultBranch <name>
test (22)	Run actions/checkout@v4	2026-08-20T04:26:46.8584949Z hint:
test (22)	Run actions/checkout@v4	2026-08-20T04:26:46.8587091Z hint: Names commonly chosen instead of 'master' are 'main', 'trunk' and
test (22)	Run actions/checkout@v4	2026-08-20T04:26:46.8588848Z hint: 'development'. The just-created branch can be renamed via this command:
test (22)	Run actions/checkout@v4	2026-08-20T04:26:46.8590270Z hint:
test (22)	Run actions/checkout@v4	2026-08-20T04:26:46.8590938Z hint: 	git branch -m <name>
test (22)	Run actions/checkout@v4	2026-08-20T04:26:46.8592056Z hint:
test (22)	Run actions/checkout@v4	2026-08-20T04:26:46.8593378Z hint: Disable this message with "git config set advice.defaultBranchName false"
test (22)	Run actions/checkout@v4	2026-08-20T04:26:46.8595216Z Initialized empty Git repository in /home/runner/work/aphorism-cli/aphorism-cli/.git/
test (22)	Run actions/checkout@v4	2026-08-20T04:26:46.8597664Z [command]/usr/bin/git remote add origin https://github.com/trmnmc/aphorism-cli
test (22)	Run actions/checkout@v4	2026-08-20T04:26:46.8635268Z ##[endgroup]
test (22)	Run actions/checkout@v4	2026-08-20T04:26:46.8636490Z ##[group]Disabling automatic garbage collection
test (22)	Run actions/checkout@v4	2026-08-20T04:26:46.8640557Z [command]/usr/bin/git config --local gc.auto 0
test (22)	Run actions/checkout@v4	2026-08-20T04:26:46.8676370Z ##[endgroup]
test (22)	Run actions/checkout@v4	2026-08-20T04:26:46.8677594Z ##[group]Setting up auth
test (22)	Run actions/checkout@v4	2026-08-20T04:26:46.8683752Z [command]/usr/bin/git config --local --name-only --get-regexp core\.sshCommand
test (22)	Run actions/checkout@v4	2026-08-20T04:26:46.8721700Z [command]/usr/bin/git submodule foreach --recursive sh -c "git config --local --name-only --get-regexp 'core\.sshCommand' && git config --local --unset-all 'core.sshCommand' || :"
test (22)	Run actions/checkout@v4	2026-08-20T04:26:46.9107982Z [command]/usr/bin/git config --local --name-only --get-regexp http\.https\:\/\/github\.com\/\.extraheader
test (22)	Run actions/checkout@v4	2026-08-20T04:26:46.9153351Z [command]/usr/bin/git submodule foreach --recursive sh -c "git config --local --name-only --get-regexp 'http\.https\:\/\/github\.com\/\.extraheader' && git config --local --unset-all 'http.https://github.com/.extraheader' || :"
test (22)	Run actions/checkout@v4	2026-08-20T04:26:46.9403248Z [command]/usr/bin/git config --local --name-only --get-regexp ^includeIf\.gitdir:
test (22)	Run actions/checkout@v4	2026-08-20T04:26:46.9441957Z [command]/usr/bin/git submodule foreach --recursive git config --local --show-origin --name-only --get-regexp remote.origin.url
test (22)	Run actions/checkout@v4	2026-08-20T04:26:46.9685065Z [command]/usr/bin/git config --local http.https://github.com/.extraheader AUTHORIZATION: basic ***
test (22)	Run actions/checkout@v4	2026-08-20T04:26:46.9725680Z ##[endgroup]
test (22)	Run actions/checkout@v4	2026-08-20T04:26:46.9726502Z ##[group]Fetching the repository
test (22)	Run actions/checkout@v4	2026-08-20T04:26:46.9736072Z [command]/usr/bin/git -c protocol.version=2 fetch --no-tags --prune --no-recurse-submodules --depth=1 origin +c08562b0a213f5fa526629527d3069b94efa074d:refs/remotes/origin/master
test (22)	Run actions/checkout@v4	2026-08-20T04:26:48.0707954Z From https://github.com/trmnmc/aphorism-cli
test (22)	Run actions/checkout@v4	2026-08-20T04:26:48.0710103Z  * [new ref]         c08562b0a213f5fa526629527d3069b94efa074d -> origin/master
test (22)	Run actions/checkout@v4	2026-08-20T04:26:48.0746461Z ##[endgroup]
test (22)	Run actions/checkout@v4	2026-08-20T04:26:48.0747925Z ##[group]Determining the checkout info
test (22)	Run actions/checkout@v4	2026-08-20T04:26:48.0749682Z ##[endgroup]
test (22)	Run actions/checkout@v4	2026-08-20T04:26:48.0756507Z [command]/usr/bin/git sparse-checkout disable
test (22)	Run actions/checkout@v4	2026-08-20T04:26:48.0813454Z [command]/usr/bin/git config --local --unset-all extensions.worktreeConfig
test (22)	Run actions/checkout@v4	2026-08-20T04:26:48.0851348Z ##[group]Checking out the ref
test (22)	Run actions/checkout@v4	2026-08-20T04:26:48.0855134Z [command]/usr/bin/git checkout --progress --force -B master refs/remotes/origin/master
test (22)	Run actions/checkout@v4	2026-08-20T04:26:48.1759551Z Reset branch 'master'
test (22)	Run actions/checkout@v4	2026-08-20T04:26:48.1761523Z branch 'master' set up to track 'origin/master'.
test (22)	Run actions/checkout@v4	2026-08-20T04:26:48.1771188Z ##[endgroup]
test (22)	Run actions/checkout@v4	2026-08-20T04:26:48.1820858Z [command]/usr/bin/git log -1 --format=%H
test (22)	Run actions/checkout@v4	2026-08-20T04:26:48.1851672Z c08562b0a213f5fa526629527d3069b94efa074d
test (22)	Run actions/setup-node@v4	﻿2026-08-20T04:26:48.2225600Z Node 20 is being deprecated. This workflow is running with Node 24 by default. If you need to temporarily use Node 20, you can set the ACTIONS_ALLOW_USE_UNSECURE_NODE_VERSION=true environment variable. For more information see: https://github.blog/changelog/2025-09-19-deprecation-of-node-20-on-github-actions-runners/
test (22)	Run actions/setup-node@v4	2026-08-20T04:26:48.2230710Z ##[group]Run actions/setup-node@v4
test (22)	Run actions/setup-node@v4	2026-08-20T04:26:48.2231857Z with:
test (22)	Run actions/setup-node@v4	2026-08-20T04:26:48.2232785Z   node-version: 22
test (22)	Run actions/setup-node@v4	2026-08-20T04:26:48.2233805Z   always-auth: false
test (22)	Run actions/setup-node@v4	2026-08-20T04:26:48.2235208Z   check-latest: false
test (22)	Run actions/setup-node@v4	2026-08-20T04:26:48.2243831Z   token: ***
test (22)	Run actions/setup-node@v4	2026-08-20T04:26:48.2244902Z ##[endgroup]
test (22)	Run actions/setup-node@v4	2026-08-20T04:26:48.3639676Z Found in cache @ /opt/hostedtoolcache/node/22.23.2/x64
test (22)	Run actions/setup-node@v4	2026-08-20T04:26:48.3643935Z (node:2321) [DEP0040] DeprecationWarning: The `punycode` module is deprecated. Please use a userland alternative instead.
test (22)	Run actions/setup-node@v4	2026-08-20T04:26:48.3646918Z (Use `node --trace-deprecation ...` to show where the warning was created)
test (22)	Run actions/setup-node@v4	2026-08-20T04:26:48.3649187Z ##[group]Environment details
test (22)	Run actions/setup-node@v4	2026-08-20T04:26:48.7355442Z node: v22.23.2
test (22)	Run actions/setup-node@v4	2026-08-20T04:26:48.7356146Z npm: 10.9.8
test (22)	Run actions/setup-node@v4	2026-08-20T04:26:48.7356510Z yarn: 1.22.22
test (22)	Run actions/setup-node@v4	2026-08-20T04:26:48.7357416Z ##[endgroup]
test (22)	Assert the test glob matches at least one file	﻿2026-08-20T04:26:48.7580963Z ##[group]Run ls test/*.test.js
test (22)	Assert the test glob matches at least one file	2026-08-20T04:26:48.7581416Z [36;1mls test/*.test.js[0m
test (22)	Assert the test glob matches at least one file	2026-08-20T04:26:48.7634943Z shell: /usr/bin/bash -e {0}
test (22)	Assert the test glob matches at least one file	2026-08-20T04:26:48.7635332Z ##[endgroup]
test (22)	Assert the test glob matches at least one file	2026-08-20T04:26:48.7738248Z test/args.test.js
test (22)	Assert the test glob matches at least one file	2026-08-20T04:26:48.7738677Z test/cli.test.js
test (22)	Assert the test glob matches at least one file	2026-08-20T04:26:48.7739081Z test/node-support-citation.test.js
test (22)	Assert the test glob matches at least one file	2026-08-20T04:26:48.7739474Z test/pipe.test.js
test (22)	Assert the test glob matches at least one file	2026-08-20T04:26:48.7739792Z test/readme-tags.test.js
test (22)	Assert the test glob matches at least one file	2026-08-20T04:26:48.7740121Z test/select.test.js
test (22)	Run node --test test/*.test.js	﻿2026-08-20T04:26:48.7772588Z ##[group]Run node --test test/*.test.js
test (22)	Run node --test test/*.test.js	2026-08-20T04:26:48.7773013Z [36;1mnode --test test/*.test.js[0m
test (22)	Run node --test test/*.test.js	2026-08-20T04:26:48.7811142Z shell: /usr/bin/bash -e {0}
test (22)	Run node --test test/*.test.js	2026-08-20T04:26:48.7811483Z ##[endgroup]
test (22)	Run node --test test/*.test.js	2026-08-20T04:26:48.8396252Z TAP version 13
test (22)	Run node --test test/*.test.js	2026-08-20T04:26:48.8807228Z # Subtest: zero args: no error, no filters set
test (22)	Run node --test test/*.test.js	2026-08-20T04:26:48.8811895Z ok 1 - zero args: no error, no filters set
test (22)	Run node --test test/*.test.js	2026-08-20T04:26:48.8812673Z   ---
test (22)	Run node --test test/*.test.js	2026-08-20T04:26:48.8813296Z   duration_ms: 2.078598
test (22)	Run node --test test/*.test.js	2026-08-20T04:26:48.8813975Z   type: 'test'
test (22)	Run node --test test/*.test.js	2026-08-20T04:26:48.8814732Z   ...
test (22)	Run node --test test/*.test.js	2026-08-20T04:26:48.8815485Z # Subtest: --author <name> sets author string
test (22)	Run node --test test/*.test.js	2026-08-20T04:26:48.8816422Z ok 2 - --author <name> sets author string
test (22)	Run node --test test/*.test.js	2026-08-20T04:26:48.8817157Z   ---
test (22)	Run node --test test/*.test.js	2026-08-20T04:26:48.8817742Z   duration_ms: 0.214964
test (22)	Run node --test test/*.test.js	2026-08-20T04:26:48.8818341Z   type: 'test'
test (22)	Run node --test test/*.test.js	2026-08-20T04:26:48.8819079Z   ...
test (22)	Run node --test test/*.test.js	2026-08-20T04:26:48.8819885Z # Subtest: --author=<name> equals form sets author string
test (22)	Run node --test test/*.test.js	2026-08-20T04:26:48.8820876Z ok 3 - --author=<name> equals form sets author string
test (22)	Run node --test test/*.test.js	2026-08-20T04:26:48.8821726Z   ---
test (22)	Run node --test test/*.test.js	2026-08-20T04:26:48.8822293Z   duration_ms: 0.134472
test (22)	Run node --test test/*.test.js	2026-08-20T04:26:48.8822939Z   type: 'test'
test (22)	Run node --test test/*.test.js	2026-08-20T04:26:48.8823470Z   ...
test (22)	Run node --test test/*.test.js	2026-08-20T04:26:48.8824309Z # Subtest: --tag <tag> sets tag string
test (22)	Run node --test test/*.test.js	2026-08-20T04:26:48.8825236Z ok 4 - --tag <tag> sets tag string
test (22)	Run node --test test/*.test.js	2026-08-20T04:26:48.8825922Z   ---
test (22)	Run node --test test/*.test.js	2026-08-20T04:26:48.8826488Z   duration_ms: 0.155184
test (22)	Run node --test test/*.test.js	2026-08-20T04:26:48.8827103Z   type: 'test'
test (22)	Run node --test test/*.test.js	2026-08-20T04:26:48.8827682Z   ...
test (22)	Run node --test test/*.test.js	2026-08-20T04:26:48.8853759Z # Subtest: --tag=<tag> equals form sets tag string
test (22)	Run node --test test/*.test.js	2026-08-20T04:26:48.8871461Z ok 5 - --tag=<tag> equals form sets tag string
test (22)	Run node --test test/*.test.js	2026-08-20T04:26:48.8872503Z   ---
test (22)	Run node --test test/*.test.js	2026-08-20T04:26:48.8873072Z   duration_ms: 0.187662
test (22)	Run node --test test/*.test.js	2026-08-20T04:26:48.8873703Z   type: 'test'
test (22)	Run node --test test/*.test.js	2026-08-20T04:26:48.8874453Z   ...
test (22)	Run node --test test/*.test.js	2026-08-20T04:26:48.8875243Z # Subtest: combined --author X --tag Y sets both
test (22)	Run node --test test/*.test.js	2026-08-20T04:26:48.8876170Z ok 6 - combined --author X --tag Y sets both
test (22)	Run node --test test/*.test.js	2026-08-20T04:26:48.8876893Z   ---
test (22)	Run node --test test/*.test.js	2026-08-20T04:26:48.8877503Z   duration_ms: 0.128353
test (22)	Run node --test test/*.test.js	2026-08-20T04:26:48.8878116Z   type: 'test'
test (22)	Run node --test test/*.test.js	2026-08-20T04:26:48.8878684Z   ...
test (22)	Run node --test test/*.test.js	2026-08-20T04:26:48.8879348Z # Subtest: --seed <n> parses as a number
test (22)	Run node --test test/*.test.js	2026-08-20T04:26:48.8880141Z ok 7 - --seed <n> parses as a number
test (22)	Run node --test test/*.test.js	2026-08-20T04:26:48.8880796Z   ---
test (22)	Run node --test test/*.test.js	2026-08-20T04:26:48.8881337Z   duration_ms: 0.216936
test (22)	Run node --test test/*.test.js	2026-08-20T04:26:48.8882296Z   type: 'test'
test (22)	Run node --test test/*.test.js	2026-08-20T04:26:48.8882849Z   ...
test (22)	Run node --test test/*.test.js	2026-08-20T04:26:48.8883668Z # Subtest: --seed=<n> equals form parses as a number
test (22)	Run node --test test/*.test.js	2026-08-20T04:26:48.8885535Z ok 8 - --seed=<n> equals form parses as a number
test (22)	Run node --test test/*.test.js	2026-08-20T04:26:48.8886396Z   ---
test (22)	Run node --test test/*.test.js	2026-08-20T04:26:48.8886997Z   duration_ms: 0.124508
test (22)	Run node --test test/*.test.js	2026-08-20T04:26:48.8887602Z   type: 'test'
test (22)	Run node --test test/*.test.js	2026-08-20T04:26:48.8888159Z   ...
test (22)	Run node --test test/*.test.js	2026-08-20T04:26:48.8888868Z # Subtest: --seed <n> accepts a negative number
test (22)	Run node --test test/*.test.js	2026-08-20T04:26:48.8889728Z ok 9 - --seed <n> accepts a negative number
test (22)	Run node --test test/*.test.js	2026-08-20T04:26:48.8890423Z   ---
test (22)	Run node --test test/*.test.js	2026-08-20T04:26:48.8890961Z   duration_ms: 0.324048
test (22)	Run node --test test/*.test.js	2026-08-20T04:26:48.8891563Z   type: 'test'
test (22)	Run node --test test/*.test.js	2026-08-20T04:26:48.8892130Z   ...
test (22)	Run node --test test/*.test.js	2026-08-20T04:26:48.8892899Z # Subtest: --seed=<n> equals form accepts a negative number
test (22)	Run node --test test/*.test.js	2026-08-20T04:26:48.8893892Z ok 10 - --seed=<n> equals form accepts a negative number
test (22)	Run node --test test/*.test.js	2026-08-20T04:26:48.8894802Z   ---
test (22)	Run node --test test/*.test.js	2026-08-20T04:26:48.8895362Z   duration_ms: 0.382306
test (22)	Run node --test test/*.test.js	2026-08-20T04:26:48.8895984Z   type: 'test'
test (22)	Run node --test test/*.test.js	2026-08-20T04:26:48.8896558Z   ...
test (22)	Run node --test test/*.test.js	2026-08-20T04:26:48.8897338Z # Subtest: non-numeric --seed is a usage error
test (22)	Run node --test test/*.test.js	2026-08-20T04:26:48.8898229Z ok 11 - non-numeric --seed is a usage error
test (22)	Run node --test test/*.test.js	2026-08-20T04:26:48.8898924Z   ---
test (22)	Run node --test test/*.test.js	2026-08-20T04:26:48.8899504Z   duration_ms: 0.357789
test (22)	Run node --test test/*.test.js	2026-08-20T04:26:48.8900160Z   type: 'test'
test (22)	Run node --test test/*.test.js	2026-08-20T04:26:48.8900844Z   ...
test (22)	Run node --test test/*.test.js	2026-08-20T04:26:48.8907132Z # Subtest: non-numeric --seed= equals form is a usage error
test (22)	Run node --test test/*.test.js	2026-08-20T04:26:48.8908352Z ok 12 - non-numeric --seed= equals form is a usage error
test (22)	Run node --test test/*.test.js	2026-08-20T04:26:48.8909160Z   ---
test (22)	Run node --test test/*.test.js	2026-08-20T04:26:48.8909738Z   duration_ms: 0.160552
test (22)	Run node --test test/*.test.js	2026-08-20T04:26:48.8910351Z   type: 'test'
test (22)	Run node --test test/*.test.js	2026-08-20T04:26:48.8911329Z   ...
test (22)	Run node --test test/*.test.js	2026-08-20T04:26:48.8912030Z # Subtest: --list sets list: true
test (22)	Run node --test test/*.test.js	2026-08-20T04:26:48.8912765Z ok 13 - --list sets list: true
test (22)	Run node --test test/*.test.js	2026-08-20T04:26:48.8913412Z   ---
test (22)	Run node --test test/*.test.js	2026-08-20T04:26:48.8913995Z   duration_ms: 0.104167
test (22)	Run node --test test/*.test.js	2026-08-20T04:26:48.8914940Z   type: 'test'
test (22)	Run node --test test/*.test.js	2026-08-20T04:26:48.8915504Z   ...
test (22)	Run node --test test/*.test.js	2026-08-20T04:26:48.8916142Z # Subtest: --json sets json: true
test (22)	Run node --test test/*.test.js	2026-08-20T04:26:48.8916960Z ok 14 - --json sets json: true
test (22)	Run node --test test/*.test.js	2026-08-20T04:26:48.8917601Z   ---
test (22)	Run node --test test/*.test.js	2026-08-20T04:26:48.8918145Z   duration_ms: 0.085188
test (22)	Run node --test test/*.test.js	2026-08-20T04:26:48.8918735Z   type: 'test'
test (22)	Run node --test test/*.test.js	2026-08-20T04:26:48.8919286Z   ...
test (22)	Run node --test test/*.test.js	2026-08-20T04:26:48.8920015Z # Subtest: --help sets help: true
test (22)	Run node --test test/*.test.js	2026-08-20T04:26:48.8920780Z ok 15 - --help sets help: true
test (22)	Run node --test test/*.test.js	2026-08-20T04:26:48.8921508Z   ---
test (22)	Run node --test test/*.test.js	2026-08-20T04:26:48.8922088Z   duration_ms: 0.084347
test (22)	Run node --test test/*.test.js	2026-08-20T04:26:48.8922708Z   type: 'test'
test (22)	Run node --test test/*.test.js	2026-08-20T04:26:48.8923282Z   ...
test (22)	Run node --test test/*.test.js	2026-08-20T04:26:48.8923887Z # Subtest: -h sets help: true
test (22)	Run node --test test/*.test.js	2026-08-20T04:26:48.8924854Z ok 16 - -h sets help: true
test (22)	Run node --test test/*.test.js	2026-08-20T04:26:48.8925481Z   ---
test (22)	Run node --test test/*.test.js	2026-08-20T04:26:48.8926066Z   duration_ms: 0.074932
test (22)	Run node --test test/*.test.js	2026-08-20T04:26:48.8926672Z   type: 'test'
test (22)	Run node --test test/*.test.js	2026-08-20T04:26:48.8927254Z   ...
test (22)	Run node --test test/*.test.js	2026-08-20T04:26:48.8928037Z # Subtest: unknown flag is a usage error
test (22)	Run node --test test/*.test.js	2026-08-20T04:26:48.8928851Z ok 17 - unknown flag is a usage error
test (22)	Run node --test test/*.test.js	2026-08-20T04:26:48.8929523Z   ---
test (22)	Run node --test test/*.test.js	2026-08-20T04:26:48.8930075Z   duration_ms: 0.144006
test (22)	Run node --test test/*.test.js	2026-08-20T04:26:48.8930688Z   type: 'test'
test (22)	Run node --test test/*.test.js	2026-08-20T04:26:48.8931251Z   ...
test (22)	Run node --test test/*.test.js	2026-08-20T04:26:48.8931939Z # Subtest: unknown short flag is a usage error
test (22)	Run node --test test/*.test.js	2026-08-20T04:26:48.8932806Z ok 18 - unknown short flag is a usage error
test (22)	Run node --test test/*.test.js	2026-08-20T04:26:48.8955866Z   ---
test (22)	Run node --test test/*.test.js	2026-08-20T04:26:48.8965146Z   duration_ms: 0.094222
test (22)	Run node --test test/*.test.js	2026-08-20T04:26:48.8965927Z   type: 'test'
test (22)	Run node --test test/*.test.js	2026-08-20T04:26:48.8966523Z   ...
test (22)	Run node --test test/*.test.js	2026-08-20T04:26:48.8967496Z # Subtest: --author missing value at end of argv is a usage error
test (22)	Run node --test test/*.test.js	2026-08-20T04:26:48.8968591Z ok 19 - --author missing value at end of argv is a usage error
test (22)	Run node --test test/*.test.js	2026-08-20T04:26:48.8969384Z   ---
test (22)	Run node --test test/*.test.js	2026-08-20T04:26:48.8969944Z   duration_ms: 0.11288
test (22)	Run node --test test/*.test.js	2026-08-20T04:26:48.8970578Z   type: 'test'
test (22)	Run node --test test/*.test.js	2026-08-20T04:26:48.8971153Z   ...
test (22)	Run node --test test/*.test.js	2026-08-20T04:26:48.8972128Z # Subtest: --tag missing value because next token is another flag is a usage error
test (22)	Run node --test test/*.test.js	2026-08-20T04:26:48.8973421Z ok 20 - --tag missing value because next token is another flag is a usage error
test (22)	Run node --test test/*.test.js	2026-08-20T04:26:48.8974473Z   ---
test (22)	Run node --test test/*.test.js	2026-08-20T04:26:48.8975340Z   duration_ms: 0.110446
test (22)	Run node --test test/*.test.js	2026-08-20T04:26:48.8975967Z   type: 'test'
test (22)	Run node --test test/*.test.js	2026-08-20T04:26:48.8976525Z   ...
test (22)	Run node --test test/*.test.js	2026-08-20T04:26:48.8977338Z # Subtest: --seed missing value at end of argv is a usage error
test (22)	Run node --test test/*.test.js	2026-08-20T04:26:48.8978379Z ok 21 - --seed missing value at end of argv is a usage error
test (22)	Run node --test test/*.test.js	2026-08-20T04:26:48.8979232Z   ---
test (22)	Run node --test test/*.test.js	2026-08-20T04:26:48.8979805Z   duration_ms: 0.083676
test (22)	Run node --test test/*.test.js	2026-08-20T04:26:48.8980418Z   type: 'test'
test (22)	Run node --test test/*.test.js	2026-08-20T04:26:48.8980981Z   ...
test (22)	Run node --test test/*.test.js	2026-08-20T04:26:48.8981736Z # Subtest: --author= with empty value is a usage error
test (22)	Run node --test test/*.test.js	2026-08-20T04:26:48.9005604Z ok 22 - --author= with empty value is a usage error
test (22)	Run node --test test/*.test.js	2026-08-20T04:26:48.9015091Z   ---
test (22)	Run node --test test/*.test.js	2026-08-20T04:26:48.9015835Z   duration_ms: 0.888557
test (22)	Run node --test test/*.test.js	2026-08-20T04:26:48.9016502Z   type: 'test'
test (22)	Run node --test test/*.test.js	2026-08-20T04:26:48.9017080Z   ...
test (22)	Run node --test test/*.test.js	2026-08-20T04:26:48.9017968Z # Subtest: a bare positional argument (not a flag) is a usage error
test (22)	Run node --test test/*.test.js	2026-08-20T04:26:48.9019103Z ok 23 - a bare positional argument (not a flag) is a usage error
test (22)	Run node --test test/*.test.js	2026-08-20T04:26:48.9019927Z   ---
test (22)	Run node --test test/*.test.js	2026-08-20T04:26:48.9020495Z   duration_ms: 0.094512
test (22)	Run node --test test/*.test.js	2026-08-20T04:26:48.9021120Z   type: 'test'
test (22)	Run node --test test/*.test.js	2026-08-20T04:26:48.9021684Z   ...
test (22)	Run node --test test/*.test.js	2026-08-20T04:26:48.9022458Z # Subtest: parseArgs never throws on malformed input
test (22)	Run node --test test/*.test.js	2026-08-20T04:26:48.9023390Z ok 24 - parseArgs never throws on malformed input
test (22)	Run node --test test/*.test.js	2026-08-20T04:26:48.9024129Z   ---
test (22)	Run node --test test/*.test.js	2026-08-20T04:26:48.9024854Z   duration_ms: 0.189575
test (22)	Run node --test test/*.test.js	2026-08-20T04:26:48.9025460Z   type: 'test'
test (22)	Run node --test test/*.test.js	2026-08-20T04:26:48.9026027Z   ...
test (22)	Run node --test test/*.test.js	2026-08-20T04:26:48.9026794Z # Subtest: absent options are undefined/false, never null
test (22)	Run node --test test/*.test.js	2026-08-20T04:26:48.9027768Z ok 25 - absent options are undefined/false, never null
test (22)	Run node --test test/*.test.js	2026-08-20T04:26:48.9028522Z   ---
test (22)	Run node --test test/*.test.js	2026-08-20T04:26:48.9029965Z   duration_ms: 0.1196
test (22)	Run node --test test/*.test.js	2026-08-20T04:26:48.9030595Z   type: 'test'
test (22)	Run node --test test/*.test.js	2026-08-20T04:26:48.9031147Z   ...
test (22)	Run node --test test/*.test.js	2026-08-20T04:26:48.9031962Z # Subtest: HELP is a non-empty string mentioning every flag name
test (22)	Run node --test test/*.test.js	2026-08-20T04:26:48.9033026Z ok 26 - HELP is a non-empty string mentioning every flag name
test (22)	Run node --test test/*.test.js	2026-08-20T04:26:48.9033809Z   ---
test (22)	Run node --test test/*.test.js	2026-08-20T04:26:48.9034646Z   duration_ms: 0.173611
test (22)	Run node --test test/*.test.js	2026-08-20T04:26:48.9035263Z   type: 'test'
test (22)	Run node --test test/*.test.js	2026-08-20T04:26:48.9035833Z   ...
test (22)	Run node --test test/*.test.js	2026-08-20T04:26:48.9036657Z # Subtest: HELP fits comfortably on one 24-line terminal screen
test (22)	Run node --test test/*.test.js	2026-08-20T04:26:48.9037694Z ok 27 - HELP fits comfortably on one 24-line terminal screen
test (22)	Run node --test test/*.test.js	2026-08-20T04:26:48.9038477Z   ---
test (22)	Run node --test test/*.test.js	2026-08-20T04:26:48.9039041Z   duration_ms: 0.087792
test (22)	Run node --test test/*.test.js	2026-08-20T04:26:48.9039654Z   type: 'test'
test (22)	Run node --test test/*.test.js	2026-08-20T04:26:48.9040212Z   ...
test (22)	Run node --test test/*.test.js	2026-08-20T04:26:48.9041285Z # Subtest: --seed Infinity / --seed -Infinity parse to numbers, not a usage error
test (22)	Run node --test test/*.test.js	2026-08-20T04:26:48.9042579Z ok 28 - --seed Infinity / --seed -Infinity parse to numbers, not a usage error
test (22)	Run node --test test/*.test.js	2026-08-20T04:26:48.9043478Z   ---
test (22)	Run node --test test/*.test.js	2026-08-20T04:26:48.9044056Z   duration_ms: 0.117106
test (22)	Run node --test test/*.test.js	2026-08-20T04:26:48.9045030Z   type: 'test'
test (22)	Run node --test test/*.test.js	2026-08-20T04:26:48.9045589Z   ...
test (22)	Run node --test test/*.test.js	2026-08-20T04:26:51.8265923Z # Subtest: bare invocation prints one attributed aphorism and exits 0
test (22)	Run node --test test/*.test.js	2026-08-20T04:26:51.8267308Z ok 29 - bare invocation prints one attributed aphorism and exits 0
test (22)	Run node --test test/*.test.js	2026-08-20T04:26:51.8268005Z   ---
test (22)	Run node --test test/*.test.js	2026-08-20T04:26:51.8278626Z   duration_ms: 38.987565
test (22)	Run node --test test/*.test.js	2026-08-20T04:26:51.8285254Z   type: 'test'
test (22)	Run node --test test/*.test.js	2026-08-20T04:26:51.8285894Z   ...
test (22)	Run node --test test/*.test.js	2026-08-20T04:26:51.8287104Z # Subtest: --seed is deterministic across separate processes
test (22)	Run node --test test/*.test.js	2026-08-20T04:26:51.8288343Z ok 30 - --seed is deterministic across separate processes
test (22)	Run node --test test/*.test.js	2026-08-20T04:26:51.8289186Z   ---
test (22)	Run node --test test/*.test.js	2026-08-20T04:26:51.8289836Z   duration_ms: 84.978255
test (22)	Run node --test test/*.test.js	2026-08-20T04:26:51.8290500Z   type: 'test'
test (22)	Run node --test test/*.test.js	2026-08-20T04:26:51.8291122Z   ...
test (22)	Run node --test test/*.test.js	2026-08-20T04:26:51.8291987Z # Subtest: different seeds do not all collapse to one aphorism
test (22)	Run node --test test/*.test.js	2026-08-20T04:26:51.8293076Z ok 31 - different seeds do not all collapse to one aphorism
test (22)	Run node --test test/*.test.js	2026-08-20T04:26:51.8293961Z   ---
test (22)	Run node --test test/*.test.js	2026-08-20T04:26:51.8294879Z   duration_ms: 404.126578
test (22)	Run node --test test/*.test.js	2026-08-20T04:26:51.8295559Z   type: 'test'
test (22)	Run node --test test/*.test.js	2026-08-20T04:26:51.8296153Z   ...
test (22)	Run node --test test/*.test.js	2026-08-20T04:26:51.8297080Z # Subtest: --json emits a single-line JSON object with text/author/tags
test (22)	Run node --test test/*.test.js	2026-08-20T04:26:51.8299028Z ok 32 - --json emits a single-line JSON object with text/author/tags
test (22)	Run node --test test/*.test.js	2026-08-20T04:26:51.8299938Z   ---
test (22)	Run node --test test/*.test.js	2026-08-20T04:26:51.8300551Z   duration_ms: 38.228477
test (22)	Run node --test test/*.test.js	2026-08-20T04:26:51.8301221Z   type: 'test'
test (22)	Run node --test test/*.test.js	2026-08-20T04:26:51.8301795Z   ...
test (22)	Run node --test test/*.test.js	2026-08-20T04:26:51.8302375Z # Subtest: --list prints every entry in the filtered set
test (22)	Run node --test test/*.test.js	2026-08-20T04:26:51.8303000Z ok 33 - --list prints every entry in the filtered set
test (22)	Run node --test test/*.test.js	2026-08-20T04:26:51.8303510Z   ---
test (22)	Run node --test test/*.test.js	2026-08-20T04:26:51.8303919Z   duration_ms: 40.820338
test (22)	Run node --test test/*.test.js	2026-08-20T04:26:51.8304627Z   type: 'test'
test (22)	Run node --test test/*.test.js	2026-08-20T04:26:51.8305550Z   ...
test (22)	Run node --test test/*.test.js	2026-08-20T04:26:51.8306467Z # Subtest: --help prints usage to stdout and exits 0
test (22)	Run node --test test/*.test.js	2026-08-20T04:26:51.8307545Z ok 34 - --help prints usage to stdout and exits 0
test (22)	Run node --test test/*.test.js	2026-08-20T04:26:51.8308328Z   ---
test (22)	Run node --test test/*.test.js	2026-08-20T04:26:51.8308865Z   duration_ms: 30.683451
test (22)	Run node --test test/*.test.js	2026-08-20T04:26:51.8309464Z   type: 'test'
test (22)	Run node --test test/*.test.js	2026-08-20T04:26:51.8309989Z   ...
test (22)	Run node --test test/*.test.js	2026-08-20T04:26:51.8310785Z # Subtest: no match exits 1 with stderr only and zero bytes on stdout
test (22)	Run node --test test/*.test.js	2026-08-20T04:26:51.8311870Z ok 35 - no match exits 1 with stderr only and zero bytes on stdout
test (22)	Run node --test test/*.test.js	2026-08-20T04:26:51.8312622Z   ---
test (22)	Run node --test test/*.test.js	2026-08-20T04:26:51.8313139Z   duration_ms: 30.073373
test (22)	Run node --test test/*.test.js	2026-08-20T04:26:51.8313719Z   type: 'test'
test (22)	Run node --test test/*.test.js	2026-08-20T04:26:51.8314448Z   ...
test (22)	Run node --test test/*.test.js	2026-08-20T04:26:51.8315251Z # Subtest: unknown flag is a usage error, exit 2, stdout clean
test (22)	Run node --test test/*.test.js	2026-08-20T04:26:51.8316246Z ok 36 - unknown flag is a usage error, exit 2, stdout clean
test (22)	Run node --test test/*.test.js	2026-08-20T04:26:51.8316987Z   ---
test (22)	Run node --test test/*.test.js	2026-08-20T04:26:51.8317510Z   duration_ms: 33.255292
test (22)	Run node --test test/*.test.js	2026-08-20T04:26:51.8318103Z   type: 'test'
test (22)	Run node --test test/*.test.js	2026-08-20T04:26:51.8318644Z   ...
test (22)	Run node --test test/*.test.js	2026-08-20T04:26:51.8319330Z # Subtest: non-numeric seed is a usage error, exit 2
test (22)	Run node --test test/*.test.js	2026-08-20T04:26:51.8320562Z ok 37 - non-numeric seed is a usage error, exit 2
test (22)	Run node --test test/*.test.js	2026-08-20T04:26:51.8321258Z   ---
test (22)	Run node --test test/*.test.js	2026-08-20T04:26:51.8321783Z   duration_ms: 29.430186
test (22)	Run node --test test/*.test.js	2026-08-20T04:26:51.8322366Z   type: 'test'
test (22)	Run node --test test/*.test.js	2026-08-20T04:26:51.8322884Z   ...
test (22)	Run node --test test/*.test.js	2026-08-20T04:26:51.8323678Z # Subtest: author filter is case-insensitive and narrows the list
test (22)	Run node --test test/*.test.js	2026-08-20T04:26:51.8324938Z ok 38 - author filter is case-insensitive and narrows the list
test (22)	Run node --test test/*.test.js	2026-08-20T04:26:51.8325702Z   ---
test (22)	Run node --test test/*.test.js	2026-08-20T04:26:51.8326218Z   duration_ms: 60.776254
test (22)	Run node --test test/*.test.js	2026-08-20T04:26:51.8326810Z   type: 'test'
test (22)	Run node --test test/*.test.js	2026-08-20T04:26:51.8327329Z   ...
test (22)	Run node --test test/*.test.js	2026-08-20T04:26:51.8328423Z # Subtest: output is pipe-safe — no ANSI escapes when not a TTY
test (22)	Run node --test test/*.test.js	2026-08-20T04:26:51.8329557Z ok 39 - output is pipe-safe — no ANSI escapes when not a TTY
test (22)	Run node --test test/*.test.js	2026-08-20T04:26:51.8330442Z   ---
test (22)	Run node --test test/*.test.js	2026-08-20T04:26:51.8331032Z   duration_ms: 37.837059
test (22)	Run node --test test/*.test.js	2026-08-20T04:26:51.8331657Z   type: 'test'
test (22)	Run node --test test/*.test.js	2026-08-20T04:26:51.8332227Z   ...
test (22)	Run node --test test/*.test.js	2026-08-20T04:26:51.8333058Z # Subtest: --tag matches membership, not substring containment
test (22)	Run node --test test/*.test.js	2026-08-20T04:26:51.8334428Z ok 40 - --tag matches membership, not substring containment
test (22)	Run node --test test/*.test.js	2026-08-20T04:26:51.8335340Z   ---
test (22)	Run node --test test/*.test.js	2026-08-20T04:26:51.8335942Z   duration_ms: 62.032063
test (22)	Run node --test test/*.test.js	2026-08-20T04:26:51.8336586Z   type: 'test'
test (22)	Run node --test test/*.test.js	2026-08-20T04:26:51.8337379Z   ...
test (22)	Run node --test test/*.test.js	2026-08-20T04:26:51.8365329Z # Subtest: --list prints exactly one line per matching entry, no drops
test (22)	Run node --test test/*.test.js	2026-08-20T04:26:51.8366400Z ok 41 - --list prints exactly one line per matching entry, no drops
test (22)	Run node --test test/*.test.js	2026-08-20T04:26:51.8366993Z   ---
test (22)	Run node --test test/*.test.js	2026-08-20T04:26:51.8367345Z   duration_ms: 28.058039
test (22)	Run node --test test/*.test.js	2026-08-20T04:26:51.8367733Z   type: 'test'
test (22)	Run node --test test/*.test.js	2026-08-20T04:26:51.8368063Z   ...
test (22)	Run node --test test/*.test.js	2026-08-20T04:26:51.8368667Z # Subtest: --list preserves corpus order (first and last line match)
test (22)	Run node --test test/*.test.js	2026-08-20T04:26:51.8369492Z ok 42 - --list preserves corpus order (first and last line match)
test (22)	Run node --test test/*.test.js	2026-08-20T04:26:51.8370028Z   ---
test (22)	Run node --test test/*.test.js	2026-08-20T04:26:51.8370359Z   duration_ms: 31.467001
test (22)	Run node --test test/*.test.js	2026-08-20T04:26:51.8370728Z   type: 'test'
test (22)	Run node --test test/*.test.js	2026-08-20T04:26:51.8371048Z   ...
test (22)	Run node --test test/*.test.js	2026-08-20T04:26:51.8371653Z # Subtest: --json output is exactly one line, never pretty-printed
test (22)	Run node --test test/*.test.js	2026-08-20T04:26:51.8372465Z ok 43 - --json output is exactly one line, never pretty-printed
test (22)	Run node --test test/*.test.js	2026-08-20T04:26:51.8373013Z   ---
test (22)	Run node --test test/*.test.js	2026-08-20T04:26:51.8373339Z   duration_ms: 28.482008
test (22)	Run node --test test/*.test.js	2026-08-20T04:26:51.8373706Z   type: 'test'
test (22)	Run node --test test/*.test.js	2026-08-20T04:26:51.8374026Z   ...
test (22)	Run node --test test/*.test.js	2026-08-20T04:26:51.8375312Z # Subtest: --list --json emits newline-delimited JSON, one object per line, in corpus order
test (22)	Run node --test test/*.test.js	2026-08-20T04:26:51.8376477Z ok 44 - --list --json emits newline-delimited JSON, one object per line, in corpus order
test (22)	Run node --test test/*.test.js	2026-08-20T04:26:51.8377179Z   ---
test (22)	Run node --test test/*.test.js	2026-08-20T04:26:51.8377524Z   duration_ms: 29.837809
test (22)	Run node --test test/*.test.js	2026-08-20T04:26:51.8377902Z   type: 'test'
test (22)	Run node --test test/*.test.js	2026-08-20T04:26:51.8378235Z   ...
test (22)	Run node --test test/*.test.js	2026-08-20T04:26:51.8379207Z # Subtest: --json composes with --seed: the seeded JSON pick is reproducible AND is the same entry as the plain-text pick
test (22)	Run node --test test/*.test.js	2026-08-20T04:26:51.8380737Z ok 45 - --json composes with --seed: the seeded JSON pick is reproducible AND is the same entry as the plain-text pick
test (22)	Run node --test test/*.test.js	2026-08-20T04:26:51.8381601Z   ---
test (22)	Run node --test test/*.test.js	2026-08-20T04:26:51.8381947Z   duration_ms: 542.856519
test (22)	Run node --test test/*.test.js	2026-08-20T04:26:51.8382327Z   type: 'test'
test (22)	Run node --test test/*.test.js	2026-08-20T04:26:51.8382653Z   ...
test (22)	Run node --test test/*.test.js	2026-08-20T04:26:51.8405898Z # Subtest: --json composes with the filter flags: the JSON pick is always a member of the FILTERED set
test (22)	Run node --test test/*.test.js	2026-08-20T04:26:51.8416395Z ok 46 - --json composes with the filter flags: the JSON pick is always a member of the FILTERED set
test (22)	Run node --test test/*.test.js	2026-08-20T04:26:51.8417232Z   ---
test (22)	Run node --test test/*.test.js	2026-08-20T04:26:51.8417580Z   duration_ms: 702.025964
test (22)	Run node --test test/*.test.js	2026-08-20T04:26:51.8417973Z   type: 'test'
test (22)	Run node --test test/*.test.js	2026-08-20T04:26:51.8418315Z   ...
test (22)	Run node --test test/*.test.js	2026-08-20T04:26:51.8419137Z # Subtest: --list accepts a valid --seed and IGNORES it: output is byte-identical across seeds
test (22)	Run node --test test/*.test.js	2026-08-20T04:26:51.8420325Z ok 47 - --list accepts a valid --seed and IGNORES it: output is byte-identical across seeds
test (22)	Run node --test test/*.test.js	2026-08-20T04:26:51.8421027Z   ---
test (22)	Run node --test test/*.test.js	2026-08-20T04:26:51.8421348Z   duration_ms: 284.417894
test (22)	Run node --test test/*.test.js	2026-08-20T04:26:51.8421629Z   type: 'test'
test (22)	Run node --test test/*.test.js	2026-08-20T04:26:51.8422179Z   ...
test (22)	Run node --test test/*.test.js	2026-08-20T04:26:51.8422675Z # Subtest: --list --seed abc is a usage error, exit 2, stdout empty, stderr carries the diagnostic
test (22)	Run node --test test/*.test.js	2026-08-20T04:26:51.8423383Z ok 48 - --list --seed abc is a usage error, exit 2, stdout empty, stderr carries the diagnostic
test (22)	Run node --test test/*.test.js	2026-08-20T04:26:51.8423814Z   ---
test (22)	Run node --test test/*.test.js	2026-08-20T04:26:51.8424023Z   duration_ms: 28.909412
test (22)	Run node --test test/*.test.js	2026-08-20T04:26:51.8424514Z   type: 'test'
test (22)	Run node --test test/*.test.js	2026-08-20T04:26:51.8424730Z   ...
test (22)	Run node --test test/*.test.js	2026-08-20T04:26:51.8425241Z # Subtest: --seed abc --list (erroring flag BEFORE --list) is still a usage error, exit 2, stdout empty
test (22)	Run node --test test/*.test.js	2026-08-20T04:26:51.8425975Z ok 49 - --seed abc --list (erroring flag BEFORE --list) is still a usage error, exit 2, stdout empty
test (22)	Run node --test test/*.test.js	2026-08-20T04:26:51.8426421Z   ---
test (22)	Run node --test test/*.test.js	2026-08-20T04:26:51.8426624Z   duration_ms: 28.966792
test (22)	Run node --test test/*.test.js	2026-08-20T04:26:51.8426859Z   type: 'test'
test (22)	Run node --test test/*.test.js	2026-08-20T04:26:51.8427106Z   ...
test (22)	Run node --test test/*.test.js	2026-08-20T04:26:51.8427515Z # Subtest: --list --seed=  (empty seed value) is a usage error, exit 2, stdout empty
test (22)	Run node --test test/*.test.js	2026-08-20T04:26:51.8428110Z ok 50 - --list --seed=  (empty seed value) is a usage error, exit 2, stdout empty
test (22)	Run node --test test/*.test.js	2026-08-20T04:26:51.8428542Z   ---
test (22)	Run node --test test/*.test.js	2026-08-20T04:26:51.8428769Z   duration_ms: 28.187245
test (22)	Run node --test test/*.test.js	2026-08-20T04:26:51.8429122Z   type: 'test'
test (22)	Run node --test test/*.test.js	2026-08-20T04:26:51.8429331Z   ...
test (22)	Run node --test test/*.test.js	2026-08-20T04:26:51.8429811Z # Subtest: --list --seed "   " (whitespace-only seed value) is a usage error, exit 2, stdout empty
test (22)	Run node --test test/*.test.js	2026-08-20T04:26:51.8430524Z ok 51 - --list --seed "   " (whitespace-only seed value) is a usage error, exit 2, stdout empty
test (22)	Run node --test test/*.test.js	2026-08-20T04:26:51.8430959Z   ---
test (22)	Run node --test test/*.test.js	2026-08-20T04:26:51.8431178Z   duration_ms: 27.378026
test (22)	Run node --test test/*.test.js	2026-08-20T04:26:51.8431430Z   type: 'test'
test (22)	Run node --test test/*.test.js	2026-08-20T04:26:51.8431643Z   ...
test (22)	Run node --test test/*.test.js	2026-08-20T04:26:51.8432726Z # Subtest: --list --nosuchflag (unknown flag) is a usage error, exit 2, stdout empty — --list does not swallow it
test (22)	Run node --test test/*.test.js	2026-08-20T04:26:51.8433665Z ok 52 - --list --nosuchflag (unknown flag) is a usage error, exit 2, stdout empty — --list does not swallow it
test (22)	Run node --test test/*.test.js	2026-08-20T04:26:51.8434437Z   ---
test (22)	Run node --test test/*.test.js	2026-08-20T04:26:51.8434690Z   duration_ms: 30.380365
test (22)	Run node --test test/*.test.js	2026-08-20T04:26:51.8434952Z   type: 'test'
test (22)	Run node --test test/*.test.js	2026-08-20T04:26:51.8435165Z   ...
test (22)	Run node --test test/*.test.js	2026-08-20T04:26:51.8435691Z # Subtest: --nosuchflag --list (unknown flag BEFORE --list) is still a usage error, exit 2, stdout empty
test (22)	Run node --test test/*.test.js	2026-08-20T04:26:51.8436439Z ok 53 - --nosuchflag --list (unknown flag BEFORE --list) is still a usage error, exit 2, stdout empty
test (22)	Run node --test test/*.test.js	2026-08-20T04:26:51.8437074Z   ---
test (22)	Run node --test test/*.test.js	2026-08-20T04:26:51.8437285Z   duration_ms: 27.447456
test (22)	Run node --test test/*.test.js	2026-08-20T04:26:51.8437516Z   type: 'test'
test (22)	Run node --test test/*.test.js	2026-08-20T04:26:51.8437721Z   ...
test (22)	Run node --test test/*.test.js	2026-08-20T04:26:51.8438242Z # Subtest: plain single-pick output is TWO lines: text, newline, four-space indent, EM DASH, space, author
test (22)	Run node --test test/*.test.js	2026-08-20T04:26:51.8439041Z ok 54 - plain single-pick output is TWO lines: text, newline, four-space indent, EM DASH, space, author
test (22)	Run node --test test/*.test.js	2026-08-20T04:26:51.8439500Z   ---
test (22)	Run node --test test/*.test.js	2026-08-20T04:26:51.8439718Z   duration_ms: 27.566445
test (22)	Run node --test test/*.test.js	2026-08-20T04:26:51.8439956Z   type: 'test'
test (22)	Run node --test test/*.test.js	2026-08-20T04:26:51.8440165Z   ...
test (22)	Run node --test test/*.test.js	2026-08-20T04:26:51.8440656Z # Subtest: --seed Infinity and --seed -Infinity (typed as CLI strings) are accepted and deterministic
test (22)	Run node --test test/*.test.js	2026-08-20T04:26:51.8441389Z ok 55 - --seed Infinity and --seed -Infinity (typed as CLI strings) are accepted and deterministic
test (22)	Run node --test test/*.test.js	2026-08-20T04:26:51.8441822Z   ---
test (22)	Run node --test test/*.test.js	2026-08-20T04:26:51.8442035Z   duration_ms: 117.294194
test (22)	Run node --test test/*.test.js	2026-08-20T04:26:51.8442272Z   type: 'test'
test (22)	Run node --test test/*.test.js	2026-08-20T04:26:51.8442482Z   ...
test (22)	Run node --test test/*.test.js	2026-08-20T04:26:51.8442956Z # Subtest: --list with a filter that matches nothing is STILL exit 1, stderr only, stdout empty
test (22)	Run node --test test/*.test.js	2026-08-20T04:26:51.8443638Z ok 56 - --list with a filter that matches nothing is STILL exit 1, stderr only, stdout empty
test (22)	Run node --test test/*.test.js	2026-08-20T04:26:51.8444058Z   ---
test (22)	Run node --test test/*.test.js	2026-08-20T04:26:51.8444468Z   duration_ms: 57.808166
test (22)	Run node --test test/*.test.js	2026-08-20T04:26:51.8444707Z   type: 'test'
test (22)	Run node --test test/*.test.js	2026-08-20T04:26:51.8444916Z   ...
test (22)	Run node --test test/*.test.js	2026-08-20T04:26:51.8445512Z # Subtest: --tag "" (bare empty-string value) matches nothing: whole-tag equality against the literal "" is not a filter no-op
test (22)	Run node --test test/*.test.js	2026-08-20T04:26:51.8446424Z ok 57 - --tag "" (bare empty-string value) matches nothing: whole-tag equality against the literal "" is not a filter no-op
test (22)	Run node --test test/*.test.js	2026-08-20T04:26:51.8447093Z   ---
test (22)	Run node --test test/*.test.js	2026-08-20T04:26:51.8447310Z   duration_ms: 29.289784
test (22)	Run node --test test/*.test.js	2026-08-20T04:26:51.8447557Z   type: 'test'
test (22)	Run node --test test/*.test.js	2026-08-20T04:26:51.8447762Z   ...
test (22)	Run node --test test/*.test.js	2026-08-20T04:26:51.8525946Z # Subtest: README Node support citation: cited git diff must be empty (or the check must skip on a missing precondition)
test (22)	Run node --test test/*.test.js	2026-08-20T04:26:51.8537437Z ok 58 - README Node support citation: cited git diff must be empty (or the check must skip on a missing precondition) # SKIP cited base commit 5f833ab is not reachable in this checkout (this is a shallow clone) -- cannot evaluate the README's Node support citation
test (22)	Run node --test test/*.test.js	2026-08-20T04:26:51.8539233Z   ---
test (22)	Run node --test test/*.test.js	2026-08-20T04:26:51.8539567Z   duration_ms: 20.774282
test (22)	Run node --test test/*.test.js	2026-08-20T04:26:51.8539944Z   type: 'test'
test (22)	Run node --test test/*.test.js	2026-08-20T04:26:51.8540263Z   ...
test (22)	Run node --test test/*.test.js	2026-08-20T04:26:51.8540856Z # Subtest: --list | true: exits quietly, zero stderr, no crash banner
test (22)	Run node --test test/*.test.js	2026-08-20T04:26:51.8541692Z ok 59 - --list | true: exits quietly, zero stderr, no crash banner
test (22)	Run node --test test/*.test.js	2026-08-20T04:26:51.8542293Z   ---
test (22)	Run node --test test/*.test.js	2026-08-20T04:26:51.8542602Z   duration_ms: 47.603087
test (22)	Run node --test test/*.test.js	2026-08-20T04:26:51.8542966Z   type: 'test'
test (22)	Run node --test test/*.test.js	2026-08-20T04:26:51.8543276Z   ...
test (22)	Run node --test test/*.test.js	2026-08-20T04:26:51.8543878Z # Subtest: | true (no --list, single aphorism): exits quietly, zero stderr
test (22)	Run node --test test/*.test.js	2026-08-20T04:26:51.8544891Z ok 60 - | true (no --list, single aphorism): exits quietly, zero stderr
test (22)	Run node --test test/*.test.js	2026-08-20T04:26:51.8545444Z   ---
test (22)	Run node --test test/*.test.js	2026-08-20T04:26:51.8545748Z   duration_ms: 32.750352
test (22)	Run node --test test/*.test.js	2026-08-20T04:26:51.8546115Z   type: 'test'
test (22)	Run node --test test/*.test.js	2026-08-20T04:26:51.8546430Z   ...
test (22)	Run node --test test/*.test.js	2026-08-20T04:26:51.8547015Z # Subtest: --list | head -0: exits quietly, zero stderr, no crash banner
test (22)	Run node --test test/*.test.js	2026-08-20T04:26:51.8547833Z ok 61 - --list | head -0: exits quietly, zero stderr, no crash banner
test (22)	Run node --test test/*.test.js	2026-08-20T04:26:51.8548364Z   ---
test (22)	Run node --test test/*.test.js	2026-08-20T04:26:51.8548661Z   duration_ms: 35.075912
test (22)	Run node --test test/*.test.js	2026-08-20T04:26:51.8549013Z   type: 'test'
test (22)	Run node --test test/*.test.js	2026-08-20T04:26:51.8549298Z   ...
test (22)	Run node --test test/*.test.js	2026-08-20T04:26:51.8549704Z # Subtest: --list | /nonexistent-cmd-xyz: no crash banner from the CLI itself
test (22)	Run node --test test/*.test.js	2026-08-20T04:26:51.8550297Z ok 62 - --list | /nonexistent-cmd-xyz: no crash banner from the CLI itself
test (22)	Run node --test test/*.test.js	2026-08-20T04:26:51.8550663Z   ---
test (22)	Run node --test test/*.test.js	2026-08-20T04:26:51.8550988Z   duration_ms: 39.10414
test (22)	Run node --test test/*.test.js	2026-08-20T04:26:51.8551350Z   type: 'test'
test (22)	Run node --test test/*.test.js	2026-08-20T04:26:51.8551668Z   ...
test (22)	Run node --test test/*.test.js	2026-08-20T04:26:51.8552417Z # Subtest: non-EPIPE stdout write failure: reported, not silent, not exit 1, no stack trace
test (22)	Run node --test test/*.test.js	2026-08-20T04:26:51.8553833Z ok 63 - non-EPIPE stdout write failure: reported, not silent, not exit 1, no stack trace
test (22)	Run node --test test/*.test.js	2026-08-20T04:26:51.8554628Z   ---
test (22)	Run node --test test/*.test.js	2026-08-20T04:26:51.8554942Z   duration_ms: 41.311342
test (22)	Run node --test test/*.test.js	2026-08-20T04:26:51.8555302Z   type: 'test'
test (22)	Run node --test test/*.test.js	2026-08-20T04:26:51.8555606Z   ...
test (22)	Run node --test test/*.test.js	2026-08-20T04:26:51.8556334Z # Subtest: usage error survives a closed stderr reader: still exits 2, not clobbered to 1
test (22)	Run node --test test/*.test.js	2026-08-20T04:26:51.8557383Z ok 64 - usage error survives a closed stderr reader: still exits 2, not clobbered to 1
test (22)	Run node --test test/*.test.js	2026-08-20T04:26:51.8558016Z   ---
test (22)	Run node --test test/*.test.js	2026-08-20T04:26:51.8558323Z   duration_ms: 124.268235
test (22)	Run node --test test/*.test.js	2026-08-20T04:26:51.8558695Z   type: 'test'
test (22)	Run node --test test/*.test.js	2026-08-20T04:26:51.8558994Z   ...
test (22)	Run node --test test/*.test.js	2026-08-20T04:26:51.8559666Z # Subtest: no-match exit code survives a closed stderr reader: still exits 1, not misreported
test (22)	Run node --test test/*.test.js	2026-08-20T04:26:51.8560340Z ok 65 - no-match exit code survives a closed stderr reader: still exits 1, not misreported
test (22)	Run node --test test/*.test.js	2026-08-20T04:26:51.8560770Z   ---
test (22)	Run node --test test/*.test.js	2026-08-20T04:26:51.8561040Z   duration_ms: 136.176378
test (22)	Run node --test test/*.test.js	2026-08-20T04:26:51.8561407Z   type: 'test'
test (22)	Run node --test test/*.test.js	2026-08-20T04:26:51.8561733Z   ...
test (22)	Run node --test test/*.test.js	2026-08-20T04:26:51.8562521Z # Subtest: non-EPIPE stderr write failure: not silent, not the earned exit code, no stack trace
test (22)	Run node --test test/*.test.js	2026-08-20T04:26:51.8563677Z ok 66 - non-EPIPE stderr write failure: not silent, not the earned exit code, no stack trace
test (22)	Run node --test test/*.test.js	2026-08-20T04:26:51.8564637Z   ---
test (22)	Run node --test test/*.test.js	2026-08-20T04:26:51.8564985Z   duration_ms: 39.277977
test (22)	Run node --test test/*.test.js	2026-08-20T04:26:51.8565357Z   type: 'test'
test (22)	Run node --test test/*.test.js	2026-08-20T04:26:51.8565679Z   ...
test (22)	Run node --test test/*.test.js	2026-08-20T04:26:51.8566233Z # Subtest: control: --list | head -1 stays completely clean
test (22)	Run node --test test/*.test.js	2026-08-20T04:26:51.8566963Z ok 67 - control: --list | head -1 stays completely clean
test (22)	Run node --test test/*.test.js	2026-08-20T04:26:51.8567791Z   ---
test (22)	Run node --test test/*.test.js	2026-08-20T04:26:51.8568112Z   duration_ms: 33.857699
test (22)	Run node --test test/*.test.js	2026-08-20T04:26:51.8568483Z   type: 'test'
test (22)	Run node --test test/*.test.js	2026-08-20T04:26:51.8568804Z   ...
test (22)	Run node --test test/*.test.js	2026-08-20T04:26:51.8569345Z # Subtest: control: --list | head -5 stays completely clean
test (22)	Run node --test test/*.test.js	2026-08-20T04:26:51.8570074Z ok 68 - control: --list | head -5 stays completely clean
test (22)	Run node --test test/*.test.js	2026-08-20T04:26:51.8570585Z   ---
test (22)	Run node --test test/*.test.js	2026-08-20T04:26:51.8570919Z   duration_ms: 41.125979
test (22)	Run node --test test/*.test.js	2026-08-20T04:26:51.8571296Z   type: 'test'
test (22)	Run node --test test/*.test.js	2026-08-20T04:26:51.8571621Z   ...
test (22)	Run node --test test/*.test.js	2026-08-20T04:26:51.8572153Z # Subtest: control: --list | sed 1q stays completely clean
test (22)	Run node --test test/*.test.js	2026-08-20T04:26:51.8572869Z ok 69 - control: --list | sed 1q stays completely clean
test (22)	Run node --test test/*.test.js	2026-08-20T04:26:51.8573369Z   ---
test (22)	Run node --test test/*.test.js	2026-08-20T04:26:51.8573696Z   duration_ms: 39.88468
test (22)	Run node --test test/*.test.js	2026-08-20T04:26:51.8574053Z   type: 'test'
test (22)	Run node --test test/*.test.js	2026-08-20T04:26:51.8574610Z   ...
test (22)	Run node --test test/*.test.js	2026-08-20T04:26:51.8575159Z # Subtest: control: --list | grep -q . stays completely clean
test (22)	Run node --test test/*.test.js	2026-08-20T04:26:51.8575913Z ok 70 - control: --list | grep -q . stays completely clean
test (22)	Run node --test test/*.test.js	2026-08-20T04:26:51.8576447Z   ---
test (22)	Run node --test test/*.test.js	2026-08-20T04:26:51.8576771Z   duration_ms: 40.741189
test (22)	Run node --test test/*.test.js	2026-08-20T04:26:51.8577139Z   type: 'test'
test (22)	Run node --test test/*.test.js	2026-08-20T04:26:51.8577462Z   ...
test (22)	Run node --test test/*.test.js	2026-08-20T04:26:51.8578037Z # Subtest: control: | wc -l stays completely clean
test (22)	Run node --test test/*.test.js	2026-08-20T04:26:51.8578563Z ok 71 - control: | wc -l stays completely clean
test (22)	Run node --test test/*.test.js	2026-08-20T04:26:51.8578873Z   ---
test (22)	Run node --test test/*.test.js	2026-08-20T04:26:51.8579084Z   duration_ms: 32.521688
test (22)	Run node --test test/*.test.js	2026-08-20T04:26:51.8579330Z   type: 'test'
test (22)	Run node --test test/*.test.js	2026-08-20T04:26:51.8579531Z   ...
test (22)	Run node --test test/*.test.js	2026-08-20T04:26:51.8579897Z # Subtest: control: --list --json | head -2 stays completely clean
test (22)	Run node --test test/*.test.js	2026-08-20T04:26:51.8580387Z ok 72 - control: --list --json | head -2 stays completely clean
test (22)	Run node --test test/*.test.js	2026-08-20T04:26:51.8580721Z   ---
test (22)	Run node --test test/*.test.js	2026-08-20T04:26:51.8580922Z   duration_ms: 30.431112
test (22)	Run node --test test/*.test.js	2026-08-20T04:26:51.8581158Z   type: 'test'
test (22)	Run node --test test/*.test.js	2026-08-20T04:26:51.8581356Z   ...
test (22)	Run node --test test/*.test.js	2026-08-20T04:26:51.8581745Z # Subtest: control: exit 1 / exit 2 stderr messages and codes are unchanged
test (22)	Run node --test test/*.test.js	2026-08-20T04:26:51.8582295Z ok 73 - control: exit 1 / exit 2 stderr messages and codes are unchanged
test (22)	Run node --test test/*.test.js	2026-08-20T04:26:51.8582672Z   ---
test (22)	Run node --test test/*.test.js	2026-08-20T04:26:51.8582884Z   duration_ms: 64.116361
test (22)	Run node --test test/*.test.js	2026-08-20T04:26:51.8583127Z   type: 'test'
test (22)	Run node --test test/*.test.js	2026-08-20T04:26:51.8583330Z   ...
test (22)	Run node --test test/*.test.js	2026-08-20T04:26:51.8583760Z # Subtest: control: a normal (non-full) stdout target still exits 0 with empty stderr
test (22)	Run node --test test/*.test.js	2026-08-20T04:26:51.8585096Z ok 74 - control: a normal (non-full) stdout target still exits 0 with empty stderr
test (22)	Run node --test test/*.test.js	2026-08-20T04:26:51.8585717Z   ---
test (22)	Run node --test test/*.test.js	2026-08-20T04:26:51.8586018Z   duration_ms: 60.589203
test (22)	Run node --test test/*.test.js	2026-08-20T04:26:51.8586375Z   type: 'test'
test (22)	Run node --test test/*.test.js	2026-08-20T04:26:51.8586675Z   ...
test (22)	Run node --test test/*.test.js	2026-08-20T04:26:51.8587085Z # Subtest: README tags must exist in corpus
test (22)	Run node --test test/*.test.js	2026-08-20T04:26:51.8587634Z ok 75 - README tags must exist in corpus
test (22)	Run node --test test/*.test.js	2026-08-20T04:26:51.8588110Z   ---
test (22)	Run node --test test/*.test.js	2026-08-20T04:26:51.8588322Z   duration_ms: 3.740349
test (22)	Run node --test test/*.test.js	2026-08-20T04:26:51.8588563Z   type: 'test'
test (22)	Run node --test test/*.test.js	2026-08-20T04:26:51.8588764Z   ...
test (22)	Run node --test test/*.test.js	2026-08-20T04:26:51.8589038Z # Subtest: README tag counts must match corpus
test (22)	Run node --test test/*.test.js	2026-08-20T04:26:51.8589459Z ok 76 - README tag counts must match corpus
test (22)	Run node --test test/*.test.js	2026-08-20T04:26:51.8589894Z   ---
test (22)	Run node --test test/*.test.js	2026-08-20T04:26:51.8590197Z   duration_ms: 0.701586
test (22)	Run node --test test/*.test.js	2026-08-20T04:26:51.8590543Z   type: 'test'
test (22)	Run node --test test/*.test.js	2026-08-20T04:26:51.8590852Z   ...
test (22)	Run node --test test/*.test.js	2026-08-20T04:26:51.8591329Z # Subtest: README must state total unique tags correctly
test (22)	Run node --test test/*.test.js	2026-08-20T04:26:51.8592007Z ok 77 - README must state total unique tags correctly
test (22)	Run node --test test/*.test.js	2026-08-20T04:26:51.8592483Z   ---
test (22)	Run node --test test/*.test.js	2026-08-20T04:26:51.8592787Z   duration_ms: 0.414835
test (22)	Run node --test test/*.test.js	2026-08-20T04:26:51.8593134Z   type: 'test'
test (22)	Run node --test test/*.test.js	2026-08-20T04:26:51.8593447Z   ...
test (22)	Run node --test test/*.test.js	2026-08-20T04:26:51.8594005Z # Subtest: README must correctly describe single-entry tag count
test (22)	Run node --test test/*.test.js	2026-08-20T04:26:51.8594904Z ok 78 - README must correctly describe single-entry tag count
test (22)	Run node --test test/*.test.js	2026-08-20T04:26:51.8595410Z   ---
test (22)	Run node --test test/*.test.js	2026-08-20T04:26:51.8595709Z   duration_ms: 0.485491
test (22)	Run node --test test/*.test.js	2026-08-20T04:26:51.8596044Z   type: 'test'
test (22)	Run node --test test/*.test.js	2026-08-20T04:26:51.8596355Z   ...
test (22)	Run node --test test/*.test.js	2026-08-20T04:26:51.8596792Z # Subtest: README must list all single-entry tags
test (22)	Run node --test test/*.test.js	2026-08-20T04:26:51.8597612Z ok 79 - README must list all single-entry tags
test (22)	Run node --test test/*.test.js	2026-08-20T04:26:51.8598059Z   ---
test (22)	Run node --test test/*.test.js	2026-08-20T04:26:51.8598355Z   duration_ms: 0.601285
test (22)	Run node --test test/*.test.js	2026-08-20T04:26:51.8598710Z   type: 'test'
test (22)	Run node --test test/*.test.js	2026-08-20T04:26:51.8599021Z   ...
test (22)	Run node --test test/*.test.js	2026-08-20T04:26:51.8600143Z # Subtest: README Tag vocabulary section carries a tag+entry sentence with a single-entry marker (token co-occurrence guard, not a meaning check)
test (22)	Run node --test test/*.test.js	2026-08-20T04:26:51.8601932Z ok 80 - README Tag vocabulary section carries a tag+entry sentence with a single-entry marker (token co-occurrence guard, not a meaning check)
test (22)	Run node --test test/*.test.js	2026-08-20T04:26:51.8602890Z   ---
test (22)	Run node --test test/*.test.js	2026-08-20T04:26:51.8603190Z   duration_ms: 1.073486
test (22)	Run node --test test/*.test.js	2026-08-20T04:26:51.8603538Z   type: 'test'
test (22)	Run node --test test/*.test.js	2026-08-20T04:26:51.8603859Z   ...
test (22)	Run node --test test/*.test.js	2026-08-20T04:26:51.8605312Z # Subtest: extractBandTablesFromReadme tolerates a prose sentence between a band heading and its table (T-025), without mis-attaching a table when the real one is missing
test (22)	Run node --test test/*.test.js	2026-08-20T04:26:51.8607416Z ok 81 - extractBandTablesFromReadme tolerates a prose sentence between a band heading and its table (T-025), without mis-attaching a table when the real one is missing
test (22)	Run node --test test/*.test.js	2026-08-20T04:26:51.8608508Z   ---
test (22)	Run node --test test/*.test.js	2026-08-20T04:26:51.8608817Z   duration_ms: 1.922854
test (22)	Run node --test test/*.test.js	2026-08-20T04:26:51.8609172Z   type: 'test'
test (22)	Run node --test test/*.test.js	2026-08-20T04:26:51.8609474Z   ...
test (22)	Run node --test test/*.test.js	2026-08-20T04:26:51.8610378Z # Subtest: extractBandTablesFromReadme does not let a band-shaped PROSE line steal a real heading's table (T-039)
test (22)	Run node --test test/*.test.js	2026-08-20T04:26:51.8611779Z ok 82 - extractBandTablesFromReadme does not let a band-shaped PROSE line steal a real heading's table (T-039)
test (22)	Run node --test test/*.test.js	2026-08-20T04:26:51.8612483Z   ---
test (22)	Run node --test test/*.test.js	2026-08-20T04:26:51.8612699Z   duration_ms: 0.280392
test (22)	Run node --test test/*.test.js	2026-08-20T04:26:51.8612940Z   type: 'test'
test (22)	Run node --test test/*.test.js	2026-08-20T04:26:51.8613144Z   ...
test (22)	Run node --test test/*.test.js	2026-08-20T04:26:51.8613663Z # Subtest: extractBandTablesFromReadme does not read a fenced example block as a second, real band table
test (22)	Run node --test test/*.test.js	2026-08-20T04:26:51.8614674Z ok 83 - extractBandTablesFromReadme does not read a fenced example block as a second, real band table
test (22)	Run node --test test/*.test.js	2026-08-20T04:26:51.8615456Z   ---
test (22)	Run node --test test/*.test.js	2026-08-20T04:26:51.8637602Z   duration_ms: 0.550108
test (22)	Run node --test test/*.test.js	2026-08-20T04:26:51.8638128Z   type: 'test'
test (22)	Run node --test test/*.test.js	2026-08-20T04:26:51.8638485Z   ...
test (22)	Run node --test test/*.test.js	2026-08-20T04:26:51.8639638Z # Subtest: extractBandTablesFromReadme's recognised bands account for every structural `| Tag | Count |` table -- a table under an unrecognised heading shape is a loud mismatch, not a silent miss
test (22)	Run node --test test/*.test.js	2026-08-20T04:26:51.8641509Z ok 84 - extractBandTablesFromReadme's recognised bands account for every structural `| Tag | Count |` table -- a table under an unrecognised heading shape is a loud mismatch, not a silent miss
test (22)	Run node --test test/*.test.js	2026-08-20T04:26:51.8642365Z   ---
test (22)	Run node --test test/*.test.js	2026-08-20T04:26:51.8642622Z   duration_ms: 0.913515
test (22)	Run node --test test/*.test.js	2026-08-20T04:26:51.8642896Z   type: 'test'
test (22)	Run node --test test/*.test.js	2026-08-20T04:26:51.8643136Z   ...
test (22)	Run node --test test/*.test.js	2026-08-20T04:26:51.8643933Z # Subtest: every `| Tag | Count |` table in the real README Tag vocabulary section is a recognised band table (no table may hide under an unrecognised heading shape)
test (22)	Run node --test test/*.test.js	2026-08-20T04:26:51.8645325Z ok 85 - every `| Tag | Count |` table in the real README Tag vocabulary section is a recognised band table (no table may hide under an unrecognised heading shape)
test (22)	Run node --test test/*.test.js	2026-08-20T04:26:51.8645986Z   ---
test (22)	Run node --test test/*.test.js	2026-08-20T04:26:51.8646200Z   duration_ms: 1.87725
test (22)	Run node --test test/*.test.js	2026-08-20T04:26:51.8646438Z   type: 'test'
test (22)	Run node --test test/*.test.js	2026-08-20T04:26:51.8646639Z   ...
test (22)	Run node --test test/*.test.js	2026-08-20T04:26:51.8647484Z # Subtest: every band table in README Tag vocabulary contains exactly the corpus tags whose count fits that band
test (22)	Run node --test test/*.test.js	2026-08-20T04:26:51.8648511Z ok 86 - every band table in README Tag vocabulary contains exactly the corpus tags whose count fits that band
test (22)	Run node --test test/*.test.js	2026-08-20T04:26:51.8649103Z   ---
test (22)	Run node --test test/*.test.js	2026-08-20T04:26:51.8649434Z   duration_ms: 0.368995
test (22)	Run node --test test/*.test.js	2026-08-20T04:26:51.8649682Z   type: 'test'
test (22)	Run node --test test/*.test.js	2026-08-20T04:26:51.8649898Z   ...
test (22)	Run node --test test/*.test.js	2026-08-20T04:26:51.8650541Z # Subtest: every corpus tag appearing on 2+ entries must have a row in some band table (no band table may be deleted wholesale) (T-019)
test (22)	Run node --test test/*.test.js	2026-08-20T04:26:51.8651489Z ok 87 - every corpus tag appearing on 2+ entries must have a row in some band table (no band table may be deleted wholesale) (T-019)
test (22)	Run node --test test/*.test.js	2026-08-20T04:26:51.8652223Z   ---
test (22)	Run node --test test/*.test.js	2026-08-20T04:26:51.8652434Z   duration_ms: 0.312831
test (22)	Run node --test test/*.test.js	2026-08-20T04:26:51.8652667Z   type: 'test'
test (22)	Run node --test test/*.test.js	2026-08-20T04:26:51.8652871Z   ...
test (22)	Run node --test test/*.test.js	2026-08-20T04:26:51.8653590Z # Subtest: extractBandTablesFromReadme derives a band's row count purely from its table, ignoring decoy "N tags" phrases in the heading line (T-024b)
test (22)	Run node --test test/*.test.js	2026-08-20T04:26:51.8654888Z ok 88 - extractBandTablesFromReadme derives a band's row count purely from its table, ignoring decoy "N tags" phrases in the heading line (T-024b)
test (22)	Run node --test test/*.test.js	2026-08-20T04:26:51.8655491Z   ---
test (22)	Run node --test test/*.test.js	2026-08-20T04:26:51.8655705Z   duration_ms: 0.149215
test (22)	Run node --test test/*.test.js	2026-08-20T04:26:51.8655959Z   type: 'test'
test (22)	Run node --test test/*.test.js	2026-08-20T04:26:51.8656179Z   ...
test (22)	Run node --test test/*.test.js	2026-08-20T04:26:51.8656647Z # Subtest: README opening sentence must state correct multi-entry and single-entry tag counts
test (22)	Run node --test test/*.test.js	2026-08-20T04:26:51.8657338Z ok 89 - README opening sentence must state correct multi-entry and single-entry tag counts
test (22)	Run node --test test/*.test.js	2026-08-20T04:26:51.8657763Z   ---
test (22)	Run node --test test/*.test.js	2026-08-20T04:26:51.8657972Z   duration_ms: 0.371109
test (22)	Run node --test test/*.test.js	2026-08-20T04:26:51.8658202Z   type: 'test'
test (22)	Run node --test test/*.test.js	2026-08-20T04:26:51.8658403Z   ...
test (22)	Run node --test test/*.test.js	2026-08-20T04:26:51.8658887Z # Subtest: README Tag vocabulary section must contain no unrecognised count-claim digits (J-5)
test (22)	Run node --test test/*.test.js	2026-08-20T04:26:51.8659603Z ok 90 - README Tag vocabulary section must contain no unrecognised count-claim digits (J-5)
test (22)	Run node --test test/*.test.js	2026-08-20T04:26:51.8660043Z   ---
test (22)	Run node --test test/*.test.js	2026-08-20T04:26:51.8660254Z   duration_ms: 0.951673
test (22)	Run node --test test/*.test.js	2026-08-20T04:26:51.8660485Z   type: 'test'
test (22)	Run node --test test/*.test.js	2026-08-20T04:26:51.8660692Z   ...
test (22)	Run node --test test/*.test.js	2026-08-20T04:26:51.8661224Z # Subtest: README Attribution table "Entries ranked" count must match corpus.length and the triage doc (C1)
test (22)	Run node --test test/*.test.js	2026-08-20T04:26:51.8662029Z ok 91 - README Attribution table "Entries ranked" count must match corpus.length and the triage doc (C1)
test (22)	Run node --test test/*.test.js	2026-08-20T04:26:51.8662489Z   ---
test (22)	Run node --test test/*.test.js	2026-08-20T04:26:51.8662694Z   duration_ms: 1.05631
test (22)	Run node --test test/*.test.js	2026-08-20T04:26:51.8662929Z   type: 'test'
test (22)	Run node --test test/*.test.js	2026-08-20T04:26:51.8663139Z   ...
test (22)	Run node --test test/*.test.js	2026-08-20T04:26:51.8663608Z # Subtest: README Attribution table "Rated HIGH risk" count must match the triage doc table (C2)
test (22)	Run node --test test/*.test.js	2026-08-20T04:26:51.8664550Z ok 92 - README Attribution table "Rated HIGH risk" count must match the triage doc table (C2)
test (22)	Run node --test test/*.test.js	2026-08-20T04:26:51.8664985Z   ---
test (22)	Run node --test test/*.test.js	2026-08-20T04:26:51.8665201Z   duration_ms: 0.426712
test (22)	Run node --test test/*.test.js	2026-08-20T04:26:51.8665439Z   type: 'test'
test (22)	Run node --test test/*.test.js	2026-08-20T04:26:51.8665810Z   ...
test (22)	Run node --test test/*.test.js	2026-08-20T04:26:51.8666433Z # Subtest: README Attribution section must contain no digit runs outside the counts table (C7)
test (22)	Run node --test test/*.test.js	2026-08-20T04:26:51.8667160Z ok 93 - README Attribution section must contain no digit runs outside the counts table (C7)
test (22)	Run node --test test/*.test.js	2026-08-20T04:26:51.8667595Z   ---
test (22)	Run node --test test/*.test.js	2026-08-20T04:26:51.8667812Z   duration_ms: 0.334553
test (22)	Run node --test test/*.test.js	2026-08-20T04:26:51.8668046Z   type: 'test'
test (22)	Run node --test test/*.test.js	2026-08-20T04:26:51.8668262Z   ...
test (22)	Run node --test test/*.test.js	2026-08-20T04:26:51.8668615Z # Subtest: README Layout section paths must exist on disk (C6)
test (22)	Run node --test test/*.test.js	2026-08-20T04:26:51.8669103Z ok 94 - README Layout section paths must exist on disk (C6)
test (22)	Run node --test test/*.test.js	2026-08-20T04:26:51.8669467Z   ---
test (22)	Run node --test test/*.test.js	2026-08-20T04:26:51.8669694Z   duration_ms: 0.406713
test (22)	Run node --test test/*.test.js	2026-08-20T04:26:51.8669945Z   type: 'test'
test (22)	Run node --test test/*.test.js	2026-08-20T04:26:51.8670162Z   ...
test (22)	Run node --test test/*.test.js	2026-08-20T04:26:51.8670740Z # Subtest: getListBehaviourSection tolerates a reformatted "--list behaviour" heading with no backticks (T-021)
test (22)	Run node --test test/*.test.js	2026-08-20T04:26:51.8671609Z ok 95 - getListBehaviourSection tolerates a reformatted "--list behaviour" heading with no backticks (T-021)
test (22)	Run node --test test/*.test.js	2026-08-20T04:26:51.8672113Z   ---
test (22)	Run node --test test/*.test.js	2026-08-20T04:26:51.8672327Z   duration_ms: 0.434595
test (22)	Run node --test test/*.test.js	2026-08-20T04:26:51.8672585Z   type: 'test'
test (22)	Run node --test test/*.test.js	2026-08-20T04:26:51.8672796Z   ...
test (22)	Run node --test test/*.test.js	2026-08-20T04:26:51.8673549Z # Subtest: getListBehaviourSection still fails on a SEPARATOR MISMATCH (not a heading-parse error) when a reformatted heading's literal is mutated (T-021)
test (22)	Run node --test test/*.test.js	2026-08-20T04:26:51.8674954Z ok 96 - getListBehaviourSection still fails on a SEPARATOR MISMATCH (not a heading-parse error) when a reformatted heading's literal is mutated (T-021)
test (22)	Run node --test test/*.test.js	2026-08-20T04:26:51.8675592Z   ---
test (22)	Run node --test test/*.test.js	2026-08-20T04:26:51.8675803Z   duration_ms: 0.254053
test (22)	Run node --test test/*.test.js	2026-08-20T04:26:51.8676044Z   type: 'test'
test (22)	Run node --test test/*.test.js	2026-08-20T04:26:51.8676410Z   ...
test (22)	Run node --test test/*.test.js	2026-08-20T04:26:51.8677015Z # Subtest: getListBehaviourSection reports ambiguity loudly instead of taking the first of two qualifying headings (T-021)
test (22)	Run node --test test/*.test.js	2026-08-20T04:26:51.8678004Z ok 97 - getListBehaviourSection reports ambiguity loudly instead of taking the first of two qualifying headings (T-021)
test (22)	Run node --test test/*.test.js	2026-08-20T04:26:51.8678841Z   ---
test (22)	Run node --test test/*.test.js	2026-08-20T04:26:51.8679145Z   duration_ms: 1.946159
test (22)	Run node --test test/*.test.js	2026-08-20T04:26:51.8679506Z   type: 'test'
test (22)	Run node --test test/*.test.js	2026-08-20T04:26:51.8679818Z   ...
test (22)	Run node --test test/*.test.js	2026-08-20T04:26:51.8680642Z # Subtest: getListBehaviourSection does not let "--list-only" satisfy the standalone `--list` token (T-021)
test (22)	Run node --test test/*.test.js	2026-08-20T04:26:51.8681454Z ok 98 - getListBehaviourSection does not let "--list-only" satisfy the standalone `--list` token (T-021)
test (22)	Run node --test test/*.test.js	2026-08-20T04:26:51.8681937Z   ---
test (22)	Run node --test test/*.test.js	2026-08-20T04:26:51.8682142Z   duration_ms: 0.216245
test (22)	Run node --test test/*.test.js	2026-08-20T04:26:51.8682374Z   type: 'test'
test (22)	Run node --test test/*.test.js	2026-08-20T04:26:51.8682580Z   ...
test (22)	Run node --test test/*.test.js	2026-08-20T04:26:51.8683082Z # Subtest: getListBehaviourSection tolerates the American spelling "behavior" in the heading (T-027)
test (22)	Run node --test test/*.test.js	2026-08-20T04:26:51.8683867Z ok 99 - getListBehaviourSection tolerates the American spelling "behavior" in the heading (T-027)
test (22)	Run node --test test/*.test.js	2026-08-20T04:26:51.8684580Z   ---
test (22)	Run node --test test/*.test.js	2026-08-20T04:26:51.8684793Z   duration_ms: 0.152159
test (22)	Run node --test test/*.test.js	2026-08-20T04:26:51.8685026Z   type: 'test'
test (22)	Run node --test test/*.test.js	2026-08-20T04:26:51.8685237Z   ...
test (22)	Run node --test test/*.test.js	2026-08-20T04:26:51.8685916Z # Subtest: getListBehaviourSection still fails on a SEPARATOR MISMATCH (not a heading-parse error) under an American-spelled heading (T-027)
test (22)	Run node --test test/*.test.js	2026-08-20T04:26:51.8686976Z ok 100 - getListBehaviourSection still fails on a SEPARATOR MISMATCH (not a heading-parse error) under an American-spelled heading (T-027)
test (22)	Run node --test test/*.test.js	2026-08-20T04:26:51.8687566Z   ---
test (22)	Run node --test test/*.test.js	2026-08-20T04:26:51.8687768Z   duration_ms: 0.137066
test (22)	Run node --test test/*.test.js	2026-08-20T04:26:51.8688024Z   type: 'test'
test (22)	Run node --test test/*.test.js	2026-08-20T04:26:51.8688228Z   ...
test (22)	Run node --test test/*.test.js	2026-08-20T04:26:51.8688713Z # Subtest: README `--list` format literal matches the shipped binary's actual --list output (T-017)
test (22)	Run node --test test/*.test.js	2026-08-20T04:26:51.8689439Z ok 101 - README `--list` format literal matches the shipped binary's actual --list output (T-017)
test (22)	Run node --test test/*.test.js	2026-08-20T04:26:51.8689896Z   ---
test (22)	Run node --test test/*.test.js	2026-08-20T04:26:51.8690099Z   duration_ms: 37.811064
test (22)	Run node --test test/*.test.js	2026-08-20T04:26:51.8690339Z   type: 'test'
test (22)	Run node --test test/*.test.js	2026-08-20T04:26:51.8690539Z   ...
test (22)	Run node --test test/*.test.js	2026-08-20T04:26:51.8691062Z # Subtest: README `--author` matching section must state the correct count of distinct corpus authors (Q-8)
test (22)	Run node --test test/*.test.js	2026-08-20T04:26:51.8692025Z ok 102 - README `--author` matching section must state the correct count of distinct corpus authors (Q-8)
test (22)	Run node --test test/*.test.js	2026-08-20T04:26:51.8692498Z   ---
test (22)	Run node --test test/*.test.js	2026-08-20T04:26:51.8692700Z   duration_ms: 0.455435
test (22)	Run node --test test/*.test.js	2026-08-20T04:26:51.8692928Z   type: 'test'
test (22)	Run node --test test/*.test.js	2026-08-20T04:26:51.8693125Z   ...
test (22)	Run node --test test/*.test.js	2026-08-20T04:26:51.8693385Z # Subtest: corpus has at least 40 entries
test (22)	Run node --test test/*.test.js	2026-08-20T04:26:51.8693731Z ok 103 - corpus has at least 40 entries
test (22)	Run node --test test/*.test.js	2026-08-20T04:26:51.8694015Z   ---
test (22)	Run node --test test/*.test.js	2026-08-20T04:26:51.8694389Z   duration_ms: 1.001167
test (22)	Run node --test test/*.test.js	2026-08-20T04:26:51.8694623Z   type: 'test'
test (22)	Run node --test test/*.test.js	2026-08-20T04:26:51.8694829Z   ...
test (22)	Run node --test test/*.test.js	2026-08-20T04:26:51.8695275Z # Subtest: every corpus entry has non-empty text, non-empty author, and an array of tags
test (22)	Run node --test test/*.test.js	2026-08-20T04:26:51.8695935Z ok 104 - every corpus entry has non-empty text, non-empty author, and an array of tags
test (22)	Run node --test test/*.test.js	2026-08-20T04:26:51.8696352Z   ---
test (22)	Run node --test test/*.test.js	2026-08-20T04:26:51.8696559Z   duration_ms: 1.209911
test (22)	Run node --test test/*.test.js	2026-08-20T04:26:51.8696790Z   type: 'test'
test (22)	Run node --test test/*.test.js	2026-08-20T04:26:51.8697004Z   ...
test (22)	Run node --test test/*.test.js	2026-08-20T04:26:51.8697303Z # Subtest: filter: author match is case-insensitive
test (22)	Run node --test test/*.test.js	2026-08-20T04:26:51.8697714Z ok 105 - filter: author match is case-insensitive
test (22)	Run node --test test/*.test.js	2026-08-20T04:26:51.8698026Z   ---
test (22)	Run node --test test/*.test.js	2026-08-20T04:26:51.8698239Z   duration_ms: 0.785873
test (22)	Run node --test test/*.test.js	2026-08-20T04:26:51.8698476Z   type: 'test'
test (22)	Run node --test test/*.test.js	2026-08-20T04:26:51.8698691Z   ...
test (22)	Run node --test test/*.test.js	2026-08-20T04:26:51.8698969Z # Subtest: filter: tag match is case-insensitive
test (22)	Run node --test test/*.test.js	2026-08-20T04:26:51.8699346Z ok 106 - filter: tag match is case-insensitive
test (22)	Run node --test test/*.test.js	2026-08-20T04:26:51.8699650Z   ---
test (22)	Run node --test test/*.test.js	2026-08-20T04:26:51.8699853Z   duration_ms: 0.348414
test (22)	Run node --test test/*.test.js	2026-08-20T04:26:51.8700078Z   type: 'test'
test (22)	Run node --test test/*.test.js	2026-08-20T04:26:51.8700281Z   ...
test (22)	Run node --test test/*.test.js	2026-08-20T04:26:51.8700813Z # Subtest: filter: author and tag together narrow to the intersection (AND)
test (22)	Run node --test test/*.test.js	2026-08-20T04:26:51.8701373Z ok 107 - filter: author and tag together narrow to the intersection (AND)
test (22)	Run node --test test/*.test.js	2026-08-20T04:26:51.8701745Z   ---
test (22)	Run node --test test/*.test.js	2026-08-20T04:26:51.8701952Z   duration_ms: 0.341884
test (22)	Run node --test test/*.test.js	2026-08-20T04:26:51.8702178Z   type: 'test'
test (22)	Run node --test test/*.test.js	2026-08-20T04:26:51.8702400Z   ...
test (22)	Run node --test test/*.test.js	2026-08-20T04:26:51.8702719Z # Subtest: filter: undefined/absent options do not filter
test (22)	Run node --test test/*.test.js	2026-08-20T04:26:51.8703167Z ok 108 - filter: undefined/absent options do not filter
test (22)	Run node --test test/*.test.js	2026-08-20T04:26:51.8703477Z   ---
test (22)	Run node --test test/*.test.js	2026-08-20T04:26:51.8703677Z   duration_ms: 0.140461
test (22)	Run node --test test/*.test.js	2026-08-20T04:26:51.8703902Z   type: 'test'
test (22)	Run node --test test/*.test.js	2026-08-20T04:26:51.8704106Z   ...
test (22)	Run node --test test/*.test.js	2026-08-20T04:26:51.8704751Z # Subtest: pick: same seed over the same candidates always returns the same element
test (22)	Run node --test test/*.test.js	2026-08-20T04:26:51.8705356Z ok 109 - pick: same seed over the same candidates always returns the same element
test (22)	Run node --test test/*.test.js	2026-08-20T04:26:51.8705753Z   ---
test (22)	Run node --test test/*.test.js	2026-08-20T04:26:51.8705953Z   duration_ms: 0.414444
test (22)	Run node --test test/*.test.js	2026-08-20T04:26:51.8706190Z   type: 'test'
test (22)	Run node --test test/*.test.js	2026-08-20T04:26:51.8706396Z   ...
test (22)	Run node --test test/*.test.js	2026-08-20T04:26:51.8706763Z # Subtest: pick: different seeds generally produce different results
test (22)	Run node --test test/*.test.js	2026-08-20T04:26:51.8707277Z ok 110 - pick: different seeds generally produce different results
test (22)	Run node --test test/*.test.js	2026-08-20T04:26:51.8707622Z   ---
test (22)	Run node --test test/*.test.js	2026-08-20T04:26:51.8707828Z   duration_ms: 0.210536
test (22)	Run node --test test/*.test.js	2026-08-20T04:26:51.8708064Z   type: 'test'
test (22)	Run node --test test/*.test.js	2026-08-20T04:26:51.8708267Z   ...
test (22)	Run node --test test/*.test.js	2026-08-20T04:26:51.8708622Z # Subtest: pick: undefined seed picks a valid member (random mode)
test (22)	Run node --test test/*.test.js	2026-08-20T04:26:51.8709102Z ok 111 - pick: undefined seed picks a valid member (random mode)
test (22)	Run node --test test/*.test.js	2026-08-20T04:26:51.8709435Z   ---
test (22)	Run node --test test/*.test.js	2026-08-20T04:26:51.8709638Z   duration_ms: 0.301534
test (22)	Run node --test test/*.test.js	2026-08-20T04:26:51.8709866Z   type: 'test'
test (22)	Run node --test test/*.test.js	2026-08-20T04:26:51.8710068Z   ...
test (22)	Run node --test test/*.test.js	2026-08-20T04:26:51.8710476Z # Subtest: pick: null seed also triggers random mode and returns a valid member
test (22)	Run node --test test/*.test.js	2026-08-20T04:26:51.8711053Z ok 112 - pick: null seed also triggers random mode and returns a valid member
test (22)	Run node --test test/*.test.js	2026-08-20T04:26:51.8711446Z   ---
test (22)	Run node --test test/*.test.js	2026-08-20T04:26:51.8711651Z   duration_ms: 0.402856
test (22)	Run node --test test/*.test.js	2026-08-20T04:26:51.8711876Z   type: 'test'
test (22)	Run node --test test/*.test.js	2026-08-20T04:26:51.8712086Z   ...
test (22)	Run node --test test/*.test.js	2026-08-20T04:26:51.8712424Z # Subtest: pick: throws RangeError on empty candidates array
test (22)	Run node --test test/*.test.js	2026-08-20T04:26:51.8712882Z ok 113 - pick: throws RangeError on empty candidates array
test (22)	Run node --test test/*.test.js	2026-08-20T04:26:51.8713367Z   ---
test (22)	Run node --test test/*.test.js	2026-08-20T04:26:51.8713570Z   duration_ms: 0.476398
test (22)	Run node --test test/*.test.js	2026-08-20T04:26:51.8713794Z   type: 'test'
test (22)	Run node --test test/*.test.js	2026-08-20T04:26:51.8713998Z   ...
test (22)	Run node --test test/*.test.js	2026-08-20T04:26:51.8714681Z # Subtest: pick: Infinity seed is deterministic and returns a valid member
test (22)	Run node --test test/*.test.js	2026-08-20T04:26:51.8715253Z ok 114 - pick: Infinity seed is deterministic and returns a valid member
test (22)	Run node --test test/*.test.js	2026-08-20T04:26:51.8715617Z   ---
test (22)	Run node --test test/*.test.js	2026-08-20T04:26:51.8715820Z   duration_ms: 0.157798
test (22)	Run node --test test/*.test.js	2026-08-20T04:26:51.8716047Z   type: 'test'
test (22)	Run node --test test/*.test.js	2026-08-20T04:26:51.8716250Z   ...
test (22)	Run node --test test/*.test.js	2026-08-20T04:26:51.8716639Z # Subtest: pick: -Infinity seed is deterministic and returns a valid member
test (22)	Run node --test test/*.test.js	2026-08-20T04:26:51.8717211Z ok 115 - pick: -Infinity seed is deterministic and returns a valid member
test (22)	Run node --test test/*.test.js	2026-08-20T04:26:51.8717590Z   ---
test (22)	Run node --test test/*.test.js	2026-08-20T04:26:51.8717798Z   duration_ms: 0.177337
test (22)	Run node --test test/*.test.js	2026-08-20T04:26:51.8718025Z   type: 'test'
test (22)	Run node --test test/*.test.js	2026-08-20T04:26:51.8718230Z   ...
test (22)	Run node --test test/*.test.js	2026-08-20T04:26:51.8718638Z # Subtest: pick: NaN seed still uses the random branch and returns a valid member
test (22)	Run node --test test/*.test.js	2026-08-20T04:26:51.8719249Z ok 116 - pick: NaN seed still uses the random branch and returns a valid member
test (22)	Run node --test test/*.test.js	2026-08-20T04:26:51.8719630Z   ---
test (22)	Run node --test test/*.test.js	2026-08-20T04:26:51.8719840Z   duration_ms: 0.089745
test (22)	Run node --test test/*.test.js	2026-08-20T04:26:51.8720073Z   type: 'test'
test (22)	Run node --test test/*.test.js	2026-08-20T04:26:51.8720285Z   ...
test (22)	Run node --test test/*.test.js	2026-08-20T04:26:51.8720692Z # Subtest: pick: finite seed determinism is unchanged by the non-finite-seed fix
test (22)	Run node --test test/*.test.js	2026-08-20T04:26:51.8721300Z ok 117 - pick: finite seed determinism is unchanged by the non-finite-seed fix
test (22)	Run node --test test/*.test.js	2026-08-20T04:26:51.8721679Z   ---
test (22)	Run node --test test/*.test.js	2026-08-20T04:26:51.8721885Z   duration_ms: 0.122935
test (22)	Run node --test test/*.test.js	2026-08-20T04:26:51.8722117Z   type: 'test'
test (22)	Run node --test test/*.test.js	2026-08-20T04:26:51.8722322Z   ...
test (22)	Run node --test test/*.test.js	2026-08-20T04:26:51.8722668Z # Subtest: pick: every candidate is REACHABLE by an unseeded draw
test (22)	Run node --test test/*.test.js	2026-08-20T04:26:51.8723318Z ok 118 - pick: every candidate is REACHABLE by an unseeded draw
test (22)	Run node --test test/*.test.js	2026-08-20T04:26:51.8723656Z   ---
test (22)	Run node --test test/*.test.js	2026-08-20T04:26:51.8723860Z   duration_ms: 2.266882
test (22)	Run node --test test/*.test.js	2026-08-20T04:26:51.8724090Z   type: 'test'
test (22)	Run node --test test/*.test.js	2026-08-20T04:26:51.8724521Z   ...
test (22)	Run node --test test/*.test.js	2026-08-20T04:26:51.8724986Z # Subtest: pick: unseeded draws split the interval EQUALLY across candidates (uniform)
test (22)	Run node --test test/*.test.js	2026-08-20T04:26:51.8725764Z ok 119 - pick: unseeded draws split the interval EQUALLY across candidates (uniform)
test (22)	Run node --test test/*.test.js	2026-08-20T04:26:51.8726177Z   ---
test (22)	Run node --test test/*.test.js	2026-08-20T04:26:51.8726389Z   duration_ms: 1.274098
test (22)	Run node --test test/*.test.js	2026-08-20T04:26:51.8726636Z   type: 'test'
test (22)	Run node --test test/*.test.js	2026-08-20T04:26:51.8726847Z   ...
test (22)	Run node --test test/*.test.js	2026-08-20T04:26:51.8727303Z # Subtest: pick: single-element candidates always returns that element regardless of seed
test (22)	Run node --test test/*.test.js	2026-08-20T04:26:51.8727981Z ok 120 - pick: single-element candidates always returns that element regardless of seed
test (22)	Run node --test test/*.test.js	2026-08-20T04:26:51.8728398Z   ---
test (22)	Run node --test test/*.test.js	2026-08-20T04:26:51.8728602Z   duration_ms: 0.157107
test (22)	Run node --test test/*.test.js	2026-08-20T04:26:51.8728842Z   type: 'test'
test (22)	Run node --test test/*.test.js	2026-08-20T04:26:51.8729044Z   ...
test (22)	Run node --test test/*.test.js	2026-08-20T04:26:51.8729238Z 1..120
test (22)	Run node --test test/*.test.js	2026-08-20T04:26:51.8729450Z # tests 120
test (22)	Run node --test test/*.test.js	2026-08-20T04:26:51.8729657Z # suites 0
test (22)	Run node --test test/*.test.js	2026-08-20T04:26:51.8729865Z # pass 119
test (22)	Run node --test test/*.test.js	2026-08-20T04:26:51.8730066Z # fail 0
test (22)	Run node --test test/*.test.js	2026-08-20T04:26:51.8730266Z # cancelled 0
test (22)	Run node --test test/*.test.js	2026-08-20T04:26:51.8730485Z # skipped 1
test (22)	Run node --test test/*.test.js	2026-08-20T04:26:51.8730685Z # todo 0
test (22)	Run node --test test/*.test.js	2026-08-20T04:26:51.8730915Z # duration_ms 3034.75652
test (22)	Coverage report (informational, not a gate)	﻿2026-08-20T04:26:51.8795052Z ##[group]Run node --test --experimental-test-coverage test/*.test.js \
test (22)	Coverage report (informational, not a gate)	2026-08-20T04:26:51.8795650Z [36;1mnode --test --experimental-test-coverage test/*.test.js \[0m
test (22)	Coverage report (informational, not a gate)	2026-08-20T04:26:51.8796450Z [36;1m  || echo "NOTE: --experimental-test-coverage exited non-zero on Node 22 (see output above). This step is informational only and does not affect job status."[0m
test (22)	Coverage report (informational, not a gate)	2026-08-20T04:26:51.8840105Z shell: /usr/bin/bash -e {0}
test (22)	Coverage report (informational, not a gate)	2026-08-20T04:26:51.8840401Z ##[endgroup]
test (22)	Coverage report (informational, not a gate)	2026-08-20T04:26:51.9425344Z TAP version 13
test (22)	Coverage report (informational, not a gate)	2026-08-20T04:26:52.0035438Z # Subtest: zero args: no error, no filters set
test (22)	Coverage report (informational, not a gate)	2026-08-20T04:26:52.0036625Z ok 1 - zero args: no error, no filters set
test (22)	Coverage report (informational, not a gate)	2026-08-20T04:26:52.0064829Z   ---
test (22)	Coverage report (informational, not a gate)	2026-08-20T04:26:52.0073040Z   duration_ms: 1.997016
test (22)	Coverage report (informational, not a gate)	2026-08-20T04:26:52.0073712Z   type: 'test'
test (22)	Coverage report (informational, not a gate)	2026-08-20T04:26:52.0074420Z   ...
test (22)	Coverage report (informational, not a gate)	2026-08-20T04:26:52.0075155Z # Subtest: --author <name> sets author string
test (22)	Coverage report (informational, not a gate)	2026-08-20T04:26:52.0076462Z ok 2 - --author <name> sets author string
test (22)	Coverage report (informational, not a gate)	2026-08-20T04:26:52.0077149Z   ---
test (22)	Coverage report (informational, not a gate)	2026-08-20T04:26:52.0077769Z   duration_ms: 0.323397
test (22)	Coverage report (informational, not a gate)	2026-08-20T04:26:52.0078343Z   type: 'test'
test (22)	Coverage report (informational, not a gate)	2026-08-20T04:26:52.0078892Z   ...
test (22)	Coverage report (informational, not a gate)	2026-08-20T04:26:52.0079668Z # Subtest: --author=<name> equals form sets author string
test (22)	Coverage report (informational, not a gate)	2026-08-20T04:26:52.0080675Z ok 3 - --author=<name> equals form sets author string
test (22)	Coverage report (informational, not a gate)	2026-08-20T04:26:52.0081412Z   ---
test (22)	Coverage report (informational, not a gate)	2026-08-20T04:26:52.0081939Z   duration_ms: 0.178538
test (22)	Coverage report (informational, not a gate)	2026-08-20T04:26:52.0082509Z   type: 'test'
test (22)	Coverage report (informational, not a gate)	2026-08-20T04:26:52.0083055Z   ...
test (22)	Coverage report (informational, not a gate)	2026-08-20T04:26:52.0083783Z # Subtest: --tag <tag> sets tag string
test (22)	Coverage report (informational, not a gate)	2026-08-20T04:26:52.0084848Z ok 4 - --tag <tag> sets tag string
test (22)	Coverage report (informational, not a gate)	2026-08-20T04:26:52.0085447Z   ---
test (22)	Coverage report (informational, not a gate)	2026-08-20T04:26:52.0085933Z   duration_ms: 0.197938
test (22)	Coverage report (informational, not a gate)	2026-08-20T04:26:52.0086480Z   type: 'test'
test (22)	Coverage report (informational, not a gate)	2026-08-20T04:26:52.0086990Z   ...
test (22)	Coverage report (informational, not a gate)	2026-08-20T04:26:52.0087672Z # Subtest: --tag=<tag> equals form sets tag string
test (22)	Coverage report (informational, not a gate)	2026-08-20T04:26:52.0088581Z ok 5 - --tag=<tag> equals form sets tag string
test (22)	Coverage report (informational, not a gate)	2026-08-20T04:26:52.0089330Z   ---
test (22)	Coverage report (informational, not a gate)	2026-08-20T04:26:52.0089891Z   duration_ms: 0.174182
test (22)	Coverage report (informational, not a gate)	2026-08-20T04:26:52.0090494Z   type: 'test'
test (22)	Coverage report (informational, not a gate)	2026-08-20T04:26:52.0091030Z   ...
test (22)	Coverage report (informational, not a gate)	2026-08-20T04:26:52.0091719Z # Subtest: combined --author X --tag Y sets both
test (22)	Coverage report (informational, not a gate)	2026-08-20T04:26:52.0092654Z ok 6 - combined --author X --tag Y sets both
test (22)	Coverage report (informational, not a gate)	2026-08-20T04:26:52.0093347Z   ---
test (22)	Coverage report (informational, not a gate)	2026-08-20T04:26:52.0093875Z   duration_ms: 0.177187
test (22)	Coverage report (informational, not a gate)	2026-08-20T04:26:52.0094661Z   type: 'test'
test (22)	Coverage report (informational, not a gate)	2026-08-20T04:26:52.0095203Z   ...
test (22)	Coverage report (informational, not a gate)	2026-08-20T04:26:52.0095854Z # Subtest: --seed <n> parses as a number
test (22)	Coverage report (informational, not a gate)	2026-08-20T04:26:52.0096617Z ok 7 - --seed <n> parses as a number
test (22)	Coverage report (informational, not a gate)	2026-08-20T04:26:52.0097242Z   ---
test (22)	Coverage report (informational, not a gate)	2026-08-20T04:26:52.0097715Z   duration_ms: 0.221824
test (22)	Coverage report (informational, not a gate)	2026-08-20T04:26:52.0098259Z   type: 'test'
test (22)	Coverage report (informational, not a gate)	2026-08-20T04:26:52.0098764Z   ...
test (22)	Coverage report (informational, not a gate)	2026-08-20T04:26:52.0099473Z # Subtest: --seed=<n> equals form parses as a number
test (22)	Coverage report (informational, not a gate)	2026-08-20T04:26:52.0100405Z ok 8 - --seed=<n> equals form parses as a number
test (22)	Coverage report (informational, not a gate)	2026-08-20T04:26:52.0101091Z   ---
test (22)	Coverage report (informational, not a gate)	2026-08-20T04:26:52.0101609Z   duration_ms: 0.203737
test (22)	Coverage report (informational, not a gate)	2026-08-20T04:26:52.0102169Z   type: 'test'
test (22)	Coverage report (informational, not a gate)	2026-08-20T04:26:52.0102704Z   ...
test (22)	Coverage report (informational, not a gate)	2026-08-20T04:26:52.0103358Z # Subtest: --seed <n> accepts a negative number
test (22)	Coverage report (informational, not a gate)	2026-08-20T04:26:52.0104390Z ok 9 - --seed <n> accepts a negative number
test (22)	Coverage report (informational, not a gate)	2026-08-20T04:26:52.0105077Z   ---
test (22)	Coverage report (informational, not a gate)	2026-08-20T04:26:52.0105623Z   duration_ms: 0.173251
test (22)	Coverage report (informational, not a gate)	2026-08-20T04:26:52.0106221Z   type: 'test'
test (22)	Coverage report (informational, not a gate)	2026-08-20T04:26:52.0106759Z   ...
test (22)	Coverage report (informational, not a gate)	2026-08-20T04:26:52.0107539Z # Subtest: --seed=<n> equals form accepts a negative number
test (22)	Coverage report (informational, not a gate)	2026-08-20T04:26:52.0108650Z ok 10 - --seed=<n> equals form accepts a negative number
test (22)	Coverage report (informational, not a gate)	2026-08-20T04:26:52.0109423Z   ---
test (22)	Coverage report (informational, not a gate)	2026-08-20T04:26:52.0110028Z   duration_ms: 0.24582
test (22)	Coverage report (informational, not a gate)	2026-08-20T04:26:52.0110626Z   type: 'test'
test (22)	Coverage report (informational, not a gate)	2026-08-20T04:26:52.0111153Z   ...
test (22)	Coverage report (informational, not a gate)	2026-08-20T04:26:52.0111840Z # Subtest: non-numeric --seed is a usage error
test (22)	Coverage report (informational, not a gate)	2026-08-20T04:26:52.0112707Z ok 11 - non-numeric --seed is a usage error
test (22)	Coverage report (informational, not a gate)	2026-08-20T04:26:52.0113371Z   ---
test (22)	Coverage report (informational, not a gate)	2026-08-20T04:26:52.0113874Z   duration_ms: 0.386902
test (22)	Coverage report (informational, not a gate)	2026-08-20T04:26:52.0114713Z   type: 'test'
test (22)	Coverage report (informational, not a gate)	2026-08-20T04:26:52.0115216Z   ...
test (22)	Coverage report (informational, not a gate)	2026-08-20T04:26:52.0116149Z # Subtest: non-numeric --seed= equals form is a usage error
test (22)	Coverage report (informational, not a gate)	2026-08-20T04:26:52.0117612Z ok 12 - non-numeric --seed= equals form is a usage error
test (22)	Coverage report (informational, not a gate)	2026-08-20T04:26:52.0118422Z   ---
test (22)	Coverage report (informational, not a gate)	2026-08-20T04:26:52.0118967Z   duration_ms: 0.2125
test (22)	Coverage report (informational, not a gate)	2026-08-20T04:26:52.0119553Z   type: 'test'
test (22)	Coverage report (informational, not a gate)	2026-08-20T04:26:52.0120091Z   ...
test (22)	Coverage report (informational, not a gate)	2026-08-20T04:26:52.0124101Z # Subtest: --list sets list: true
test (22)	Coverage report (informational, not a gate)	2026-08-20T04:26:52.0125153Z ok 13 - --list sets list: true
test (22)	Coverage report (informational, not a gate)	2026-08-20T04:26:52.0125790Z   ---
test (22)	Coverage report (informational, not a gate)	2026-08-20T04:26:52.0126331Z   duration_ms: 0.150256
test (22)	Coverage report (informational, not a gate)	2026-08-20T04:26:52.0126942Z   type: 'test'
test (22)	Coverage report (informational, not a gate)	2026-08-20T04:26:52.0127489Z   ...
test (22)	Coverage report (informational, not a gate)	2026-08-20T04:26:52.0128136Z # Subtest: --json sets json: true
test (22)	Coverage report (informational, not a gate)	2026-08-20T04:26:52.0128861Z ok 14 - --json sets json: true
test (22)	Coverage report (informational, not a gate)	2026-08-20T04:26:52.0129470Z   ---
test (22)	Coverage report (informational, not a gate)	2026-08-20T04:26:52.0129985Z   duration_ms: 0.157157
test (22)	Coverage report (informational, not a gate)	2026-08-20T04:26:52.0130554Z   type: 'test'
test (22)	Coverage report (informational, not a gate)	2026-08-20T04:26:52.0131069Z   ...
test (22)	Coverage report (informational, not a gate)	2026-08-20T04:26:52.0132028Z # Subtest: --help sets help: true
test (22)	Coverage report (informational, not a gate)	2026-08-20T04:26:52.0132733Z ok 15 - --help sets help: true
test (22)	Coverage report (informational, not a gate)	2026-08-20T04:26:52.0133291Z   ---
test (22)	Coverage report (informational, not a gate)	2026-08-20T04:26:52.0133777Z   duration_ms: 0.169465
test (22)	Coverage report (informational, not a gate)	2026-08-20T04:26:52.0134490Z   type: 'test'
test (22)	Coverage report (informational, not a gate)	2026-08-20T04:26:52.0134987Z   ...
test (22)	Coverage report (informational, not a gate)	2026-08-20T04:26:52.0135505Z # Subtest: -h sets help: true
test (22)	Coverage report (informational, not a gate)	2026-08-20T04:26:52.0136103Z ok 16 - -h sets help: true
test (22)	Coverage report (informational, not a gate)	2026-08-20T04:26:52.0136634Z   ---
test (22)	Coverage report (informational, not a gate)	2026-08-20T04:26:52.0137104Z   duration_ms: 0.187602
test (22)	Coverage report (informational, not a gate)	2026-08-20T04:26:52.0137622Z   type: 'test'
test (22)	Coverage report (informational, not a gate)	2026-08-20T04:26:52.0138104Z   ...
test (22)	Coverage report (informational, not a gate)	2026-08-20T04:26:52.0138683Z # Subtest: unknown flag is a usage error
test (22)	Coverage report (informational, not a gate)	2026-08-20T04:26:52.0139394Z ok 17 - unknown flag is a usage error
test (22)	Coverage report (informational, not a gate)	2026-08-20T04:26:52.0140001Z   ---
test (22)	Coverage report (informational, not a gate)	2026-08-20T04:26:52.0140490Z   duration_ms: 1.092694
test (22)	Coverage report (informational, not a gate)	2026-08-20T04:26:52.0141043Z   type: 'test'
test (22)	Coverage report (informational, not a gate)	2026-08-20T04:26:52.0141529Z   ...
test (22)	Coverage report (informational, not a gate)	2026-08-20T04:26:52.0142129Z # Subtest: unknown short flag is a usage error
test (22)	Coverage report (informational, not a gate)	2026-08-20T04:26:52.0142893Z ok 18 - unknown short flag is a usage error
test (22)	Coverage report (informational, not a gate)	2026-08-20T04:26:52.0143529Z   ---
test (22)	Coverage report (informational, not a gate)	2026-08-20T04:26:52.0144007Z   duration_ms: 0.121052
test (22)	Coverage report (informational, not a gate)	2026-08-20T04:26:52.0144724Z   type: 'test'
test (22)	Coverage report (informational, not a gate)	2026-08-20T04:26:52.0145121Z   ...
test (22)	Coverage report (informational, not a gate)	2026-08-20T04:26:52.0185480Z # Subtest: --author missing value at end of argv is a usage error
test (22)	Coverage report (informational, not a gate)	2026-08-20T04:26:52.0203374Z ok 19 - --author missing value at end of argv is a usage error
test (22)	Coverage report (informational, not a gate)	2026-08-20T04:26:52.0206377Z   ---
test (22)	Coverage report (informational, not a gate)	2026-08-20T04:26:52.0206901Z   duration_ms: 0.122314
test (22)	Coverage report (informational, not a gate)	2026-08-20T04:26:52.0207440Z   type: 'test'
test (22)	Coverage report (informational, not a gate)	2026-08-20T04:26:52.0207914Z   ...
test (22)	Coverage report (informational, not a gate)	2026-08-20T04:26:52.0208782Z # Subtest: --tag missing value because next token is another flag is a usage error
test (22)	Coverage report (informational, not a gate)	2026-08-20T04:26:52.0209976Z ok 20 - --tag missing value because next token is another flag is a usage error
test (22)	Coverage report (informational, not a gate)	2026-08-20T04:26:52.0210787Z   ---
test (22)	Coverage report (informational, not a gate)	2026-08-20T04:26:52.0211278Z   duration_ms: 0.121914
test (22)	Coverage report (informational, not a gate)	2026-08-20T04:26:52.0211817Z   type: 'test'
test (22)	Coverage report (informational, not a gate)	2026-08-20T04:26:52.0212304Z   ...
test (22)	Coverage report (informational, not a gate)	2026-08-20T04:26:52.0213024Z # Subtest: --seed missing value at end of argv is a usage error
test (22)	Coverage report (informational, not a gate)	2026-08-20T04:26:52.0214057Z ok 21 - --seed missing value at end of argv is a usage error
test (22)	Coverage report (informational, not a gate)	2026-08-20T04:26:52.0219110Z   ---
test (22)	Coverage report (informational, not a gate)	2026-08-20T04:26:52.0219663Z   duration_ms: 0.127092
test (22)	Coverage report (informational, not a gate)	2026-08-20T04:26:52.0220232Z   type: 'test'
test (22)	Coverage report (informational, not a gate)	2026-08-20T04:26:52.0220730Z   ...
test (22)	Coverage report (informational, not a gate)	2026-08-20T04:26:52.0221412Z # Subtest: --author= with empty value is a usage error
test (22)	Coverage report (informational, not a gate)	2026-08-20T04:26:52.0222279Z ok 22 - --author= with empty value is a usage error
test (22)	Coverage report (informational, not a gate)	2026-08-20T04:26:52.0222941Z   ---
test (22)	Coverage report (informational, not a gate)	2026-08-20T04:26:52.0223430Z   duration_ms: 0.090346
test (22)	Coverage report (informational, not a gate)	2026-08-20T04:26:52.0223968Z   type: 'test'
test (22)	Coverage report (informational, not a gate)	2026-08-20T04:26:52.0224635Z   ...
test (22)	Coverage report (informational, not a gate)	2026-08-20T04:26:52.0225420Z # Subtest: a bare positional argument (not a flag) is a usage error
test (22)	Coverage report (informational, not a gate)	2026-08-20T04:26:52.0226420Z ok 23 - a bare positional argument (not a flag) is a usage error
test (22)	Coverage report (informational, not a gate)	2026-08-20T04:26:52.0227122Z   ---
test (22)	Coverage report (informational, not a gate)	2026-08-20T04:26:52.0227610Z   duration_ms: 0.110867
test (22)	Coverage report (informational, not a gate)	2026-08-20T04:26:52.0228148Z   type: 'test'
test (22)	Coverage report (informational, not a gate)	2026-08-20T04:26:52.0228630Z   ...
test (22)	Coverage report (informational, not a gate)	2026-08-20T04:26:52.0229262Z # Subtest: parseArgs never throws on malformed input
test (22)	Coverage report (informational, not a gate)	2026-08-20T04:26:52.0230095Z ok 24 - parseArgs never throws on malformed input
test (22)	Coverage report (informational, not a gate)	2026-08-20T04:26:52.0230755Z   ---
test (22)	Coverage report (informational, not a gate)	2026-08-20T04:26:52.0231225Z   duration_ms: 0.230306
test (22)	Coverage report (informational, not a gate)	2026-08-20T04:26:52.0231766Z   type: 'test'
test (22)	Coverage report (informational, not a gate)	2026-08-20T04:26:52.0232560Z   ...
test (22)	Coverage report (informational, not a gate)	2026-08-20T04:26:52.0233239Z # Subtest: absent options are undefined/false, never null
test (22)	Coverage report (informational, not a gate)	2026-08-20T04:26:52.0234110Z ok 25 - absent options are undefined/false, never null
test (22)	Coverage report (informational, not a gate)	2026-08-20T04:26:52.0234909Z   ---
test (22)	Coverage report (informational, not a gate)	2026-08-20T04:26:52.0235391Z   duration_ms: 0.133701
test (22)	Coverage report (informational, not a gate)	2026-08-20T04:26:52.0235913Z   type: 'test'
test (22)	Coverage report (informational, not a gate)	2026-08-20T04:26:52.0236389Z   ...
test (22)	Coverage report (informational, not a gate)	2026-08-20T04:26:52.0237210Z # Subtest: HELP is a non-empty string mentioning every flag name
test (22)	Coverage report (informational, not a gate)	2026-08-20T04:26:52.0238135Z ok 26 - HELP is a non-empty string mentioning every flag name
test (22)	Coverage report (informational, not a gate)	2026-08-20T04:26:52.0238881Z   ---
test (22)	Coverage report (informational, not a gate)	2026-08-20T04:26:52.0239370Z   duration_ms: 0.167452
test (22)	Coverage report (informational, not a gate)	2026-08-20T04:26:52.0239904Z   type: 'test'
test (22)	Coverage report (informational, not a gate)	2026-08-20T04:26:52.0240376Z   ...
test (22)	Coverage report (informational, not a gate)	2026-08-20T04:26:52.0241094Z # Subtest: HELP fits comfortably on one 24-line terminal screen
test (22)	Coverage report (informational, not a gate)	2026-08-20T04:26:52.0242042Z ok 27 - HELP fits comfortably on one 24-line terminal screen
test (22)	Coverage report (informational, not a gate)	2026-08-20T04:26:52.0242933Z   ---
test (22)	Coverage report (informational, not a gate)	2026-08-20T04:26:52.0243427Z   duration_ms: 0.094973
test (22)	Coverage report (informational, not a gate)	2026-08-20T04:26:52.0243959Z   type: 'test'
test (22)	Coverage report (informational, not a gate)	2026-08-20T04:26:52.0244626Z   ...
test (22)	Coverage report (informational, not a gate)	2026-08-20T04:26:52.0245479Z # Subtest: --seed Infinity / --seed -Infinity parse to numbers, not a usage error
test (22)	Coverage report (informational, not a gate)	2026-08-20T04:26:52.0246651Z ok 28 - --seed Infinity / --seed -Infinity parse to numbers, not a usage error
test (22)	Coverage report (informational, not a gate)	2026-08-20T04:26:52.0247444Z   ---
test (22)	Coverage report (informational, not a gate)	2026-08-20T04:26:52.0247916Z   duration_ms: 0.174393
test (22)	Coverage report (informational, not a gate)	2026-08-20T04:26:52.0248443Z   type: 'test'
test (22)	Coverage report (informational, not a gate)	2026-08-20T04:26:52.0248921Z   ...
test (22)	Coverage report (informational, not a gate)	2026-08-20T04:26:55.5859441Z # Subtest: bare invocation prints one attributed aphorism and exits 0
test (22)	Coverage report (informational, not a gate)	2026-08-20T04:26:55.5860762Z ok 29 - bare invocation prints one attributed aphorism and exits 0
test (22)	Coverage report (informational, not a gate)	2026-08-20T04:26:55.5861322Z   ---
test (22)	Coverage report (informational, not a gate)	2026-08-20T04:26:55.5861637Z   duration_ms: 58.202876
test (22)	Coverage report (informational, not a gate)	2026-08-20T04:26:55.5862025Z   type: 'test'
test (22)	Coverage report (informational, not a gate)	2026-08-20T04:26:55.5862332Z   ...
test (22)	Coverage report (informational, not a gate)	2026-08-20T04:26:55.5863560Z # Subtest: --seed is deterministic across separate processes
test (22)	Coverage report (informational, not a gate)	2026-08-20T04:26:55.5865913Z ok 30 - --seed is deterministic across separate processes
test (22)	Coverage report (informational, not a gate)	2026-08-20T04:26:55.5866423Z   ---
test (22)	Coverage report (informational, not a gate)	2026-08-20T04:26:55.5885364Z   duration_ms: 74.983482
test (22)	Coverage report (informational, not a gate)	2026-08-20T04:26:55.5893029Z   type: 'test'
test (22)	Coverage report (informational, not a gate)	2026-08-20T04:26:55.5908513Z   ...
test (22)	Coverage report (informational, not a gate)	2026-08-20T04:26:55.5909266Z # Subtest: different seeds do not all collapse to one aphorism
test (22)	Coverage report (informational, not a gate)	2026-08-20T04:26:55.5935384Z ok 31 - different seeds do not all collapse to one aphorism
test (22)	Coverage report (informational, not a gate)	2026-08-20T04:26:55.5945178Z   ---
test (22)	Coverage report (informational, not a gate)	2026-08-20T04:26:55.5945619Z   duration_ms: 582.305618
test (22)	Coverage report (informational, not a gate)	2026-08-20T04:26:55.5946066Z   type: 'test'
test (22)	Coverage report (informational, not a gate)	2026-08-20T04:26:55.5946453Z   ...
test (22)	Coverage report (informational, not a gate)	2026-08-20T04:26:55.5947069Z # Subtest: --json emits a single-line JSON object with text/author/tags
test (22)	Coverage report (informational, not a gate)	2026-08-20T04:26:55.5947858Z ok 32 - --json emits a single-line JSON object with text/author/tags
test (22)	Coverage report (informational, not a gate)	2026-08-20T04:26:55.5948346Z   ---
test (22)	Coverage report (informational, not a gate)	2026-08-20T04:26:55.5948712Z   duration_ms: 45.556196
test (22)	Coverage report (informational, not a gate)	2026-08-20T04:26:55.5949161Z   type: 'test'
test (22)	Coverage report (informational, not a gate)	2026-08-20T04:26:55.5949562Z   ...
test (22)	Coverage report (informational, not a gate)	2026-08-20T04:26:55.5950138Z # Subtest: --list prints every entry in the filtered set
test (22)	Coverage report (informational, not a gate)	2026-08-20T04:26:55.5950790Z ok 33 - --list prints every entry in the filtered set
test (22)	Coverage report (informational, not a gate)	2026-08-20T04:26:55.5951275Z   ---
test (22)	Coverage report (informational, not a gate)	2026-08-20T04:26:55.5951583Z   duration_ms: 35.747578
test (22)	Coverage report (informational, not a gate)	2026-08-20T04:26:55.5951888Z   type: 'test'
test (22)	Coverage report (informational, not a gate)	2026-08-20T04:26:55.5952304Z   ...
test (22)	Coverage report (informational, not a gate)	2026-08-20T04:26:55.5952678Z # Subtest: --help prints usage to stdout and exits 0
test (22)	Coverage report (informational, not a gate)	2026-08-20T04:26:55.5953261Z ok 34 - --help prints usage to stdout and exits 0
test (22)	Coverage report (informational, not a gate)	2026-08-20T04:26:55.5953720Z   ---
test (22)	Coverage report (informational, not a gate)	2026-08-20T04:26:55.5954032Z   duration_ms: 35.826687
test (22)	Coverage report (informational, not a gate)	2026-08-20T04:26:55.5954553Z   type: 'test'
test (22)	Coverage report (informational, not a gate)	2026-08-20T04:26:55.5954899Z   ...
test (22)	Coverage report (informational, not a gate)	2026-08-20T04:26:55.5955469Z # Subtest: no match exits 1 with stderr only and zero bytes on stdout
test (22)	Coverage report (informational, not a gate)	2026-08-20T04:26:55.5956200Z ok 35 - no match exits 1 with stderr only and zero bytes on stdout
test (22)	Coverage report (informational, not a gate)	2026-08-20T04:26:55.5956685Z   ---
test (22)	Coverage report (informational, not a gate)	2026-08-20T04:26:55.5957042Z   duration_ms: 38.559225
test (22)	Coverage report (informational, not a gate)	2026-08-20T04:26:55.5957478Z   type: 'test'
test (22)	Coverage report (informational, not a gate)	2026-08-20T04:26:55.5957857Z   ...
test (22)	Coverage report (informational, not a gate)	2026-08-20T04:26:55.5958385Z # Subtest: unknown flag is a usage error, exit 2, stdout clean
test (22)	Coverage report (informational, not a gate)	2026-08-20T04:26:55.5959048Z ok 36 - unknown flag is a usage error, exit 2, stdout clean
test (22)	Coverage report (informational, not a gate)	2026-08-20T04:26:55.5959759Z   ---
test (22)	Coverage report (informational, not a gate)	2026-08-20T04:26:55.5960065Z   duration_ms: 35.704128
test (22)	Coverage report (informational, not a gate)	2026-08-20T04:26:55.5960480Z   type: 'test'
test (22)	Coverage report (informational, not a gate)	2026-08-20T04:26:55.5960807Z   ...
test (22)	Coverage report (informational, not a gate)	2026-08-20T04:26:55.5961329Z # Subtest: non-numeric seed is a usage error, exit 2
test (22)	Coverage report (informational, not a gate)	2026-08-20T04:26:55.5961936Z ok 37 - non-numeric seed is a usage error, exit 2
test (22)	Coverage report (informational, not a gate)	2026-08-20T04:26:55.5962382Z   ---
test (22)	Coverage report (informational, not a gate)	2026-08-20T04:26:55.5962672Z   duration_ms: 35.651994
test (22)	Coverage report (informational, not a gate)	2026-08-20T04:26:55.5963083Z   type: 'test'
test (22)	Coverage report (informational, not a gate)	2026-08-20T04:26:55.5963433Z   ...
test (22)	Coverage report (informational, not a gate)	2026-08-20T04:26:55.5963960Z # Subtest: author filter is case-insensitive and narrows the list
test (22)	Coverage report (informational, not a gate)	2026-08-20T04:26:55.5964835Z ok 38 - author filter is case-insensitive and narrows the list
test (22)	Coverage report (informational, not a gate)	2026-08-20T04:26:55.5965305Z   ---
test (22)	Coverage report (informational, not a gate)	2026-08-20T04:26:55.5965616Z   duration_ms: 77.222603
test (22)	Coverage report (informational, not a gate)	2026-08-20T04:26:55.5966032Z   type: 'test'
test (22)	Coverage report (informational, not a gate)	2026-08-20T04:26:55.5966409Z   ...
test (22)	Coverage report (informational, not a gate)	2026-08-20T04:26:55.5967448Z # Subtest: output is pipe-safe — no ANSI escapes when not a TTY
test (22)	Coverage report (informational, not a gate)	2026-08-20T04:26:55.5968295Z ok 39 - output is pipe-safe — no ANSI escapes when not a TTY
test (22)	Coverage report (informational, not a gate)	2026-08-20T04:26:55.5969017Z   ---
test (22)	Coverage report (informational, not a gate)	2026-08-20T04:26:55.5969319Z   duration_ms: 37.228462
test (22)	Coverage report (informational, not a gate)	2026-08-20T04:26:55.5969674Z   type: 'test'
test (22)	Coverage report (informational, not a gate)	2026-08-20T04:26:55.5969942Z   ...
test (22)	Coverage report (informational, not a gate)	2026-08-20T04:26:55.5970277Z # Subtest: --tag matches membership, not substring containment
test (22)	Coverage report (informational, not a gate)	2026-08-20T04:26:55.5970744Z ok 40 - --tag matches membership, not substring containment
test (22)	Coverage report (informational, not a gate)	2026-08-20T04:26:55.5971066Z   ---
test (22)	Coverage report (informational, not a gate)	2026-08-20T04:26:55.5971263Z   duration_ms: 70.204619
test (22)	Coverage report (informational, not a gate)	2026-08-20T04:26:55.5971492Z   type: 'test'
test (22)	Coverage report (informational, not a gate)	2026-08-20T04:26:55.5971693Z   ...
test (22)	Coverage report (informational, not a gate)	2026-08-20T04:26:55.5972054Z # Subtest: --list prints exactly one line per matching entry, no drops
test (22)	Coverage report (informational, not a gate)	2026-08-20T04:26:55.5972562Z ok 41 - --list prints exactly one line per matching entry, no drops
test (22)	Coverage report (informational, not a gate)	2026-08-20T04:26:55.5972898Z   ---
test (22)	Coverage report (informational, not a gate)	2026-08-20T04:26:55.5973097Z   duration_ms: 36.508483
test (22)	Coverage report (informational, not a gate)	2026-08-20T04:26:55.5973324Z   type: 'test'
test (22)	Coverage report (informational, not a gate)	2026-08-20T04:26:55.5973527Z   ...
test (22)	Coverage report (informational, not a gate)	2026-08-20T04:26:55.5973878Z # Subtest: --list preserves corpus order (first and last line match)
test (22)	Coverage report (informational, not a gate)	2026-08-20T04:26:55.5974606Z ok 42 - --list preserves corpus order (first and last line match)
test (22)	Coverage report (informational, not a gate)	2026-08-20T04:26:55.5974949Z   ---
test (22)	Coverage report (informational, not a gate)	2026-08-20T04:26:55.5975144Z   duration_ms: 34.510662
test (22)	Coverage report (informational, not a gate)	2026-08-20T04:26:55.5975370Z   type: 'test'
test (22)	Coverage report (informational, not a gate)	2026-08-20T04:26:55.5975569Z   ...
test (22)	Coverage report (informational, not a gate)	2026-08-20T04:26:55.5975909Z # Subtest: --json output is exactly one line, never pretty-printed
test (22)	Coverage report (informational, not a gate)	2026-08-20T04:26:55.5976545Z ok 43 - --json output is exactly one line, never pretty-printed
test (22)	Coverage report (informational, not a gate)	2026-08-20T04:26:55.5977091Z   ---
test (22)	Coverage report (informational, not a gate)	2026-08-20T04:26:55.5977398Z   duration_ms: 34.493936
test (22)	Coverage report (informational, not a gate)	2026-08-20T04:26:55.5977760Z   type: 'test'
test (22)	Coverage report (informational, not a gate)	2026-08-20T04:26:55.5978076Z   ...
test (22)	Coverage report (informational, not a gate)	2026-08-20T04:26:55.5978809Z # Subtest: --list --json emits newline-delimited JSON, one object per line, in corpus order
test (22)	Coverage report (informational, not a gate)	2026-08-20T04:26:55.5979942Z ok 44 - --list --json emits newline-delimited JSON, one object per line, in corpus order
test (22)	Coverage report (informational, not a gate)	2026-08-20T04:26:55.5980662Z   ---
test (22)	Coverage report (informational, not a gate)	2026-08-20T04:26:55.5980979Z   duration_ms: 35.159668
test (22)	Coverage report (informational, not a gate)	2026-08-20T04:26:55.5981342Z   type: 'test'
test (22)	Coverage report (informational, not a gate)	2026-08-20T04:26:55.5981659Z   ...
test (22)	Coverage report (informational, not a gate)	2026-08-20T04:26:55.5982629Z # Subtest: --json composes with --seed: the seeded JSON pick is reproducible AND is the same entry as the plain-text pick
test (22)	Coverage report (informational, not a gate)	2026-08-20T04:26:55.5984132Z ok 45 - --json composes with --seed: the seeded JSON pick is reproducible AND is the same entry as the plain-text pick
test (22)	Coverage report (informational, not a gate)	2026-08-20T04:26:55.5985210Z   ---
test (22)	Coverage report (informational, not a gate)	2026-08-20T04:26:55.5985534Z   duration_ms: 628.856636
test (22)	Coverage report (informational, not a gate)	2026-08-20T04:26:55.5985914Z   type: 'test'
test (22)	Coverage report (informational, not a gate)	2026-08-20T04:26:55.5986229Z   ...
test (22)	Coverage report (informational, not a gate)	2026-08-20T04:26:55.5987045Z # Subtest: --json composes with the filter flags: the JSON pick is always a member of the FILTERED set
test (22)	Coverage report (informational, not a gate)	2026-08-20T04:26:55.5988287Z ok 46 - --json composes with the filter flags: the JSON pick is always a member of the FILTERED set
test (22)	Coverage report (informational, not a gate)	2026-08-20T04:26:55.5989036Z   ---
test (22)	Coverage report (informational, not a gate)	2026-08-20T04:26:55.5989359Z   duration_ms: 855.167122
test (22)	Coverage report (informational, not a gate)	2026-08-20T04:26:55.5989782Z   type: 'test'
test (22)	Coverage report (informational, not a gate)	2026-08-20T04:26:55.5990106Z   ...
test (22)	Coverage report (informational, not a gate)	2026-08-20T04:26:55.5990852Z # Subtest: --list accepts a valid --seed and IGNORES it: output is byte-identical across seeds
test (22)	Coverage report (informational, not a gate)	2026-08-20T04:26:55.5991978Z ok 47 - --list accepts a valid --seed and IGNORES it: output is byte-identical across seeds
test (22)	Coverage report (informational, not a gate)	2026-08-20T04:26:55.5992660Z   ---
test (22)	Coverage report (informational, not a gate)	2026-08-20T04:26:55.5992983Z   duration_ms: 354.045606
test (22)	Coverage report (informational, not a gate)	2026-08-20T04:26:55.5993358Z   type: 'test'
test (22)	Coverage report (informational, not a gate)	2026-08-20T04:26:55.5993676Z   ...
test (22)	Coverage report (informational, not a gate)	2026-08-20T04:26:55.5994633Z # Subtest: --list --seed abc is a usage error, exit 2, stdout empty, stderr carries the diagnostic
test (22)	Coverage report (informational, not a gate)	2026-08-20T04:26:55.5995789Z ok 48 - --list --seed abc is a usage error, exit 2, stdout empty, stderr carries the diagnostic
test (22)	Coverage report (informational, not a gate)	2026-08-20T04:26:55.5996478Z   ---
test (22)	Coverage report (informational, not a gate)	2026-08-20T04:26:55.5996800Z   duration_ms: 34.655449
test (22)	Coverage report (informational, not a gate)	2026-08-20T04:26:55.5997178Z   type: 'test'
test (22)	Coverage report (informational, not a gate)	2026-08-20T04:26:55.5997494Z   ...
test (22)	Coverage report (informational, not a gate)	2026-08-20T04:26:55.5998535Z # Subtest: --seed abc --list (erroring flag BEFORE --list) is still a usage error, exit 2, stdout empty
test (22)	Coverage report (informational, not a gate)	2026-08-20T04:26:55.5999755Z ok 49 - --seed abc --list (erroring flag BEFORE --list) is still a usage error, exit 2, stdout empty
test (22)	Coverage report (informational, not a gate)	2026-08-20T04:26:55.6000677Z   ---
test (22)	Coverage report (informational, not a gate)	2026-08-20T04:26:55.6000986Z   duration_ms: 34.350822
test (22)	Coverage report (informational, not a gate)	2026-08-20T04:26:55.6001352Z   type: 'test'
test (22)	Coverage report (informational, not a gate)	2026-08-20T04:26:55.6001681Z   ...
test (22)	Coverage report (informational, not a gate)	2026-08-20T04:26:55.6002641Z # Subtest: --list --seed=  (empty seed value) is a usage error, exit 2, stdout empty
test (22)	Coverage report (informational, not a gate)	2026-08-20T04:26:55.6003788Z ok 50 - --list --seed=  (empty seed value) is a usage error, exit 2, stdout empty
test (22)	Coverage report (informational, not a gate)	2026-08-20T04:26:55.6004909Z   ---
test (22)	Coverage report (informational, not a gate)	2026-08-20T04:26:55.6005364Z   duration_ms: 33.940498
test (22)	Coverage report (informational, not a gate)	2026-08-20T04:26:55.6005843Z   type: 'test'
test (22)	Coverage report (informational, not a gate)	2026-08-20T04:26:55.6006385Z   ...
test (22)	Coverage report (informational, not a gate)	2026-08-20T04:26:55.6007316Z # Subtest: --list --seed "   " (whitespace-only seed value) is a usage error, exit 2, stdout empty
test (22)	Coverage report (informational, not a gate)	2026-08-20T04:26:55.6008803Z ok 51 - --list --seed "   " (whitespace-only seed value) is a usage error, exit 2, stdout empty
test (22)	Coverage report (informational, not a gate)	2026-08-20T04:26:55.6009678Z   ---
test (22)	Coverage report (informational, not a gate)	2026-08-20T04:26:55.6010157Z   duration_ms: 34.120489
test (22)	Coverage report (informational, not a gate)	2026-08-20T04:26:55.6022758Z   type: 'test'
test (22)	Coverage report (informational, not a gate)	2026-08-20T04:26:55.6023128Z   ...
test (22)	Coverage report (informational, not a gate)	2026-08-20T04:26:55.6024681Z # Subtest: --list --nosuchflag (unknown flag) is a usage error, exit 2, stdout empty — --list does not swallow it
test (22)	Coverage report (informational, not a gate)	2026-08-20T04:26:55.6026310Z ok 52 - --list --nosuchflag (unknown flag) is a usage error, exit 2, stdout empty — --list does not swallow it
test (22)	Coverage report (informational, not a gate)	2026-08-20T04:26:55.6027085Z   ---
test (22)	Coverage report (informational, not a gate)	2026-08-20T04:26:55.6027412Z   duration_ms: 33.949227
test (22)	Coverage report (informational, not a gate)	2026-08-20T04:26:55.6027793Z   type: 'test'
test (22)	Coverage report (informational, not a gate)	2026-08-20T04:26:55.6028116Z   ...
test (22)	Coverage report (informational, not a gate)	2026-08-20T04:26:55.6029176Z # Subtest: --nosuchflag --list (unknown flag BEFORE --list) is still a usage error, exit 2, stdout empty
test (22)	Coverage report (informational, not a gate)	2026-08-20T04:26:55.6030590Z ok 53 - --nosuchflag --list (unknown flag BEFORE --list) is still a usage error, exit 2, stdout empty
test (22)	Coverage report (informational, not a gate)	2026-08-20T04:26:55.6031461Z   ---
test (22)	Coverage report (informational, not a gate)	2026-08-20T04:26:55.6032902Z   duration_ms: 35.946113
test (22)	Coverage report (informational, not a gate)	2026-08-20T04:26:55.6033462Z   type: 'test'
test (22)	Coverage report (informational, not a gate)	2026-08-20T04:26:55.6033904Z   ...
test (22)	Coverage report (informational, not a gate)	2026-08-20T04:26:55.6035172Z # Subtest: plain single-pick output is TWO lines: text, newline, four-space indent, EM DASH, space, author
test (22)	Coverage report (informational, not a gate)	2026-08-20T04:26:55.6036922Z ok 54 - plain single-pick output is TWO lines: text, newline, four-space indent, EM DASH, space, author
test (22)	Coverage report (informational, not a gate)	2026-08-20T04:26:55.6037988Z   ---
test (22)	Coverage report (informational, not a gate)	2026-08-20T04:26:55.6038479Z   duration_ms: 35.232223
test (22)	Coverage report (informational, not a gate)	2026-08-20T04:26:55.6039025Z   type: 'test'
test (22)	Coverage report (informational, not a gate)	2026-08-20T04:26:55.6039525Z   ...
test (22)	Coverage report (informational, not a gate)	2026-08-20T04:26:55.6040649Z # Subtest: --seed Infinity and --seed -Infinity (typed as CLI strings) are accepted and deterministic
test (22)	Coverage report (informational, not a gate)	2026-08-20T04:26:55.6042109Z ok 55 - --seed Infinity and --seed -Infinity (typed as CLI strings) are accepted and deterministic
test (22)	Coverage report (informational, not a gate)	2026-08-20T04:26:55.6043024Z   ---
test (22)	Coverage report (informational, not a gate)	2026-08-20T04:26:55.6043348Z   duration_ms: 142.631566
test (22)	Coverage report (informational, not a gate)	2026-08-20T04:26:55.6043707Z   type: 'test'
test (22)	Coverage report (informational, not a gate)	2026-08-20T04:26:55.6044020Z   ...
test (22)	Coverage report (informational, not a gate)	2026-08-20T04:26:55.6044940Z # Subtest: --list with a filter that matches nothing is STILL exit 1, stderr only, stdout empty
test (22)	Coverage report (informational, not a gate)	2026-08-20T04:26:55.6046033Z ok 56 - --list with a filter that matches nothing is STILL exit 1, stderr only, stdout empty
test (22)	Coverage report (informational, not a gate)	2026-08-20T04:26:55.6046693Z   ---
test (22)	Coverage report (informational, not a gate)	2026-08-20T04:26:55.6046994Z   duration_ms: 69.465777
test (22)	Coverage report (informational, not a gate)	2026-08-20T04:26:55.6047276Z   type: 'test'
test (22)	Coverage report (informational, not a gate)	2026-08-20T04:26:55.6047689Z   ...
test (22)	Coverage report (informational, not a gate)	2026-08-20T04:26:55.6048300Z # Subtest: --tag "" (bare empty-string value) matches nothing: whole-tag equality against the literal "" is not a filter no-op
test (22)	Coverage report (informational, not a gate)	2026-08-20T04:26:55.6049197Z ok 57 - --tag "" (bare empty-string value) matches nothing: whole-tag equality against the literal "" is not a filter no-op
test (22)	Coverage report (informational, not a gate)	2026-08-20T04:26:55.6049771Z   ---
test (22)	Coverage report (informational, not a gate)	2026-08-20T04:26:55.6049976Z   duration_ms: 37.645641
test (22)	Coverage report (informational, not a gate)	2026-08-20T04:26:55.6050211Z   type: 'test'
test (22)	Coverage report (informational, not a gate)	2026-08-20T04:26:55.6050408Z   ...
test (22)	Coverage report (informational, not a gate)	2026-08-20T04:26:55.7543393Z # Subtest: README Node support citation: cited git diff must be empty (or the check must skip on a missing precondition)
test (22)	Coverage report (informational, not a gate)	2026-08-20T04:26:55.7546175Z ok 58 - README Node support citation: cited git diff must be empty (or the check must skip on a missing precondition) # SKIP cited base commit 5f833ab is not reachable in this checkout (this is a shallow clone) -- cannot evaluate the README's Node support citation
test (22)	Coverage report (informational, not a gate)	2026-08-20T04:26:55.7548111Z   ---
test (22)	Coverage report (informational, not a gate)	2026-08-20T04:26:55.7548434Z   duration_ms: 20.122631
test (22)	Coverage report (informational, not a gate)	2026-08-20T04:26:55.7548819Z   type: 'test'
test (22)	Coverage report (informational, not a gate)	2026-08-20T04:26:55.7549122Z   ...
test (22)	Coverage report (informational, not a gate)	2026-08-20T04:26:55.7549688Z # Subtest: --list | true: exits quietly, zero stderr, no crash banner
test (22)	Coverage report (informational, not a gate)	2026-08-20T04:26:55.7550511Z ok 59 - --list | true: exits quietly, zero stderr, no crash banner
test (22)	Coverage report (informational, not a gate)	2026-08-20T04:26:55.7551021Z   ---
test (22)	Coverage report (informational, not a gate)	2026-08-20T04:26:55.7551316Z   duration_ms: 49.1335
test (22)	Coverage report (informational, not a gate)	2026-08-20T04:26:55.7551655Z   type: 'test'
test (22)	Coverage report (informational, not a gate)	2026-08-20T04:26:55.7551943Z   ...
test (22)	Coverage report (informational, not a gate)	2026-08-20T04:26:55.7552518Z # Subtest: | true (no --list, single aphorism): exits quietly, zero stderr
test (22)	Coverage report (informational, not a gate)	2026-08-20T04:26:55.7553348Z ok 60 - | true (no --list, single aphorism): exits quietly, zero stderr
test (22)	Coverage report (informational, not a gate)	2026-08-20T04:26:55.7553872Z   ---
test (22)	Coverage report (informational, not a gate)	2026-08-20T04:26:55.7554309Z   duration_ms: 51.600483
test (22)	Coverage report (informational, not a gate)	2026-08-20T04:26:55.7554666Z   type: 'test'
test (22)	Coverage report (informational, not a gate)	2026-08-20T04:26:55.7554965Z   ...
test (22)	Coverage report (informational, not a gate)	2026-08-20T04:26:55.7555533Z # Subtest: --list | head -0: exits quietly, zero stderr, no crash banner
test (22)	Coverage report (informational, not a gate)	2026-08-20T04:26:55.7556350Z ok 61 - --list | head -0: exits quietly, zero stderr, no crash banner
test (22)	Coverage report (informational, not a gate)	2026-08-20T04:26:55.7556878Z   ---
test (22)	Coverage report (informational, not a gate)	2026-08-20T04:26:55.7557174Z   duration_ms: 50.614274
test (22)	Coverage report (informational, not a gate)	2026-08-20T04:26:55.7557522Z   type: 'test'
test (22)	Coverage report (informational, not a gate)	2026-08-20T04:26:55.7557817Z   ...
test (22)	Coverage report (informational, not a gate)	2026-08-20T04:26:55.7558441Z # Subtest: --list | /nonexistent-cmd-xyz: no crash banner from the CLI itself
test (22)	Coverage report (informational, not a gate)	2026-08-20T04:26:55.7559348Z ok 62 - --list | /nonexistent-cmd-xyz: no crash banner from the CLI itself
test (22)	Coverage report (informational, not a gate)	2026-08-20T04:26:55.7559905Z   ---
test (22)	Coverage report (informational, not a gate)	2026-08-20T04:26:55.7560199Z   duration_ms: 40.279439
test (22)	Coverage report (informational, not a gate)	2026-08-20T04:26:55.7560545Z   type: 'test'
test (22)	Coverage report (informational, not a gate)	2026-08-20T04:26:55.7560843Z   ...
test (22)	Coverage report (informational, not a gate)	2026-08-20T04:26:55.7561561Z # Subtest: non-EPIPE stdout write failure: reported, not silent, not exit 1, no stack trace
test (22)	Coverage report (informational, not a gate)	2026-08-20T04:26:55.7562635Z ok 63 - non-EPIPE stdout write failure: reported, not silent, not exit 1, no stack trace
test (22)	Coverage report (informational, not a gate)	2026-08-20T04:26:55.7563269Z   ---
test (22)	Coverage report (informational, not a gate)	2026-08-20T04:26:55.7563563Z   duration_ms: 50.011312
test (22)	Coverage report (informational, not a gate)	2026-08-20T04:26:55.7563912Z   type: 'test'
test (22)	Coverage report (informational, not a gate)	2026-08-20T04:26:55.7564385Z   ...
test (22)	Coverage report (informational, not a gate)	2026-08-20T04:26:55.7565081Z # Subtest: usage error survives a closed stderr reader: still exits 2, not clobbered to 1
test (22)	Coverage report (informational, not a gate)	2026-08-20T04:26:55.7566126Z ok 64 - usage error survives a closed stderr reader: still exits 2, not clobbered to 1
test (22)	Coverage report (informational, not a gate)	2026-08-20T04:26:55.7566763Z   ---
test (22)	Coverage report (informational, not a gate)	2026-08-20T04:26:55.7567075Z   duration_ms: 116.474405
test (22)	Coverage report (informational, not a gate)	2026-08-20T04:26:55.7567447Z   type: 'test'
test (22)	Coverage report (informational, not a gate)	2026-08-20T04:26:55.7567755Z   ...
test (22)	Coverage report (informational, not a gate)	2026-08-20T04:26:55.7568501Z # Subtest: no-match exit code survives a closed stderr reader: still exits 1, not misreported
test (22)	Coverage report (informational, not a gate)	2026-08-20T04:26:55.7569617Z ok 65 - no-match exit code survives a closed stderr reader: still exits 1, not misreported
test (22)	Coverage report (informational, not a gate)	2026-08-20T04:26:55.7570286Z   ---
test (22)	Coverage report (informational, not a gate)	2026-08-20T04:26:55.7570590Z   duration_ms: 123.97216
test (22)	Coverage report (informational, not a gate)	2026-08-20T04:26:55.7570956Z   type: 'test'
test (22)	Coverage report (informational, not a gate)	2026-08-20T04:26:55.7571261Z   ...
test (22)	Coverage report (informational, not a gate)	2026-08-20T04:26:55.7572017Z # Subtest: non-EPIPE stderr write failure: not silent, not the earned exit code, no stack trace
test (22)	Coverage report (informational, not a gate)	2026-08-20T04:26:55.7573188Z ok 66 - non-EPIPE stderr write failure: not silent, not the earned exit code, no stack trace
test (22)	Coverage report (informational, not a gate)	2026-08-20T04:26:55.7573878Z   ---
test (22)	Coverage report (informational, not a gate)	2026-08-20T04:26:55.7574814Z   duration_ms: 39.336785
test (22)	Coverage report (informational, not a gate)	2026-08-20T04:26:55.7575197Z   type: 'test'
test (22)	Coverage report (informational, not a gate)	2026-08-20T04:26:55.7575514Z   ...
test (22)	Coverage report (informational, not a gate)	2026-08-20T04:26:55.7576047Z # Subtest: control: --list | head -1 stays completely clean
test (22)	Coverage report (informational, not a gate)	2026-08-20T04:26:55.7576796Z ok 67 - control: --list | head -1 stays completely clean
test (22)	Coverage report (informational, not a gate)	2026-08-20T04:26:55.7577298Z   ---
test (22)	Coverage report (informational, not a gate)	2026-08-20T04:26:55.7577624Z   duration_ms: 40.799227
test (22)	Coverage report (informational, not a gate)	2026-08-20T04:26:55.7577988Z   type: 'test'
test (22)	Coverage report (informational, not a gate)	2026-08-20T04:26:55.7578296Z   ...
test (22)	Coverage report (informational, not a gate)	2026-08-20T04:26:55.7578818Z # Subtest: control: --list | head -5 stays completely clean
test (22)	Coverage report (informational, not a gate)	2026-08-20T04:26:55.7579542Z ok 68 - control: --list | head -5 stays completely clean
test (22)	Coverage report (informational, not a gate)	2026-08-20T04:26:55.7580027Z   ---
test (22)	Coverage report (informational, not a gate)	2026-08-20T04:26:55.7580332Z   duration_ms: 35.833302
test (22)	Coverage report (informational, not a gate)	2026-08-20T04:26:55.7580683Z   type: 'test'
test (22)	Coverage report (informational, not a gate)	2026-08-20T04:26:55.7580983Z   ...
test (22)	Coverage report (informational, not a gate)	2026-08-20T04:26:55.7581484Z # Subtest: control: --list | sed 1q stays completely clean
test (22)	Coverage report (informational, not a gate)	2026-08-20T04:26:55.7582473Z ok 69 - control: --list | sed 1q stays completely clean
test (22)	Coverage report (informational, not a gate)	2026-08-20T04:26:55.7582963Z   ---
test (22)	Coverage report (informational, not a gate)	2026-08-20T04:26:55.7583281Z   duration_ms: 52.090371
test (22)	Coverage report (informational, not a gate)	2026-08-20T04:26:55.7583630Z   type: 'test'
test (22)	Coverage report (informational, not a gate)	2026-08-20T04:26:55.7583952Z   ...
test (22)	Coverage report (informational, not a gate)	2026-08-20T04:26:55.7584693Z # Subtest: control: --list | grep -q . stays completely clean
test (22)	Coverage report (informational, not a gate)	2026-08-20T04:26:55.7585440Z ok 70 - control: --list | grep -q . stays completely clean
test (22)	Coverage report (informational, not a gate)	2026-08-20T04:26:55.7585939Z   ---
test (22)	Coverage report (informational, not a gate)	2026-08-20T04:26:55.7586241Z   duration_ms: 36.983214
test (22)	Coverage report (informational, not a gate)	2026-08-20T04:26:55.7586596Z   type: 'test'
test (22)	Coverage report (informational, not a gate)	2026-08-20T04:26:55.7586909Z   ...
test (22)	Coverage report (informational, not a gate)	2026-08-20T04:26:55.7587379Z # Subtest: control: | wc -l stays completely clean
test (22)	Coverage report (informational, not a gate)	2026-08-20T04:26:55.7588011Z ok 71 - control: | wc -l stays completely clean
test (22)	Coverage report (informational, not a gate)	2026-08-20T04:26:55.7588476Z   ---
test (22)	Coverage report (informational, not a gate)	2026-08-20T04:26:55.7588795Z   duration_ms: 35.28782
test (22)	Coverage report (informational, not a gate)	2026-08-20T04:26:55.7589165Z   type: 'test'
test (22)	Coverage report (informational, not a gate)	2026-08-20T04:26:55.7589485Z   ...
test (22)	Coverage report (informational, not a gate)	2026-08-20T04:26:55.7590053Z # Subtest: control: --list --json | head -2 stays completely clean
test (22)	Coverage report (informational, not a gate)	2026-08-20T04:26:55.7590851Z ok 72 - control: --list --json | head -2 stays completely clean
test (22)	Coverage report (informational, not a gate)	2026-08-20T04:26:55.7591358Z   ---
test (22)	Coverage report (informational, not a gate)	2026-08-20T04:26:55.7591653Z   duration_ms: 37.598089
test (22)	Coverage report (informational, not a gate)	2026-08-20T04:26:55.7591998Z   type: 'test'
test (22)	Coverage report (informational, not a gate)	2026-08-20T04:26:55.7592295Z   ...
test (22)	Coverage report (informational, not a gate)	2026-08-20T04:26:55.7592888Z # Subtest: control: exit 1 / exit 2 stderr messages and codes are unchanged
test (22)	Coverage report (informational, not a gate)	2026-08-20T04:26:55.7593742Z ok 73 - control: exit 1 / exit 2 stderr messages and codes are unchanged
test (22)	Coverage report (informational, not a gate)	2026-08-20T04:26:55.7594582Z   ---
test (22)	Coverage report (informational, not a gate)	2026-08-20T04:26:55.7594878Z   duration_ms: 69.038889
test (22)	Coverage report (informational, not a gate)	2026-08-20T04:26:55.7595223Z   type: 'test'
test (22)	Coverage report (informational, not a gate)	2026-08-20T04:26:55.7595516Z   ...
test (22)	Coverage report (informational, not a gate)	2026-08-20T04:26:55.7596179Z # Subtest: control: a normal (non-full) stdout target still exits 0 with empty stderr
test (22)	Coverage report (informational, not a gate)	2026-08-20T04:26:55.7597151Z ok 74 - control: a normal (non-full) stdout target still exits 0 with empty stderr
test (22)	Coverage report (informational, not a gate)	2026-08-20T04:26:55.7597748Z   ---
test (22)	Coverage report (informational, not a gate)	2026-08-20T04:26:55.7598038Z   duration_ms: 76.643215
test (22)	Coverage report (informational, not a gate)	2026-08-20T04:26:55.7598375Z   type: 'test'
test (22)	Coverage report (informational, not a gate)	2026-08-20T04:26:55.7598672Z   ...
test (22)	Coverage report (informational, not a gate)	2026-08-20T04:26:55.7599072Z # Subtest: README tags must exist in corpus
test (22)	Coverage report (informational, not a gate)	2026-08-20T04:26:55.7599608Z ok 75 - README tags must exist in corpus
test (22)	Coverage report (informational, not a gate)	2026-08-20T04:26:55.7600021Z   ---
test (22)	Coverage report (informational, not a gate)	2026-08-20T04:26:55.7600312Z   duration_ms: 2.104387
test (22)	Coverage report (informational, not a gate)	2026-08-20T04:26:55.7600645Z   type: 'test'
test (22)	Coverage report (informational, not a gate)	2026-08-20T04:26:55.7600933Z   ...
test (22)	Coverage report (informational, not a gate)	2026-08-20T04:26:55.7601346Z # Subtest: README tag counts must match corpus
test (22)	Coverage report (informational, not a gate)	2026-08-20T04:26:55.7601924Z ok 76 - README tag counts must match corpus
test (22)	Coverage report (informational, not a gate)	2026-08-20T04:26:55.7602331Z   ---
test (22)	Coverage report (informational, not a gate)	2026-08-20T04:26:55.7602616Z   duration_ms: 0.72397
test (22)	Coverage report (informational, not a gate)	2026-08-20T04:26:55.7602950Z   type: 'test'
test (22)	Coverage report (informational, not a gate)	2026-08-20T04:26:55.7603237Z   ...
test (22)	Coverage report (informational, not a gate)	2026-08-20T04:26:55.7603697Z # Subtest: README must state total unique tags correctly
test (22)	Coverage report (informational, not a gate)	2026-08-20T04:26:55.7604493Z ok 77 - README must state total unique tags correctly
test (22)	Coverage report (informational, not a gate)	2026-08-20T04:26:55.7604947Z   ---
test (22)	Coverage report (informational, not a gate)	2026-08-20T04:26:55.7605230Z   duration_ms: 0.414123
test (22)	Coverage report (informational, not a gate)	2026-08-20T04:26:55.7605557Z   type: 'test'
test (22)	Coverage report (informational, not a gate)	2026-08-20T04:26:55.7605852Z   ...
test (22)	Coverage report (informational, not a gate)	2026-08-20T04:26:55.7608772Z # Subtest: README must correctly describe single-entry tag count
test (22)	Coverage report (informational, not a gate)	2026-08-20T04:26:55.7609412Z ok 78 - README must correctly describe single-entry tag count
test (22)	Coverage report (informational, not a gate)	2026-08-20T04:26:55.7609932Z   ---
test (22)	Coverage report (informational, not a gate)	2026-08-20T04:26:55.7610125Z   duration_ms: 0.417588
test (22)	Coverage report (informational, not a gate)	2026-08-20T04:26:55.7610350Z   type: 'test'
test (22)	Coverage report (informational, not a gate)	2026-08-20T04:26:55.7610550Z   ...
test (22)	Coverage report (informational, not a gate)	2026-08-20T04:26:55.7610897Z # Subtest: README must list all single-entry tags
test (22)	Coverage report (informational, not a gate)	2026-08-20T04:26:55.7611475Z ok 79 - README must list all single-entry tags
test (22)	Coverage report (informational, not a gate)	2026-08-20T04:26:55.7611923Z   ---
test (22)	Coverage report (informational, not a gate)	2026-08-20T04:26:55.7612212Z   duration_ms: 0.391159
test (22)	Coverage report (informational, not a gate)	2026-08-20T04:26:55.7612548Z   type: 'test'
test (22)	Coverage report (informational, not a gate)	2026-08-20T04:26:55.7612863Z   ...
test (22)	Coverage report (informational, not a gate)	2026-08-20T04:26:55.7613592Z # Subtest: README Tag vocabulary section carries a tag+entry sentence with a single-entry marker (token co-occurrence guard, not a meaning check)
test (22)	Coverage report (informational, not a gate)	2026-08-20T04:26:55.7614850Z ok 80 - README Tag vocabulary section carries a tag+entry sentence with a single-entry marker (token co-occurrence guard, not a meaning check)
test (22)	Coverage report (informational, not a gate)	2026-08-20T04:26:55.7615752Z   ---
test (22)	Coverage report (informational, not a gate)	2026-08-20T04:26:55.7616229Z   duration_ms: 0.911171
test (22)	Coverage report (informational, not a gate)	2026-08-20T04:26:55.7616575Z   type: 'test'
test (22)	Coverage report (informational, not a gate)	2026-08-20T04:26:55.7616892Z   ...
test (22)	Coverage report (informational, not a gate)	2026-08-20T04:26:55.7618184Z # Subtest: extractBandTablesFromReadme tolerates a prose sentence between a band heading and its table (T-025), without mis-attaching a table when the real one is missing
test (22)	Coverage report (informational, not a gate)	2026-08-20T04:26:55.7620260Z ok 81 - extractBandTablesFromReadme tolerates a prose sentence between a band heading and its table (T-025), without mis-attaching a table when the real one is missing
test (22)	Coverage report (informational, not a gate)	2026-08-20T04:26:55.7621316Z   ---
test (22)	Coverage report (informational, not a gate)	2026-08-20T04:26:55.7621617Z   duration_ms: 1.794611
test (22)	Coverage report (informational, not a gate)	2026-08-20T04:26:55.7621962Z   type: 'test'
test (22)	Coverage report (informational, not a gate)	2026-08-20T04:26:55.7622253Z   ...
test (22)	Coverage report (informational, not a gate)	2026-08-20T04:26:55.7623182Z # Subtest: extractBandTablesFromReadme does not let a band-shaped PROSE line steal a real heading's table (T-039)
test (22)	Coverage report (informational, not a gate)	2026-08-20T04:26:55.7624705Z ok 82 - extractBandTablesFromReadme does not let a band-shaped PROSE line steal a real heading's table (T-039)
test (22)	Coverage report (informational, not a gate)	2026-08-20T04:26:55.7625483Z   ---
test (22)	Coverage report (informational, not a gate)	2026-08-20T04:26:55.7625777Z   duration_ms: 0.263116
test (22)	Coverage report (informational, not a gate)	2026-08-20T04:26:55.7626126Z   type: 'test'
test (22)	Coverage report (informational, not a gate)	2026-08-20T04:26:55.7626414Z   ...
test (22)	Coverage report (informational, not a gate)	2026-08-20T04:26:55.7627292Z # Subtest: extractBandTablesFromReadme does not read a fenced example block as a second, real band table
test (22)	Coverage report (informational, not a gate)	2026-08-20T04:26:55.7628580Z ok 83 - extractBandTablesFromReadme does not read a fenced example block as a second, real band table
test (22)	Coverage report (informational, not a gate)	2026-08-20T04:26:55.7629307Z   ---
test (22)	Coverage report (informational, not a gate)	2026-08-20T04:26:55.7629597Z   duration_ms: 0.318259
test (22)	Coverage report (informational, not a gate)	2026-08-20T04:26:55.7629927Z   type: 'test'
test (22)	Coverage report (informational, not a gate)	2026-08-20T04:26:55.7630219Z   ...
test (22)	Coverage report (informational, not a gate)	2026-08-20T04:26:55.7631649Z # Subtest: extractBandTablesFromReadme's recognised bands account for every structural `| Tag | Count |` table -- a table under an unrecognised heading shape is a loud mismatch, not a silent miss
test (22)	Coverage report (informational, not a gate)	2026-08-20T04:26:55.7633978Z ok 84 - extractBandTablesFromReadme's recognised bands account for every structural `| Tag | Count |` table -- a table under an unrecognised heading shape is a loud mismatch, not a silent miss
test (22)	Coverage report (informational, not a gate)	2026-08-20T04:26:55.7635299Z   ---
test (22)	Coverage report (informational, not a gate)	2026-08-20T04:26:55.7635582Z   duration_ms: 0.402045
test (22)	Coverage report (informational, not a gate)	2026-08-20T04:26:55.7635920Z   type: 'test'
test (22)	Coverage report (informational, not a gate)	2026-08-20T04:26:55.7636127Z   ...
test (22)	Coverage report (informational, not a gate)	2026-08-20T04:26:55.7636854Z # Subtest: every `| Tag | Count |` table in the real README Tag vocabulary section is a recognised band table (no table may hide under an unrecognised heading shape)
test (22)	Coverage report (informational, not a gate)	2026-08-20T04:26:55.7637979Z ok 85 - every `| Tag | Count |` table in the real README Tag vocabulary section is a recognised band table (no table may hide under an unrecognised heading shape)
test (22)	Coverage report (informational, not a gate)	2026-08-20T04:26:55.7638592Z   ---
test (22)	Coverage report (informational, not a gate)	2026-08-20T04:26:55.7638793Z   duration_ms: 0.570859
test (22)	Coverage report (informational, not a gate)	2026-08-20T04:26:55.7639013Z   type: 'test'
test (22)	Coverage report (informational, not a gate)	2026-08-20T04:26:55.7639221Z   ...
test (22)	Coverage report (informational, not a gate)	2026-08-20T04:26:55.7639759Z # Subtest: every band table in README Tag vocabulary contains exactly the corpus tags whose count fits that band
test (22)	Coverage report (informational, not a gate)	2026-08-20T04:26:55.7640566Z ok 86 - every band table in README Tag vocabulary contains exactly the corpus tags whose count fits that band
test (22)	Coverage report (informational, not a gate)	2026-08-20T04:26:55.7641162Z   ---
test (22)	Coverage report (informational, not a gate)	2026-08-20T04:26:55.7641475Z   duration_ms: 0.483718
test (22)	Coverage report (informational, not a gate)	2026-08-20T04:26:55.7641838Z   type: 'test'
test (22)	Coverage report (informational, not a gate)	2026-08-20T04:26:55.7642145Z   ...
test (22)	Coverage report (informational, not a gate)	2026-08-20T04:26:55.7643172Z # Subtest: every corpus tag appearing on 2+ entries must have a row in some band table (no band table may be deleted wholesale) (T-019)
test (22)	Coverage report (informational, not a gate)	2026-08-20T04:26:55.7645335Z ok 87 - every corpus tag appearing on 2+ entries must have a row in some band table (no band table may be deleted wholesale) (T-019)
test (22)	Coverage report (informational, not a gate)	2026-08-20T04:26:55.7646243Z   ---
test (22)	Coverage report (informational, not a gate)	2026-08-20T04:26:55.7646569Z   duration_ms: 0.421405
test (22)	Coverage report (informational, not a gate)	2026-08-20T04:26:55.7646944Z   type: 'test'
test (22)	Coverage report (informational, not a gate)	2026-08-20T04:26:55.7647258Z   ...
test (22)	Coverage report (informational, not a gate)	2026-08-20T04:26:55.7648440Z # Subtest: extractBandTablesFromReadme derives a band's row count purely from its table, ignoring decoy "N tags" phrases in the heading line (T-024b)
test (22)	Coverage report (informational, not a gate)	2026-08-20T04:26:55.7650378Z ok 88 - extractBandTablesFromReadme derives a band's row count purely from its table, ignoring decoy "N tags" phrases in the heading line (T-024b)
test (22)	Coverage report (informational, not a gate)	2026-08-20T04:26:55.7651387Z   ---
test (22)	Coverage report (informational, not a gate)	2026-08-20T04:26:55.7651960Z   duration_ms: 0.220282
test (22)	Coverage report (informational, not a gate)	2026-08-20T04:26:55.7652325Z   type: 'test'
test (22)	Coverage report (informational, not a gate)	2026-08-20T04:26:55.7652636Z   ...
test (22)	Coverage report (informational, not a gate)	2026-08-20T04:26:55.7653417Z # Subtest: README opening sentence must state correct multi-entry and single-entry tag counts
test (22)	Coverage report (informational, not a gate)	2026-08-20T04:26:55.7654811Z ok 89 - README opening sentence must state correct multi-entry and single-entry tag counts
test (22)	Coverage report (informational, not a gate)	2026-08-20T04:26:55.7655504Z   ---
test (22)	Coverage report (informational, not a gate)	2026-08-20T04:26:55.7655825Z   duration_ms: 0.540113
test (22)	Coverage report (informational, not a gate)	2026-08-20T04:26:55.7656176Z   type: 'test'
test (22)	Coverage report (informational, not a gate)	2026-08-20T04:26:55.7656487Z   ...
test (22)	Coverage report (informational, not a gate)	2026-08-20T04:26:55.7657272Z # Subtest: README Tag vocabulary section must contain no unrecognised count-claim digits (J-5)
test (22)	Coverage report (informational, not a gate)	2026-08-20T04:26:55.7658426Z ok 90 - README Tag vocabulary section must contain no unrecognised count-claim digits (J-5)
test (22)	Coverage report (informational, not a gate)	2026-08-20T04:26:55.7659119Z   ---
test (22)	Coverage report (informational, not a gate)	2026-08-20T04:26:55.7659437Z   duration_ms: 1.224744
test (22)	Coverage report (informational, not a gate)	2026-08-20T04:26:55.7659787Z   type: 'test'
test (22)	Coverage report (informational, not a gate)	2026-08-20T04:26:55.7660106Z   ...
test (22)	Coverage report (informational, not a gate)	2026-08-20T04:26:55.7660983Z # Subtest: README Attribution table "Entries ranked" count must match corpus.length and the triage doc (C1)
test (22)	Coverage report (informational, not a gate)	2026-08-20T04:26:55.7662331Z ok 91 - README Attribution table "Entries ranked" count must match corpus.length and the triage doc (C1)
test (22)	Coverage report (informational, not a gate)	2026-08-20T04:26:55.7663109Z   ---
test (22)	Coverage report (informational, not a gate)	2026-08-20T04:26:55.7663437Z   duration_ms: 1.540549
test (22)	Coverage report (informational, not a gate)	2026-08-20T04:26:55.7663801Z   type: 'test'
test (22)	Coverage report (informational, not a gate)	2026-08-20T04:26:55.7664120Z   ...
test (22)	Coverage report (informational, not a gate)	2026-08-20T04:26:55.7665028Z # Subtest: README Attribution table "Rated HIGH risk" count must match the triage doc table (C2)
test (22)	Coverage report (informational, not a gate)	2026-08-20T04:26:55.7666187Z ok 92 - README Attribution table "Rated HIGH risk" count must match the triage doc table (C2)
test (22)	Coverage report (informational, not a gate)	2026-08-20T04:26:55.7666890Z   ---
test (22)	Coverage report (informational, not a gate)	2026-08-20T04:26:55.7667216Z   duration_ms: 0.650339
test (22)	Coverage report (informational, not a gate)	2026-08-20T04:26:55.7667571Z   type: 'test'
test (22)	Coverage report (informational, not a gate)	2026-08-20T04:26:55.7667891Z   ...
test (22)	Coverage report (informational, not a gate)	2026-08-20T04:26:55.7668666Z # Subtest: README Attribution section must contain no digit runs outside the counts table (C7)
test (22)	Coverage report (informational, not a gate)	2026-08-20T04:26:55.7669834Z ok 93 - README Attribution section must contain no digit runs outside the counts table (C7)
test (22)	Coverage report (informational, not a gate)	2026-08-20T04:26:55.7670537Z   ---
test (22)	Coverage report (informational, not a gate)	2026-08-20T04:26:55.7670859Z   duration_ms: 0.498981
test (22)	Coverage report (informational, not a gate)	2026-08-20T04:26:55.7671223Z   type: 'test'
test (22)	Coverage report (informational, not a gate)	2026-08-20T04:26:55.7671535Z   ...
test (22)	Coverage report (informational, not a gate)	2026-08-20T04:26:55.7672092Z # Subtest: README Layout section paths must exist on disk (C6)
test (22)	Coverage report (informational, not a gate)	2026-08-20T04:26:55.7672853Z ok 94 - README Layout section paths must exist on disk (C6)
test (22)	Coverage report (informational, not a gate)	2026-08-20T04:26:55.7673364Z   ---
test (22)	Coverage report (informational, not a gate)	2026-08-20T04:26:55.7673686Z   duration_ms: 0.607274
test (22)	Coverage report (informational, not a gate)	2026-08-20T04:26:55.7674040Z   type: 'test'
test (22)	Coverage report (informational, not a gate)	2026-08-20T04:26:55.7674618Z   ...
test (22)	Coverage report (informational, not a gate)	2026-08-20T04:26:55.7675545Z # Subtest: getListBehaviourSection tolerates a reformatted "--list behaviour" heading with no backticks (T-021)
test (22)	Coverage report (informational, not a gate)	2026-08-20T04:26:55.7676995Z ok 95 - getListBehaviourSection tolerates a reformatted "--list behaviour" heading with no backticks (T-021)
test (22)	Coverage report (informational, not a gate)	2026-08-20T04:26:55.7677808Z   ---
test (22)	Coverage report (informational, not a gate)	2026-08-20T04:26:55.7678128Z   duration_ms: 0.562868
test (22)	Coverage report (informational, not a gate)	2026-08-20T04:26:55.7678482Z   type: 'test'
test (22)	Coverage report (informational, not a gate)	2026-08-20T04:26:55.7678788Z   ...
test (22)	Coverage report (informational, not a gate)	2026-08-20T04:26:55.7680024Z # Subtest: getListBehaviourSection still fails on a SEPARATOR MISMATCH (not a heading-parse error) when a reformatted heading's literal is mutated (T-021)
test (22)	Coverage report (informational, not a gate)	2026-08-20T04:26:55.7681980Z ok 96 - getListBehaviourSection still fails on a SEPARATOR MISMATCH (not a heading-parse error) when a reformatted heading's literal is mutated (T-021)
test (22)	Coverage report (informational, not a gate)	2026-08-20T04:26:55.7683290Z   ---
test (22)	Coverage report (informational, not a gate)	2026-08-20T04:26:55.7683595Z   duration_ms: 0.359151
test (22)	Coverage report (informational, not a gate)	2026-08-20T04:26:55.7683938Z   type: 'test'
test (22)	Coverage report (informational, not a gate)	2026-08-20T04:26:55.7684445Z   ...
test (22)	Coverage report (informational, not a gate)	2026-08-20T04:26:55.7685473Z # Subtest: getListBehaviourSection reports ambiguity loudly instead of taking the first of two qualifying headings (T-021)
test (22)	Coverage report (informational, not a gate)	2026-08-20T04:26:55.7687045Z ok 97 - getListBehaviourSection reports ambiguity loudly instead of taking the first of two qualifying headings (T-021)
test (22)	Coverage report (informational, not a gate)	2026-08-20T04:26:55.7687935Z   ---
test (22)	Coverage report (informational, not a gate)	2026-08-20T04:26:55.7688252Z   duration_ms: 1.403573
test (22)	Coverage report (informational, not a gate)	2026-08-20T04:26:55.7688610Z   type: 'test'
test (22)	Coverage report (informational, not a gate)	2026-08-20T04:26:55.7688918Z   ...
test (22)	Coverage report (informational, not a gate)	2026-08-20T04:26:55.7689800Z # Subtest: getListBehaviourSection does not let "--list-only" satisfy the standalone `--list` token (T-021)
test (22)	Coverage report (informational, not a gate)	2026-08-20T04:26:55.7691369Z ok 98 - getListBehaviourSection does not let "--list-only" satisfy the standalone `--list` token (T-021)
test (22)	Coverage report (informational, not a gate)	2026-08-20T04:26:55.7692150Z   ---
test (22)	Coverage report (informational, not a gate)	2026-08-20T04:26:55.7692462Z   duration_ms: 0.283527
test (22)	Coverage report (informational, not a gate)	2026-08-20T04:26:55.7692818Z   type: 'test'
test (22)	Coverage report (informational, not a gate)	2026-08-20T04:26:55.7693131Z   ...
test (22)	Coverage report (informational, not a gate)	2026-08-20T04:26:55.7693981Z # Subtest: getListBehaviourSection tolerates the American spelling "behavior" in the heading (T-027)
test (22)	Coverage report (informational, not a gate)	2026-08-20T04:26:55.7695453Z ok 99 - getListBehaviourSection tolerates the American spelling "behavior" in the heading (T-027)
test (22)	Coverage report (informational, not a gate)	2026-08-20T04:26:55.7696227Z   ---
test (22)	Coverage report (informational, not a gate)	2026-08-20T04:26:55.7696533Z   duration_ms: 0.876269
test (22)	Coverage report (informational, not a gate)	2026-08-20T04:26:55.7696894Z   type: 'test'
test (22)	Coverage report (informational, not a gate)	2026-08-20T04:26:55.7697207Z   ...
test (22)	Coverage report (informational, not a gate)	2026-08-20T04:26:55.7698347Z # Subtest: getListBehaviourSection still fails on a SEPARATOR MISMATCH (not a heading-parse error) under an American-spelled heading (T-027)
test (22)	Coverage report (informational, not a gate)	2026-08-20T04:26:55.7700176Z ok 100 - getListBehaviourSection still fails on a SEPARATOR MISMATCH (not a heading-parse error) under an American-spelled heading (T-027)
test (22)	Coverage report (informational, not a gate)	2026-08-20T04:26:55.7701173Z   ---
test (22)	Coverage report (informational, not a gate)	2026-08-20T04:26:55.7701485Z   duration_ms: 0.208384
test (22)	Coverage report (informational, not a gate)	2026-08-20T04:26:55.7701855Z   type: 'test'
test (22)	Coverage report (informational, not a gate)	2026-08-20T04:26:55.7702181Z   ...
test (22)	Coverage report (informational, not a gate)	2026-08-20T04:26:55.7702984Z # Subtest: README `--list` format literal matches the shipped binary's actual --list output (T-017)
test (22)	Coverage report (informational, not a gate)	2026-08-20T04:26:55.7704402Z ok 101 - README `--list` format literal matches the shipped binary's actual --list output (T-017)
test (22)	Coverage report (informational, not a gate)	2026-08-20T04:26:55.7705144Z   ---
test (22)	Coverage report (informational, not a gate)	2026-08-20T04:26:55.7705461Z   duration_ms: 44.889327
test (22)	Coverage report (informational, not a gate)	2026-08-20T04:26:55.7705827Z   type: 'test'
test (22)	Coverage report (informational, not a gate)	2026-08-20T04:26:55.7706151Z   ...
test (22)	Coverage report (informational, not a gate)	2026-08-20T04:26:55.7706996Z # Subtest: README `--author` matching section must state the correct count of distinct corpus authors (Q-8)
test (22)	Coverage report (informational, not a gate)	2026-08-20T04:26:55.7708313Z ok 102 - README `--author` matching section must state the correct count of distinct corpus authors (Q-8)
test (22)	Coverage report (informational, not a gate)	2026-08-20T04:26:55.7709062Z   ---
test (22)	Coverage report (informational, not a gate)	2026-08-20T04:26:55.7709373Z   duration_ms: 0.590579
test (22)	Coverage report (informational, not a gate)	2026-08-20T04:26:55.7709742Z   type: 'test'
test (22)	Coverage report (informational, not a gate)	2026-08-20T04:26:55.7710055Z   ...
test (22)	Coverage report (informational, not a gate)	2026-08-20T04:26:55.7710471Z # Subtest: corpus has at least 40 entries
test (22)	Coverage report (informational, not a gate)	2026-08-20T04:26:55.7711044Z ok 103 - corpus has at least 40 entries
test (22)	Coverage report (informational, not a gate)	2026-08-20T04:26:55.7711460Z   ---
test (22)	Coverage report (informational, not a gate)	2026-08-20T04:26:55.7711770Z   duration_ms: 2.815168
test (22)	Coverage report (informational, not a gate)	2026-08-20T04:26:55.7712129Z   type: 'test'
test (22)	Coverage report (informational, not a gate)	2026-08-20T04:26:55.7712434Z   ...
test (22)	Coverage report (informational, not a gate)	2026-08-20T04:26:55.7713150Z # Subtest: every corpus entry has non-empty text, non-empty author, and an array of tags
test (22)	Coverage report (informational, not a gate)	2026-08-20T04:26:55.7714525Z ok 104 - every corpus entry has non-empty text, non-empty author, and an array of tags
test (22)	Coverage report (informational, not a gate)	2026-08-20T04:26:55.7715178Z   ---
test (22)	Coverage report (informational, not a gate)	2026-08-20T04:26:55.7715484Z   duration_ms: 0.586733
test (22)	Coverage report (informational, not a gate)	2026-08-20T04:26:55.7715833Z   type: 'test'
test (22)	Coverage report (informational, not a gate)	2026-08-20T04:26:55.7716139Z   ...
test (22)	Coverage report (informational, not a gate)	2026-08-20T04:26:55.7716599Z # Subtest: filter: author match is case-insensitive
test (22)	Coverage report (informational, not a gate)	2026-08-20T04:26:55.7717253Z ok 105 - filter: author match is case-insensitive
test (22)	Coverage report (informational, not a gate)	2026-08-20T04:26:55.7717753Z   ---
test (22)	Coverage report (informational, not a gate)	2026-08-20T04:26:55.7718058Z   duration_ms: 1.312345
test (22)	Coverage report (informational, not a gate)	2026-08-20T04:26:55.7718424Z   type: 'test'
test (22)	Coverage report (informational, not a gate)	2026-08-20T04:26:55.7718734Z   ...
test (22)	Coverage report (informational, not a gate)	2026-08-20T04:26:55.7719179Z # Subtest: filter: tag match is case-insensitive
test (22)	Coverage report (informational, not a gate)	2026-08-20T04:26:55.7720023Z ok 106 - filter: tag match is case-insensitive
test (22)	Coverage report (informational, not a gate)	2026-08-20T04:26:55.7720479Z   ---
test (22)	Coverage report (informational, not a gate)	2026-08-20T04:26:55.7720783Z   duration_ms: 0.329276
test (22)	Coverage report (informational, not a gate)	2026-08-20T04:26:55.7721137Z   type: 'test'
test (22)	Coverage report (informational, not a gate)	2026-08-20T04:26:55.7721443Z   ...
test (22)	Coverage report (informational, not a gate)	2026-08-20T04:26:55.7722074Z # Subtest: filter: author and tag together narrow to the intersection (AND)
test (22)	Coverage report (informational, not a gate)	2026-08-20T04:26:55.7723004Z ok 107 - filter: author and tag together narrow to the intersection (AND)
test (22)	Coverage report (informational, not a gate)	2026-08-20T04:26:55.7723609Z   ---
test (22)	Coverage report (informational, not a gate)	2026-08-20T04:26:55.7723921Z   duration_ms: 0.438069
test (22)	Coverage report (informational, not a gate)	2026-08-20T04:26:55.7724510Z   type: 'test'
test (22)	Coverage report (informational, not a gate)	2026-08-20T04:26:55.7724829Z   ...
test (22)	Coverage report (informational, not a gate)	2026-08-20T04:26:55.7725344Z # Subtest: filter: undefined/absent options do not filter
test (22)	Coverage report (informational, not a gate)	2026-08-20T04:26:55.7726068Z ok 108 - filter: undefined/absent options do not filter
test (22)	Coverage report (informational, not a gate)	2026-08-20T04:26:55.7726574Z   ---
test (22)	Coverage report (informational, not a gate)	2026-08-20T04:26:55.7727096Z   duration_ms: 0.188874
test (22)	Coverage report (informational, not a gate)	2026-08-20T04:26:55.7727464Z   type: 'test'
test (22)	Coverage report (informational, not a gate)	2026-08-20T04:26:55.7727731Z   ...
test (22)	Coverage report (informational, not a gate)	2026-08-20T04:26:55.7728144Z # Subtest: pick: same seed over the same candidates always returns the same element
test (22)	Coverage report (informational, not a gate)	2026-08-20T04:26:55.7728794Z ok 109 - pick: same seed over the same candidates always returns the same element
test (22)	Coverage report (informational, not a gate)	2026-08-20T04:26:55.7729204Z   ---
test (22)	Coverage report (informational, not a gate)	2026-08-20T04:26:55.7729412Z   duration_ms: 0.47839
test (22)	Coverage report (informational, not a gate)	2026-08-20T04:26:55.7729638Z   type: 'test'
test (22)	Coverage report (informational, not a gate)	2026-08-20T04:26:55.7729838Z   ...
test (22)	Coverage report (informational, not a gate)	2026-08-20T04:26:55.7730190Z # Subtest: pick: different seeds generally produce different results
test (22)	Coverage report (informational, not a gate)	2026-08-20T04:26:55.7730692Z ok 110 - pick: different seeds generally produce different results
test (22)	Coverage report (informational, not a gate)	2026-08-20T04:26:55.7731029Z   ---
test (22)	Coverage report (informational, not a gate)	2026-08-20T04:26:55.7731226Z   duration_ms: 0.270767
test (22)	Coverage report (informational, not a gate)	2026-08-20T04:26:55.7731448Z   type: 'test'
test (22)	Coverage report (informational, not a gate)	2026-08-20T04:26:55.7731643Z   ...
test (22)	Coverage report (informational, not a gate)	2026-08-20T04:26:55.7732015Z # Subtest: pick: undefined seed picks a valid member (random mode)
test (22)	Coverage report (informational, not a gate)	2026-08-20T04:26:55.7732510Z ok 111 - pick: undefined seed picks a valid member (random mode)
test (22)	Coverage report (informational, not a gate)	2026-08-20T04:26:55.7732916Z   ---
test (22)	Coverage report (informational, not a gate)	2026-08-20T04:26:55.7733114Z   duration_ms: 0.23956
test (22)	Coverage report (informational, not a gate)	2026-08-20T04:26:55.7733355Z   type: 'test'
test (22)	Coverage report (informational, not a gate)	2026-08-20T04:26:55.7733574Z   ...
test (22)	Coverage report (informational, not a gate)	2026-08-20T04:26:55.7733988Z # Subtest: pick: null seed also triggers random mode and returns a valid member
test (22)	Coverage report (informational, not a gate)	2026-08-20T04:26:55.7734781Z ok 112 - pick: null seed also triggers random mode and returns a valid member
test (22)	Coverage report (informational, not a gate)	2026-08-20T04:26:55.7735175Z   ---
test (22)	Coverage report (informational, not a gate)	2026-08-20T04:26:55.7735379Z   duration_ms: 0.171138
test (22)	Coverage report (informational, not a gate)	2026-08-20T04:26:55.7735629Z   type: 'test'
test (22)	Coverage report (informational, not a gate)	2026-08-20T04:26:55.7735826Z   ...
test (22)	Coverage report (informational, not a gate)	2026-08-20T04:26:55.7736172Z # Subtest: pick: throws RangeError on empty candidates array
test (22)	Coverage report (informational, not a gate)	2026-08-20T04:26:55.7736673Z ok 113 - pick: throws RangeError on empty candidates array
test (22)	Coverage report (informational, not a gate)	2026-08-20T04:26:55.7737000Z   ---
test (22)	Coverage report (informational, not a gate)	2026-08-20T04:26:55.7737198Z   duration_ms: 0.649027
test (22)	Coverage report (informational, not a gate)	2026-08-20T04:26:55.7737418Z   type: 'test'
test (22)	Coverage report (informational, not a gate)	2026-08-20T04:26:55.7737612Z   ...
test (22)	Coverage report (informational, not a gate)	2026-08-20T04:26:55.7738022Z # Subtest: pick: Infinity seed is deterministic and returns a valid member
test (22)	Coverage report (informational, not a gate)	2026-08-20T04:26:55.7738618Z ok 114 - pick: Infinity seed is deterministic and returns a valid member
test (22)	Coverage report (informational, not a gate)	2026-08-20T04:26:55.7738994Z   ---
test (22)	Coverage report (informational, not a gate)	2026-08-20T04:26:55.7739243Z   duration_ms: 0.228894
test (22)	Coverage report (informational, not a gate)	2026-08-20T04:26:55.7739493Z   type: 'test'
test (22)	Coverage report (informational, not a gate)	2026-08-20T04:26:55.7739681Z   ...
test (22)	Coverage report (informational, not a gate)	2026-08-20T04:26:55.7740126Z # Subtest: pick: -Infinity seed is deterministic and returns a valid member
test (22)	Coverage report (informational, not a gate)	2026-08-20T04:26:55.7740739Z ok 115 - pick: -Infinity seed is deterministic and returns a valid member
test (22)	Coverage report (informational, not a gate)	2026-08-20T04:26:55.7741110Z   ---
test (22)	Coverage report (informational, not a gate)	2026-08-20T04:26:55.7741322Z   duration_ms: 1.622932
test (22)	Coverage report (informational, not a gate)	2026-08-20T04:26:55.7741561Z   type: 'test'
test (22)	Coverage report (informational, not a gate)	2026-08-20T04:26:55.7741755Z   ...
test (22)	Coverage report (informational, not a gate)	2026-08-20T04:26:55.7742183Z # Subtest: pick: NaN seed still uses the random branch and returns a valid member
test (22)	Coverage report (informational, not a gate)	2026-08-20T04:26:55.7742782Z ok 116 - pick: NaN seed still uses the random branch and returns a valid member
test (22)	Coverage report (informational, not a gate)	2026-08-20T04:26:55.7743177Z   ---
test (22)	Coverage report (informational, not a gate)	2026-08-20T04:26:55.7743373Z   duration_ms: 0.151037
test (22)	Coverage report (informational, not a gate)	2026-08-20T04:26:55.7743609Z   type: 'test'
test (22)	Coverage report (informational, not a gate)	2026-08-20T04:26:55.7743804Z   ...
test (22)	Coverage report (informational, not a gate)	2026-08-20T04:26:55.7744340Z # Subtest: pick: finite seed determinism is unchanged by the non-finite-seed fix
test (22)	Coverage report (informational, not a gate)	2026-08-20T04:26:55.7744971Z ok 117 - pick: finite seed determinism is unchanged by the non-finite-seed fix
test (22)	Coverage report (informational, not a gate)	2026-08-20T04:26:55.7745586Z   ---
test (22)	Coverage report (informational, not a gate)	2026-08-20T04:26:55.7745779Z   duration_ms: 0.202154
test (22)	Coverage report (informational, not a gate)	2026-08-20T04:26:55.7746019Z   type: 'test'
test (22)	Coverage report (informational, not a gate)	2026-08-20T04:26:55.7746227Z   ...
test (22)	Coverage report (informational, not a gate)	2026-08-20T04:26:55.7746579Z # Subtest: pick: every candidate is REACHABLE by an unseeded draw
test (22)	Coverage report (informational, not a gate)	2026-08-20T04:26:55.7747079Z ok 118 - pick: every candidate is REACHABLE by an unseeded draw
test (22)	Coverage report (informational, not a gate)	2026-08-20T04:26:55.7747425Z   ---
test (22)	Coverage report (informational, not a gate)	2026-08-20T04:26:55.7747638Z   duration_ms: 2.589698
test (22)	Coverage report (informational, not a gate)	2026-08-20T04:26:55.7747870Z   type: 'test'
test (22)	Coverage report (informational, not a gate)	2026-08-20T04:26:55.7748070Z   ...
test (22)	Coverage report (informational, not a gate)	2026-08-20T04:26:55.7748519Z # Subtest: pick: unseeded draws split the interval EQUALLY across candidates (uniform)
test (22)	Coverage report (informational, not a gate)	2026-08-20T04:26:55.7749177Z ok 119 - pick: unseeded draws split the interval EQUALLY across candidates (uniform)
test (22)	Coverage report (informational, not a gate)	2026-08-20T04:26:55.7749591Z   ---
test (22)	Coverage report (informational, not a gate)	2026-08-20T04:26:55.7749924Z   duration_ms: 1.842333
test (22)	Coverage report (informational, not a gate)	2026-08-20T04:26:55.7750158Z   type: 'test'
test (22)	Coverage report (informational, not a gate)	2026-08-20T04:26:55.7750354Z   ...
test (22)	Coverage report (informational, not a gate)	2026-08-20T04:26:55.7750830Z # Subtest: pick: single-element candidates always returns that element regardless of seed
test (22)	Coverage report (informational, not a gate)	2026-08-20T04:26:55.7751537Z ok 120 - pick: single-element candidates always returns that element regardless of seed
test (22)	Coverage report (informational, not a gate)	2026-08-20T04:26:55.7751967Z   ---
test (22)	Coverage report (informational, not a gate)	2026-08-20T04:26:55.7752178Z   duration_ms: 0.318179
test (22)	Coverage report (informational, not a gate)	2026-08-20T04:26:55.7752396Z   type: 'test'
test (22)	Coverage report (informational, not a gate)	2026-08-20T04:26:55.7752610Z   ...
test (22)	Coverage report (informational, not a gate)	2026-08-20T04:26:55.7752811Z 1..120
test (22)	Coverage report (informational, not a gate)	2026-08-20T04:26:55.7753012Z # tests 120
test (22)	Coverage report (informational, not a gate)	2026-08-20T04:26:55.7753236Z # suites 0
test (22)	Coverage report (informational, not a gate)	2026-08-20T04:26:55.7753447Z # pass 119
test (22)	Coverage report (informational, not a gate)	2026-08-20T04:26:55.7753641Z # fail 0
test (22)	Coverage report (informational, not a gate)	2026-08-20T04:26:55.7753861Z # cancelled 0
test (22)	Coverage report (informational, not a gate)	2026-08-20T04:26:55.7754079Z # skipped 1
test (22)	Coverage report (informational, not a gate)	2026-08-20T04:26:55.7754388Z # todo 0
test (22)	Coverage report (informational, not a gate)	2026-08-20T04:26:55.7754602Z # duration_ms 3701.092332
test (22)	Coverage report (informational, not a gate)	2026-08-20T04:26:55.7754892Z # start of coverage report
test (22)	Coverage report (informational, not a gate)	2026-08-20T04:26:55.7755553Z # ---------------------------------------------------------------------------------------------------------------------------------------------
test (22)	Coverage report (informational, not a gate)	2026-08-20T04:26:55.7756234Z # file                           | line % | branch % | funcs % | uncovered lines
test (22)	Coverage report (informational, not a gate)	2026-08-20T04:26:55.7756926Z # ---------------------------------------------------------------------------------------------------------------------------------------------
test (22)	Coverage report (informational, not a gate)	2026-08-20T04:26:55.7757892Z # bin                            |        |          |         | 
test (22)	Coverage report (informational, not a gate)	2026-08-20T04:26:55.7758601Z #  aphorism.js                   | 100.00 |    85.71 |  100.00 | 
test (22)	Coverage report (informational, not a gate)	2026-08-20T04:26:55.7759283Z # src                            |        |          |         | 
test (22)	Coverage report (informational, not a gate)	2026-08-20T04:26:55.7759925Z #  args.js                       | 100.00 |   100.00 |  100.00 | 
test (22)	Coverage report (informational, not a gate)	2026-08-20T04:26:55.7760418Z #  corpus.js                     | 100.00 |   100.00 |  100.00 | 
test (22)	Coverage report (informational, not a gate)	2026-08-20T04:26:55.7760963Z #  select.js                     | 100.00 |   100.00 |  100.00 | 
test (22)	Coverage report (informational, not a gate)	2026-08-20T04:26:55.7761356Z # test                           |        |          |         | 
test (22)	Coverage report (informational, not a gate)	2026-08-20T04:26:55.7761755Z #  args.test.js                  | 100.00 |   100.00 |  100.00 | 
test (22)	Coverage report (informational, not a gate)	2026-08-20T04:26:55.7762185Z #  cli.test.js                   | 100.00 |   100.00 |  100.00 | 
test (22)	Coverage report (informational, not a gate)	2026-08-20T04:26:55.7762781Z #  node-support-citation.test.js |  76.04 |    40.00 |  100.00 | 110-112 121-123 144-150 158-174 176-191
test (22)	Coverage report (informational, not a gate)	2026-08-20T04:26:55.7763374Z #  pipe.test.js                  |  96.73 |    83.33 |  100.00 | 50-51 89-91 163-165
test (22)	Coverage report (informational, not a gate)	2026-08-20T04:26:55.7764080Z #  readme-tags.test.js           |  98.71 |    86.81 |   96.15 | 125-126 146-147 156-157 531-532 534-535 549-552 1324-1325 1674-1675 1874-1884
test (22)	Coverage report (informational, not a gate)	2026-08-20T04:26:55.7764863Z #  select.test.js                | 100.00 |    97.92 |  100.00 | 
test (22)	Coverage report (informational, not a gate)	2026-08-20T04:26:55.7765528Z # ---------------------------------------------------------------------------------------------------------------------------------------------
test (22)	Coverage report (informational, not a gate)	2026-08-20T04:26:55.7766111Z # all files                      |  98.09 |    91.30 |   98.63 | 
test (22)	Coverage report (informational, not a gate)	2026-08-20T04:26:55.7766744Z # ---------------------------------------------------------------------------------------------------------------------------------------------
test (22)	Coverage report (informational, not a gate)	2026-08-20T04:26:55.7767446Z # end of coverage report
test (22)	Post Run actions/setup-node@v4	﻿2026-08-20T04:26:55.7897815Z Node 20 is being deprecated. This workflow is running with Node 24 by default. If you need to temporarily use Node 20, you can set the ACTIONS_ALLOW_USE_UNSECURE_NODE_VERSION=true environment variable. For more information see: https://github.blog/changelog/2025-09-19-deprecation-of-node-20-on-github-actions-runners/
test (22)	Post Run actions/setup-node@v4	2026-08-20T04:26:55.7899025Z Post job cleanup.
test (22)	Post Run actions/setup-node@v4	2026-08-20T04:26:55.9122135Z (node:4198) [DEP0040] DeprecationWarning: The `punycode` module is deprecated. Please use a userland alternative instead.
test (22)	Post Run actions/setup-node@v4	2026-08-20T04:26:55.9123018Z (Use `node --trace-deprecation ...` to show where the warning was created)
test (22)	Post Run actions/checkout@v4	﻿2026-08-20T04:26:55.9322512Z Node 20 is being deprecated. This workflow is running with Node 24 by default. If you need to temporarily use Node 20, you can set the ACTIONS_ALLOW_USE_UNSECURE_NODE_VERSION=true environment variable. For more information see: https://github.blog/changelog/2025-09-19-deprecation-of-node-20-on-github-actions-runners/
test (22)	Post Run actions/checkout@v4	2026-08-20T04:26:55.9323867Z Post job cleanup.
test (22)	Post Run actions/checkout@v4	2026-08-20T04:26:56.0209475Z [command]/usr/bin/git version
test (22)	Post Run actions/checkout@v4	2026-08-20T04:26:56.0253647Z git version 2.54.0
test (22)	Post Run actions/checkout@v4	2026-08-20T04:26:56.0291764Z Temporarily overriding HOME='/home/runner/work/_temp/09b33240-d7c4-4c55-8c99-f6df1da2bff1' before making global git config changes
test (22)	Post Run actions/checkout@v4	2026-08-20T04:26:56.0293270Z Adding repository directory to the temporary git global config as a safe directory
test (22)	Post Run actions/checkout@v4	2026-08-20T04:26:56.0298155Z [command]/usr/bin/git config --global --add safe.directory /home/runner/work/aphorism-cli/aphorism-cli
test (22)	Post Run actions/checkout@v4	2026-08-20T04:26:56.0342411Z [command]/usr/bin/git config --local --name-only --get-regexp core\.sshCommand
test (22)	Post Run actions/checkout@v4	2026-08-20T04:26:56.0380153Z [command]/usr/bin/git submodule foreach --recursive sh -c "git config --local --name-only --get-regexp 'core\.sshCommand' && git config --local --unset-all 'core.sshCommand' || :"
test (22)	Post Run actions/checkout@v4	2026-08-20T04:26:56.0648559Z [command]/usr/bin/git config --local --name-only --get-regexp http\.https\:\/\/github\.com\/\.extraheader
test (22)	Post Run actions/checkout@v4	2026-08-20T04:26:56.0685717Z http.https://github.com/.extraheader
test (22)	Post Run actions/checkout@v4	2026-08-20T04:26:56.0697902Z [command]/usr/bin/git config --local --unset-all http.https://github.com/.extraheader
test (22)	Post Run actions/checkout@v4	2026-08-20T04:26:56.0736809Z [command]/usr/bin/git submodule foreach --recursive sh -c "git config --local --name-only --get-regexp 'http\.https\:\/\/github\.com\/\.extraheader' && git config --local --unset-all 'http.https://github.com/.extraheader' || :"
test (22)	Post Run actions/checkout@v4	2026-08-20T04:26:56.1036418Z [command]/usr/bin/git config --local --name-only --get-regexp ^includeIf\.gitdir:
test (22)	Post Run actions/checkout@v4	2026-08-20T04:26:56.1088400Z [command]/usr/bin/git submodule foreach --recursive git config --local --show-origin --name-only --get-regexp remote.origin.url
test (22)	Complete job	﻿2026-08-20T04:26:56.1509215Z Cleaning up orphan processes
test (22)	Complete job	2026-08-20T04:26:56.1853799Z ##[warning]Node.js 20 is deprecated. The following actions target Node.js 20 but are being forced to run on Node.js 24: actions/checkout@v4, actions/setup-node@v4. For more information see: https://github.blog/changelog/2025-09-19-deprecation-of-node-20-on-github-actions-runners/
test (24)	Set up job	﻿2026-08-20T04:26:46.0152353Z Current runner version: '2.336.0'
test (24)	Set up job	2026-08-20T04:26:46.0202294Z ##[group]Runner Image Provisioner
test (24)	Set up job	2026-08-20T04:26:46.0203329Z Hosted Compute Agent
test (24)	Set up job	2026-08-20T04:26:46.0203929Z Version: 20260729.566
test (24)	Set up job	2026-08-20T04:26:46.0204596Z Commit: cf7153fe6e25b664e8693c24944bf2b00355d109
test (24)	Set up job	2026-08-20T04:26:46.0205480Z Build Date: 2026-07-29T19:17:02Z
test (24)	Set up job	2026-08-20T04:26:46.0206207Z Worker ID: {b04be404-460b-4eba-aa7c-b1178edb0d25}
test (24)	Set up job	2026-08-20T04:26:46.0207027Z Azure Region: westus
test (24)	Set up job	2026-08-20T04:26:46.0207594Z ##[endgroup]
test (24)	Set up job	2026-08-20T04:26:46.0209096Z ##[group]Operating System
test (24)	Set up job	2026-08-20T04:26:46.0210155Z Ubuntu
test (24)	Set up job	2026-08-20T04:26:46.0210687Z 24.04.4
test (24)	Set up job	2026-08-20T04:26:46.0211294Z LTS
test (24)	Set up job	2026-08-20T04:26:46.0211890Z ##[endgroup]
test (24)	Set up job	2026-08-20T04:26:46.0212447Z ##[group]Runner Image
test (24)	Set up job	2026-08-20T04:26:46.0213158Z Image: ubuntu-24.04
test (24)	Set up job	2026-08-20T04:26:46.0213722Z Version: 20260816.277.1
test (24)	Set up job	2026-08-20T04:26:46.0215207Z Included Software: https://github.com/actions/runner-images/blob/ubuntu24/20260816.277/images/ubuntu/Ubuntu2404-Readme.md
test (24)	Set up job	2026-08-20T04:26:46.0216999Z Image Release: https://github.com/actions/runner-images/releases/tag/ubuntu24%2F20260816.277
test (24)	Set up job	2026-08-20T04:26:46.0218097Z ##[endgroup]
test (24)	Set up job	2026-08-20T04:26:46.0219421Z ##[group]GITHUB_TOKEN Permissions
test (24)	Set up job	2026-08-20T04:26:46.0221687Z Contents: read
test (24)	Set up job	2026-08-20T04:26:46.0222311Z Metadata: read
test (24)	Set up job	2026-08-20T04:26:46.0222974Z Packages: read
test (24)	Set up job	2026-08-20T04:26:46.0223558Z ##[endgroup]
test (24)	Set up job	2026-08-20T04:26:46.0225646Z Secret source: Actions
test (24)	Set up job	2026-08-20T04:26:46.0226837Z Prepare workflow directory
test (24)	Set up job	2026-08-20T04:26:46.0592913Z Prepare all required actions
test (24)	Set up job	2026-08-20T04:26:46.0666479Z Getting action download info
test (24)	Set up job	2026-08-20T04:26:46.4165424Z Download action repository 'actions/checkout@v4' (SHA:11d5960a326750d5838078e36cf38b85af677262)
test (24)	Set up job	2026-08-20T04:26:46.5484370Z Download action repository 'actions/setup-node@v4' (SHA:49933ea5288caeca8642d1e84afbd3f7d6820020)
test (24)	Set up job	2026-08-20T04:26:46.7387665Z Complete job name: test (24)
test (24)	Run actions/checkout@v4	﻿2026-08-20T04:26:46.8207146Z Node 20 is being deprecated. This workflow is running with Node 24 by default. If you need to temporarily use Node 20, you can set the ACTIONS_ALLOW_USE_UNSECURE_NODE_VERSION=true environment variable. For more information see: https://github.blog/changelog/2025-09-19-deprecation-of-node-20-on-github-actions-runners/
test (24)	Run actions/checkout@v4	2026-08-20T04:26:46.8216253Z ##[group]Run actions/checkout@v4
test (24)	Run actions/checkout@v4	2026-08-20T04:26:46.8217099Z with:
test (24)	Run actions/checkout@v4	2026-08-20T04:26:46.8217622Z   repository: trmnmc/aphorism-cli
test (24)	Run actions/checkout@v4	2026-08-20T04:26:46.8221565Z   token: ***
test (24)	Run actions/checkout@v4	2026-08-20T04:26:46.8222013Z   ssh-strict: true
test (24)	Run actions/checkout@v4	2026-08-20T04:26:46.8222454Z   ssh-user: git
test (24)	Run actions/checkout@v4	2026-08-20T04:26:46.8222903Z   persist-credentials: true
test (24)	Run actions/checkout@v4	2026-08-20T04:26:46.8223404Z   clean: true
test (24)	Run actions/checkout@v4	2026-08-20T04:26:46.8223852Z   sparse-checkout-cone-mode: true
test (24)	Run actions/checkout@v4	2026-08-20T04:26:46.8224376Z   fetch-depth: 1
test (24)	Run actions/checkout@v4	2026-08-20T04:26:46.8224818Z   fetch-tags: false
test (24)	Run actions/checkout@v4	2026-08-20T04:26:46.8225257Z   show-progress: true
test (24)	Run actions/checkout@v4	2026-08-20T04:26:46.8225714Z   lfs: false
test (24)	Run actions/checkout@v4	2026-08-20T04:26:46.8226129Z   submodules: false
test (24)	Run actions/checkout@v4	2026-08-20T04:26:46.8226620Z   set-safe-directory: true
test (24)	Run actions/checkout@v4	2026-08-20T04:26:46.8227147Z   allow-unsafe-pr-checkout: false
test (24)	Run actions/checkout@v4	2026-08-20T04:26:46.8227941Z ##[endgroup]
test (24)	Run actions/checkout@v4	2026-08-20T04:26:46.9275350Z Syncing repository: trmnmc/aphorism-cli
test (24)	Run actions/checkout@v4	2026-08-20T04:26:46.9278136Z ##[group]Getting Git version info
test (24)	Run actions/checkout@v4	2026-08-20T04:26:46.9279650Z Working directory is '/home/runner/work/aphorism-cli/aphorism-cli'
test (24)	Run actions/checkout@v4	2026-08-20T04:26:46.9281461Z [command]/usr/bin/git version
test (24)	Run actions/checkout@v4	2026-08-20T04:26:46.9383830Z git version 2.55.0
test (24)	Run actions/checkout@v4	2026-08-20T04:26:46.9407484Z ##[endgroup]
test (24)	Run actions/checkout@v4	2026-08-20T04:26:46.9427879Z Temporarily overriding HOME='/home/runner/work/_temp/b4877376-d445-4958-b897-e513fc0fb2c6' before making global git config changes
test (24)	Run actions/checkout@v4	2026-08-20T04:26:46.9430828Z Adding repository directory to the temporary git global config as a safe directory
test (24)	Run actions/checkout@v4	2026-08-20T04:26:46.9434454Z [command]/usr/bin/git config --global --add safe.directory /home/runner/work/aphorism-cli/aphorism-cli
test (24)	Run actions/checkout@v4	2026-08-20T04:26:46.9493316Z Deleting the contents of '/home/runner/work/aphorism-cli/aphorism-cli'
test (24)	Run actions/checkout@v4	2026-08-20T04:26:46.9496143Z ##[group]Initializing the repository
test (24)	Run actions/checkout@v4	2026-08-20T04:26:46.9503148Z [command]/usr/bin/git init /home/runner/work/aphorism-cli/aphorism-cli
test (24)	Run actions/checkout@v4	2026-08-20T04:26:46.9637397Z hint: Using 'master' as the name for the initial branch. This default branch name
test (24)	Run actions/checkout@v4	2026-08-20T04:26:46.9639018Z hint: will change to "main" in Git 3.0. To configure the initial branch name
test (24)	Run actions/checkout@v4	2026-08-20T04:26:46.9640461Z hint: to use in all of your new repositories, which will suppress this warning,
test (24)	Run actions/checkout@v4	2026-08-20T04:26:46.9641593Z hint: call:
test (24)	Run actions/checkout@v4	2026-08-20T04:26:46.9642360Z hint:
test (24)	Run actions/checkout@v4	2026-08-20T04:26:46.9643277Z hint: 	git config --global init.defaultBranch <name>
test (24)	Run actions/checkout@v4	2026-08-20T04:26:46.9644226Z hint:
test (24)	Run actions/checkout@v4	2026-08-20T04:26:46.9645205Z hint: Names commonly chosen instead of 'master' are 'main', 'trunk' and
test (24)	Run actions/checkout@v4	2026-08-20T04:26:46.9646570Z hint: 'development'. The just-created branch can be renamed via this command:
test (24)	Run actions/checkout@v4	2026-08-20T04:26:46.9647614Z hint:
test (24)	Run actions/checkout@v4	2026-08-20T04:26:46.9648392Z hint: 	git branch -m <name>
test (24)	Run actions/checkout@v4	2026-08-20T04:26:46.9649163Z hint:
test (24)	Run actions/checkout@v4	2026-08-20T04:26:46.9650738Z hint: Disable this message with "git config set advice.defaultBranchName false"
test (24)	Run actions/checkout@v4	2026-08-20T04:26:46.9651985Z Initialized empty Git repository in /home/runner/work/aphorism-cli/aphorism-cli/.git/
test (24)	Run actions/checkout@v4	2026-08-20T04:26:46.9656377Z [command]/usr/bin/git remote add origin https://github.com/trmnmc/aphorism-cli
test (24)	Run actions/checkout@v4	2026-08-20T04:26:46.9710082Z ##[endgroup]
test (24)	Run actions/checkout@v4	2026-08-20T04:26:46.9711218Z ##[group]Disabling automatic garbage collection
test (24)	Run actions/checkout@v4	2026-08-20T04:26:46.9713832Z [command]/usr/bin/git config --local gc.auto 0
test (24)	Run actions/checkout@v4	2026-08-20T04:26:46.9745889Z ##[endgroup]
test (24)	Run actions/checkout@v4	2026-08-20T04:26:46.9747017Z ##[group]Setting up auth
test (24)	Run actions/checkout@v4	2026-08-20T04:26:46.9753793Z [command]/usr/bin/git config --local --name-only --get-regexp core\.sshCommand
test (24)	Run actions/checkout@v4	2026-08-20T04:26:46.9787913Z [command]/usr/bin/git submodule foreach --recursive sh -c "git config --local --name-only --get-regexp 'core\.sshCommand' && git config --local --unset-all 'core.sshCommand' || :"
test (24)	Run actions/checkout@v4	2026-08-20T04:26:47.0238102Z [command]/usr/bin/git config --local --name-only --get-regexp http\.https\:\/\/github\.com\/\.extraheader
test (24)	Run actions/checkout@v4	2026-08-20T04:26:47.0279520Z [command]/usr/bin/git submodule foreach --recursive sh -c "git config --local --name-only --get-regexp 'http\.https\:\/\/github\.com\/\.extraheader' && git config --local --unset-all 'http.https://github.com/.extraheader' || :"
test (24)	Run actions/checkout@v4	2026-08-20T04:26:47.0507270Z [command]/usr/bin/git config --local --name-only --get-regexp ^includeIf\.gitdir:
test (24)	Run actions/checkout@v4	2026-08-20T04:26:47.0543307Z [command]/usr/bin/git submodule foreach --recursive git config --local --show-origin --name-only --get-regexp remote.origin.url
test (24)	Run actions/checkout@v4	2026-08-20T04:26:47.0776082Z [command]/usr/bin/git config --local http.https://github.com/.extraheader AUTHORIZATION: basic ***
test (24)	Run actions/checkout@v4	2026-08-20T04:26:47.0819755Z ##[endgroup]
test (24)	Run actions/checkout@v4	2026-08-20T04:26:47.0821205Z ##[group]Fetching the repository
test (24)	Run actions/checkout@v4	2026-08-20T04:26:47.0832578Z [command]/usr/bin/git -c protocol.version=2 fetch --no-tags --prune --no-recurse-submodules --depth=1 origin +c08562b0a213f5fa526629527d3069b94efa074d:refs/remotes/origin/master
test (24)	Run actions/checkout@v4	2026-08-20T04:26:47.7554984Z From https://github.com/trmnmc/aphorism-cli
test (24)	Run actions/checkout@v4	2026-08-20T04:26:47.7556649Z  * [new ref]         c08562b0a213f5fa526629527d3069b94efa074d -> origin/master
test (24)	Run actions/checkout@v4	2026-08-20T04:26:47.7560487Z ##[endgroup]
test (24)	Run actions/checkout@v4	2026-08-20T04:26:47.7561597Z ##[group]Determining the checkout info
test (24)	Run actions/checkout@v4	2026-08-20T04:26:47.7563171Z ##[endgroup]
test (24)	Run actions/checkout@v4	2026-08-20T04:26:47.7571834Z [command]/usr/bin/git sparse-checkout disable
test (24)	Run actions/checkout@v4	2026-08-20T04:26:47.7637434Z [command]/usr/bin/git config --local --unset-all extensions.worktreeConfig
test (24)	Run actions/checkout@v4	2026-08-20T04:26:47.7672488Z ##[group]Checking out the ref
test (24)	Run actions/checkout@v4	2026-08-20T04:26:47.7676290Z [command]/usr/bin/git checkout --progress --force -B master refs/remotes/origin/master
test (24)	Run actions/checkout@v4	2026-08-20T04:26:47.8558335Z Reset branch 'master'
test (24)	Run actions/checkout@v4	2026-08-20T04:26:47.8562105Z branch 'master' set up to track 'origin/master'.
test (24)	Run actions/checkout@v4	2026-08-20T04:26:47.8572086Z ##[endgroup]
test (24)	Run actions/checkout@v4	2026-08-20T04:26:47.8620679Z [command]/usr/bin/git log -1 --format=%H
test (24)	Run actions/checkout@v4	2026-08-20T04:26:47.8648950Z c08562b0a213f5fa526629527d3069b94efa074d
test (24)	Run actions/setup-node@v4	﻿2026-08-20T04:26:47.9040766Z Node 20 is being deprecated. This workflow is running with Node 24 by default. If you need to temporarily use Node 20, you can set the ACTIONS_ALLOW_USE_UNSECURE_NODE_VERSION=true environment variable. For more information see: https://github.blog/changelog/2025-09-19-deprecation-of-node-20-on-github-actions-runners/
test (24)	Run actions/setup-node@v4	2026-08-20T04:26:47.9047047Z ##[group]Run actions/setup-node@v4
test (24)	Run actions/setup-node@v4	2026-08-20T04:26:47.9048293Z with:
test (24)	Run actions/setup-node@v4	2026-08-20T04:26:47.9049458Z   node-version: 24
test (24)	Run actions/setup-node@v4	2026-08-20T04:26:47.9050526Z   always-auth: false
test (24)	Run actions/setup-node@v4	2026-08-20T04:26:47.9051600Z   check-latest: false
test (24)	Run actions/setup-node@v4	2026-08-20T04:26:47.9061866Z   token: ***
test (24)	Run actions/setup-node@v4	2026-08-20T04:26:47.9062857Z ##[endgroup]
test (24)	Run actions/setup-node@v4	2026-08-20T04:26:48.0518302Z Found in cache @ /opt/hostedtoolcache/node/24.19.0/x64
test (24)	Run actions/setup-node@v4	2026-08-20T04:26:48.0523976Z (node:2132) [DEP0040] DeprecationWarning: The `punycode` module is deprecated. Please use a userland alternative instead.
test (24)	Run actions/setup-node@v4	2026-08-20T04:26:48.0528451Z (Use `node --trace-deprecation ...` to show where the warning was created)
test (24)	Run actions/setup-node@v4	2026-08-20T04:26:48.0531310Z ##[group]Environment details
test (24)	Run actions/setup-node@v4	2026-08-20T04:26:48.4610445Z node: v24.19.0
test (24)	Run actions/setup-node@v4	2026-08-20T04:26:48.4611156Z npm: 11.17.0
test (24)	Run actions/setup-node@v4	2026-08-20T04:26:48.4611659Z yarn: 1.22.22
test (24)	Run actions/setup-node@v4	2026-08-20T04:26:48.4612804Z ##[endgroup]
test (24)	Assert the test glob matches at least one file	﻿2026-08-20T04:26:48.4826045Z ##[group]Run ls test/*.test.js
test (24)	Assert the test glob matches at least one file	2026-08-20T04:26:48.4826516Z [36;1mls test/*.test.js[0m
test (24)	Assert the test glob matches at least one file	2026-08-20T04:26:48.4877187Z shell: /usr/bin/bash -e {0}
test (24)	Assert the test glob matches at least one file	2026-08-20T04:26:48.4877554Z ##[endgroup]
test (24)	Assert the test glob matches at least one file	2026-08-20T04:26:48.4982111Z test/args.test.js
test (24)	Assert the test glob matches at least one file	2026-08-20T04:26:48.4982539Z test/cli.test.js
test (24)	Assert the test glob matches at least one file	2026-08-20T04:26:48.4982937Z test/node-support-citation.test.js
test (24)	Assert the test glob matches at least one file	2026-08-20T04:26:48.4983320Z test/pipe.test.js
test (24)	Assert the test glob matches at least one file	2026-08-20T04:26:48.4983649Z test/readme-tags.test.js
test (24)	Assert the test glob matches at least one file	2026-08-20T04:26:48.4983990Z test/select.test.js
test (24)	Run node --test test/*.test.js	﻿2026-08-20T04:26:48.5018425Z ##[group]Run node --test test/*.test.js
test (24)	Run node --test test/*.test.js	2026-08-20T04:26:48.5018860Z [36;1mnode --test test/*.test.js[0m
test (24)	Run node --test test/*.test.js	2026-08-20T04:26:48.5056473Z shell: /usr/bin/bash -e {0}
test (24)	Run node --test test/*.test.js	2026-08-20T04:26:48.5056803Z ##[endgroup]
test (24)	Run node --test test/*.test.js	2026-08-20T04:26:48.6271288Z ✔ zero args: no error, no filters set (3.152306ms)
test (24)	Run node --test test/*.test.js	2026-08-20T04:26:48.6300868Z ✔ --author <name> sets author string (0.282679ms)
test (24)	Run node --test test/*.test.js	2026-08-20T04:26:48.6328482Z ✔ --author=<name> equals form sets author string (0.20861ms)
test (24)	Run node --test test/*.test.js	2026-08-20T04:26:48.6330565Z ✔ --tag <tag> sets tag string (0.34795ms)
test (24)	Run node --test test/*.test.js	2026-08-20T04:26:48.6370879Z ✔ --tag=<tag> equals form sets tag string (0.268142ms)
test (24)	Run node --test test/*.test.js	2026-08-20T04:26:48.6372614Z ✔ combined --author X --tag Y sets both (0.182762ms)
test (24)	Run node --test test/*.test.js	2026-08-20T04:26:48.6374139Z ✔ --seed <n> parses as a number (0.198511ms)
test (24)	Run node --test test/*.test.js	2026-08-20T04:26:48.6375697Z ✔ --seed=<n> equals form parses as a number (0.185236ms)
test (24)	Run node --test test/*.test.js	2026-08-20T04:26:48.6377281Z ✔ --seed <n> accepts a negative number (0.333784ms)
test (24)	Run node --test test/*.test.js	2026-08-20T04:26:48.6378927Z ✔ --seed=<n> equals form accepts a negative number (3.760994ms)
test (24)	Run node --test test/*.test.js	2026-08-20T04:26:48.6380944Z ✔ non-numeric --seed is a usage error (0.284092ms)
test (24)	Run node --test test/*.test.js	2026-08-20T04:26:48.6382591Z ✔ non-numeric --seed= equals form is a usage error (0.467775ms)
test (24)	Run node --test test/*.test.js	2026-08-20T04:26:48.6384116Z ✔ --list sets list: true (0.130544ms)
test (24)	Run node --test test/*.test.js	2026-08-20T04:26:48.6386376Z ✔ --json sets json: true (0.16573ms)
test (24)	Run node --test test/*.test.js	2026-08-20T04:26:48.6387679Z ✔ --help sets help: true (0.160199ms)
test (24)	Run node --test test/*.test.js	2026-08-20T04:26:48.6389042Z ✔ -h sets help: true (0.222817ms)
test (24)	Run node --test test/*.test.js	2026-08-20T04:26:48.6390770Z ✔ unknown flag is a usage error (0.263282ms)
test (24)	Run node --test test/*.test.js	2026-08-20T04:26:48.6392242Z ✔ unknown short flag is a usage error (0.102592ms)
test (24)	Run node --test test/*.test.js	2026-08-20T04:26:48.6393959Z ✔ --author missing value at end of argv is a usage error (0.170439ms)
test (24)	Run node --test test/*.test.js	2026-08-20T04:26:48.6395898Z ✔ --tag missing value because next token is another flag is a usage error (0.177612ms)
test (24)	Run node --test test/*.test.js	2026-08-20T04:26:48.6397799Z ✔ --seed missing value at end of argv is a usage error (0.138289ms)
test (24)	Run node --test test/*.test.js	2026-08-20T04:26:48.6400915Z ✔ --author= with empty value is a usage error (0.14961ms)
test (24)	Run node --test test/*.test.js	2026-08-20T04:26:48.6402835Z ✔ a bare positional argument (not a flag) is a usage error (0.139141ms)
test (24)	Run node --test test/*.test.js	2026-08-20T04:26:48.6404456Z ✔ parseArgs never throws on malformed input (0.21905ms)
test (24)	Run node --test test/*.test.js	2026-08-20T04:26:48.6405771Z ✔ absent options are undefined/false, never null (0.286416ms)
test (24)	Run node --test test/*.test.js	2026-08-20T04:26:48.6407104Z ✔ HELP is a non-empty string mentioning every flag name (0.164107ms)
test (24)	Run node --test test/*.test.js	2026-08-20T04:26:48.6408936Z ✔ HELP fits comfortably on one 24-line terminal screen (0.09584ms)
test (24)	Run node --test test/*.test.js	2026-08-20T04:26:48.6410916Z ✔ --seed Infinity / --seed -Infinity parse to numbers, not a usage error (0.135654ms)
test (24)	Run node --test test/*.test.js	2026-08-20T04:26:51.6386472Z ✔ bare invocation prints one attributed aphorism and exits 0 (49.683998ms)
test (24)	Run node --test test/*.test.js	2026-08-20T04:26:51.6389172Z ✔ --seed is deterministic across separate processes (83.113437ms)
test (24)	Run node --test test/*.test.js	2026-08-20T04:26:51.6392320Z ✔ different seeds do not all collapse to one aphorism (419.216865ms)
test (24)	Run node --test test/*.test.js	2026-08-20T04:26:51.6404737Z ✔ --json emits a single-line JSON object with text/author/tags (44.463863ms)
test (24)	Run node --test test/*.test.js	2026-08-20T04:26:51.6406818Z ✔ --list prints every entry in the filtered set (35.165443ms)
test (24)	Run node --test test/*.test.js	2026-08-20T04:26:51.6429034Z ✔ --help prints usage to stdout and exits 0 (30.257876ms)
test (24)	Run node --test test/*.test.js	2026-08-20T04:26:51.6432551Z ✔ no match exits 1 with stderr only and zero bytes on stdout (30.367557ms)
test (24)	Run node --test test/*.test.js	2026-08-20T04:26:51.6434310Z ✔ unknown flag is a usage error, exit 2, stdout clean (32.009536ms)
test (24)	Run node --test test/*.test.js	2026-08-20T04:26:51.6436371Z ✔ non-numeric seed is a usage error, exit 2 (30.17649ms)
test (24)	Run node --test test/*.test.js	2026-08-20T04:26:51.6440125Z ✔ author filter is case-insensitive and narrows the list (61.862945ms)
test (24)	Run node --test test/*.test.js	2026-08-20T04:26:51.6441775Z ✔ output is pipe-safe — no ANSI escapes when not a TTY (41.892656ms)
test (24)	Run node --test test/*.test.js	2026-08-20T04:26:51.6443318Z ✔ --tag matches membership, not substring containment (71.72609ms)
test (24)	Run node --test test/*.test.js	2026-08-20T04:26:51.6444526Z ✔ --list prints exactly one line per matching entry, no drops (30.789399ms)
test (24)	Run node --test test/*.test.js	2026-08-20T04:26:51.6446221Z ✔ --list preserves corpus order (first and last line match) (31.053055ms)
test (24)	Run node --test test/*.test.js	2026-08-20T04:26:51.6447735Z ✔ --json output is exactly one line, never pretty-printed (31.153209ms)
test (24)	Run node --test test/*.test.js	2026-08-20T04:26:51.6450370Z ✔ --list --json emits newline-delimited JSON, one object per line, in corpus order (32.40185ms)
test (24)	Run node --test test/*.test.js	2026-08-20T04:26:51.6463030Z ✔ --json composes with --seed: the seeded JSON pick is reproducible AND is the same entry as the plain-text pick (540.825419ms)
test (24)	Run node --test test/*.test.js	2026-08-20T04:26:51.6465519Z ✔ --json composes with the filter flags: the JSON pick is always a member of the FILTERED set (710.312554ms)
test (24)	Run node --test test/*.test.js	2026-08-20T04:26:51.6500513Z ✔ --list accepts a valid --seed and IGNORES it: output is byte-identical across seeds (298.046478ms)
test (24)	Run node --test test/*.test.js	2026-08-20T04:26:51.6511437Z ✔ --list --seed abc is a usage error, exit 2, stdout empty, stderr carries the diagnostic (30.116878ms)
test (24)	Run node --test test/*.test.js	2026-08-20T04:26:51.6513572Z ✔ --seed abc --list (erroring flag BEFORE --list) is still a usage error, exit 2, stdout empty (30.184938ms)
test (24)	Run node --test test/*.test.js	2026-08-20T04:26:51.6515251Z ✔ --list --seed=  (empty seed value) is a usage error, exit 2, stdout empty (29.661212ms)
test (24)	Run node --test test/*.test.js	2026-08-20T04:26:51.6517010Z ✔ --list --seed "   " (whitespace-only seed value) is a usage error, exit 2, stdout empty (33.721025ms)
test (24)	Run node --test test/*.test.js	2026-08-20T04:26:51.6518980Z ✔ --list --nosuchflag (unknown flag) is a usage error, exit 2, stdout empty — --list does not swallow it (29.363794ms)
test (24)	Run node --test test/*.test.js	2026-08-20T04:26:51.6521186Z ✔ --nosuchflag --list (unknown flag BEFORE --list) is still a usage error, exit 2, stdout empty (31.678128ms)
test (24)	Run node --test test/*.test.js	2026-08-20T04:26:51.6523081Z ✔ plain single-pick output is TWO lines: text, newline, four-space indent, EM DASH, space, author (29.344987ms)
test (24)	Run node --test test/*.test.js	2026-08-20T04:26:51.6525083Z ✔ --seed Infinity and --seed -Infinity (typed as CLI strings) are accepted and deterministic (119.844536ms)
test (24)	Run node --test test/*.test.js	2026-08-20T04:26:51.6526858Z ✔ --list with a filter that matches nothing is STILL exit 1, stderr only, stdout empty (58.561735ms)
test (24)	Run node --test test/*.test.js	2026-08-20T04:26:51.6528586Z ✔ --tag "" (bare empty-string value) matches nothing: whole-tag equality against the literal "" is not a filter no-op (30.332213ms)
test (24)	Run node --test test/*.test.js	2026-08-20T04:26:51.6581061Z ﹣ README Node support citation: cited git diff must be empty (or the check must skip on a missing precondition) (23.511234ms) # cited base commit 5f833ab is not reachable in this checkout (this is a shallow clone) -- cannot evaluate the README's Node support citation
test (24)	Run node --test test/*.test.js	2026-08-20T04:26:51.6583763Z ✔ --list | true: exits quietly, zero stderr, no crash banner (47.743827ms)
test (24)	Run node --test test/*.test.js	2026-08-20T04:26:51.6585141Z ✔ | true (no --list, single aphorism): exits quietly, zero stderr (45.611221ms)
test (24)	Run node --test test/*.test.js	2026-08-20T04:26:51.6586984Z ✔ --list | head -0: exits quietly, zero stderr, no crash banner (44.000335ms)
test (24)	Run node --test test/*.test.js	2026-08-20T04:26:51.6588380Z ✔ --list | /nonexistent-cmd-xyz: no crash banner from the CLI itself (44.628628ms)
test (24)	Run node --test test/*.test.js	2026-08-20T04:26:51.6590203Z ✔ non-EPIPE stdout write failure: reported, not silent, not exit 1, no stack trace (33.50621ms)
test (24)	Run node --test test/*.test.js	2026-08-20T04:26:51.6591910Z ✔ usage error survives a closed stderr reader: still exits 2, not clobbered to 1 (104.526538ms)
test (24)	Run node --test test/*.test.js	2026-08-20T04:26:51.6593622Z ✔ no-match exit code survives a closed stderr reader: still exits 1, not misreported (102.920952ms)
test (24)	Run node --test test/*.test.js	2026-08-20T04:26:51.6595162Z ✔ non-EPIPE stderr write failure: not silent, not the earned exit code, no stack trace (32.109857ms)
test (24)	Run node --test test/*.test.js	2026-08-20T04:26:51.6596624Z ✔ control: --list | head -1 stays completely clean (33.094856ms)
test (24)	Run node --test test/*.test.js	2026-08-20T04:26:51.6597776Z ✔ control: --list | head -5 stays completely clean (39.095965ms)
test (24)	Run node --test test/*.test.js	2026-08-20T04:26:51.6598902Z ✔ control: --list | sed 1q stays completely clean (31.825384ms)
test (24)	Run node --test test/*.test.js	2026-08-20T04:26:51.6600502Z ✔ control: --list | grep -q . stays completely clean (31.978347ms)
test (24)	Run node --test test/*.test.js	2026-08-20T04:26:51.6601660Z ✔ control: | wc -l stays completely clean (32.355987ms)
test (24)	Run node --test test/*.test.js	2026-08-20T04:26:51.6602581Z ✔ control: --list --json | head -2 stays completely clean (32.122267ms)
test (24)	Run node --test test/*.test.js	2026-08-20T04:26:51.6603830Z ✔ control: exit 1 / exit 2 stderr messages and codes are unchanged (57.562033ms)
test (24)	Run node --test test/*.test.js	2026-08-20T04:26:51.6605314Z ✔ control: a normal (non-full) stdout target still exits 0 with empty stderr (67.617507ms)
test (24)	Run node --test test/*.test.js	2026-08-20T04:26:51.6606484Z ✔ README tags must exist in corpus (2.622294ms)
test (24)	Run node --test test/*.test.js	2026-08-20T04:26:51.6607317Z ✔ README tag counts must match corpus (0.524902ms)
test (24)	Run node --test test/*.test.js	2026-08-20T04:26:51.6608520Z ✔ README must state total unique tags correctly (0.32041ms)
test (24)	Run node --test test/*.test.js	2026-08-20T04:26:51.6609780Z ✔ README must correctly describe single-entry tag count (0.754151ms)
test (24)	Run node --test test/*.test.js	2026-08-20T04:26:51.6610788Z ✔ README must list all single-entry tags (0.493674ms)
test (24)	Run node --test test/*.test.js	2026-08-20T04:26:51.6612243Z ✔ README Tag vocabulary section carries a tag+entry sentence with a single-entry marker (token co-occurrence guard, not a meaning check) (0.860519ms)
test (24)	Run node --test test/*.test.js	2026-08-20T04:26:51.6613692Z ✔ extractBandTablesFromReadme tolerates a prose sentence between a band heading and its table (T-025), without mis-attaching a table when the real one is missing (2.22433ms)
test (24)	Run node --test test/*.test.js	2026-08-20T04:26:51.6614892Z ✔ extractBandTablesFromReadme does not let a band-shaped PROSE line steal a real heading's table (T-039) (0.268041ms)
test (24)	Run node --test test/*.test.js	2026-08-20T04:26:51.6615848Z ✔ extractBandTablesFromReadme does not read a fenced example block as a second, real band table (0.390972ms)
test (24)	Run node --test test/*.test.js	2026-08-20T04:26:51.6617211Z ✔ extractBandTablesFromReadme's recognised bands account for every structural `| Tag | Count |` table -- a table under an unrecognised heading shape is a loud mismatch, not a silent miss (0.922104ms)
test (24)	Run node --test test/*.test.js	2026-08-20T04:26:51.6618726Z ✔ every `| Tag | Count |` table in the real README Tag vocabulary section is a recognised band table (no table may hide under an unrecognised heading shape) (0.80164ms)
test (24)	Run node --test test/*.test.js	2026-08-20T04:26:51.6620814Z ✔ every band table in README Tag vocabulary contains exactly the corpus tags whose count fits that band (0.418543ms)
test (24)	Run node --test test/*.test.js	2026-08-20T04:26:51.6621920Z ✔ every corpus tag appearing on 2+ entries must have a row in some band table (no band table may be deleted wholesale) (T-019) (0.487953ms)
test (24)	Run node --test test/*.test.js	2026-08-20T04:26:51.6623236Z ✔ extractBandTablesFromReadme derives a band's row count purely from its table, ignoring decoy "N tags" phrases in the heading line (T-024b) (0.194955ms)
test (24)	Run node --test test/*.test.js	2026-08-20T04:26:51.6624393Z ✔ README opening sentence must state correct multi-entry and single-entry tag counts (0.516486ms)
test (24)	Run node --test test/*.test.js	2026-08-20T04:26:51.6625335Z ✔ README Tag vocabulary section must contain no unrecognised count-claim digits (J-5) (0.863325ms)
test (24)	Run node --test test/*.test.js	2026-08-20T04:26:51.6626421Z ✔ README Attribution table "Entries ranked" count must match corpus.length and the triage doc (C1) (1.143198ms)
test (24)	Run node --test test/*.test.js	2026-08-20T04:26:51.6627379Z ✔ README Attribution table "Rated HIGH risk" count must match the triage doc table (C2) (0.5452ms)
test (24)	Run node --test test/*.test.js	2026-08-20T04:26:51.6628548Z ✔ README Attribution section must contain no digit runs outside the counts table (C7) (0.322193ms)
test (24)	Run node --test test/*.test.js	2026-08-20T04:26:51.6629814Z ✔ README Layout section paths must exist on disk (C6) (0.412601ms)
test (24)	Run node --test test/*.test.js	2026-08-20T04:26:51.6630920Z ✔ getListBehaviourSection tolerates a reformatted "--list behaviour" heading with no backticks (T-021) (0.359332ms)
test (24)	Run node --test test/*.test.js	2026-08-20T04:26:51.6632261Z ✔ getListBehaviourSection still fails on a SEPARATOR MISMATCH (not a heading-parse error) when a reformatted heading's literal is mutated (T-021) (0.268663ms)
test (24)	Run node --test test/*.test.js	2026-08-20T04:26:51.6633641Z ✔ getListBehaviourSection reports ambiguity loudly instead of taking the first of two qualifying headings (T-021) (1.069871ms)
test (24)	Run node --test test/*.test.js	2026-08-20T04:26:51.6634724Z ✔ getListBehaviourSection does not let "--list-only" satisfy the standalone `--list` token (T-021) (0.286115ms)
test (24)	Run node --test test/*.test.js	2026-08-20T04:26:51.6635787Z ✔ getListBehaviourSection tolerates the American spelling "behavior" in the heading (T-027) (0.166391ms)
test (24)	Run node --test test/*.test.js	2026-08-20T04:26:51.6637786Z ✔ getListBehaviourSection still fails on a SEPARATOR MISMATCH (not a heading-parse error) under an American-spelled heading (T-027) (0.191248ms)
test (24)	Run node --test test/*.test.js	2026-08-20T04:26:51.6638942Z ✔ README `--list` format literal matches the shipped binary's actual --list output (T-017) (39.630442ms)
test (24)	Run node --test test/*.test.js	2026-08-20T04:26:51.6640146Z ✔ README `--author` matching section must state the correct count of distinct corpus authors (Q-8) (0.552314ms)
test (24)	Run node --test test/*.test.js	2026-08-20T04:26:51.6640786Z ✔ corpus has at least 40 entries (1.571329ms)
test (24)	Run node --test test/*.test.js	2026-08-20T04:26:51.6641414Z ✔ every corpus entry has non-empty text, non-empty author, and an array of tags (1.375794ms)
test (24)	Run node --test test/*.test.js	2026-08-20T04:26:51.6642031Z ✔ filter: author match is case-insensitive (1.14383ms)
test (24)	Run node --test test/*.test.js	2026-08-20T04:26:51.6642733Z ✔ filter: tag match is case-insensitive (0.394087ms)
test (24)	Run node --test test/*.test.js	2026-08-20T04:26:51.6643348Z ✔ filter: author and tag together narrow to the intersection (AND) (0.471142ms)
test (24)	Run node --test test/*.test.js	2026-08-20T04:26:51.6643940Z ✔ filter: undefined/absent options do not filter (0.21898ms)
test (24)	Run node --test test/*.test.js	2026-08-20T04:26:51.6644602Z ✔ pick: same seed over the same candidates always returns the same element (0.620471ms)
test (24)	Run node --test test/*.test.js	2026-08-20T04:26:51.6645285Z ✔ pick: different seeds generally produce different results (0.301985ms)
test (24)	Run node --test test/*.test.js	2026-08-20T04:26:51.6645906Z ✔ pick: undefined seed picks a valid member (random mode) (0.347049ms)
test (24)	Run node --test test/*.test.js	2026-08-20T04:26:51.6646565Z ✔ pick: null seed also triggers random mode and returns a valid member (0.349103ms)
test (24)	Run node --test test/*.test.js	2026-08-20T04:26:51.6647186Z ✔ pick: throws RangeError on empty candidates array (0.551842ms)
test (24)	Run node --test test/*.test.js	2026-08-20T04:26:51.6647812Z ✔ pick: Infinity seed is deterministic and returns a valid member (1.124934ms)
test (24)	Run node --test test/*.test.js	2026-08-20T04:26:51.6648479Z ✔ pick: -Infinity seed is deterministic and returns a valid member (0.215773ms)
test (24)	Run node --test test/*.test.js	2026-08-20T04:26:51.6649406Z ✔ pick: NaN seed still uses the random branch and returns a valid member (0.156072ms)
test (24)	Run node --test test/*.test.js	2026-08-20T04:26:51.6650192Z ✔ pick: finite seed determinism is unchanged by the non-finite-seed fix (0.219902ms)
test (24)	Run node --test test/*.test.js	2026-08-20T04:26:51.6650859Z ✔ pick: every candidate is REACHABLE by an unseeded draw (3.231775ms)
test (24)	Run node --test test/*.test.js	2026-08-20T04:26:51.6651577Z ✔ pick: unseeded draws split the interval EQUALLY across candidates (uniform) (4.11151ms)
test (24)	Run node --test test/*.test.js	2026-08-20T04:26:51.6652368Z ✔ pick: single-element candidates always returns that element regardless of seed (0.15536ms)
test (24)	Run node --test test/*.test.js	2026-08-20T04:26:51.6652850Z ℹ tests 120
test (24)	Run node --test test/*.test.js	2026-08-20T04:26:51.6653071Z ℹ suites 0
test (24)	Run node --test test/*.test.js	2026-08-20T04:26:51.6653288Z ℹ pass 119
test (24)	Run node --test test/*.test.js	2026-08-20T04:26:51.6653501Z ℹ fail 0
test (24)	Run node --test test/*.test.js	2026-08-20T04:26:51.6653721Z ℹ cancelled 0
test (24)	Run node --test test/*.test.js	2026-08-20T04:26:51.6653946Z ℹ skipped 1
test (24)	Run node --test test/*.test.js	2026-08-20T04:26:51.6654160Z ℹ todo 0
test (24)	Run node --test test/*.test.js	2026-08-20T04:26:51.6654417Z ℹ duration_ms 3117.216713
test (24)	Coverage report (informational, not a gate)	﻿2026-08-20T04:26:51.6724258Z ##[group]Run node --test --experimental-test-coverage test/*.test.js \
test (24)	Coverage report (informational, not a gate)	2026-08-20T04:26:51.6724838Z [36;1mnode --test --experimental-test-coverage test/*.test.js \[0m
test (24)	Coverage report (informational, not a gate)	2026-08-20T04:26:51.6725630Z [36;1m  || echo "NOTE: --experimental-test-coverage exited non-zero on Node 24 (see output above). This step is informational only and does not affect job status."[0m
test (24)	Coverage report (informational, not a gate)	2026-08-20T04:26:51.6765699Z shell: /usr/bin/bash -e {0}
test (24)	Coverage report (informational, not a gate)	2026-08-20T04:26:51.6766144Z ##[endgroup]
test (24)	Coverage report (informational, not a gate)	2026-08-20T04:26:51.7977200Z ✔ zero args: no error, no filters set (2.092474ms)
test (24)	Coverage report (informational, not a gate)	2026-08-20T04:26:51.7978741Z ✔ --author <name> sets author string (0.199002ms)
test (24)	Coverage report (informational, not a gate)	2026-08-20T04:26:51.7980392Z ✔ --author=<name> equals form sets author string (0.148117ms)
test (24)	Coverage report (informational, not a gate)	2026-08-20T04:26:51.7981555Z ✔ --tag <tag> sets tag string (0.180117ms)
test (24)	Coverage report (informational, not a gate)	2026-08-20T04:26:51.7982469Z ✔ --tag=<tag> equals form sets tag string (0.34663ms)
test (24)	Coverage report (informational, not a gate)	2026-08-20T04:26:51.7983434Z ✔ combined --author X --tag Y sets both (0.213569ms)
test (24)	Coverage report (informational, not a gate)	2026-08-20T04:26:51.7984324Z ✔ --seed <n> parses as a number (0.27262ms)
test (24)	Coverage report (informational, not a gate)	2026-08-20T04:26:51.7985435Z ✔ --seed=<n> equals form parses as a number (0.17128ms)
test (24)	Coverage report (informational, not a gate)	2026-08-20T04:26:51.7986429Z ✔ --seed <n> accepts a negative number (0.234919ms)
test (24)	Coverage report (informational, not a gate)	2026-08-20T04:26:51.7987481Z ✔ --seed=<n> equals form accepts a negative number (0.184705ms)
test (24)	Coverage report (informational, not a gate)	2026-08-20T04:26:51.7988506Z ✔ non-numeric --seed is a usage error (0.344494ms)
test (24)	Coverage report (informational, not a gate)	2026-08-20T04:26:51.7989900Z ✔ non-numeric --seed= equals form is a usage error (0.389759ms)
test (24)	Coverage report (informational, not a gate)	2026-08-20T04:26:51.7990893Z ✔ --list sets list: true (0.189725ms)
test (24)	Coverage report (informational, not a gate)	2026-08-20T04:26:51.7991958Z ✔ --json sets json: true (0.19801ms)
test (24)	Coverage report (informational, not a gate)	2026-08-20T04:26:51.7992997Z ✔ --help sets help: true (0.233417ms)
test (24)	Coverage report (informational, not a gate)	2026-08-20T04:26:51.7994025Z ✔ -h sets help: true (0.174195ms)
test (24)	Coverage report (informational, not a gate)	2026-08-20T04:26:51.7995128Z ✔ unknown flag is a usage error (0.234598ms)
test (24)	Coverage report (informational, not a gate)	2026-08-20T04:26:51.8017632Z ✔ unknown short flag is a usage error (0.113382ms)
test (24)	Coverage report (informational, not a gate)	2026-08-20T04:26:51.8027819Z ✔ --author missing value at end of argv is a usage error (0.189946ms)
test (24)	Coverage report (informational, not a gate)	2026-08-20T04:26:51.8034606Z ✔ --tag missing value because next token is another flag is a usage error (0.127308ms)
test (24)	Coverage report (informational, not a gate)	2026-08-20T04:26:51.8066460Z ✔ --seed missing value at end of argv is a usage error (0.137107ms)
test (24)	Coverage report (informational, not a gate)	2026-08-20T04:26:51.8081060Z ✔ --author= with empty value is a usage error (0.160641ms)
test (24)	Coverage report (informational, not a gate)	2026-08-20T04:26:51.8082387Z ✔ a bare positional argument (not a flag) is a usage error (0.152635ms)
test (24)	Coverage report (informational, not a gate)	2026-08-20T04:26:51.8083525Z ✔ parseArgs never throws on malformed input (0.29403ms)
test (24)	Coverage report (informational, not a gate)	2026-08-20T04:26:51.8084671Z ✔ absent options are undefined/false, never null (0.199013ms)
test (24)	Coverage report (informational, not a gate)	2026-08-20T04:26:51.8092857Z ✔ HELP is a non-empty string mentioning every flag name (0.19765ms)
test (24)	Coverage report (informational, not a gate)	2026-08-20T04:26:51.8104322Z ✔ HELP fits comfortably on one 24-line terminal screen (0.160992ms)
test (24)	Coverage report (informational, not a gate)	2026-08-20T04:26:51.8163372Z ✔ --seed Infinity / --seed -Infinity parse to numbers, not a usage error (0.26714ms)
test (24)	Coverage report (informational, not a gate)	2026-08-20T04:26:55.4505265Z ✔ bare invocation prints one attributed aphorism and exits 0 (52.723139ms)
test (24)	Coverage report (informational, not a gate)	2026-08-20T04:26:55.4506657Z ✔ --seed is deterministic across separate processes (122.158975ms)
test (24)	Coverage report (informational, not a gate)	2026-08-20T04:26:55.4510274Z ✔ different seeds do not all collapse to one aphorism (509.089443ms)
test (24)	Coverage report (informational, not a gate)	2026-08-20T04:26:55.4513027Z ✔ --json emits a single-line JSON object with text/author/tags (37.505892ms)
test (24)	Coverage report (informational, not a gate)	2026-08-20T04:26:55.4515992Z ✔ --list prints every entry in the filtered set (38.762947ms)
test (24)	Coverage report (informational, not a gate)	2026-08-20T04:26:55.4521389Z ✔ --help prints usage to stdout and exits 0 (37.331613ms)
test (24)	Coverage report (informational, not a gate)	2026-08-20T04:26:55.4527131Z ✔ no match exits 1 with stderr only and zero bytes on stdout (38.343817ms)
test (24)	Coverage report (informational, not a gate)	2026-08-20T04:26:55.4529956Z ✔ unknown flag is a usage error, exit 2, stdout clean (43.968151ms)
test (24)	Coverage report (informational, not a gate)	2026-08-20T04:26:55.4532734Z ✔ non-numeric seed is a usage error, exit 2 (45.186277ms)
test (24)	Coverage report (informational, not a gate)	2026-08-20T04:26:55.4535959Z ✔ author filter is case-insensitive and narrows the list (75.138267ms)
test (24)	Coverage report (informational, not a gate)	2026-08-20T04:26:55.4539928Z ✔ output is pipe-safe — no ANSI escapes when not a TTY (40.883396ms)
test (24)	Coverage report (informational, not a gate)	2026-08-20T04:26:55.4546046Z ✔ --tag matches membership, not substring containment (76.231013ms)
test (24)	Coverage report (informational, not a gate)	2026-08-20T04:26:55.4547660Z ✔ --list prints exactly one line per matching entry, no drops (42.122022ms)
test (24)	Coverage report (informational, not a gate)	2026-08-20T04:26:55.4584208Z ✔ --list preserves corpus order (first and last line match) (36.101573ms)
test (24)	Coverage report (informational, not a gate)	2026-08-20T04:26:55.4595175Z ✔ --json output is exactly one line, never pretty-printed (34.517154ms)
test (24)	Coverage report (informational, not a gate)	2026-08-20T04:26:55.4596669Z ✔ --list --json emits newline-delimited JSON, one object per line, in corpus order (35.803133ms)
test (24)	Coverage report (informational, not a gate)	2026-08-20T04:26:55.4598601Z ✔ --json composes with --seed: the seeded JSON pick is reproducible AND is the same entry as the plain-text pick (638.028014ms)
test (24)	Coverage report (informational, not a gate)	2026-08-20T04:26:55.4601130Z ✔ --json composes with the filter flags: the JSON pick is always a member of the FILTERED set (872.41963ms)
test (24)	Coverage report (informational, not a gate)	2026-08-20T04:26:55.4608735Z ✔ --list accepts a valid --seed and IGNORES it: output is byte-identical across seeds (367.148009ms)
test (24)	Coverage report (informational, not a gate)	2026-08-20T04:26:55.4610520Z ✔ --list --seed abc is a usage error, exit 2, stdout empty, stderr carries the diagnostic (37.047092ms)
test (24)	Coverage report (informational, not a gate)	2026-08-20T04:26:55.4616213Z ✔ --seed abc --list (erroring flag BEFORE --list) is still a usage error, exit 2, stdout empty (35.606923ms)
test (24)	Coverage report (informational, not a gate)	2026-08-20T04:26:55.4632268Z ✔ --list --seed=  (empty seed value) is a usage error, exit 2, stdout empty (35.714409ms)
test (24)	Coverage report (informational, not a gate)	2026-08-20T04:26:55.4633792Z ✔ --list --seed "   " (whitespace-only seed value) is a usage error, exit 2, stdout empty (36.99281ms)
test (24)	Coverage report (informational, not a gate)	2026-08-20T04:26:55.4635420Z ✔ --list --nosuchflag (unknown flag) is a usage error, exit 2, stdout empty — --list does not swallow it (36.54875ms)
test (24)	Coverage report (informational, not a gate)	2026-08-20T04:26:55.4637358Z ✔ --nosuchflag --list (unknown flag BEFORE --list) is still a usage error, exit 2, stdout empty (35.734732ms)
test (24)	Coverage report (informational, not a gate)	2026-08-20T04:26:55.4654337Z ✔ plain single-pick output is TWO lines: text, newline, four-space indent, EM DASH, space, author (36.014874ms)
test (24)	Coverage report (informational, not a gate)	2026-08-20T04:26:55.4656214Z ✔ --seed Infinity and --seed -Infinity (typed as CLI strings) are accepted and deterministic (143.408007ms)
test (24)	Coverage report (informational, not a gate)	2026-08-20T04:26:55.4657954Z ✔ --list with a filter that matches nothing is STILL exit 1, stderr only, stdout empty (70.845974ms)
test (24)	Coverage report (informational, not a gate)	2026-08-20T04:26:55.4660169Z ✔ --tag "" (bare empty-string value) matches nothing: whole-tag equality against the literal "" is not a filter no-op (37.500383ms)
test (24)	Coverage report (informational, not a gate)	2026-08-20T04:26:55.4820111Z ﹣ README Node support citation: cited git diff must be empty (or the check must skip on a missing precondition) (23.757843ms) # cited base commit 5f833ab is not reachable in this checkout (this is a shallow clone) -- cannot evaluate the README's Node support citation
test (24)	Coverage report (informational, not a gate)	2026-08-20T04:26:55.4822896Z ✔ --list | true: exits quietly, zero stderr, no crash banner (67.616435ms)
test (24)	Coverage report (informational, not a gate)	2026-08-20T04:26:55.4824206Z ✔ | true (no --list, single aphorism): exits quietly, zero stderr (57.995799ms)
test (24)	Coverage report (informational, not a gate)	2026-08-20T04:26:55.4825543Z ✔ --list | head -0: exits quietly, zero stderr, no crash banner (56.656993ms)
test (24)	Coverage report (informational, not a gate)	2026-08-20T04:26:55.4826905Z ✔ --list | /nonexistent-cmd-xyz: no crash banner from the CLI itself (55.390108ms)
test (24)	Coverage report (informational, not a gate)	2026-08-20T04:26:55.4828397Z ✔ non-EPIPE stdout write failure: reported, not silent, not exit 1, no stack trace (51.917053ms)
test (24)	Coverage report (informational, not a gate)	2026-08-20T04:26:55.4830205Z ✔ usage error survives a closed stderr reader: still exits 2, not clobbered to 1 (167.94125ms)
test (24)	Coverage report (informational, not a gate)	2026-08-20T04:26:55.4831911Z ✔ no-match exit code survives a closed stderr reader: still exits 1, not misreported (126.456266ms)
test (24)	Coverage report (informational, not a gate)	2026-08-20T04:26:55.4838338Z ✔ non-EPIPE stderr write failure: not silent, not the earned exit code, no stack trace (37.051255ms)
test (24)	Coverage report (informational, not a gate)	2026-08-20T04:26:55.4839107Z ✔ control: --list | head -1 stays completely clean (40.11437ms)
test (24)	Coverage report (informational, not a gate)	2026-08-20T04:26:55.4840093Z ✔ control: --list | head -5 stays completely clean (37.125213ms)
test (24)	Coverage report (informational, not a gate)	2026-08-20T04:26:55.4840646Z ✔ control: --list | sed 1q stays completely clean (55.466665ms)
test (24)	Coverage report (informational, not a gate)	2026-08-20T04:26:55.4841185Z ✔ control: --list | grep -q . stays completely clean (49.570568ms)
test (24)	Coverage report (informational, not a gate)	2026-08-20T04:26:55.4841684Z ✔ control: | wc -l stays completely clean (41.112189ms)
test (24)	Coverage report (informational, not a gate)	2026-08-20T04:26:55.4842214Z ✔ control: --list --json | head -2 stays completely clean (40.303561ms)
test (24)	Coverage report (informational, not a gate)	2026-08-20T04:26:55.4842832Z ✔ control: exit 1 / exit 2 stderr messages and codes are unchanged (80.707505ms)
test (24)	Coverage report (informational, not a gate)	2026-08-20T04:26:55.4843842Z ✔ control: a normal (non-full) stdout target still exits 0 with empty stderr (76.639877ms)
test (24)	Coverage report (informational, not a gate)	2026-08-20T04:26:55.4844401Z ✔ README tags must exist in corpus (3.968564ms)
test (24)	Coverage report (informational, not a gate)	2026-08-20T04:26:55.4844826Z ✔ README tag counts must match corpus (0.879495ms)
test (24)	Coverage report (informational, not a gate)	2026-08-20T04:26:55.4845302Z ✔ README must state total unique tags correctly (0.452306ms)
test (24)	Coverage report (informational, not a gate)	2026-08-20T04:26:55.4845842Z ✔ README must correctly describe single-entry tag count (0.493965ms)
test (24)	Coverage report (informational, not a gate)	2026-08-20T04:26:55.4846527Z ✔ README must list all single-entry tags (1.619088ms)
test (24)	Coverage report (informational, not a gate)	2026-08-20T04:26:55.4847484Z ✔ README Tag vocabulary section carries a tag+entry sentence with a single-entry marker (token co-occurrence guard, not a meaning check) (1.081493ms)
test (24)	Coverage report (informational, not a gate)	2026-08-20T04:26:55.4848868Z ✔ extractBandTablesFromReadme tolerates a prose sentence between a band heading and its table (T-025), without mis-attaching a table when the real one is missing (2.520275ms)
test (24)	Coverage report (informational, not a gate)	2026-08-20T04:26:55.4850354Z ✔ extractBandTablesFromReadme does not let a band-shaped PROSE line steal a real heading's table (T-039) (0.318436ms)
test (24)	Coverage report (informational, not a gate)	2026-08-20T04:26:55.4851332Z ✔ extractBandTablesFromReadme does not read a fenced example block as a second, real band table (0.802651ms)
test (24)	Coverage report (informational, not a gate)	2026-08-20T04:26:55.4853218Z ✔ extractBandTablesFromReadme's recognised bands account for every structural `| Tag | Count |` table -- a table under an unrecognised heading shape is a loud mismatch, not a silent miss (0.845882ms)
test (24)	Coverage report (informational, not a gate)	2026-08-20T04:26:55.4854727Z ✔ every `| Tag | Count |` table in the real README Tag vocabulary section is a recognised band table (no table may hide under an unrecognised heading shape) (0.857605ms)
test (24)	Coverage report (informational, not a gate)	2026-08-20T04:26:55.4855855Z ✔ every band table in README Tag vocabulary contains exactly the corpus tags whose count fits that band (1.343813ms)
test (24)	Coverage report (informational, not a gate)	2026-08-20T04:26:55.4856895Z ✔ every corpus tag appearing on 2+ entries must have a row in some band table (no band table may be deleted wholesale) (T-019) (0.48689ms)
test (24)	Coverage report (informational, not a gate)	2026-08-20T04:26:55.4858100Z ✔ extractBandTablesFromReadme derives a band's row count purely from its table, ignoring decoy "N tags" phrases in the heading line (T-024b) (1.0319ms)
test (24)	Coverage report (informational, not a gate)	2026-08-20T04:26:55.4859102Z ✔ README opening sentence must state correct multi-entry and single-entry tag counts (0.568964ms)
test (24)	Coverage report (informational, not a gate)	2026-08-20T04:26:55.4861467Z ✔ README Tag vocabulary section must contain no unrecognised count-claim digits (J-5) (1.326722ms)
test (24)	Coverage report (informational, not a gate)	2026-08-20T04:26:55.4862611Z ✔ README Attribution table "Entries ranked" count must match corpus.length and the triage doc (C1) (2.239489ms)
test (24)	Coverage report (informational, not a gate)	2026-08-20T04:26:55.4864162Z ✔ README Attribution table "Rated HIGH risk" count must match the triage doc table (C2) (0.695541ms)
test (24)	Coverage report (informational, not a gate)	2026-08-20T04:26:55.4865583Z ✔ README Attribution section must contain no digit runs outside the counts table (C7) (0.51887ms)
test (24)	Coverage report (informational, not a gate)	2026-08-20T04:26:55.4866491Z ✔ README Layout section paths must exist on disk (C6) (0.626823ms)
test (24)	Coverage report (informational, not a gate)	2026-08-20T04:26:55.4867415Z ✔ getListBehaviourSection tolerates a reformatted "--list behaviour" heading with no backticks (T-021) (0.591898ms)
test (24)	Coverage report (informational, not a gate)	2026-08-20T04:26:55.4869000Z ✔ getListBehaviourSection still fails on a SEPARATOR MISMATCH (not a heading-parse error) when a reformatted heading's literal is mutated (T-021) (0.450242ms)
test (24)	Coverage report (informational, not a gate)	2026-08-20T04:26:55.4870781Z ✔ getListBehaviourSection reports ambiguity loudly instead of taking the first of two qualifying headings (T-021) (1.760845ms)
test (24)	Coverage report (informational, not a gate)	2026-08-20T04:26:55.4872267Z ✔ getListBehaviourSection does not let "--list-only" satisfy the standalone `--list` token (T-021) (0.300963ms)
test (24)	Coverage report (informational, not a gate)	2026-08-20T04:26:55.4873386Z ✔ getListBehaviourSection tolerates the American spelling "behavior" in the heading (T-027) (0.159138ms)
test (24)	Coverage report (informational, not a gate)	2026-08-20T04:26:55.4874487Z ✔ getListBehaviourSection still fails on a SEPARATOR MISMATCH (not a heading-parse error) under an American-spelled heading (T-027) (0.209812ms)
test (24)	Coverage report (informational, not a gate)	2026-08-20T04:26:55.4875508Z ✔ README `--list` format literal matches the shipped binary's actual --list output (T-017) (64.919081ms)
test (24)	Coverage report (informational, not a gate)	2026-08-20T04:26:55.4876396Z ✔ README `--author` matching section must state the correct count of distinct corpus authors (Q-8) (0.667218ms)
test (24)	Coverage report (informational, not a gate)	2026-08-20T04:26:55.4877228Z ✔ corpus has at least 40 entries (3.62449ms)
test (24)	Coverage report (informational, not a gate)	2026-08-20T04:26:55.4877845Z ✔ every corpus entry has non-empty text, non-empty author, and an array of tags (0.522598ms)
test (24)	Coverage report (informational, not a gate)	2026-08-20T04:26:55.4878782Z ✔ filter: author match is case-insensitive (1.619971ms)
test (24)	Coverage report (informational, not a gate)	2026-08-20T04:26:55.4879831Z ✔ filter: tag match is case-insensitive (0.484116ms)
test (24)	Coverage report (informational, not a gate)	2026-08-20T04:26:55.4880427Z ✔ filter: author and tag together narrow to the intersection (AND) (0.525113ms)
test (24)	Coverage report (informational, not a gate)	2026-08-20T04:26:55.4881208Z ✔ filter: undefined/absent options do not filter (0.225983ms)
test (24)	Coverage report (informational, not a gate)	2026-08-20T04:26:55.4881892Z ✔ pick: same seed over the same candidates always returns the same element (0.64164ms)
test (24)	Coverage report (informational, not a gate)	2026-08-20T04:26:55.4882546Z ✔ pick: different seeds generally produce different results (0.388497ms)
test (24)	Coverage report (informational, not a gate)	2026-08-20T04:26:55.4883137Z ✔ pick: undefined seed picks a valid member (random mode) (0.22417ms)
test (24)	Coverage report (informational, not a gate)	2026-08-20T04:26:55.4883780Z ✔ pick: null seed also triggers random mode and returns a valid member (0.238215ms)
test (24)	Coverage report (informational, not a gate)	2026-08-20T04:26:55.4884378Z ✔ pick: throws RangeError on empty candidates array (0.977639ms)
test (24)	Coverage report (informational, not a gate)	2026-08-20T04:26:55.4884993Z ✔ pick: Infinity seed is deterministic and returns a valid member (0.292256ms)
test (24)	Coverage report (informational, not a gate)	2026-08-20T04:26:55.4886077Z ✔ pick: -Infinity seed is deterministic and returns a valid member (1.386454ms)
test (24)	Coverage report (informational, not a gate)	2026-08-20T04:26:55.4887229Z ✔ pick: NaN seed still uses the random branch and returns a valid member (0.177923ms)
test (24)	Coverage report (informational, not a gate)	2026-08-20T04:26:55.4888015Z ✔ pick: finite seed determinism is unchanged by the non-finite-seed fix (0.581337ms)
test (24)	Coverage report (informational, not a gate)	2026-08-20T04:26:55.4888760Z ✔ pick: every candidate is REACHABLE by an unseeded draw (2.370965ms)
test (24)	Coverage report (informational, not a gate)	2026-08-20T04:26:55.4889733Z ✔ pick: unseeded draws split the interval EQUALLY across candidates (uniform) (1.495016ms)
test (24)	Coverage report (informational, not a gate)	2026-08-20T04:26:55.4890539Z ✔ pick: single-element candidates always returns that element regardless of seed (0.171791ms)
test (24)	Coverage report (informational, not a gate)	2026-08-20T04:26:55.6012124Z ℹ tests 120
test (24)	Coverage report (informational, not a gate)	2026-08-20T04:26:55.6013103Z ℹ suites 0
test (24)	Coverage report (informational, not a gate)	2026-08-20T04:26:55.6013743Z ℹ pass 119
test (24)	Coverage report (informational, not a gate)	2026-08-20T04:26:55.6014270Z ℹ fail 0
test (24)	Coverage report (informational, not a gate)	2026-08-20T04:26:55.6014995Z ℹ cancelled 0
test (24)	Coverage report (informational, not a gate)	2026-08-20T04:26:55.6015660Z ℹ skipped 1
test (24)	Coverage report (informational, not a gate)	2026-08-20T04:26:55.6016264Z ℹ todo 0
test (24)	Coverage report (informational, not a gate)	2026-08-20T04:26:55.6016943Z ℹ duration_ms 3770.19665
test (24)	Coverage report (informational, not a gate)	2026-08-20T04:26:55.6023815Z ℹ start of coverage report
test (24)	Coverage report (informational, not a gate)	2026-08-20T04:26:55.6024739Z ℹ -------------------------------------------------------------
test (24)	Coverage report (informational, not a gate)	2026-08-20T04:26:55.6025763Z ℹ file         | line % | branch % | funcs % | uncovered lines
test (24)	Coverage report (informational, not a gate)	2026-08-20T04:26:55.6026763Z ℹ -------------------------------------------------------------
test (24)	Coverage report (informational, not a gate)	2026-08-20T04:26:55.6027556Z ℹ bin          |        |          |         | 
test (24)	Coverage report (informational, not a gate)	2026-08-20T04:26:55.6028151Z ℹ  aphorism.js | 100.00 |    85.71 |  100.00 | 
test (24)	Coverage report (informational, not a gate)	2026-08-20T04:26:55.6028593Z ℹ src          |        |          |         | 
test (24)	Coverage report (informational, not a gate)	2026-08-20T04:26:55.6029035Z ℹ  args.js     | 100.00 |   100.00 |  100.00 | 
test (24)	Coverage report (informational, not a gate)	2026-08-20T04:26:55.6029799Z ℹ  corpus.js   | 100.00 |   100.00 |  100.00 | 
test (24)	Coverage report (informational, not a gate)	2026-08-20T04:26:55.6030278Z ℹ  select.js   | 100.00 |   100.00 |  100.00 | 
test (24)	Coverage report (informational, not a gate)	2026-08-20T04:26:55.6030775Z ℹ -------------------------------------------------------------
test (24)	Coverage report (informational, not a gate)	2026-08-20T04:26:55.6031272Z ℹ all files    | 100.00 |    98.44 |  100.00 | 
test (24)	Coverage report (informational, not a gate)	2026-08-20T04:26:55.6031762Z ℹ -------------------------------------------------------------
test (24)	Coverage report (informational, not a gate)	2026-08-20T04:26:55.6032159Z ℹ end of coverage report
test (24)	Post Run actions/setup-node@v4	﻿2026-08-20T04:26:55.6211953Z Node 20 is being deprecated. This workflow is running with Node 24 by default. If you need to temporarily use Node 20, you can set the ACTIONS_ALLOW_USE_UNSECURE_NODE_VERSION=true environment variable. For more information see: https://github.blog/changelog/2025-09-19-deprecation-of-node-20-on-github-actions-runners/
test (24)	Post Run actions/setup-node@v4	2026-08-20T04:26:55.6213255Z Post job cleanup.
test (24)	Post Run actions/setup-node@v4	2026-08-20T04:26:55.7482056Z (node:4007) [DEP0040] DeprecationWarning: The `punycode` module is deprecated. Please use a userland alternative instead.
test (24)	Post Run actions/setup-node@v4	2026-08-20T04:26:55.7483548Z (Use `node --trace-deprecation ...` to show where the warning was created)
test (24)	Post Run actions/checkout@v4	﻿2026-08-20T04:26:55.7705206Z Node 20 is being deprecated. This workflow is running with Node 24 by default. If you need to temporarily use Node 20, you can set the ACTIONS_ALLOW_USE_UNSECURE_NODE_VERSION=true environment variable. For more information see: https://github.blog/changelog/2025-09-19-deprecation-of-node-20-on-github-actions-runners/
test (24)	Post Run actions/checkout@v4	2026-08-20T04:26:55.7706474Z Post job cleanup.
test (24)	Post Run actions/checkout@v4	2026-08-20T04:26:55.8602176Z [command]/usr/bin/git version
test (24)	Post Run actions/checkout@v4	2026-08-20T04:26:55.8646621Z git version 2.55.0
test (24)	Post Run actions/checkout@v4	2026-08-20T04:26:55.8688329Z Temporarily overriding HOME='/home/runner/work/_temp/8ff4f73c-9414-42f9-8b3a-f4a5a9743c42' before making global git config changes
test (24)	Post Run actions/checkout@v4	2026-08-20T04:26:55.8690666Z Adding repository directory to the temporary git global config as a safe directory
test (24)	Post Run actions/checkout@v4	2026-08-20T04:26:55.8694006Z [command]/usr/bin/git config --global --add safe.directory /home/runner/work/aphorism-cli/aphorism-cli
test (24)	Post Run actions/checkout@v4	2026-08-20T04:26:55.8736510Z [command]/usr/bin/git config --local --name-only --get-regexp core\.sshCommand
test (24)	Post Run actions/checkout@v4	2026-08-20T04:26:55.8773242Z [command]/usr/bin/git submodule foreach --recursive sh -c "git config --local --name-only --get-regexp 'core\.sshCommand' && git config --local --unset-all 'core.sshCommand' || :"
test (24)	Post Run actions/checkout@v4	2026-08-20T04:26:55.9035718Z [command]/usr/bin/git config --local --name-only --get-regexp http\.https\:\/\/github\.com\/\.extraheader
test (24)	Post Run actions/checkout@v4	2026-08-20T04:26:55.9063159Z http.https://github.com/.extraheader
test (24)	Post Run actions/checkout@v4	2026-08-20T04:26:55.9075999Z [command]/usr/bin/git config --local --unset-all http.https://github.com/.extraheader
test (24)	Post Run actions/checkout@v4	2026-08-20T04:26:55.9112927Z [command]/usr/bin/git submodule foreach --recursive sh -c "git config --local --name-only --get-regexp 'http\.https\:\/\/github\.com\/\.extraheader' && git config --local --unset-all 'http.https://github.com/.extraheader' || :"
test (24)	Post Run actions/checkout@v4	2026-08-20T04:26:55.9417920Z [command]/usr/bin/git config --local --name-only --get-regexp ^includeIf\.gitdir:
test (24)	Post Run actions/checkout@v4	2026-08-20T04:26:55.9459730Z [command]/usr/bin/git submodule foreach --recursive git config --local --show-origin --name-only --get-regexp remote.origin.url
test (24)	Complete job	﻿2026-08-20T04:26:55.9858467Z Cleaning up orphan processes
test (24)	Complete job	2026-08-20T04:26:56.0184426Z ##[warning]Node.js 20 is deprecated. The following actions target Node.js 20 but are being forced to run on Node.js 24: actions/checkout@v4, actions/setup-node@v4. For more information see: https://github.blog/changelog/2025-09-19-deprecation-of-node-20-on-github-actions-runners/
test (18)	Set up job	﻿2026-08-20T04:26:45.5204614Z Current runner version: '2.336.0'
test (18)	Set up job	2026-08-20T04:26:45.5257916Z ##[group]Runner Image Provisioner
test (18)	Set up job	2026-08-20T04:26:45.5258889Z Hosted Compute Agent
test (18)	Set up job	2026-08-20T04:26:45.5259516Z Version: 20260729.566
test (18)	Set up job	2026-08-20T04:26:45.5260231Z Commit: cf7153fe6e25b664e8693c24944bf2b00355d109
test (18)	Set up job	2026-08-20T04:26:45.5261007Z Build Date: 2026-07-29T19:17:02Z
test (18)	Set up job	2026-08-20T04:26:45.5261751Z Worker ID: {c643d305-277e-43ba-afbd-c1318e327e10}
test (18)	Set up job	2026-08-20T04:26:45.5262584Z Azure Region: eastus2
test (18)	Set up job	2026-08-20T04:26:45.5263209Z ##[endgroup]
test (18)	Set up job	2026-08-20T04:26:45.5264647Z ##[group]Operating System
test (18)	Set up job	2026-08-20T04:26:45.5265412Z Ubuntu
test (18)	Set up job	2026-08-20T04:26:45.5265943Z 24.04.4
test (18)	Set up job	2026-08-20T04:26:45.5266555Z LTS
test (18)	Set up job	2026-08-20T04:26:45.5267272Z ##[endgroup]
test (18)	Set up job	2026-08-20T04:26:45.5267884Z ##[group]Runner Image
test (18)	Set up job	2026-08-20T04:26:45.5268519Z Image: ubuntu-24.04
test (18)	Set up job	2026-08-20T04:26:45.5269480Z Version: 20260816.277.1
test (18)	Set up job	2026-08-20T04:26:45.5270725Z Included Software: https://github.com/actions/runner-images/blob/ubuntu24/20260816.277/images/ubuntu/Ubuntu2404-Readme.md
test (18)	Set up job	2026-08-20T04:26:45.5273003Z Image Release: https://github.com/actions/runner-images/releases/tag/ubuntu24%2F20260816.277
test (18)	Set up job	2026-08-20T04:26:45.5274056Z ##[endgroup]
test (18)	Set up job	2026-08-20T04:26:45.5275370Z ##[group]GITHUB_TOKEN Permissions
test (18)	Set up job	2026-08-20T04:26:45.5278565Z Contents: read
test (18)	Set up job	2026-08-20T04:26:45.5279426Z Metadata: read
test (18)	Set up job	2026-08-20T04:26:45.5280364Z Packages: read
test (18)	Set up job	2026-08-20T04:26:45.5281300Z ##[endgroup]
test (18)	Set up job	2026-08-20T04:26:45.5283738Z Secret source: Actions
test (18)	Set up job	2026-08-20T04:26:45.5285061Z Prepare workflow directory
test (18)	Set up job	2026-08-20T04:26:45.5612271Z Prepare all required actions
test (18)	Set up job	2026-08-20T04:26:45.5659367Z Getting action download info
test (18)	Set up job	2026-08-20T04:26:45.7671493Z Download action repository 'actions/checkout@v4' (SHA:11d5960a326750d5838078e36cf38b85af677262)
test (18)	Set up job	2026-08-20T04:26:45.8674570Z Download action repository 'actions/setup-node@v4' (SHA:49933ea5288caeca8642d1e84afbd3f7d6820020)
test (18)	Set up job	2026-08-20T04:26:46.0600137Z Complete job name: test (18)
test (18)	Run actions/checkout@v4	﻿2026-08-20T04:26:46.1391024Z Node 20 is being deprecated. This workflow is running with Node 24 by default. If you need to temporarily use Node 20, you can set the ACTIONS_ALLOW_USE_UNSECURE_NODE_VERSION=true environment variable. For more information see: https://github.blog/changelog/2025-09-19-deprecation-of-node-20-on-github-actions-runners/
test (18)	Run actions/checkout@v4	2026-08-20T04:26:46.1399754Z ##[group]Run actions/checkout@v4
test (18)	Run actions/checkout@v4	2026-08-20T04:26:46.1400504Z with:
test (18)	Run actions/checkout@v4	2026-08-20T04:26:46.1400962Z   repository: trmnmc/aphorism-cli
test (18)	Run actions/checkout@v4	2026-08-20T04:26:46.1404950Z   token: ***
test (18)	Run actions/checkout@v4	2026-08-20T04:26:46.1405399Z   ssh-strict: true
test (18)	Run actions/checkout@v4	2026-08-20T04:26:46.1405841Z   ssh-user: git
test (18)	Run actions/checkout@v4	2026-08-20T04:26:46.1406294Z   persist-credentials: true
test (18)	Run actions/checkout@v4	2026-08-20T04:26:46.1406933Z   clean: true
test (18)	Run actions/checkout@v4	2026-08-20T04:26:46.1407387Z   sparse-checkout-cone-mode: true
test (18)	Run actions/checkout@v4	2026-08-20T04:26:46.1407918Z   fetch-depth: 1
test (18)	Run actions/checkout@v4	2026-08-20T04:26:46.1408346Z   fetch-tags: false
test (18)	Run actions/checkout@v4	2026-08-20T04:26:46.1408788Z   show-progress: true
test (18)	Run actions/checkout@v4	2026-08-20T04:26:46.1409234Z   lfs: false
test (18)	Run actions/checkout@v4	2026-08-20T04:26:46.1409649Z   submodules: false
test (18)	Run actions/checkout@v4	2026-08-20T04:26:46.1410157Z   set-safe-directory: true
test (18)	Run actions/checkout@v4	2026-08-20T04:26:46.1410664Z   allow-unsafe-pr-checkout: false
test (18)	Run actions/checkout@v4	2026-08-20T04:26:46.1411371Z ##[endgroup]
test (18)	Run actions/checkout@v4	2026-08-20T04:26:46.2411226Z Syncing repository: trmnmc/aphorism-cli
test (18)	Run actions/checkout@v4	2026-08-20T04:26:46.2413061Z ##[group]Getting Git version info
test (18)	Run actions/checkout@v4	2026-08-20T04:26:46.2413834Z Working directory is '/home/runner/work/aphorism-cli/aphorism-cli'
test (18)	Run actions/checkout@v4	2026-08-20T04:26:46.2414892Z [command]/usr/bin/git version
test (18)	Run actions/checkout@v4	2026-08-20T04:26:46.2459109Z git version 2.55.0
test (18)	Run actions/checkout@v4	2026-08-20T04:26:46.2480227Z ##[endgroup]
test (18)	Run actions/checkout@v4	2026-08-20T04:26:46.2494779Z Temporarily overriding HOME='/home/runner/work/_temp/7601267f-8022-4925-a815-5e88343971cb' before making global git config changes
test (18)	Run actions/checkout@v4	2026-08-20T04:26:46.2497263Z Adding repository directory to the temporary git global config as a safe directory
test (18)	Run actions/checkout@v4	2026-08-20T04:26:46.2500405Z [command]/usr/bin/git config --global --add safe.directory /home/runner/work/aphorism-cli/aphorism-cli
test (18)	Run actions/checkout@v4	2026-08-20T04:26:46.2550910Z Deleting the contents of '/home/runner/work/aphorism-cli/aphorism-cli'
test (18)	Run actions/checkout@v4	2026-08-20T04:26:46.2555179Z ##[group]Initializing the repository
test (18)	Run actions/checkout@v4	2026-08-20T04:26:46.2561292Z [command]/usr/bin/git init /home/runner/work/aphorism-cli/aphorism-cli
test (18)	Run actions/checkout@v4	2026-08-20T04:26:46.2651360Z hint: Using 'master' as the name for the initial branch. This default branch name
test (18)	Run actions/checkout@v4	2026-08-20T04:26:46.2653140Z hint: will change to "main" in Git 3.0. To configure the initial branch name
test (18)	Run actions/checkout@v4	2026-08-20T04:26:46.2654776Z hint: to use in all of your new repositories, which will suppress this warning,
test (18)	Run actions/checkout@v4	2026-08-20T04:26:46.2656104Z hint: call:
test (18)	Run actions/checkout@v4	2026-08-20T04:26:46.2657064Z hint:
test (18)	Run actions/checkout@v4	2026-08-20T04:26:46.2658371Z hint: 	git config --global init.defaultBranch <name>
test (18)	Run actions/checkout@v4	2026-08-20T04:26:46.2659169Z hint:
test (18)	Run actions/checkout@v4	2026-08-20T04:26:46.2659945Z hint: Names commonly chosen instead of 'master' are 'main', 'trunk' and
test (18)	Run actions/checkout@v4	2026-08-20T04:26:46.2661050Z hint: 'development'. The just-created branch can be renamed via this command:
test (18)	Run actions/checkout@v4	2026-08-20T04:26:46.2661950Z hint:
test (18)	Run actions/checkout@v4	2026-08-20T04:26:46.2662516Z hint: 	git branch -m <name>
test (18)	Run actions/checkout@v4	2026-08-20T04:26:46.2663141Z hint:
test (18)	Run actions/checkout@v4	2026-08-20T04:26:46.2664099Z hint: Disable this message with "git config set advice.defaultBranchName false"
test (18)	Run actions/checkout@v4	2026-08-20T04:26:46.2665587Z Initialized empty Git repository in /home/runner/work/aphorism-cli/aphorism-cli/.git/
test (18)	Run actions/checkout@v4	2026-08-20T04:26:46.2668295Z [command]/usr/bin/git remote add origin https://github.com/trmnmc/aphorism-cli
test (18)	Run actions/checkout@v4	2026-08-20T04:26:46.2709894Z ##[endgroup]
test (18)	Run actions/checkout@v4	2026-08-20T04:26:46.2710705Z ##[group]Disabling automatic garbage collection
test (18)	Run actions/checkout@v4	2026-08-20T04:26:46.2713975Z [command]/usr/bin/git config --local gc.auto 0
test (18)	Run actions/checkout@v4	2026-08-20T04:26:46.2746880Z ##[endgroup]
test (18)	Run actions/checkout@v4	2026-08-20T04:26:46.2747641Z ##[group]Setting up auth
test (18)	Run actions/checkout@v4	2026-08-20T04:26:46.2754444Z [command]/usr/bin/git config --local --name-only --get-regexp core\.sshCommand
test (18)	Run actions/checkout@v4	2026-08-20T04:26:46.2789257Z [command]/usr/bin/git submodule foreach --recursive sh -c "git config --local --name-only --get-regexp 'core\.sshCommand' && git config --local --unset-all 'core.sshCommand' || :"
test (18)	Run actions/checkout@v4	2026-08-20T04:26:46.3138580Z [command]/usr/bin/git config --local --name-only --get-regexp http\.https\:\/\/github\.com\/\.extraheader
test (18)	Run actions/checkout@v4	2026-08-20T04:26:46.3178480Z [command]/usr/bin/git submodule foreach --recursive sh -c "git config --local --name-only --get-regexp 'http\.https\:\/\/github\.com\/\.extraheader' && git config --local --unset-all 'http.https://github.com/.extraheader' || :"
test (18)	Run actions/checkout@v4	2026-08-20T04:26:46.3434957Z [command]/usr/bin/git config --local --name-only --get-regexp ^includeIf\.gitdir:
test (18)	Run actions/checkout@v4	2026-08-20T04:26:46.3474301Z [command]/usr/bin/git submodule foreach --recursive git config --local --show-origin --name-only --get-regexp remote.origin.url
test (18)	Run actions/checkout@v4	2026-08-20T04:26:46.3716417Z [command]/usr/bin/git config --local http.https://github.com/.extraheader AUTHORIZATION: basic ***
test (18)	Run actions/checkout@v4	2026-08-20T04:26:46.3756424Z ##[endgroup]
test (18)	Run actions/checkout@v4	2026-08-20T04:26:46.3757884Z ##[group]Fetching the repository
test (18)	Run actions/checkout@v4	2026-08-20T04:26:46.3767599Z [command]/usr/bin/git -c protocol.version=2 fetch --no-tags --prune --no-recurse-submodules --depth=1 origin +c08562b0a213f5fa526629527d3069b94efa074d:refs/remotes/origin/master
test (18)	Run actions/checkout@v4	2026-08-20T04:26:46.8417405Z From https://github.com/trmnmc/aphorism-cli
test (18)	Run actions/checkout@v4	2026-08-20T04:26:46.8420137Z  * [new ref]         c08562b0a213f5fa526629527d3069b94efa074d -> origin/master
test (18)	Run actions/checkout@v4	2026-08-20T04:26:46.8426145Z ##[endgroup]
test (18)	Run actions/checkout@v4	2026-08-20T04:26:46.8428348Z ##[group]Determining the checkout info
test (18)	Run actions/checkout@v4	2026-08-20T04:26:46.8430285Z ##[endgroup]
test (18)	Run actions/checkout@v4	2026-08-20T04:26:46.8433152Z [command]/usr/bin/git sparse-checkout disable
test (18)	Run actions/checkout@v4	2026-08-20T04:26:46.8485300Z [command]/usr/bin/git config --local --unset-all extensions.worktreeConfig
test (18)	Run actions/checkout@v4	2026-08-20T04:26:46.8522044Z ##[group]Checking out the ref
test (18)	Run actions/checkout@v4	2026-08-20T04:26:46.8524029Z [command]/usr/bin/git checkout --progress --force -B master refs/remotes/origin/master
test (18)	Run actions/checkout@v4	2026-08-20T04:26:46.9421694Z Reset branch 'master'
test (18)	Run actions/checkout@v4	2026-08-20T04:26:46.9424627Z branch 'master' set up to track 'origin/master'.
test (18)	Run actions/checkout@v4	2026-08-20T04:26:46.9434450Z ##[endgroup]
test (18)	Run actions/checkout@v4	2026-08-20T04:26:46.9483454Z [command]/usr/bin/git log -1 --format=%H
test (18)	Run actions/checkout@v4	2026-08-20T04:26:46.9514471Z c08562b0a213f5fa526629527d3069b94efa074d
test (18)	Run actions/setup-node@v4	﻿2026-08-20T04:26:46.9910279Z Node 20 is being deprecated. This workflow is running with Node 24 by default. If you need to temporarily use Node 20, you can set the ACTIONS_ALLOW_USE_UNSECURE_NODE_VERSION=true environment variable. For more information see: https://github.blog/changelog/2025-09-19-deprecation-of-node-20-on-github-actions-runners/
test (18)	Run actions/setup-node@v4	2026-08-20T04:26:46.9916271Z ##[group]Run actions/setup-node@v4
test (18)	Run actions/setup-node@v4	2026-08-20T04:26:46.9917633Z with:
test (18)	Run actions/setup-node@v4	2026-08-20T04:26:46.9918576Z   node-version: 18
test (18)	Run actions/setup-node@v4	2026-08-20T04:26:46.9919542Z   always-auth: false
test (18)	Run actions/setup-node@v4	2026-08-20T04:26:46.9920533Z   check-latest: false
test (18)	Run actions/setup-node@v4	2026-08-20T04:26:46.9929942Z   token: ***
test (18)	Run actions/setup-node@v4	2026-08-20T04:26:46.9930855Z ##[endgroup]
test (18)	Run actions/setup-node@v4	2026-08-20T04:26:47.1347369Z Attempting to download 18...
test (18)	Run actions/setup-node@v4	2026-08-20T04:26:47.1450329Z (node:2193) [DEP0040] DeprecationWarning: The `punycode` module is deprecated. Please use a userland alternative instead.
test (18)	Run actions/setup-node@v4	2026-08-20T04:26:47.1453233Z (Use `node --trace-deprecation ...` to show where the warning was created)
test (18)	Run actions/setup-node@v4	2026-08-20T04:26:47.4977689Z Acquiring 18.20.8 - x64 from https://github.com/actions/node-versions/releases/download/18.20.8-14110393767/node-18.20.8-linux-x64.tar.gz
test (18)	Run actions/setup-node@v4	2026-08-20T04:26:47.8728851Z Extracting ...
test (18)	Run actions/setup-node@v4	2026-08-20T04:26:47.8870498Z [command]/usr/bin/tar xz --strip 1 --warning=no-unknown-keyword --overwrite -C /home/runner/work/_temp/c614bf3d-5f8e-4780-8494-3d5415423b14 -f /home/runner/work/_temp/be8d071f-34c7-40ef-923d-57af8d065c54
test (18)	Run actions/setup-node@v4	2026-08-20T04:26:48.9435413Z Adding to the cache ...
test (18)	Run actions/setup-node@v4	2026-08-20T04:26:50.4447269Z ##[group]Environment details
test (18)	Run actions/setup-node@v4	2026-08-20T04:26:50.6830275Z node: v18.20.8
test (18)	Run actions/setup-node@v4	2026-08-20T04:26:50.6831068Z npm: 10.8.2
test (18)	Run actions/setup-node@v4	2026-08-20T04:26:50.6831387Z yarn: 1.22.22
test (18)	Run actions/setup-node@v4	2026-08-20T04:26:50.6832145Z ##[endgroup]
test (18)	Assert the test glob matches at least one file	﻿2026-08-20T04:26:50.7038162Z ##[group]Run ls test/*.test.js
test (18)	Assert the test glob matches at least one file	2026-08-20T04:26:50.7038566Z [36;1mls test/*.test.js[0m
test (18)	Assert the test glob matches at least one file	2026-08-20T04:26:50.7085068Z shell: /usr/bin/bash -e {0}
test (18)	Assert the test glob matches at least one file	2026-08-20T04:26:50.7085382Z ##[endgroup]
test (18)	Assert the test glob matches at least one file	2026-08-20T04:26:50.7192263Z test/args.test.js
test (18)	Assert the test glob matches at least one file	2026-08-20T04:26:50.7192670Z test/cli.test.js
test (18)	Assert the test glob matches at least one file	2026-08-20T04:26:50.7193037Z test/node-support-citation.test.js
test (18)	Assert the test glob matches at least one file	2026-08-20T04:26:50.7193367Z test/pipe.test.js
test (18)	Assert the test glob matches at least one file	2026-08-20T04:26:50.7193674Z test/readme-tags.test.js
test (18)	Assert the test glob matches at least one file	2026-08-20T04:26:50.7193981Z test/select.test.js
test (18)	Run node --test test/*.test.js	﻿2026-08-20T04:26:50.7275764Z ##[group]Run node --test test/*.test.js
test (18)	Run node --test test/*.test.js	2026-08-20T04:26:50.7276138Z [36;1mnode --test test/*.test.js[0m
test (18)	Run node --test test/*.test.js	2026-08-20T04:26:50.7316254Z shell: /usr/bin/bash -e {0}
test (18)	Run node --test test/*.test.js	2026-08-20T04:26:50.7316555Z ##[endgroup]
test (18)	Run node --test test/*.test.js	2026-08-20T04:26:50.7828081Z TAP version 13
test (18)	Run node --test test/*.test.js	2026-08-20T04:26:50.8460207Z # Subtest: zero args: no error, no filters set
test (18)	Run node --test test/*.test.js	2026-08-20T04:26:50.8487655Z ok 1 - zero args: no error, no filters set
test (18)	Run node --test test/*.test.js	2026-08-20T04:26:50.8517354Z   ---
test (18)	Run node --test test/*.test.js	2026-08-20T04:26:50.8543894Z   duration_ms: 1.853055
test (18)	Run node --test test/*.test.js	2026-08-20T04:26:50.8567518Z   ...
test (18)	Run node --test test/*.test.js	2026-08-20T04:26:50.8568225Z # Subtest: --author <name> sets author string
test (18)	Run node --test test/*.test.js	2026-08-20T04:26:50.8579208Z ok 2 - --author <name> sets author string
test (18)	Run node --test test/*.test.js	2026-08-20T04:26:50.8580052Z   ---
test (18)	Run node --test test/*.test.js	2026-08-20T04:26:50.8580608Z   duration_ms: 0.305152
test (18)	Run node --test test/*.test.js	2026-08-20T04:26:50.8581404Z   ...
test (18)	Run node --test test/*.test.js	2026-08-20T04:26:50.8582262Z # Subtest: --author=<name> equals form sets author string
test (18)	Run node --test test/*.test.js	2026-08-20T04:26:50.8583406Z ok 3 - --author=<name> equals form sets author string
test (18)	Run node --test test/*.test.js	2026-08-20T04:26:50.8584235Z   ---
test (18)	Run node --test test/*.test.js	2026-08-20T04:26:50.8584802Z   duration_ms: 0.158155
test (18)	Run node --test test/*.test.js	2026-08-20T04:26:50.8585462Z   ...
test (18)	Run node --test test/*.test.js	2026-08-20T04:26:50.8586166Z # Subtest: --tag <tag> sets tag string
test (18)	Run node --test test/*.test.js	2026-08-20T04:26:50.8587276Z ok 4 - --tag <tag> sets tag string
test (18)	Run node --test test/*.test.js	2026-08-20T04:26:50.8588184Z   ---
test (18)	Run node --test test/*.test.js	2026-08-20T04:26:50.8589064Z   duration_ms: 1.659208
test (18)	Run node --test test/*.test.js	2026-08-20T04:26:50.8589970Z   ...
test (18)	Run node --test test/*.test.js	2026-08-20T04:26:50.8591007Z # Subtest: --tag=<tag> equals form sets tag string
test (18)	Run node --test test/*.test.js	2026-08-20T04:26:50.8592217Z ok 5 - --tag=<tag> equals form sets tag string
test (18)	Run node --test test/*.test.js	2026-08-20T04:26:50.8593042Z   ---
test (18)	Run node --test test/*.test.js	2026-08-20T04:26:50.8593721Z   duration_ms: 0.177804
test (18)	Run node --test test/*.test.js	2026-08-20T04:26:50.8594457Z   ...
test (18)	Run node --test test/*.test.js	2026-08-20T04:26:50.8595231Z # Subtest: combined --author X --tag Y sets both
test (18)	Run node --test test/*.test.js	2026-08-20T04:26:50.8597335Z ok 6 - combined --author X --tag Y sets both
test (18)	Run node --test test/*.test.js	2026-08-20T04:26:50.8598197Z   ---
test (18)	Run node --test test/*.test.js	2026-08-20T04:26:50.8598843Z   duration_ms: 0.187487
test (18)	Run node --test test/*.test.js	2026-08-20T04:26:50.8599475Z   ...
test (18)	Run node --test test/*.test.js	2026-08-20T04:26:50.8600183Z # Subtest: --seed <n> parses as a number
test (18)	Run node --test test/*.test.js	2026-08-20T04:26:50.8601745Z ok 7 - --seed <n> parses as a number
test (18)	Run node --test test/*.test.js	2026-08-20T04:26:50.8602517Z   ---
test (18)	Run node --test test/*.test.js	2026-08-20T04:26:50.8603259Z   duration_ms: 0.19578
test (18)	Run node --test test/*.test.js	2026-08-20T04:26:50.8603888Z   ...
test (18)	Run node --test test/*.test.js	2026-08-20T04:26:50.8604651Z # Subtest: --seed=<n> equals form parses as a number
test (18)	Run node --test test/*.test.js	2026-08-20T04:26:50.8605739Z ok 8 - --seed=<n> equals form parses as a number
test (18)	Run node --test test/*.test.js	2026-08-20T04:26:50.8606575Z   ---
test (18)	Run node --test test/*.test.js	2026-08-20T04:26:50.8607318Z   duration_ms: 0.180337
test (18)	Run node --test test/*.test.js	2026-08-20T04:26:50.8607895Z   ...
test (18)	Run node --test test/*.test.js	2026-08-20T04:26:50.8608585Z # Subtest: --seed <n> accepts a negative number
test (18)	Run node --test test/*.test.js	2026-08-20T04:26:50.8609421Z ok 9 - --seed <n> accepts a negative number
test (18)	Run node --test test/*.test.js	2026-08-20T04:26:50.8618734Z   ---
test (18)	Run node --test test/*.test.js	2026-08-20T04:26:50.8619365Z   duration_ms: 0.396948
test (18)	Run node --test test/*.test.js	2026-08-20T04:26:50.8620010Z   ...
test (18)	Run node --test test/*.test.js	2026-08-20T04:26:50.8620835Z # Subtest: --seed=<n> equals form accepts a negative number
test (18)	Run node --test test/*.test.js	2026-08-20T04:26:50.8621863Z ok 10 - --seed=<n> equals form accepts a negative number
test (18)	Run node --test test/*.test.js	2026-08-20T04:26:50.8622704Z   ---
test (18)	Run node --test test/*.test.js	2026-08-20T04:26:50.8623327Z   duration_ms: 0.335407
test (18)	Run node --test test/*.test.js	2026-08-20T04:26:50.8624027Z   ...
test (18)	Run node --test test/*.test.js	2026-08-20T04:26:50.8624752Z # Subtest: non-numeric --seed is a usage error
test (18)	Run node --test test/*.test.js	2026-08-20T04:26:50.8625726Z ok 11 - non-numeric --seed is a usage error
test (18)	Run node --test test/*.test.js	2026-08-20T04:26:50.8626490Z   ---
test (18)	Run node --test test/*.test.js	2026-08-20T04:26:50.8627457Z   duration_ms: 0.352342
test (18)	Run node --test test/*.test.js	2026-08-20T04:26:50.8628173Z   ...
test (18)	Run node --test test/*.test.js	2026-08-20T04:26:50.8629017Z # Subtest: non-numeric --seed= equals form is a usage error
test (18)	Run node --test test/*.test.js	2026-08-20T04:26:50.8630084Z ok 12 - non-numeric --seed= equals form is a usage error
test (18)	Run node --test test/*.test.js	2026-08-20T04:26:50.8630857Z   ---
test (18)	Run node --test test/*.test.js	2026-08-20T04:26:50.8631425Z   duration_ms: 0.231443
test (18)	Run node --test test/*.test.js	2026-08-20T04:26:50.8632022Z   ...
test (18)	Run node --test test/*.test.js	2026-08-20T04:26:50.8632718Z # Subtest: --list sets list: true
test (18)	Run node --test test/*.test.js	2026-08-20T04:26:50.8633562Z ok 13 - --list sets list: true
test (18)	Run node --test test/*.test.js	2026-08-20T04:26:50.8634216Z   ---
test (18)	Run node --test test/*.test.js	2026-08-20T04:26:50.8634810Z   duration_ms: 0.15497
test (18)	Run node --test test/*.test.js	2026-08-20T04:26:50.8635459Z   ...
test (18)	Run node --test test/*.test.js	2026-08-20T04:26:50.8636146Z # Subtest: --json sets json: true
test (18)	Run node --test test/*.test.js	2026-08-20T04:26:50.8637582Z ok 14 - --json sets json: true
test (18)	Run node --test test/*.test.js	2026-08-20T04:26:50.8638224Z   ---
test (18)	Run node --test test/*.test.js	2026-08-20T04:26:50.8638777Z   duration_ms: 0.289909
test (18)	Run node --test test/*.test.js	2026-08-20T04:26:50.8639335Z   ...
test (18)	Run node --test test/*.test.js	2026-08-20T04:26:50.8639981Z # Subtest: --help sets help: true
test (18)	Run node --test test/*.test.js	2026-08-20T04:26:50.8641437Z ok 15 - --help sets help: true
test (18)	Run node --test test/*.test.js	2026-08-20T04:26:50.8642147Z   ---
test (18)	Run node --test test/*.test.js	2026-08-20T04:26:50.8642946Z   duration_ms: 0.139607
test (18)	Run node --test test/*.test.js	2026-08-20T04:26:50.8643629Z   ...
test (18)	Run node --test test/*.test.js	2026-08-20T04:26:50.8644262Z # Subtest: -h sets help: true
test (18)	Run node --test test/*.test.js	2026-08-20T04:26:50.8645008Z ok 16 - -h sets help: true
test (18)	Run node --test test/*.test.js	2026-08-20T04:26:50.8645601Z   ---
test (18)	Run node --test test/*.test.js	2026-08-20T04:26:50.8646154Z   duration_ms: 0.11473
test (18)	Run node --test test/*.test.js	2026-08-20T04:26:50.8646985Z   ...
test (18)	Run node --test test/*.test.js	2026-08-20T04:26:50.8647719Z # Subtest: unknown flag is a usage error
test (18)	Run node --test test/*.test.js	2026-08-20T04:26:50.8648592Z ok 17 - unknown flag is a usage error
test (18)	Run node --test test/*.test.js	2026-08-20T04:26:50.8649324Z   ---
test (18)	Run node --test test/*.test.js	2026-08-20T04:26:50.8649932Z   duration_ms: 0.260536
test (18)	Run node --test test/*.test.js	2026-08-20T04:26:50.8650607Z   ...
test (18)	Run node --test test/*.test.js	2026-08-20T04:26:50.8651454Z # Subtest: unknown short flag is a usage error
test (18)	Run node --test test/*.test.js	2026-08-20T04:26:50.8652466Z ok 18 - unknown short flag is a usage error
test (18)	Run node --test test/*.test.js	2026-08-20T04:26:50.8653220Z   ---
test (18)	Run node --test test/*.test.js	2026-08-20T04:26:50.8653850Z   duration_ms: 0.232235
test (18)	Run node --test test/*.test.js	2026-08-20T04:26:50.8654505Z   ...
test (18)	Run node --test test/*.test.js	2026-08-20T04:26:50.8655484Z # Subtest: --author missing value at end of argv is a usage error
test (18)	Run node --test test/*.test.js	2026-08-20T04:26:50.8657136Z ok 19 - --author missing value at end of argv is a usage error
test (18)	Run node --test test/*.test.js	2026-08-20T04:26:50.8658268Z   ---
test (18)	Run node --test test/*.test.js	2026-08-20T04:26:50.8658966Z   duration_ms: 0.150844
test (18)	Run node --test test/*.test.js	2026-08-20T04:26:50.8659708Z   ...
test (18)	Run node --test test/*.test.js	2026-08-20T04:26:50.8661029Z # Subtest: --tag missing value because next token is another flag is a usage error
test (18)	Run node --test test/*.test.js	2026-08-20T04:26:50.8662678Z ok 20 - --tag missing value because next token is another flag is a usage error
test (18)	Run node --test test/*.test.js	2026-08-20T04:26:50.8663567Z   ---
test (18)	Run node --test test/*.test.js	2026-08-20T04:26:50.8664770Z   duration_ms: 0.217913
test (18)	Run node --test test/*.test.js	2026-08-20T04:26:50.8665362Z   ...
test (18)	Run node --test test/*.test.js	2026-08-20T04:26:50.8666232Z # Subtest: --seed missing value at end of argv is a usage error
test (18)	Run node --test test/*.test.js	2026-08-20T04:26:50.8667703Z ok 21 - --seed missing value at end of argv is a usage error
test (18)	Run node --test test/*.test.js	2026-08-20T04:26:50.8668555Z   ---
test (18)	Run node --test test/*.test.js	2026-08-20T04:26:50.8669146Z   duration_ms: 0.177553
test (18)	Run node --test test/*.test.js	2026-08-20T04:26:50.8670114Z   ...
test (18)	Run node --test test/*.test.js	2026-08-20T04:26:50.8670915Z # Subtest: --author= with empty value is a usage error
test (18)	Run node --test test/*.test.js	2026-08-20T04:26:50.8671962Z ok 22 - --author= with empty value is a usage error
test (18)	Run node --test test/*.test.js	2026-08-20T04:26:50.8672745Z   ---
test (18)	Run node --test test/*.test.js	2026-08-20T04:26:50.8673326Z   duration_ms: 0.111165
test (18)	Run node --test test/*.test.js	2026-08-20T04:26:50.8673947Z   ...
test (18)	Run node --test test/*.test.js	2026-08-20T04:26:50.8674853Z # Subtest: a bare positional argument (not a flag) is a usage error
test (18)	Run node --test test/*.test.js	2026-08-20T04:26:50.8676175Z ok 23 - a bare positional argument (not a flag) is a usage error
test (18)	Run node --test test/*.test.js	2026-08-20T04:26:50.8677878Z   ---
test (18)	Run node --test test/*.test.js	2026-08-20T04:26:50.8678544Z   duration_ms: 0.122872
test (18)	Run node --test test/*.test.js	2026-08-20T04:26:50.8679195Z   ...
test (18)	Run node --test test/*.test.js	2026-08-20T04:26:50.8680002Z # Subtest: parseArgs never throws on malformed input
test (18)	Run node --test test/*.test.js	2026-08-20T04:26:50.8681014Z ok 24 - parseArgs never throws on malformed input
test (18)	Run node --test test/*.test.js	2026-08-20T04:26:50.8681764Z   ---
test (18)	Run node --test test/*.test.js	2026-08-20T04:26:50.8682318Z   duration_ms: 0.408966
test (18)	Run node --test test/*.test.js	2026-08-20T04:26:50.8682908Z   ...
test (18)	Run node --test test/*.test.js	2026-08-20T04:26:50.8683771Z # Subtest: absent options are undefined/false, never null
test (18)	Run node --test test/*.test.js	2026-08-20T04:26:50.8684786Z ok 25 - absent options are undefined/false, never null
test (18)	Run node --test test/*.test.js	2026-08-20T04:26:50.8696141Z   ---
test (18)	Run node --test test/*.test.js	2026-08-20T04:26:50.8697097Z   duration_ms: 0.171554
test (18)	Run node --test test/*.test.js	2026-08-20T04:26:50.8697828Z   ...
test (18)	Run node --test test/*.test.js	2026-08-20T04:26:50.8698749Z # Subtest: HELP is a non-empty string mentioning every flag name
test (18)	Run node --test test/*.test.js	2026-08-20T04:26:50.8699904Z ok 26 - HELP is a non-empty string mentioning every flag name
test (18)	Run node --test test/*.test.js	2026-08-20T04:26:50.8700807Z   ---
test (18)	Run node --test test/*.test.js	2026-08-20T04:26:50.8701397Z   duration_ms: 1.083645
test (18)	Run node --test test/*.test.js	2026-08-20T04:26:50.8702043Z   ...
test (18)	Run node --test test/*.test.js	2026-08-20T04:26:50.8702901Z # Subtest: HELP fits comfortably on one 24-line terminal screen
test (18)	Run node --test test/*.test.js	2026-08-20T04:26:50.8704108Z ok 27 - HELP fits comfortably on one 24-line terminal screen
test (18)	Run node --test test/*.test.js	2026-08-20T04:26:50.8705023Z   ---
test (18)	Run node --test test/*.test.js	2026-08-20T04:26:50.8705661Z   duration_ms: 0.097905
test (18)	Run node --test test/*.test.js	2026-08-20T04:26:50.8706266Z   ...
test (18)	Run node --test test/*.test.js	2026-08-20T04:26:50.8707644Z # Subtest: --seed Infinity / --seed -Infinity parse to numbers, not a usage error
test (18)	Run node --test test/*.test.js	2026-08-20T04:26:50.8709107Z ok 28 - --seed Infinity / --seed -Infinity parse to numbers, not a usage error
test (18)	Run node --test test/*.test.js	2026-08-20T04:26:50.8710173Z   ---
test (18)	Run node --test test/*.test.js	2026-08-20T04:26:50.8711058Z   duration_ms: 0.119187
test (18)	Run node --test test/*.test.js	2026-08-20T04:26:50.8711894Z   ...
test (18)	Run node --test test/*.test.js	2026-08-20T04:26:54.0094618Z # Subtest: bare invocation prints one attributed aphorism and exits 0
test (18)	Run node --test test/*.test.js	2026-08-20T04:26:54.0118363Z ok 29 - bare invocation prints one attributed aphorism and exits 0
test (18)	Run node --test test/*.test.js	2026-08-20T04:26:54.0119210Z   ---
test (18)	Run node --test test/*.test.js	2026-08-20T04:26:54.0119831Z   duration_ms: 46.833104
test (18)	Run node --test test/*.test.js	2026-08-20T04:26:54.0120627Z   ...
test (18)	Run node --test test/*.test.js	2026-08-20T04:26:54.0121493Z # Subtest: --seed is deterministic across separate processes
test (18)	Run node --test test/*.test.js	2026-08-20T04:26:54.0122535Z ok 30 - --seed is deterministic across separate processes
test (18)	Run node --test test/*.test.js	2026-08-20T04:26:54.0123343Z   ---
test (18)	Run node --test test/*.test.js	2026-08-20T04:26:54.0123928Z   duration_ms: 87.249722
test (18)	Run node --test test/*.test.js	2026-08-20T04:26:54.0124536Z   ...
test (18)	Run node --test test/*.test.js	2026-08-20T04:26:54.0125335Z # Subtest: different seeds do not all collapse to one aphorism
test (18)	Run node --test test/*.test.js	2026-08-20T04:26:54.0126371Z ok 31 - different seeds do not all collapse to one aphorism
test (18)	Run node --test test/*.test.js	2026-08-20T04:26:54.0127369Z   ---
test (18)	Run node --test test/*.test.js	2026-08-20T04:26:54.0127896Z   duration_ms: 480.143412
test (18)	Run node --test test/*.test.js	2026-08-20T04:26:54.0128485Z   ...
test (18)	Run node --test test/*.test.js	2026-08-20T04:26:54.0129314Z # Subtest: --json emits a single-line JSON object with text/author/tags
test (18)	Run node --test test/*.test.js	2026-08-20T04:26:54.0130492Z ok 32 - --json emits a single-line JSON object with text/author/tags
test (18)	Run node --test test/*.test.js	2026-08-20T04:26:54.0131266Z   ---
test (18)	Run node --test test/*.test.js	2026-08-20T04:26:54.0131776Z   duration_ms: 42.330423
test (18)	Run node --test test/*.test.js	2026-08-20T04:26:54.0132321Z   ...
test (18)	Run node --test test/*.test.js	2026-08-20T04:26:54.0133017Z # Subtest: --list prints every entry in the filtered set
test (18)	Run node --test test/*.test.js	2026-08-20T04:26:54.0133942Z ok 33 - --list prints every entry in the filtered set
test (18)	Run node --test test/*.test.js	2026-08-20T04:26:54.0134635Z   ---
test (18)	Run node --test test/*.test.js	2026-08-20T04:26:54.0135126Z   duration_ms: 46.799585
test (18)	Run node --test test/*.test.js	2026-08-20T04:26:54.0135658Z   ...
test (18)	Run node --test test/*.test.js	2026-08-20T04:26:54.0136329Z # Subtest: --help prints usage to stdout and exits 0
test (18)	Run node --test test/*.test.js	2026-08-20T04:26:54.0137382Z ok 34 - --help prints usage to stdout and exits 0
test (18)	Run node --test test/*.test.js	2026-08-20T04:26:54.0138049Z   ---
test (18)	Run node --test test/*.test.js	2026-08-20T04:26:54.0138585Z   duration_ms: 32.348225
test (18)	Run node --test test/*.test.js	2026-08-20T04:26:54.0139260Z   ...
test (18)	Run node --test test/*.test.js	2026-08-20T04:26:54.0140108Z # Subtest: no match exits 1 with stderr only and zero bytes on stdout
test (18)	Run node --test test/*.test.js	2026-08-20T04:26:54.0141612Z ok 35 - no match exits 1 with stderr only and zero bytes on stdout
test (18)	Run node --test test/*.test.js	2026-08-20T04:26:54.0142375Z   ---
test (18)	Run node --test test/*.test.js	2026-08-20T04:26:54.0142900Z   duration_ms: 31.143399
test (18)	Run node --test test/*.test.js	2026-08-20T04:26:54.0143435Z   ...
test (18)	Run node --test test/*.test.js	2026-08-20T04:26:54.0144167Z # Subtest: unknown flag is a usage error, exit 2, stdout clean
test (18)	Run node --test test/*.test.js	2026-08-20T04:26:54.0145131Z ok 36 - unknown flag is a usage error, exit 2, stdout clean
test (18)	Run node --test test/*.test.js	2026-08-20T04:26:54.0145854Z   ---
test (18)	Run node --test test/*.test.js	2026-08-20T04:26:54.0146364Z   duration_ms: 30.544122
test (18)	Run node --test test/*.test.js	2026-08-20T04:26:54.0147168Z   ...
test (18)	Run node --test test/*.test.js	2026-08-20T04:26:54.0147879Z # Subtest: non-numeric seed is a usage error, exit 2
test (18)	Run node --test test/*.test.js	2026-08-20T04:26:54.0148738Z ok 37 - non-numeric seed is a usage error, exit 2
test (18)	Run node --test test/*.test.js	2026-08-20T04:26:54.0149435Z   ---
test (18)	Run node --test test/*.test.js	2026-08-20T04:26:54.0149943Z   duration_ms: 32.87124
test (18)	Run node --test test/*.test.js	2026-08-20T04:26:54.0150476Z   ...
test (18)	Run node --test test/*.test.js	2026-08-20T04:26:54.0151239Z # Subtest: author filter is case-insensitive and narrows the list
test (18)	Run node --test test/*.test.js	2026-08-20T04:26:54.0152267Z ok 38 - author filter is case-insensitive and narrows the list
test (18)	Run node --test test/*.test.js	2026-08-20T04:26:54.0153029Z   ---
test (18)	Run node --test test/*.test.js	2026-08-20T04:26:54.0153578Z   duration_ms: 64.286922
test (18)	Run node --test test/*.test.js	2026-08-20T04:26:54.0154160Z   ...
test (18)	Run node --test test/*.test.js	2026-08-20T04:26:54.0155393Z # Subtest: output is pipe-safe — no ANSI escapes when not a TTY
test (18)	Run node --test test/*.test.js	2026-08-20T04:26:54.0156886Z ok 39 - output is pipe-safe — no ANSI escapes when not a TTY
test (18)	Run node --test test/*.test.js	2026-08-20T04:26:54.0157751Z   ---
test (18)	Run node --test test/*.test.js	2026-08-20T04:26:54.0158286Z   duration_ms: 38.682489
test (18)	Run node --test test/*.test.js	2026-08-20T04:26:54.0158861Z   ...
test (18)	Run node --test test/*.test.js	2026-08-20T04:26:54.0159640Z # Subtest: --tag matches membership, not substring containment
test (18)	Run node --test test/*.test.js	2026-08-20T04:26:54.0160669Z ok 40 - --tag matches membership, not substring containment
test (18)	Run node --test test/*.test.js	2026-08-20T04:26:54.0161450Z   ---
test (18)	Run node --test test/*.test.js	2026-08-20T04:26:54.0161977Z   duration_ms: 64.626807
test (18)	Run node --test test/*.test.js	2026-08-20T04:26:54.0162551Z   ...
test (18)	Run node --test test/*.test.js	2026-08-20T04:26:54.0163387Z # Subtest: --list prints exactly one line per matching entry, no drops
test (18)	Run node --test test/*.test.js	2026-08-20T04:26:54.0164568Z ok 41 - --list prints exactly one line per matching entry, no drops
test (18)	Run node --test test/*.test.js	2026-08-20T04:26:54.0165475Z   ---
test (18)	Run node --test test/*.test.js	2026-08-20T04:26:54.0166024Z   duration_ms: 32.025727
test (18)	Run node --test test/*.test.js	2026-08-20T04:26:54.0166811Z   ...
test (18)	Run node --test test/*.test.js	2026-08-20T04:26:54.0167876Z # Subtest: --list preserves corpus order (first and last line match)
test (18)	Run node --test test/*.test.js	2026-08-20T04:26:54.0168991Z ok 42 - --list preserves corpus order (first and last line match)
test (18)	Run node --test test/*.test.js	2026-08-20T04:26:54.0170119Z   ---
test (18)	Run node --test test/*.test.js	2026-08-20T04:26:54.0170661Z   duration_ms: 31.772311
test (18)	Run node --test test/*.test.js	2026-08-20T04:26:54.0171481Z   ...
test (18)	Run node --test test/*.test.js	2026-08-20T04:26:54.0172430Z # Subtest: --json output is exactly one line, never pretty-printed
test (18)	Run node --test test/*.test.js	2026-08-20T04:26:54.0173572Z ok 43 - --json output is exactly one line, never pretty-printed
test (18)	Run node --test test/*.test.js	2026-08-20T04:26:54.0174378Z   ---
test (18)	Run node --test test/*.test.js	2026-08-20T04:26:54.0174903Z   duration_ms: 31.038594
test (18)	Run node --test test/*.test.js	2026-08-20T04:26:54.0175474Z   ...
test (18)	Run node --test test/*.test.js	2026-08-20T04:26:54.0176511Z # Subtest: --list --json emits newline-delimited JSON, one object per line, in corpus order
test (18)	Run node --test test/*.test.js	2026-08-20T04:26:54.0178142Z ok 44 - --list --json emits newline-delimited JSON, one object per line, in corpus order
test (18)	Run node --test test/*.test.js	2026-08-20T04:26:54.0179059Z   ---
test (18)	Run node --test test/*.test.js	2026-08-20T04:26:54.0179588Z   duration_ms: 32.420472
test (18)	Run node --test test/*.test.js	2026-08-20T04:26:54.0180144Z   ...
test (18)	Run node --test test/*.test.js	2026-08-20T04:26:54.0181352Z # Subtest: --json composes with --seed: the seeded JSON pick is reproducible AND is the same entry as the plain-text pick
test (18)	Run node --test test/*.test.js	2026-08-20T04:26:54.0183242Z ok 45 - --json composes with --seed: the seeded JSON pick is reproducible AND is the same entry as the plain-text pick
test (18)	Run node --test test/*.test.js	2026-08-20T04:26:54.0184390Z   ---
test (18)	Run node --test test/*.test.js	2026-08-20T04:26:54.0184908Z   duration_ms: 561.358685
test (18)	Run node --test test/*.test.js	2026-08-20T04:26:54.0185468Z   ...
test (18)	Run node --test test/*.test.js	2026-08-20T04:26:54.0186491Z # Subtest: --json composes with the filter flags: the JSON pick is always a member of the FILTERED set
test (18)	Run node --test test/*.test.js	2026-08-20T04:26:54.0188312Z ok 46 - --json composes with the filter flags: the JSON pick is always a member of the FILTERED set
test (18)	Run node --test test/*.test.js	2026-08-20T04:26:54.0189276Z   ---
test (18)	Run node --test test/*.test.js	2026-08-20T04:26:54.0189876Z   duration_ms: 740.804567
test (18)	Run node --test test/*.test.js	2026-08-20T04:26:54.0197140Z   ...
test (18)	Run node --test test/*.test.js	2026-08-20T04:26:54.0198215Z # Subtest: --list accepts a valid --seed and IGNORES it: output is byte-identical across seeds
test (18)	Run node --test test/*.test.js	2026-08-20T04:26:54.0199653Z ok 47 - --list accepts a valid --seed and IGNORES it: output is byte-identical across seeds
test (18)	Run node --test test/*.test.js	2026-08-20T04:26:54.0200889Z   ---
test (18)	Run node --test test/*.test.js	2026-08-20T04:26:54.0201417Z   duration_ms: 313.384876
test (18)	Run node --test test/*.test.js	2026-08-20T04:26:54.0201983Z   ...
test (18)	Run node --test test/*.test.js	2026-08-20T04:26:54.0202989Z # Subtest: --list --seed abc is a usage error, exit 2, stdout empty, stderr carries the diagnostic
test (18)	Run node --test test/*.test.js	2026-08-20T04:26:54.0204513Z ok 48 - --list --seed abc is a usage error, exit 2, stdout empty, stderr carries the diagnostic
test (18)	Run node --test test/*.test.js	2026-08-20T04:26:54.0205471Z   ---
test (18)	Run node --test test/*.test.js	2026-08-20T04:26:54.0205991Z   duration_ms: 31.531294
test (18)	Run node --test test/*.test.js	2026-08-20T04:26:54.0206573Z   ...
test (18)	Run node --test test/*.test.js	2026-08-20T04:26:54.0207874Z # Subtest: --seed abc --list (erroring flag BEFORE --list) is still a usage error, exit 2, stdout empty
test (18)	Run node --test test/*.test.js	2026-08-20T04:26:54.0209421Z ok 49 - --seed abc --list (erroring flag BEFORE --list) is still a usage error, exit 2, stdout empty
test (18)	Run node --test test/*.test.js	2026-08-20T04:26:54.0210456Z   ---
test (18)	Run node --test test/*.test.js	2026-08-20T04:26:54.0210991Z   duration_ms: 32.010254
test (18)	Run node --test test/*.test.js	2026-08-20T04:26:54.0211586Z   ...
test (18)	Run node --test test/*.test.js	2026-08-20T04:26:54.0212507Z # Subtest: --list --seed=  (empty seed value) is a usage error, exit 2, stdout empty
test (18)	Run node --test test/*.test.js	2026-08-20T04:26:54.0213862Z ok 50 - --list --seed=  (empty seed value) is a usage error, exit 2, stdout empty
test (18)	Run node --test test/*.test.js	2026-08-20T04:26:54.0214837Z   ---
test (18)	Run node --test test/*.test.js	2026-08-20T04:26:54.0215402Z   duration_ms: 31.036901
test (18)	Run node --test test/*.test.js	2026-08-20T04:26:54.0215996Z   ...
test (18)	Run node --test test/*.test.js	2026-08-20T04:26:54.0217301Z # Subtest: --list --seed "   " (whitespace-only seed value) is a usage error, exit 2, stdout empty
test (18)	Run node --test test/*.test.js	2026-08-20T04:26:54.0218785Z ok 51 - --list --seed "   " (whitespace-only seed value) is a usage error, exit 2, stdout empty
test (18)	Run node --test test/*.test.js	2026-08-20T04:26:54.0219751Z   ---
test (18)	Run node --test test/*.test.js	2026-08-20T04:26:54.0220287Z   duration_ms: 31.080476
test (18)	Run node --test test/*.test.js	2026-08-20T04:26:54.0220867Z   ...
test (18)	Run node --test test/*.test.js	2026-08-20T04:26:54.0222508Z # Subtest: --list --nosuchflag (unknown flag) is a usage error, exit 2, stdout empty — --list does not swallow it
test (18)	Run node --test test/*.test.js	2026-08-20T04:26:54.0224374Z ok 52 - --list --nosuchflag (unknown flag) is a usage error, exit 2, stdout empty — --list does not swallow it
test (18)	Run node --test test/*.test.js	2026-08-20T04:26:54.0225328Z   ---
test (18)	Run node --test test/*.test.js	2026-08-20T04:26:54.0225696Z   duration_ms: 31.257709
test (18)	Run node --test test/*.test.js	2026-08-20T04:26:54.0226080Z   ...
test (18)	Run node --test test/*.test.js	2026-08-20T04:26:54.0227142Z # Subtest: --nosuchflag --list (unknown flag BEFORE --list) is still a usage error, exit 2, stdout empty
test (18)	Run node --test test/*.test.js	2026-08-20T04:26:54.0228901Z ok 53 - --nosuchflag --list (unknown flag BEFORE --list) is still a usage error, exit 2, stdout empty
test (18)	Run node --test test/*.test.js	2026-08-20T04:26:54.0229633Z   ---
test (18)	Run node --test test/*.test.js	2026-08-20T04:26:54.0229931Z   duration_ms: 31.064422
test (18)	Run node --test test/*.test.js	2026-08-20T04:26:54.0230269Z   ...
test (18)	Run node --test test/*.test.js	2026-08-20T04:26:54.0231119Z # Subtest: plain single-pick output is TWO lines: text, newline, four-space indent, EM DASH, space, author
test (18)	Run node --test test/*.test.js	2026-08-20T04:26:54.0232426Z ok 54 - plain single-pick output is TWO lines: text, newline, four-space indent, EM DASH, space, author
test (18)	Run node --test test/*.test.js	2026-08-20T04:26:54.0232904Z   ---
test (18)	Run node --test test/*.test.js	2026-08-20T04:26:54.0233114Z   duration_ms: 32.068089
test (18)	Run node --test test/*.test.js	2026-08-20T04:26:54.0233342Z   ...
test (18)	Run node --test test/*.test.js	2026-08-20T04:26:54.0233836Z # Subtest: --seed Infinity and --seed -Infinity (typed as CLI strings) are accepted and deterministic
test (18)	Run node --test test/*.test.js	2026-08-20T04:26:54.0234574Z ok 55 - --seed Infinity and --seed -Infinity (typed as CLI strings) are accepted and deterministic
test (18)	Run node --test test/*.test.js	2026-08-20T04:26:54.0235019Z   ---
test (18)	Run node --test test/*.test.js	2026-08-20T04:26:54.0235232Z   duration_ms: 126.522145
test (18)	Run node --test test/*.test.js	2026-08-20T04:26:54.0235517Z   ...
test (18)	Run node --test test/*.test.js	2026-08-20T04:26:54.0235985Z # Subtest: --list with a filter that matches nothing is STILL exit 1, stderr only, stdout empty
test (18)	Run node --test test/*.test.js	2026-08-20T04:26:54.0236944Z ok 56 - --list with a filter that matches nothing is STILL exit 1, stderr only, stdout empty
test (18)	Run node --test test/*.test.js	2026-08-20T04:26:54.0237369Z   ---
test (18)	Run node --test test/*.test.js	2026-08-20T04:26:54.0237572Z   duration_ms: 62.560524
test (18)	Run node --test test/*.test.js	2026-08-20T04:26:54.0237802Z   ...
test (18)	Run node --test test/*.test.js	2026-08-20T04:26:54.0238389Z # Subtest: --tag "" (bare empty-string value) matches nothing: whole-tag equality against the literal "" is not a filter no-op
test (18)	Run node --test test/*.test.js	2026-08-20T04:26:54.0239323Z ok 57 - --tag "" (bare empty-string value) matches nothing: whole-tag equality against the literal "" is not a filter no-op
test (18)	Run node --test test/*.test.js	2026-08-20T04:26:54.0239840Z   ---
test (18)	Run node --test test/*.test.js	2026-08-20T04:26:54.0240071Z   duration_ms: 31.210099
test (18)	Run node --test test/*.test.js	2026-08-20T04:26:54.0240291Z   ...
test (18)	Run node --test test/*.test.js	2026-08-20T04:26:54.0332409Z # Subtest: README Node support citation: cited git diff must be empty (or the check must skip on a missing precondition)
test (18)	Run node --test test/*.test.js	2026-08-20T04:26:54.0335614Z ok 58 - README Node support citation: cited git diff must be empty (or the check must skip on a missing precondition) # SKIP cited base commit 5f833ab is not reachable in this checkout (this is a shallow clone) -- cannot evaluate the README's Node support citation
test (18)	Run node --test test/*.test.js	2026-08-20T04:26:54.0337570Z   ---
test (18)	Run node --test test/*.test.js	2026-08-20T04:26:54.0337913Z   duration_ms: 17.786942
test (18)	Run node --test test/*.test.js	2026-08-20T04:26:54.0338286Z   ...
test (18)	Run node --test test/*.test.js	2026-08-20T04:26:54.0339283Z # Subtest: --list | true: exits quietly, zero stderr, no crash banner
test (18)	Run node --test test/*.test.js	2026-08-20T04:26:54.0340153Z ok 59 - --list | true: exits quietly, zero stderr, no crash banner
test (18)	Run node --test test/*.test.js	2026-08-20T04:26:54.0340737Z   ---
test (18)	Run node --test test/*.test.js	2026-08-20T04:26:54.0341067Z   duration_ms: 35.818726
test (18)	Run node --test test/*.test.js	2026-08-20T04:26:54.0341428Z   ...
test (18)	Run node --test test/*.test.js	2026-08-20T04:26:54.0342050Z # Subtest: | true (no --list, single aphorism): exits quietly, zero stderr
test (18)	Run node --test test/*.test.js	2026-08-20T04:26:54.0343394Z ok 60 - | true (no --list, single aphorism): exits quietly, zero stderr
test (18)	Run node --test test/*.test.js	2026-08-20T04:26:54.0343989Z   ---
test (18)	Run node --test test/*.test.js	2026-08-20T04:26:54.0344337Z   duration_ms: 38.507228
test (18)	Run node --test test/*.test.js	2026-08-20T04:26:54.0344691Z   ...
test (18)	Run node --test test/*.test.js	2026-08-20T04:26:54.0345318Z # Subtest: --list | head -0: exits quietly, zero stderr, no crash banner
test (18)	Run node --test test/*.test.js	2026-08-20T04:26:54.0346247Z ok 61 - --list | head -0: exits quietly, zero stderr, no crash banner
test (18)	Run node --test test/*.test.js	2026-08-20T04:26:54.0347330Z   ---
test (18)	Run node --test test/*.test.js	2026-08-20T04:26:54.0347671Z   duration_ms: 57.593706
test (18)	Run node --test test/*.test.js	2026-08-20T04:26:54.0348031Z   ...
test (18)	Run node --test test/*.test.js	2026-08-20T04:26:54.0349083Z # Subtest: --list | /nonexistent-cmd-xyz: no crash banner from the CLI itself
test (18)	Run node --test test/*.test.js	2026-08-20T04:26:54.0377902Z ok 62 - --list | /nonexistent-cmd-xyz: no crash banner from the CLI itself
test (18)	Run node --test test/*.test.js	2026-08-20T04:26:54.0407272Z   ---
test (18)	Run node --test test/*.test.js	2026-08-20T04:26:54.0417426Z   duration_ms: 45.293984
test (18)	Run node --test test/*.test.js	2026-08-20T04:26:54.0433629Z   ...
test (18)	Run node --test test/*.test.js	2026-08-20T04:26:54.0434493Z # Subtest: non-EPIPE stdout write failure: reported, not silent, not exit 1, no stack trace
test (18)	Run node --test test/*.test.js	2026-08-20T04:26:54.0435648Z ok 63 - non-EPIPE stdout write failure: reported, not silent, not exit 1, no stack trace
test (18)	Run node --test test/*.test.js	2026-08-20T04:26:54.0436326Z   ---
test (18)	Run node --test test/*.test.js	2026-08-20T04:26:54.0436847Z   duration_ms: 48.150666
test (18)	Run node --test test/*.test.js	2026-08-20T04:26:54.0437202Z   ...
test (18)	Run node --test test/*.test.js	2026-08-20T04:26:54.0437924Z # Subtest: usage error survives a closed stderr reader: still exits 2, not clobbered to 1
test (18)	Run node --test test/*.test.js	2026-08-20T04:26:54.0439326Z ok 64 - usage error survives a closed stderr reader: still exits 2, not clobbered to 1
test (18)	Run node --test test/*.test.js	2026-08-20T04:26:54.0439979Z   ---
test (18)	Run node --test test/*.test.js	2026-08-20T04:26:54.0440296Z   duration_ms: 122.197749
test (18)	Run node --test test/*.test.js	2026-08-20T04:26:54.0440642Z   ...
test (18)	Run node --test test/*.test.js	2026-08-20T04:26:54.0441379Z # Subtest: no-match exit code survives a closed stderr reader: still exits 1, not misreported
test (18)	Run node --test test/*.test.js	2026-08-20T04:26:54.0442506Z ok 65 - no-match exit code survives a closed stderr reader: still exits 1, not misreported
test (18)	Run node --test test/*.test.js	2026-08-20T04:26:54.0443173Z   ---
test (18)	Run node --test test/*.test.js	2026-08-20T04:26:54.0443472Z   duration_ms: 130.311929
test (18)	Run node --test test/*.test.js	2026-08-20T04:26:54.0443823Z   ...
test (18)	Run node --test test/*.test.js	2026-08-20T04:26:54.0444582Z # Subtest: non-EPIPE stderr write failure: not silent, not the earned exit code, no stack trace
test (18)	Run node --test test/*.test.js	2026-08-20T04:26:54.0445728Z ok 66 - non-EPIPE stderr write failure: not silent, not the earned exit code, no stack trace
test (18)	Run node --test test/*.test.js	2026-08-20T04:26:54.0446411Z   ---
test (18)	Run node --test test/*.test.js	2026-08-20T04:26:54.0446866Z   duration_ms: 47.270662
test (18)	Run node --test test/*.test.js	2026-08-20T04:26:54.0447101Z   ...
test (18)	Run node --test test/*.test.js	2026-08-20T04:26:54.0447491Z # Subtest: control: --list | head -1 stays completely clean
test (18)	Run node --test test/*.test.js	2026-08-20T04:26:54.0447946Z ok 67 - control: --list | head -1 stays completely clean
test (18)	Run node --test test/*.test.js	2026-08-20T04:26:54.0448254Z   ---
test (18)	Run node --test test/*.test.js	2026-08-20T04:26:54.0448499Z   duration_ms: 41.821219
test (18)	Run node --test test/*.test.js	2026-08-20T04:26:54.0448840Z   ...
test (18)	Run node --test test/*.test.js	2026-08-20T04:26:54.0449349Z # Subtest: control: --list | head -5 stays completely clean
test (18)	Run node --test test/*.test.js	2026-08-20T04:26:54.0450060Z ok 68 - control: --list | head -5 stays completely clean
test (18)	Run node --test test/*.test.js	2026-08-20T04:26:54.0450533Z   ---
test (18)	Run node --test test/*.test.js	2026-08-20T04:26:54.0450829Z   duration_ms: 32.663652
test (18)	Run node --test test/*.test.js	2026-08-20T04:26:54.0451173Z   ...
test (18)	Run node --test test/*.test.js	2026-08-20T04:26:54.0451672Z # Subtest: control: --list | sed 1q stays completely clean
test (18)	Run node --test test/*.test.js	2026-08-20T04:26:54.0452384Z ok 69 - control: --list | sed 1q stays completely clean
test (18)	Run node --test test/*.test.js	2026-08-20T04:26:54.0452861Z   ---
test (18)	Run node --test test/*.test.js	2026-08-20T04:26:54.0453151Z   duration_ms: 34.028885
test (18)	Run node --test test/*.test.js	2026-08-20T04:26:54.0453686Z   ...
test (18)	Run node --test test/*.test.js	2026-08-20T04:26:54.0454208Z # Subtest: control: --list | grep -q . stays completely clean
test (18)	Run node --test test/*.test.js	2026-08-20T04:26:54.0454960Z ok 70 - control: --list | grep -q . stays completely clean
test (18)	Run node --test test/*.test.js	2026-08-20T04:26:54.0455442Z   ---
test (18)	Run node --test test/*.test.js	2026-08-20T04:26:54.0455729Z   duration_ms: 33.096583
test (18)	Run node --test test/*.test.js	2026-08-20T04:26:54.0456018Z   ...
test (18)	Run node --test test/*.test.js	2026-08-20T04:26:54.0456309Z # Subtest: control: | wc -l stays completely clean
test (18)	Run node --test test/*.test.js	2026-08-20T04:26:54.0456921Z ok 71 - control: | wc -l stays completely clean
test (18)	Run node --test test/*.test.js	2026-08-20T04:26:54.0457266Z   ---
test (18)	Run node --test test/*.test.js	2026-08-20T04:26:54.0457461Z   duration_ms: 33.320485
test (18)	Run node --test test/*.test.js	2026-08-20T04:26:54.0457737Z   ...
test (18)	Run node --test test/*.test.js	2026-08-20T04:26:54.0458317Z # Subtest: control: --list --json | head -2 stays completely clean
test (18)	Run node --test test/*.test.js	2026-08-20T04:26:54.0459094Z ok 72 - control: --list --json | head -2 stays completely clean
test (18)	Run node --test test/*.test.js	2026-08-20T04:26:54.0459602Z   ---
test (18)	Run node --test test/*.test.js	2026-08-20T04:26:54.0459920Z   duration_ms: 33.081601
test (18)	Run node --test test/*.test.js	2026-08-20T04:26:54.0460260Z   ...
test (18)	Run node --test test/*.test.js	2026-08-20T04:26:54.0460853Z # Subtest: control: exit 1 / exit 2 stderr messages and codes are unchanged
test (18)	Run node --test test/*.test.js	2026-08-20T04:26:54.0461753Z ok 73 - control: exit 1 / exit 2 stderr messages and codes are unchanged
test (18)	Run node --test test/*.test.js	2026-08-20T04:26:54.0462311Z   ---
test (18)	Run node --test test/*.test.js	2026-08-20T04:26:54.0462596Z   duration_ms: 64.093936
test (18)	Run node --test test/*.test.js	2026-08-20T04:26:54.0462929Z   ...
test (18)	Run node --test test/*.test.js	2026-08-20T04:26:54.0463603Z # Subtest: control: a normal (non-full) stdout target still exits 0 with empty stderr
test (18)	Run node --test test/*.test.js	2026-08-20T04:26:54.0464610Z ok 74 - control: a normal (non-full) stdout target still exits 0 with empty stderr
test (18)	Run node --test test/*.test.js	2026-08-20T04:26:54.0465226Z   ---
test (18)	Run node --test test/*.test.js	2026-08-20T04:26:54.0465520Z   duration_ms: 69.417924
test (18)	Run node --test test/*.test.js	2026-08-20T04:26:54.0465852Z   ...
test (18)	Run node --test test/*.test.js	2026-08-20T04:26:54.0466262Z # Subtest: README tags must exist in corpus
test (18)	Run node --test test/*.test.js	2026-08-20T04:26:54.0466981Z ok 75 - README tags must exist in corpus
test (18)	Run node --test test/*.test.js	2026-08-20T04:26:54.0467393Z   ---
test (18)	Run node --test test/*.test.js	2026-08-20T04:26:54.0467693Z   duration_ms: 3.682226
test (18)	Run node --test test/*.test.js	2026-08-20T04:26:54.0468026Z   ...
test (18)	Run node --test test/*.test.js	2026-08-20T04:26:54.0468448Z # Subtest: README tag counts must match corpus
test (18)	Run node --test test/*.test.js	2026-08-20T04:26:54.0469047Z ok 76 - README tag counts must match corpus
test (18)	Run node --test test/*.test.js	2026-08-20T04:26:54.0469481Z   ---
test (18)	Run node --test test/*.test.js	2026-08-20T04:26:54.0469782Z   duration_ms: 0.704144
test (18)	Run node --test test/*.test.js	2026-08-20T04:26:54.0470123Z   ...
test (18)	Run node --test test/*.test.js	2026-08-20T04:26:54.0470616Z # Subtest: README must state total unique tags correctly
test (18)	Run node --test test/*.test.js	2026-08-20T04:26:54.0471548Z ok 77 - README must state total unique tags correctly
test (18)	Run node --test test/*.test.js	2026-08-20T04:26:54.0472042Z   ---
test (18)	Run node --test test/*.test.js	2026-08-20T04:26:54.0472353Z   duration_ms: 0.42501
test (18)	Run node --test test/*.test.js	2026-08-20T04:26:54.0472698Z   ...
test (18)	Run node --test test/*.test.js	2026-08-20T04:26:54.0473264Z # Subtest: README must correctly describe single-entry tag count
test (18)	Run node --test test/*.test.js	2026-08-20T04:26:54.0474086Z ok 78 - README must correctly describe single-entry tag count
test (18)	Run node --test test/*.test.js	2026-08-20T04:26:54.0474616Z   ---
test (18)	Run node --test test/*.test.js	2026-08-20T04:26:54.0474927Z   duration_ms: 0.483987
test (18)	Run node --test test/*.test.js	2026-08-20T04:26:54.0475270Z   ...
test (18)	Run node --test test/*.test.js	2026-08-20T04:26:54.0475732Z # Subtest: README must list all single-entry tags
test (18)	Run node --test test/*.test.js	2026-08-20T04:26:54.0476377Z ok 79 - README must list all single-entry tags
test (18)	Run node --test test/*.test.js	2026-08-20T04:26:54.0477088Z   ---
test (18)	Run node --test test/*.test.js	2026-08-20T04:26:54.0477404Z   duration_ms: 0.580941
test (18)	Run node --test test/*.test.js	2026-08-20T04:26:54.0477745Z   ...
test (18)	Run node --test test/*.test.js	2026-08-20T04:26:54.0478954Z # Subtest: README Tag vocabulary section carries a tag+entry sentence with a single-entry marker (token co-occurrence guard, not a meaning check)
test (18)	Run node --test test/*.test.js	2026-08-20T04:26:54.0480118Z ok 80 - README Tag vocabulary section carries a tag+entry sentence with a single-entry marker (token co-occurrence guard, not a meaning check)
test (18)	Run node --test test/*.test.js	2026-08-20T04:26:54.0480729Z   ---
test (18)	Run node --test test/*.test.js	2026-08-20T04:26:54.0480934Z   duration_ms: 1.139328
test (18)	Run node --test test/*.test.js	2026-08-20T04:26:54.0481155Z   ...
test (18)	Run node --test test/*.test.js	2026-08-20T04:26:54.0481963Z # Subtest: extractBandTablesFromReadme tolerates a prose sentence between a band heading and its table (T-025), without mis-attaching a table when the real one is missing
test (18)	Run node --test test/*.test.js	2026-08-20T04:26:54.0483206Z ok 81 - extractBandTablesFromReadme tolerates a prose sentence between a band heading and its table (T-025), without mis-attaching a table when the real one is missing
test (18)	Run node --test test/*.test.js	2026-08-20T04:26:54.0483867Z   ---
test (18)	Run node --test test/*.test.js	2026-08-20T04:26:54.0484068Z   duration_ms: 1.713278
test (18)	Run node --test test/*.test.js	2026-08-20T04:26:54.0484294Z   ...
test (18)	Run node --test test/*.test.js	2026-08-20T04:26:54.0484850Z # Subtest: extractBandTablesFromReadme does not let a band-shaped PROSE line steal a real heading's table (T-039)
test (18)	Run node --test test/*.test.js	2026-08-20T04:26:54.0485919Z ok 82 - extractBandTablesFromReadme does not let a band-shaped PROSE line steal a real heading's table (T-039)
test (18)	Run node --test test/*.test.js	2026-08-20T04:26:54.0486415Z   ---
test (18)	Run node --test test/*.test.js	2026-08-20T04:26:54.0486875Z   duration_ms: 0.441995
test (18)	Run node --test test/*.test.js	2026-08-20T04:26:54.0487278Z   ...
test (18)	Run node --test test/*.test.js	2026-08-20T04:26:54.0487819Z # Subtest: extractBandTablesFromReadme does not read a fenced example block as a second, real band table
test (18)	Run node --test test/*.test.js	2026-08-20T04:26:54.0488637Z ok 83 - extractBandTablesFromReadme does not read a fenced example block as a second, real band table
test (18)	Run node --test test/*.test.js	2026-08-20T04:26:54.0489493Z   ---
test (18)	Run node --test test/*.test.js	2026-08-20T04:26:54.0489786Z   duration_ms: 0.29765
test (18)	Run node --test test/*.test.js	2026-08-20T04:26:54.0490130Z   ...
test (18)	Run node --test test/*.test.js	2026-08-20T04:26:54.0491621Z # Subtest: extractBandTablesFromReadme's recognised bands account for every structural `| Tag | Count |` table -- a table under an unrecognised heading shape is a loud mismatch, not a silent miss
test (18)	Run node --test test/*.test.js	2026-08-20T04:26:54.0494043Z ok 84 - extractBandTablesFromReadme's recognised bands account for every structural `| Tag | Count |` table -- a table under an unrecognised heading shape is a loud mismatch, not a silent miss
test (18)	Run node --test test/*.test.js	2026-08-20T04:26:54.0495287Z   ---
test (18)	Run node --test test/*.test.js	2026-08-20T04:26:54.0495575Z   duration_ms: 0.523105
test (18)	Run node --test test/*.test.js	2026-08-20T04:26:54.0517551Z   ...
test (18)	Run node --test test/*.test.js	2026-08-20T04:26:54.0518926Z # Subtest: every `| Tag | Count |` table in the real README Tag vocabulary section is a recognised band table (no table may hide under an unrecognised heading shape)
test (18)	Run node --test test/*.test.js	2026-08-20T04:26:54.0520133Z ok 85 - every `| Tag | Count |` table in the real README Tag vocabulary section is a recognised band table (no table may hide under an unrecognised heading shape)
test (18)	Run node --test test/*.test.js	2026-08-20T04:26:54.0520779Z   ---
test (18)	Run node --test test/*.test.js	2026-08-20T04:26:54.0521004Z   duration_ms: 1.947715
test (18)	Run node --test test/*.test.js	2026-08-20T04:26:54.0521239Z   ...
test (18)	Run node --test test/*.test.js	2026-08-20T04:26:54.0521797Z # Subtest: every band table in README Tag vocabulary contains exactly the corpus tags whose count fits that band
test (18)	Run node --test test/*.test.js	2026-08-20T04:26:54.0522615Z ok 86 - every band table in README Tag vocabulary contains exactly the corpus tags whose count fits that band
test (18)	Run node --test test/*.test.js	2026-08-20T04:26:54.0523099Z   ---
test (18)	Run node --test test/*.test.js	2026-08-20T04:26:54.0523302Z   duration_ms: 0.851211
test (18)	Run node --test test/*.test.js	2026-08-20T04:26:54.0523747Z   ...
test (18)	Run node --test test/*.test.js	2026-08-20T04:26:54.0524375Z # Subtest: every corpus tag appearing on 2+ entries must have a row in some band table (no band table may be deleted wholesale) (T-019)
test (18)	Run node --test test/*.test.js	2026-08-20T04:26:54.0525305Z ok 87 - every corpus tag appearing on 2+ entries must have a row in some band table (no band table may be deleted wholesale) (T-019)
test (18)	Run node --test test/*.test.js	2026-08-20T04:26:54.0525836Z   ---
test (18)	Run node --test test/*.test.js	2026-08-20T04:26:54.0526035Z   duration_ms: 0.436016
test (18)	Run node --test test/*.test.js	2026-08-20T04:26:54.0526251Z   ...
test (18)	Run node --test test/*.test.js	2026-08-20T04:26:54.0527295Z # Subtest: extractBandTablesFromReadme derives a band's row count purely from its table, ignoring decoy "N tags" phrases in the heading line (T-024b)
test (18)	Run node --test test/*.test.js	2026-08-20T04:26:54.0528394Z ok 88 - extractBandTablesFromReadme derives a band's row count purely from its table, ignoring decoy "N tags" phrases in the heading line (T-024b)
test (18)	Run node --test test/*.test.js	2026-08-20T04:26:54.0528979Z   ---
test (18)	Run node --test test/*.test.js	2026-08-20T04:26:54.0529190Z   duration_ms: 0.330119
test (18)	Run node --test test/*.test.js	2026-08-20T04:26:54.0529445Z   ...
test (18)	Run node --test test/*.test.js	2026-08-20T04:26:54.0529961Z # Subtest: README opening sentence must state correct multi-entry and single-entry tag counts
test (18)	Run node --test test/*.test.js	2026-08-20T04:26:54.0530745Z ok 89 - README opening sentence must state correct multi-entry and single-entry tag counts
test (18)	Run node --test test/*.test.js	2026-08-20T04:26:54.0531213Z   ---
test (18)	Run node --test test/*.test.js	2026-08-20T04:26:54.0531424Z   duration_ms: 0.727668
test (18)	Run node --test test/*.test.js	2026-08-20T04:26:54.0531665Z   ...
test (18)	Run node --test test/*.test.js	2026-08-20T04:26:54.0532183Z # Subtest: README Tag vocabulary section must contain no unrecognised count-claim digits (J-5)
test (18)	Run node --test test/*.test.js	2026-08-20T04:26:54.0532950Z ok 90 - README Tag vocabulary section must contain no unrecognised count-claim digits (J-5)
test (18)	Run node --test test/*.test.js	2026-08-20T04:26:54.0533422Z   ---
test (18)	Run node --test test/*.test.js	2026-08-20T04:26:54.0533646Z   duration_ms: 1.756803
test (18)	Run node --test test/*.test.js	2026-08-20T04:26:54.0533912Z   ...
test (18)	Run node --test test/*.test.js	2026-08-20T04:26:54.0534513Z # Subtest: README Attribution table "Entries ranked" count must match corpus.length and the triage doc (C1)
test (18)	Run node --test test/*.test.js	2026-08-20T04:26:54.0535421Z ok 91 - README Attribution table "Entries ranked" count must match corpus.length and the triage doc (C1)
test (18)	Run node --test test/*.test.js	2026-08-20T04:26:54.0536127Z   ---
test (18)	Run node --test test/*.test.js	2026-08-20T04:26:54.0536372Z   duration_ms: 1.870822
test (18)	Run node --test test/*.test.js	2026-08-20T04:26:54.0536914Z   ...
test (18)	Run node --test test/*.test.js	2026-08-20T04:26:54.0537620Z # Subtest: README Attribution table "Rated HIGH risk" count must match the triage doc table (C2)
test (18)	Run node --test test/*.test.js	2026-08-20T04:26:54.0538441Z ok 92 - README Attribution table "Rated HIGH risk" count must match the triage doc table (C2)
test (18)	Run node --test test/*.test.js	2026-08-20T04:26:54.0538938Z   ---
test (18)	Run node --test test/*.test.js	2026-08-20T04:26:54.0539184Z   duration_ms: 0.85749
test (18)	Run node --test test/*.test.js	2026-08-20T04:26:54.0539447Z   ...
test (18)	Run node --test test/*.test.js	2026-08-20T04:26:54.0539983Z # Subtest: README Attribution section must contain no digit runs outside the counts table (C7)
test (18)	Run node --test test/*.test.js	2026-08-20T04:26:54.0540764Z ok 93 - README Attribution section must contain no digit runs outside the counts table (C7)
test (18)	Run node --test test/*.test.js	2026-08-20T04:26:54.0541307Z   ---
test (18)	Run node --test test/*.test.js	2026-08-20T04:26:54.0541581Z   duration_ms: 0.535353
test (18)	Run node --test test/*.test.js	2026-08-20T04:26:54.0541876Z   ...
test (18)	Run node --test test/*.test.js	2026-08-20T04:26:54.0542236Z # Subtest: README Layout section paths must exist on disk (C6)
test (18)	Run node --test test/*.test.js	2026-08-20T04:26:54.0542703Z ok 94 - README Layout section paths must exist on disk (C6)
test (18)	Run node --test test/*.test.js	2026-08-20T04:26:54.0543028Z   ---
test (18)	Run node --test test/*.test.js	2026-08-20T04:26:54.0543309Z   duration_ms: 0.773336
test (18)	Run node --test test/*.test.js	2026-08-20T04:26:54.0543649Z   ...
test (18)	Run node --test test/*.test.js	2026-08-20T04:26:54.0544618Z # Subtest: getListBehaviourSection tolerates a reformatted "--list behaviour" heading with no backticks (T-021)
test (18)	Run node --test test/*.test.js	2026-08-20T04:26:54.0545763Z ok 95 - getListBehaviourSection tolerates a reformatted "--list behaviour" heading with no backticks (T-021)
test (18)	Run node --test test/*.test.js	2026-08-20T04:26:54.0546263Z   ---
test (18)	Run node --test test/*.test.js	2026-08-20T04:26:54.0546467Z   duration_ms: 0.547471
test (18)	Run node --test test/*.test.js	2026-08-20T04:26:54.0546959Z   ...
test (18)	Run node --test test/*.test.js	2026-08-20T04:26:54.0547687Z # Subtest: getListBehaviourSection still fails on a SEPARATOR MISMATCH (not a heading-parse error) when a reformatted heading's literal is mutated (T-021)
test (18)	Run node --test test/*.test.js	2026-08-20T04:26:54.0548827Z ok 96 - getListBehaviourSection still fails on a SEPARATOR MISMATCH (not a heading-parse error) when a reformatted heading's literal is mutated (T-021)
test (18)	Run node --test test/*.test.js	2026-08-20T04:26:54.0549433Z   ---
test (18)	Run node --test test/*.test.js	2026-08-20T04:26:54.0549633Z   duration_ms: 0.395887
test (18)	Run node --test test/*.test.js	2026-08-20T04:26:54.0549864Z   ...
test (18)	Run node --test test/*.test.js	2026-08-20T04:26:54.0550454Z # Subtest: getListBehaviourSection reports ambiguity loudly instead of taking the first of two qualifying headings (T-021)
test (18)	Run node --test test/*.test.js	2026-08-20T04:26:54.0551589Z ok 97 - getListBehaviourSection reports ambiguity loudly instead of taking the first of two qualifying headings (T-021)
test (18)	Run node --test test/*.test.js	2026-08-20T04:26:54.0552104Z   ---
test (18)	Run node --test test/*.test.js	2026-08-20T04:26:54.0552303Z   duration_ms: 1.294058
test (18)	Run node --test test/*.test.js	2026-08-20T04:26:54.0552518Z   ...
test (18)	Run node --test test/*.test.js	2026-08-20T04:26:54.0553044Z # Subtest: getListBehaviourSection does not let "--list-only" satisfy the standalone `--list` token (T-021)
test (18)	Run node --test test/*.test.js	2026-08-20T04:26:54.0553869Z ok 98 - getListBehaviourSection does not let "--list-only" satisfy the standalone `--list` token (T-021)
test (18)	Run node --test test/*.test.js	2026-08-20T04:26:54.0554330Z   ---
test (18)	Run node --test test/*.test.js	2026-08-20T04:26:54.0554535Z   duration_ms: 0.243782
test (18)	Run node --test test/*.test.js	2026-08-20T04:26:54.0554869Z   ...
test (18)	Run node --test test/*.test.js	2026-08-20T04:26:54.0555724Z # Subtest: getListBehaviourSection tolerates the American spelling "behavior" in the heading (T-027)
test (18)	Run node --test test/*.test.js	2026-08-20T04:26:54.0557210Z ok 99 - getListBehaviourSection tolerates the American spelling "behavior" in the heading (T-027)
test (18)	Run node --test test/*.test.js	2026-08-20T04:26:54.0557975Z   ---
test (18)	Run node --test test/*.test.js	2026-08-20T04:26:54.0558284Z   duration_ms: 0.151064
test (18)	Run node --test test/*.test.js	2026-08-20T04:26:54.0558630Z   ...
test (18)	Run node --test test/*.test.js	2026-08-20T04:26:54.0559738Z # Subtest: getListBehaviourSection still fails on a SEPARATOR MISMATCH (not a heading-parse error) under an American-spelled heading (T-027)
test (18)	Run node --test test/*.test.js	2026-08-20T04:26:54.0561536Z ok 100 - getListBehaviourSection still fails on a SEPARATOR MISMATCH (not a heading-parse error) under an American-spelled heading (T-027)
test (18)	Run node --test test/*.test.js	2026-08-20T04:26:54.0562612Z   ---
test (18)	Run node --test test/*.test.js	2026-08-20T04:26:54.0562927Z   duration_ms: 0.210331
test (18)	Run node --test test/*.test.js	2026-08-20T04:26:54.0563270Z   ...
test (18)	Run node --test test/*.test.js	2026-08-20T04:26:54.0564087Z # Subtest: README `--list` format literal matches the shipped binary's actual --list output (T-017)
test (18)	Run node --test test/*.test.js	2026-08-20T04:26:54.0565277Z ok 101 - README `--list` format literal matches the shipped binary's actual --list output (T-017)
test (18)	Run node --test test/*.test.js	2026-08-20T04:26:54.0565990Z   ---
test (18)	Run node --test test/*.test.js	2026-08-20T04:26:54.0566295Z   duration_ms: 46.131876
test (18)	Run node --test test/*.test.js	2026-08-20T04:26:54.0567030Z   ...
test (18)	Run node --test test/*.test.js	2026-08-20T04:26:54.0567824Z # Subtest: README `--author` matching section must state the correct count of distinct corpus authors (Q-8)
test (18)	Run node --test test/*.test.js	2026-08-20T04:26:54.0568625Z ok 102 - README `--author` matching section must state the correct count of distinct corpus authors (Q-8)
test (18)	Run node --test test/*.test.js	2026-08-20T04:26:54.0569079Z   ---
test (18)	Run node --test test/*.test.js	2026-08-20T04:26:54.0569281Z   duration_ms: 0.640338
test (18)	Run node --test test/*.test.js	2026-08-20T04:26:54.0569503Z   ...
test (18)	Run node --test test/*.test.js	2026-08-20T04:26:54.0569765Z # Subtest: corpus has at least 40 entries
test (18)	Run node --test test/*.test.js	2026-08-20T04:26:54.0570103Z ok 103 - corpus has at least 40 entries
test (18)	Run node --test test/*.test.js	2026-08-20T04:26:54.0570469Z   ---
test (18)	Run node --test test/*.test.js	2026-08-20T04:26:54.0570797Z   duration_ms: 1.551629
test (18)	Run node --test test/*.test.js	2026-08-20T04:26:54.0571142Z   ...
test (18)	Run node --test test/*.test.js	2026-08-20T04:26:54.0572123Z # Subtest: every corpus entry has non-empty text, non-empty author, and an array of tags
test (18)	Run node --test test/*.test.js	2026-08-20T04:26:54.0573131Z ok 104 - every corpus entry has non-empty text, non-empty author, and an array of tags
test (18)	Run node --test test/*.test.js	2026-08-20T04:26:54.0573538Z   ---
test (18)	Run node --test test/*.test.js	2026-08-20T04:26:54.0573744Z   duration_ms: 0.572738
test (18)	Run node --test test/*.test.js	2026-08-20T04:26:54.0573980Z   ...
test (18)	Run node --test test/*.test.js	2026-08-20T04:26:54.0574276Z # Subtest: filter: author match is case-insensitive
test (18)	Run node --test test/*.test.js	2026-08-20T04:26:54.0574680Z ok 105 - filter: author match is case-insensitive
test (18)	Run node --test test/*.test.js	2026-08-20T04:26:54.0574971Z   ---
test (18)	Run node --test test/*.test.js	2026-08-20T04:26:54.0575166Z   duration_ms: 2.438833
test (18)	Run node --test test/*.test.js	2026-08-20T04:26:54.0575381Z   ...
test (18)	Run node --test test/*.test.js	2026-08-20T04:26:54.0575659Z # Subtest: filter: tag match is case-insensitive
test (18)	Run node --test test/*.test.js	2026-08-20T04:26:54.0576029Z ok 106 - filter: tag match is case-insensitive
test (18)	Run node --test test/*.test.js	2026-08-20T04:26:54.0576310Z   ---
test (18)	Run node --test test/*.test.js	2026-08-20T04:26:54.0576505Z   duration_ms: 0.342908
test (18)	Run node --test test/*.test.js	2026-08-20T04:26:54.0576937Z   ...
test (18)	Run node --test test/*.test.js	2026-08-20T04:26:54.0577325Z # Subtest: filter: author and tag together narrow to the intersection (AND)
test (18)	Run node --test test/*.test.js	2026-08-20T04:26:54.0577886Z ok 107 - filter: author and tag together narrow to the intersection (AND)
test (18)	Run node --test test/*.test.js	2026-08-20T04:26:54.0578238Z   ---
test (18)	Run node --test test/*.test.js	2026-08-20T04:26:54.0578432Z   duration_ms: 0.410968
test (18)	Run node --test test/*.test.js	2026-08-20T04:26:54.0578647Z   ...
test (18)	Run node --test test/*.test.js	2026-08-20T04:26:54.0578967Z # Subtest: filter: undefined/absent options do not filter
test (18)	Run node --test test/*.test.js	2026-08-20T04:26:54.0579395Z ok 108 - filter: undefined/absent options do not filter
test (18)	Run node --test test/*.test.js	2026-08-20T04:26:54.0579701Z   ---
test (18)	Run node --test test/*.test.js	2026-08-20T04:26:54.0579899Z   duration_ms: 0.355347
test (18)	Run node --test test/*.test.js	2026-08-20T04:26:54.0580286Z   ...
test (18)	Run node --test test/*.test.js	2026-08-20T04:26:54.0580692Z # Subtest: pick: same seed over the same candidates always returns the same element
test (18)	Run node --test test/*.test.js	2026-08-20T04:26:54.0581293Z ok 109 - pick: same seed over the same candidates always returns the same element
test (18)	Run node --test test/*.test.js	2026-08-20T04:26:54.0581669Z   ---
test (18)	Run node --test test/*.test.js	2026-08-20T04:26:54.0581865Z   duration_ms: 0.591586
test (18)	Run node --test test/*.test.js	2026-08-20T04:26:54.0582081Z   ...
test (18)	Run node --test test/*.test.js	2026-08-20T04:26:54.0582433Z # Subtest: pick: different seeds generally produce different results
test (18)	Run node --test test/*.test.js	2026-08-20T04:26:54.0582937Z ok 110 - pick: different seeds generally produce different results
test (18)	Run node --test test/*.test.js	2026-08-20T04:26:54.0583283Z   ---
test (18)	Run node --test test/*.test.js	2026-08-20T04:26:54.0583479Z   duration_ms: 0.526069
test (18)	Run node --test test/*.test.js	2026-08-20T04:26:54.0583692Z   ...
test (18)	Run node --test test/*.test.js	2026-08-20T04:26:54.0584029Z # Subtest: pick: undefined seed picks a valid member (random mode)
test (18)	Run node --test test/*.test.js	2026-08-20T04:26:54.0584501Z ok 111 - pick: undefined seed picks a valid member (random mode)
test (18)	Run node --test test/*.test.js	2026-08-20T04:26:54.0584829Z   ---
test (18)	Run node --test test/*.test.js	2026-08-20T04:26:54.0585031Z   duration_ms: 0.164944
test (18)	Run node --test test/*.test.js	2026-08-20T04:26:54.0585251Z   ...
test (18)	Run node --test test/*.test.js	2026-08-20T04:26:54.0585635Z # Subtest: pick: null seed also triggers random mode and returns a valid member
test (18)	Run node --test test/*.test.js	2026-08-20T04:26:54.0586202Z ok 112 - pick: null seed also triggers random mode and returns a valid member
test (18)	Run node --test test/*.test.js	2026-08-20T04:26:54.0586569Z   ---
test (18)	Run node --test test/*.test.js	2026-08-20T04:26:54.0586945Z   duration_ms: 0.343659
test (18)	Run node --test test/*.test.js	2026-08-20T04:26:54.0587171Z   ...
test (18)	Run node --test test/*.test.js	2026-08-20T04:26:54.0587502Z # Subtest: pick: throws RangeError on empty candidates array
test (18)	Run node --test test/*.test.js	2026-08-20T04:26:54.0587951Z ok 113 - pick: throws RangeError on empty candidates array
test (18)	Run node --test test/*.test.js	2026-08-20T04:26:54.0588264Z   ---
test (18)	Run node --test test/*.test.js	2026-08-20T04:26:54.0588453Z   duration_ms: 0.561762
test (18)	Run node --test test/*.test.js	2026-08-20T04:26:54.0588666Z   ...
test (18)	Run node --test test/*.test.js	2026-08-20T04:26:54.0589080Z # Subtest: pick: Infinity seed is deterministic and returns a valid member
test (18)	Run node --test test/*.test.js	2026-08-20T04:26:54.0589622Z ok 114 - pick: Infinity seed is deterministic and returns a valid member
test (18)	Run node --test test/*.test.js	2026-08-20T04:26:54.0589981Z   ---
test (18)	Run node --test test/*.test.js	2026-08-20T04:26:54.0590341Z   duration_ms: 0.219636
test (18)	Run node --test test/*.test.js	2026-08-20T04:26:54.0590564Z   ...
test (18)	Run node --test test/*.test.js	2026-08-20T04:26:54.0590933Z # Subtest: pick: -Infinity seed is deterministic and returns a valid member
test (18)	Run node --test test/*.test.js	2026-08-20T04:26:54.0591473Z ok 115 - pick: -Infinity seed is deterministic and returns a valid member
test (18)	Run node --test test/*.test.js	2026-08-20T04:26:54.0591822Z   ---
test (18)	Run node --test test/*.test.js	2026-08-20T04:26:54.0592017Z   duration_ms: 0.218324
test (18)	Run node --test test/*.test.js	2026-08-20T04:26:54.0592231Z   ...
test (18)	Run node --test test/*.test.js	2026-08-20T04:26:54.0592624Z # Subtest: pick: NaN seed still uses the random branch and returns a valid member
test (18)	Run node --test test/*.test.js	2026-08-20T04:26:54.0593184Z ok 116 - pick: NaN seed still uses the random branch and returns a valid member
test (18)	Run node --test test/*.test.js	2026-08-20T04:26:54.0593550Z   ---
test (18)	Run node --test test/*.test.js	2026-08-20T04:26:54.0593742Z   duration_ms: 0.140368
test (18)	Run node --test test/*.test.js	2026-08-20T04:26:54.0593954Z   ...
test (18)	Run node --test test/*.test.js	2026-08-20T04:26:54.0594347Z # Subtest: pick: finite seed determinism is unchanged by the non-finite-seed fix
test (18)	Run node --test test/*.test.js	2026-08-20T04:26:54.0594930Z ok 117 - pick: finite seed determinism is unchanged by the non-finite-seed fix
test (18)	Run node --test test/*.test.js	2026-08-20T04:26:54.0595298Z   ---
test (18)	Run node --test test/*.test.js	2026-08-20T04:26:54.0595498Z   duration_ms: 0.321457
test (18)	Run node --test test/*.test.js	2026-08-20T04:26:54.0595711Z   ...
test (18)	Run node --test test/*.test.js	2026-08-20T04:26:54.0596041Z # Subtest: pick: every candidate is REACHABLE by an unseeded draw
test (18)	Run node --test test/*.test.js	2026-08-20T04:26:54.0596521Z ok 118 - pick: every candidate is REACHABLE by an unseeded draw
test (18)	Run node --test test/*.test.js	2026-08-20T04:26:54.0597167Z   ---
test (18)	Run node --test test/*.test.js	2026-08-20T04:26:54.0597367Z   duration_ms: 3.597199
test (18)	Run node --test test/*.test.js	2026-08-20T04:26:54.0597587Z   ...
test (18)	Run node --test test/*.test.js	2026-08-20T04:26:54.0598016Z # Subtest: pick: unseeded draws split the interval EQUALLY across candidates (uniform)
test (18)	Run node --test test/*.test.js	2026-08-20T04:26:54.0598636Z ok 119 - pick: unseeded draws split the interval EQUALLY across candidates (uniform)
test (18)	Run node --test test/*.test.js	2026-08-20T04:26:54.0599026Z   ---
test (18)	Run node --test test/*.test.js	2026-08-20T04:26:54.0599231Z   duration_ms: 1.772055
test (18)	Run node --test test/*.test.js	2026-08-20T04:26:54.0599446Z   ...
test (18)	Run node --test test/*.test.js	2026-08-20T04:26:54.0599885Z # Subtest: pick: single-element candidates always returns that element regardless of seed
test (18)	Run node --test test/*.test.js	2026-08-20T04:26:54.0600533Z ok 120 - pick: single-element candidates always returns that element regardless of seed
test (18)	Run node --test test/*.test.js	2026-08-20T04:26:54.0600947Z   ---
test (18)	Run node --test test/*.test.js	2026-08-20T04:26:54.0601156Z   duration_ms: 0.312432
test (18)	Run node --test test/*.test.js	2026-08-20T04:26:54.0601378Z   ...
test (18)	Run node --test test/*.test.js	2026-08-20T04:26:54.0601565Z 1..120
test (18)	Run node --test test/*.test.js	2026-08-20T04:26:54.0601913Z # tests 120
test (18)	Run node --test test/*.test.js	2026-08-20T04:26:54.0602119Z # suites 0
test (18)	Run node --test test/*.test.js	2026-08-20T04:26:54.0602326Z # pass 119
test (18)	Run node --test test/*.test.js	2026-08-20T04:26:54.0602531Z # fail 0
test (18)	Run node --test test/*.test.js	2026-08-20T04:26:54.0602732Z # cancelled 0
test (18)	Run node --test test/*.test.js	2026-08-20T04:26:54.0602943Z # skipped 1
test (18)	Run node --test test/*.test.js	2026-08-20T04:26:54.0603142Z # todo 0
test (18)	Run node --test test/*.test.js	2026-08-20T04:26:54.0603359Z # duration_ms 3266.603648
test (18)	Coverage report (informational, not a gate)	﻿2026-08-20T04:26:54.0657405Z ##[group]Run node --test --experimental-test-coverage test/*.test.js \
test (18)	Coverage report (informational, not a gate)	2026-08-20T04:26:54.0657996Z [36;1mnode --test --experimental-test-coverage test/*.test.js \[0m
test (18)	Coverage report (informational, not a gate)	2026-08-20T04:26:54.0658783Z [36;1m  || echo "NOTE: --experimental-test-coverage exited non-zero on Node 18 (see output above). This step is informational only and does not affect job status."[0m
test (18)	Coverage report (informational, not a gate)	2026-08-20T04:26:54.0701575Z shell: /usr/bin/bash -e {0}
test (18)	Coverage report (informational, not a gate)	2026-08-20T04:26:54.0701850Z ##[endgroup]
test (18)	Coverage report (informational, not a gate)	2026-08-20T04:26:54.1287789Z TAP version 13
test (18)	Coverage report (informational, not a gate)	2026-08-20T04:26:54.1965334Z # Subtest: zero args: no error, no filters set
test (18)	Coverage report (informational, not a gate)	2026-08-20T04:26:54.1975959Z ok 1 - zero args: no error, no filters set
test (18)	Coverage report (informational, not a gate)	2026-08-20T04:26:54.1976820Z   ---
test (18)	Coverage report (informational, not a gate)	2026-08-20T04:26:54.1977408Z   duration_ms: 3.006013
test (18)	Coverage report (informational, not a gate)	2026-08-20T04:26:54.1978102Z   ...
test (18)	Coverage report (informational, not a gate)	2026-08-20T04:26:54.1978762Z # Subtest: --author <name> sets author string
test (18)	Coverage report (informational, not a gate)	2026-08-20T04:26:54.1979990Z ok 2 - --author <name> sets author string
test (18)	Coverage report (informational, not a gate)	2026-08-20T04:26:54.1980894Z   ---
test (18)	Coverage report (informational, not a gate)	2026-08-20T04:26:54.1981386Z   duration_ms: 0.237142
test (18)	Coverage report (informational, not a gate)	2026-08-20T04:26:54.1982013Z   ...
test (18)	Coverage report (informational, not a gate)	2026-08-20T04:26:54.2001591Z # Subtest: --author=<name> equals form sets author string
test (18)	Coverage report (informational, not a gate)	2026-08-20T04:26:54.2027801Z ok 3 - --author=<name> equals form sets author string
test (18)	Coverage report (informational, not a gate)	2026-08-20T04:26:54.2042020Z   ---
test (18)	Coverage report (informational, not a gate)	2026-08-20T04:26:54.2042609Z   duration_ms: 0.191313
test (18)	Coverage report (informational, not a gate)	2026-08-20T04:26:54.2043156Z   ...
test (18)	Coverage report (informational, not a gate)	2026-08-20T04:26:54.2043770Z # Subtest: --tag <tag> sets tag string
test (18)	Coverage report (informational, not a gate)	2026-08-20T04:26:54.2044502Z ok 4 - --tag <tag> sets tag string
test (18)	Coverage report (informational, not a gate)	2026-08-20T04:26:54.2045099Z   ---
test (18)	Coverage report (informational, not a gate)	2026-08-20T04:26:54.2045613Z   duration_ms: 0.182039
test (18)	Coverage report (informational, not a gate)	2026-08-20T04:26:54.2046817Z   ...
test (18)	Coverage report (informational, not a gate)	2026-08-20T04:26:54.2047473Z # Subtest: --tag=<tag> equals form sets tag string
test (18)	Coverage report (informational, not a gate)	2026-08-20T04:26:54.2048309Z ok 5 - --tag=<tag> equals form sets tag string
test (18)	Coverage report (informational, not a gate)	2026-08-20T04:26:54.2048909Z   ---
test (18)	Coverage report (informational, not a gate)	2026-08-20T04:26:54.2049408Z   duration_ms: 0.195239
test (18)	Coverage report (informational, not a gate)	2026-08-20T04:26:54.2049947Z   ...
test (18)	Coverage report (informational, not a gate)	2026-08-20T04:26:54.2050577Z # Subtest: combined --author X --tag Y sets both
test (18)	Coverage report (informational, not a gate)	2026-08-20T04:26:54.2051375Z ok 6 - combined --author X --tag Y sets both
test (18)	Coverage report (informational, not a gate)	2026-08-20T04:26:54.2052037Z   ---
test (18)	Coverage report (informational, not a gate)	2026-08-20T04:26:54.2052517Z   duration_ms: 0.161889
test (18)	Coverage report (informational, not a gate)	2026-08-20T04:26:54.2053035Z   ...
test (18)	Coverage report (informational, not a gate)	2026-08-20T04:26:54.2053621Z # Subtest: --seed <n> parses as a number
test (18)	Coverage report (informational, not a gate)	2026-08-20T04:26:54.2054345Z ok 7 - --seed <n> parses as a number
test (18)	Coverage report (informational, not a gate)	2026-08-20T04:26:54.2054952Z   ---
test (18)	Coverage report (informational, not a gate)	2026-08-20T04:26:54.2055441Z   duration_ms: 0.218073
test (18)	Coverage report (informational, not a gate)	2026-08-20T04:26:54.2055965Z   ...
test (18)	Coverage report (informational, not a gate)	2026-08-20T04:26:54.2056995Z # Subtest: --seed=<n> equals form parses as a number
test (18)	Coverage report (informational, not a gate)	2026-08-20T04:26:54.2057905Z ok 8 - --seed=<n> equals form parses as a number
test (18)	Coverage report (informational, not a gate)	2026-08-20T04:26:54.2058579Z   ---
test (18)	Coverage report (informational, not a gate)	2026-08-20T04:26:54.2059084Z   duration_ms: 0.158745
test (18)	Coverage report (informational, not a gate)	2026-08-20T04:26:54.2059618Z   ...
test (18)	Coverage report (informational, not a gate)	2026-08-20T04:26:54.2060254Z # Subtest: --seed <n> accepts a negative number
test (18)	Coverage report (informational, not a gate)	2026-08-20T04:26:54.2061066Z ok 9 - --seed <n> accepts a negative number
test (18)	Coverage report (informational, not a gate)	2026-08-20T04:26:54.2061769Z   ---
test (18)	Coverage report (informational, not a gate)	2026-08-20T04:26:54.2062258Z   duration_ms: 0.181279
test (18)	Coverage report (informational, not a gate)	2026-08-20T04:26:54.2062820Z   ...
test (18)	Coverage report (informational, not a gate)	2026-08-20T04:26:54.2063585Z # Subtest: --seed=<n> equals form accepts a negative number
test (18)	Coverage report (informational, not a gate)	2026-08-20T04:26:54.2064636Z ok 10 - --seed=<n> equals form accepts a negative number
test (18)	Coverage report (informational, not a gate)	2026-08-20T04:26:54.2065332Z   ---
test (18)	Coverage report (informational, not a gate)	2026-08-20T04:26:54.2065877Z   duration_ms: 0.156932
test (18)	Coverage report (informational, not a gate)	2026-08-20T04:26:54.2066401Z   ...
test (18)	Coverage report (informational, not a gate)	2026-08-20T04:26:54.2070932Z # Subtest: non-numeric --seed is a usage error
test (18)	Coverage report (informational, not a gate)	2026-08-20T04:26:54.2072418Z ok 11 - non-numeric --seed is a usage error
test (18)	Coverage report (informational, not a gate)	2026-08-20T04:26:54.2073147Z   ---
test (18)	Coverage report (informational, not a gate)	2026-08-20T04:26:54.2073707Z   duration_ms: 0.336799
test (18)	Coverage report (informational, not a gate)	2026-08-20T04:26:54.2074240Z   ...
test (18)	Coverage report (informational, not a gate)	2026-08-20T04:26:54.2074972Z # Subtest: non-numeric --seed= equals form is a usage error
test (18)	Coverage report (informational, not a gate)	2026-08-20T04:26:54.2117593Z ok 12 - non-numeric --seed= equals form is a usage error
test (18)	Coverage report (informational, not a gate)	2026-08-20T04:26:54.2137011Z   ---
test (18)	Coverage report (informational, not a gate)	2026-08-20T04:26:54.2158746Z   duration_ms: 0.313154
test (18)	Coverage report (informational, not a gate)	2026-08-20T04:26:54.2159382Z   ...
test (18)	Coverage report (informational, not a gate)	2026-08-20T04:26:54.2159995Z # Subtest: --list sets list: true
test (18)	Coverage report (informational, not a gate)	2026-08-20T04:26:54.2160711Z ok 13 - --list sets list: true
test (18)	Coverage report (informational, not a gate)	2026-08-20T04:26:54.2161293Z   ---
test (18)	Coverage report (informational, not a gate)	2026-08-20T04:26:54.2161794Z   duration_ms: 0.16182
test (18)	Coverage report (informational, not a gate)	2026-08-20T04:26:54.2162330Z   ...
test (18)	Coverage report (informational, not a gate)	2026-08-20T04:26:54.2163438Z # Subtest: --json sets json: true
test (18)	Coverage report (informational, not a gate)	2026-08-20T04:26:54.2164121Z ok 14 - --json sets json: true
test (18)	Coverage report (informational, not a gate)	2026-08-20T04:26:54.2164689Z   ---
test (18)	Coverage report (informational, not a gate)	2026-08-20T04:26:54.2165197Z   duration_ms: 0.152807
test (18)	Coverage report (informational, not a gate)	2026-08-20T04:26:54.2165711Z   ...
test (18)	Coverage report (informational, not a gate)	2026-08-20T04:26:54.2166273Z # Subtest: --help sets help: true
test (18)	Coverage report (informational, not a gate)	2026-08-20T04:26:54.2167215Z ok 15 - --help sets help: true
test (18)	Coverage report (informational, not a gate)	2026-08-20T04:26:54.2167792Z   ---
test (18)	Coverage report (informational, not a gate)	2026-08-20T04:26:54.2168279Z   duration_ms: 0.149962
test (18)	Coverage report (informational, not a gate)	2026-08-20T04:26:54.2168799Z   ...
test (18)	Coverage report (informational, not a gate)	2026-08-20T04:26:54.2169323Z # Subtest: -h sets help: true
test (18)	Coverage report (informational, not a gate)	2026-08-20T04:26:54.2169970Z ok 16 - -h sets help: true
test (18)	Coverage report (informational, not a gate)	2026-08-20T04:26:54.2170515Z   ---
test (18)	Coverage report (informational, not a gate)	2026-08-20T04:26:54.2170997Z   duration_ms: 2.083807
test (18)	Coverage report (informational, not a gate)	2026-08-20T04:26:54.2171545Z   ...
test (18)	Coverage report (informational, not a gate)	2026-08-20T04:26:54.2172152Z # Subtest: unknown flag is a usage error
test (18)	Coverage report (informational, not a gate)	2026-08-20T04:26:54.2172908Z ok 17 - unknown flag is a usage error
test (18)	Coverage report (informational, not a gate)	2026-08-20T04:26:54.2173509Z   ---
test (18)	Coverage report (informational, not a gate)	2026-08-20T04:26:54.2173994Z   duration_ms: 0.186396
test (18)	Coverage report (informational, not a gate)	2026-08-20T04:26:54.2174532Z   ...
test (18)	Coverage report (informational, not a gate)	2026-08-20T04:26:54.2175153Z # Subtest: unknown short flag is a usage error
test (18)	Coverage report (informational, not a gate)	2026-08-20T04:26:54.2175999Z ok 18 - unknown short flag is a usage error
test (18)	Coverage report (informational, not a gate)	2026-08-20T04:26:54.2176854Z   ---
test (18)	Coverage report (informational, not a gate)	2026-08-20T04:26:54.2177564Z   duration_ms: 0.103934
test (18)	Coverage report (informational, not a gate)	2026-08-20T04:26:54.2178085Z   ...
test (18)	Coverage report (informational, not a gate)	2026-08-20T04:26:54.2178872Z # Subtest: --author missing value at end of argv is a usage error
test (18)	Coverage report (informational, not a gate)	2026-08-20T04:26:54.2179899Z ok 19 - --author missing value at end of argv is a usage error
test (18)	Coverage report (informational, not a gate)	2026-08-20T04:26:54.2180630Z   ---
test (18)	Coverage report (informational, not a gate)	2026-08-20T04:26:54.2181113Z   duration_ms: 0.111565
test (18)	Coverage report (informational, not a gate)	2026-08-20T04:26:54.2181647Z   ...
test (18)	Coverage report (informational, not a gate)	2026-08-20T04:26:54.2182860Z # Subtest: --tag missing value because next token is another flag is a usage error
test (18)	Coverage report (informational, not a gate)	2026-08-20T04:26:54.2184144Z ok 20 - --tag missing value because next token is another flag is a usage error
test (18)	Coverage report (informational, not a gate)	2026-08-20T04:26:54.2184975Z   ---
test (18)	Coverage report (informational, not a gate)	2026-08-20T04:26:54.2185468Z   duration_ms: 0.102612
test (18)	Coverage report (informational, not a gate)	2026-08-20T04:26:54.2185999Z   ...
test (18)	Coverage report (informational, not a gate)	2026-08-20T04:26:54.2267596Z # Subtest: --seed missing value at end of argv is a usage error
test (18)	Coverage report (informational, not a gate)	2026-08-20T04:26:54.2286103Z ok 21 - --seed missing value at end of argv is a usage error
test (18)	Coverage report (informational, not a gate)	2026-08-20T04:26:54.2304736Z   ---
test (18)	Coverage report (informational, not a gate)	2026-08-20T04:26:54.2305317Z   duration_ms: 0.089693
test (18)	Coverage report (informational, not a gate)	2026-08-20T04:26:54.2305871Z   ...
test (18)	Coverage report (informational, not a gate)	2026-08-20T04:26:54.2306558Z # Subtest: --author= with empty value is a usage error
test (18)	Coverage report (informational, not a gate)	2026-08-20T04:26:54.2307735Z ok 22 - --author= with empty value is a usage error
test (18)	Coverage report (informational, not a gate)	2026-08-20T04:26:54.2308391Z   ---
test (18)	Coverage report (informational, not a gate)	2026-08-20T04:26:54.2308880Z   duration_ms: 0.075332
test (18)	Coverage report (informational, not a gate)	2026-08-20T04:26:54.2309385Z   ...
test (18)	Coverage report (informational, not a gate)	2026-08-20T04:26:54.2310207Z # Subtest: a bare positional argument (not a flag) is a usage error
test (18)	Coverage report (informational, not a gate)	2026-08-20T04:26:54.2311228Z ok 23 - a bare positional argument (not a flag) is a usage error
test (18)	Coverage report (informational, not a gate)	2026-08-20T04:26:54.2311902Z   ---
test (18)	Coverage report (informational, not a gate)	2026-08-20T04:26:54.2312347Z   duration_ms: 0.856098
test (18)	Coverage report (informational, not a gate)	2026-08-20T04:26:54.2312842Z   ...
test (18)	Coverage report (informational, not a gate)	2026-08-20T04:26:54.2313485Z # Subtest: parseArgs never throws on malformed input
test (18)	Coverage report (informational, not a gate)	2026-08-20T04:26:54.2314360Z ok 24 - parseArgs never throws on malformed input
test (18)	Coverage report (informational, not a gate)	2026-08-20T04:26:54.2315055Z   ---
test (18)	Coverage report (informational, not a gate)	2026-08-20T04:26:54.2315504Z   duration_ms: 0.510527
test (18)	Coverage report (informational, not a gate)	2026-08-20T04:26:54.2316009Z   ...
test (18)	Coverage report (informational, not a gate)	2026-08-20T04:26:54.2316860Z # Subtest: absent options are undefined/false, never null
test (18)	Coverage report (informational, not a gate)	2026-08-20T04:26:54.2317765Z ok 25 - absent options are undefined/false, never null
test (18)	Coverage report (informational, not a gate)	2026-08-20T04:26:54.2318419Z   ---
test (18)	Coverage report (informational, not a gate)	2026-08-20T04:26:54.2318878Z   duration_ms: 0.182761
test (18)	Coverage report (informational, not a gate)	2026-08-20T04:26:54.2319376Z   ...
test (18)	Coverage report (informational, not a gate)	2026-08-20T04:26:54.2320092Z # Subtest: HELP is a non-empty string mentioning every flag name
test (18)	Coverage report (informational, not a gate)	2026-08-20T04:26:54.2321057Z ok 26 - HELP is a non-empty string mentioning every flag name
test (18)	Coverage report (informational, not a gate)	2026-08-20T04:26:54.2321774Z   ---
test (18)	Coverage report (informational, not a gate)	2026-08-20T04:26:54.2322308Z   duration_ms: 0.23626
test (18)	Coverage report (informational, not a gate)	2026-08-20T04:26:54.2322806Z   ...
test (18)	Coverage report (informational, not a gate)	2026-08-20T04:26:54.2323521Z # Subtest: HELP fits comfortably on one 24-line terminal screen
test (18)	Coverage report (informational, not a gate)	2026-08-20T04:26:54.2324492Z ok 27 - HELP fits comfortably on one 24-line terminal screen
test (18)	Coverage report (informational, not a gate)	2026-08-20T04:26:54.2325167Z   ---
test (18)	Coverage report (informational, not a gate)	2026-08-20T04:26:54.2325628Z   duration_ms: 0.151124
test (18)	Coverage report (informational, not a gate)	2026-08-20T04:26:54.2326137Z   ...
test (18)	Coverage report (informational, not a gate)	2026-08-20T04:26:54.2327121Z # Subtest: --seed Infinity / --seed -Infinity parse to numbers, not a usage error
test (18)	Coverage report (informational, not a gate)	2026-08-20T04:26:54.2328676Z ok 28 - --seed Infinity / --seed -Infinity parse to numbers, not a usage error
test (18)	Coverage report (informational, not a gate)	2026-08-20T04:26:54.2329452Z   ---
test (18)	Coverage report (informational, not a gate)	2026-08-20T04:26:54.2329935Z   duration_ms: 0.204223
test (18)	Coverage report (informational, not a gate)	2026-08-20T04:26:54.2330440Z   ...
test (18)	Coverage report (informational, not a gate)	2026-08-20T04:26:58.3078964Z # Subtest: bare invocation prints one attributed aphorism and exits 0
test (18)	Coverage report (informational, not a gate)	2026-08-20T04:26:58.3081748Z ok 29 - bare invocation prints one attributed aphorism and exits 0
test (18)	Coverage report (informational, not a gate)	2026-08-20T04:26:58.3082405Z   ---
test (18)	Coverage report (informational, not a gate)	2026-08-20T04:26:58.3082759Z   duration_ms: 57.249676
test (18)	Coverage report (informational, not a gate)	2026-08-20T04:26:58.3086586Z   ...
test (18)	Coverage report (informational, not a gate)	2026-08-20T04:26:58.3093775Z # Subtest: --seed is deterministic across separate processes
test (18)	Coverage report (informational, not a gate)	2026-08-20T04:26:58.3103559Z ok 30 - --seed is deterministic across separate processes
test (18)	Coverage report (informational, not a gate)	2026-08-20T04:26:58.3104370Z   ---
test (18)	Coverage report (informational, not a gate)	2026-08-20T04:26:58.3104913Z   duration_ms: 94.577488
test (18)	Coverage report (informational, not a gate)	2026-08-20T04:26:58.3105463Z   ...
test (18)	Coverage report (informational, not a gate)	2026-08-20T04:26:58.3106244Z # Subtest: different seeds do not all collapse to one aphorism
test (18)	Coverage report (informational, not a gate)	2026-08-20T04:26:58.3107615Z ok 31 - different seeds do not all collapse to one aphorism
test (18)	Coverage report (informational, not a gate)	2026-08-20T04:26:58.3108358Z   ---
test (18)	Coverage report (informational, not a gate)	2026-08-20T04:26:58.3108854Z   duration_ms: 580.245415
test (18)	Coverage report (informational, not a gate)	2026-08-20T04:26:58.3109393Z   ...
test (18)	Coverage report (informational, not a gate)	2026-08-20T04:26:58.3110242Z # Subtest: --json emits a single-line JSON object with text/author/tags
test (18)	Coverage report (informational, not a gate)	2026-08-20T04:26:58.3111367Z ok 32 - --json emits a single-line JSON object with text/author/tags
test (18)	Coverage report (informational, not a gate)	2026-08-20T04:26:58.3112140Z   ---
test (18)	Coverage report (informational, not a gate)	2026-08-20T04:26:58.3112630Z   duration_ms: 43.709837
test (18)	Coverage report (informational, not a gate)	2026-08-20T04:26:58.3113162Z   ...
test (18)	Coverage report (informational, not a gate)	2026-08-20T04:26:58.3113843Z # Subtest: --list prints every entry in the filtered set
test (18)	Coverage report (informational, not a gate)	2026-08-20T04:26:58.3115649Z ok 33 - --list prints every entry in the filtered set
test (18)	Coverage report (informational, not a gate)	2026-08-20T04:26:58.3116340Z   ---
test (18)	Coverage report (informational, not a gate)	2026-08-20T04:26:58.3117084Z   duration_ms: 50.355703
test (18)	Coverage report (informational, not a gate)	2026-08-20T04:26:58.3117685Z   ...
test (18)	Coverage report (informational, not a gate)	2026-08-20T04:26:58.3118540Z # Subtest: --help prints usage to stdout and exits 0
test (18)	Coverage report (informational, not a gate)	2026-08-20T04:26:58.3119438Z ok 34 - --help prints usage to stdout and exits 0
test (18)	Coverage report (informational, not a gate)	2026-08-20T04:26:58.3120120Z   ---
test (18)	Coverage report (informational, not a gate)	2026-08-20T04:26:58.3120593Z   duration_ms: 50.77871
test (18)	Coverage report (informational, not a gate)	2026-08-20T04:26:58.3121280Z   ...
test (18)	Coverage report (informational, not a gate)	2026-08-20T04:26:58.3122134Z # Subtest: no match exits 1 with stderr only and zero bytes on stdout
test (18)	Coverage report (informational, not a gate)	2026-08-20T04:26:58.3123234Z ok 35 - no match exits 1 with stderr only and zero bytes on stdout
test (18)	Coverage report (informational, not a gate)	2026-08-20T04:26:58.3123978Z   ---
test (18)	Coverage report (informational, not a gate)	2026-08-20T04:26:58.3124466Z   duration_ms: 56.474949
test (18)	Coverage report (informational, not a gate)	2026-08-20T04:26:58.3124998Z   ...
test (18)	Coverage report (informational, not a gate)	2026-08-20T04:26:58.3125752Z # Subtest: unknown flag is a usage error, exit 2, stdout clean
test (18)	Coverage report (informational, not a gate)	2026-08-20T04:26:58.3126920Z ok 36 - unknown flag is a usage error, exit 2, stdout clean
test (18)	Coverage report (informational, not a gate)	2026-08-20T04:26:58.3127663Z   ---
test (18)	Coverage report (informational, not a gate)	2026-08-20T04:26:58.3128170Z   duration_ms: 49.453156
test (18)	Coverage report (informational, not a gate)	2026-08-20T04:26:58.3128705Z   ...
test (18)	Coverage report (informational, not a gate)	2026-08-20T04:26:58.3129388Z # Subtest: non-numeric seed is a usage error, exit 2
test (18)	Coverage report (informational, not a gate)	2026-08-20T04:26:58.3130284Z ok 37 - non-numeric seed is a usage error, exit 2
test (18)	Coverage report (informational, not a gate)	2026-08-20T04:26:58.3130958Z   ---
test (18)	Coverage report (informational, not a gate)	2026-08-20T04:26:58.3131460Z   duration_ms: 42.31524
test (18)	Coverage report (informational, not a gate)	2026-08-20T04:26:58.3131990Z   ...
test (18)	Coverage report (informational, not a gate)	2026-08-20T04:26:58.3132744Z # Subtest: author filter is case-insensitive and narrows the list
test (18)	Coverage report (informational, not a gate)	2026-08-20T04:26:58.3133810Z ok 38 - author filter is case-insensitive and narrows the list
test (18)	Coverage report (informational, not a gate)	2026-08-20T04:26:58.3134541Z   ---
test (18)	Coverage report (informational, not a gate)	2026-08-20T04:26:58.3135005Z   duration_ms: 84.161487
test (18)	Coverage report (informational, not a gate)	2026-08-20T04:26:58.3135526Z   ...
test (18)	Coverage report (informational, not a gate)	2026-08-20T04:26:58.3136818Z # Subtest: output is pipe-safe — no ANSI escapes when not a TTY
test (18)	Coverage report (informational, not a gate)	2026-08-20T04:26:58.3137942Z ok 39 - output is pipe-safe — no ANSI escapes when not a TTY
test (18)	Coverage report (informational, not a gate)	2026-08-20T04:26:58.3150513Z   ---
test (18)	Coverage report (informational, not a gate)	2026-08-20T04:26:58.3177373Z   duration_ms: 41.398363
test (18)	Coverage report (informational, not a gate)	2026-08-20T04:26:58.3203131Z   ...
test (18)	Coverage report (informational, not a gate)	2026-08-20T04:26:58.3207550Z # Subtest: --tag matches membership, not substring containment
test (18)	Coverage report (informational, not a gate)	2026-08-20T04:26:58.3230373Z ok 40 - --tag matches membership, not substring containment
test (18)	Coverage report (informational, not a gate)	2026-08-20T04:26:58.3230983Z   ---
test (18)	Coverage report (informational, not a gate)	2026-08-20T04:26:58.3231323Z   duration_ms: 82.675505
test (18)	Coverage report (informational, not a gate)	2026-08-20T04:26:58.3231718Z   ...
test (18)	Coverage report (informational, not a gate)	2026-08-20T04:26:58.3232336Z # Subtest: --list prints exactly one line per matching entry, no drops
test (18)	Coverage report (informational, not a gate)	2026-08-20T04:26:58.3233219Z ok 41 - --list prints exactly one line per matching entry, no drops
test (18)	Coverage report (informational, not a gate)	2026-08-20T04:26:58.3234228Z   ---
test (18)	Coverage report (informational, not a gate)	2026-08-20T04:26:58.3234553Z   duration_ms: 41.227359
test (18)	Coverage report (informational, not a gate)	2026-08-20T04:26:58.3234913Z   ...
test (18)	Coverage report (informational, not a gate)	2026-08-20T04:26:58.3235528Z # Subtest: --list preserves corpus order (first and last line match)
test (18)	Coverage report (informational, not a gate)	2026-08-20T04:26:58.3236395Z ok 42 - --list preserves corpus order (first and last line match)
test (18)	Coverage report (informational, not a gate)	2026-08-20T04:26:58.3237177Z   ---
test (18)	Coverage report (informational, not a gate)	2026-08-20T04:26:58.3237500Z   duration_ms: 41.879124
test (18)	Coverage report (informational, not a gate)	2026-08-20T04:26:58.3237858Z   ...
test (18)	Coverage report (informational, not a gate)	2026-08-20T04:26:58.3238442Z # Subtest: --json output is exactly one line, never pretty-printed
test (18)	Coverage report (informational, not a gate)	2026-08-20T04:26:58.3239293Z ok 43 - --json output is exactly one line, never pretty-printed
test (18)	Coverage report (informational, not a gate)	2026-08-20T04:26:58.3239830Z   ---
test (18)	Coverage report (informational, not a gate)	2026-08-20T04:26:58.3240134Z   duration_ms: 41.032411
test (18)	Coverage report (informational, not a gate)	2026-08-20T04:26:58.3240486Z   ...
test (18)	Coverage report (informational, not a gate)	2026-08-20T04:26:58.3241237Z # Subtest: --list --json emits newline-delimited JSON, one object per line, in corpus order
test (18)	Coverage report (informational, not a gate)	2026-08-20T04:26:58.3242384Z ok 44 - --list --json emits newline-delimited JSON, one object per line, in corpus order
test (18)	Coverage report (informational, not a gate)	2026-08-20T04:26:58.3243176Z   ---
test (18)	Coverage report (informational, not a gate)	2026-08-20T04:26:58.3243485Z   duration_ms: 42.501717
test (18)	Coverage report (informational, not a gate)	2026-08-20T04:26:58.3243833Z   ...
test (18)	Coverage report (informational, not a gate)	2026-08-20T04:26:58.3244814Z # Subtest: --json composes with --seed: the seeded JSON pick is reproducible AND is the same entry as the plain-text pick
test (18)	Coverage report (informational, not a gate)	2026-08-20T04:26:58.3246366Z ok 45 - --json composes with --seed: the seeded JSON pick is reproducible AND is the same entry as the plain-text pick
test (18)	Coverage report (informational, not a gate)	2026-08-20T04:26:58.3247434Z   ---
test (18)	Coverage report (informational, not a gate)	2026-08-20T04:26:58.3247749Z   duration_ms: 746.227481
test (18)	Coverage report (informational, not a gate)	2026-08-20T04:26:58.3248120Z   ...
test (18)	Coverage report (informational, not a gate)	2026-08-20T04:26:58.3248962Z # Subtest: --json composes with the filter flags: the JSON pick is always a member of the FILTERED set
test (18)	Coverage report (informational, not a gate)	2026-08-20T04:26:58.3250515Z ok 46 - --json composes with the filter flags: the JSON pick is always a member of the FILTERED set
test (18)	Coverage report (informational, not a gate)	2026-08-20T04:26:58.3251258Z   ---
test (18)	Coverage report (informational, not a gate)	2026-08-20T04:26:58.3251587Z   duration_ms: 981.167068
test (18)	Coverage report (informational, not a gate)	2026-08-20T04:26:58.3251947Z   ...
test (18)	Coverage report (informational, not a gate)	2026-08-20T04:26:58.3252731Z # Subtest: --list accepts a valid --seed and IGNORES it: output is byte-identical across seeds
test (18)	Coverage report (informational, not a gate)	2026-08-20T04:26:58.3253957Z ok 47 - --list accepts a valid --seed and IGNORES it: output is byte-identical across seeds
test (18)	Coverage report (informational, not a gate)	2026-08-20T04:26:58.3254642Z   ---
test (18)	Coverage report (informational, not a gate)	2026-08-20T04:26:58.3254959Z   duration_ms: 407.886703
test (18)	Coverage report (informational, not a gate)	2026-08-20T04:26:58.3255331Z   ...
test (18)	Coverage report (informational, not a gate)	2026-08-20T04:26:58.3256126Z # Subtest: --list --seed abc is a usage error, exit 2, stdout empty, stderr carries the diagnostic
test (18)	Coverage report (informational, not a gate)	2026-08-20T04:26:58.3257554Z ok 48 - --list --seed abc is a usage error, exit 2, stdout empty, stderr carries the diagnostic
test (18)	Coverage report (informational, not a gate)	2026-08-20T04:26:58.3258261Z   ---
test (18)	Coverage report (informational, not a gate)	2026-08-20T04:26:58.3258570Z   duration_ms: 40.891381
test (18)	Coverage report (informational, not a gate)	2026-08-20T04:26:58.3258925Z   ...
test (18)	Coverage report (informational, not a gate)	2026-08-20T04:26:58.3259753Z # Subtest: --seed abc --list (erroring flag BEFORE --list) is still a usage error, exit 2, stdout empty
test (18)	Coverage report (informational, not a gate)	2026-08-20T04:26:58.3260958Z ok 49 - --seed abc --list (erroring flag BEFORE --list) is still a usage error, exit 2, stdout empty
test (18)	Coverage report (informational, not a gate)	2026-08-20T04:26:58.3261690Z   ---
test (18)	Coverage report (informational, not a gate)	2026-08-20T04:26:58.3262007Z   duration_ms: 41.186479
test (18)	Coverage report (informational, not a gate)	2026-08-20T04:26:58.3262358Z   ...
test (18)	Coverage report (informational, not a gate)	2026-08-20T04:26:58.3263045Z # Subtest: --list --seed=  (empty seed value) is a usage error, exit 2, stdout empty
test (18)	Coverage report (informational, not a gate)	2026-08-20T04:26:58.3264045Z ok 50 - --list --seed=  (empty seed value) is a usage error, exit 2, stdout empty
test (18)	Coverage report (informational, not a gate)	2026-08-20T04:26:58.3264670Z   ---
test (18)	Coverage report (informational, not a gate)	2026-08-20T04:26:58.3264988Z   duration_ms: 40.905222
test (18)	Coverage report (informational, not a gate)	2026-08-20T04:26:58.3265350Z   ...
test (18)	Coverage report (informational, not a gate)	2026-08-20T04:26:58.3266133Z # Subtest: --list --seed "   " (whitespace-only seed value) is a usage error, exit 2, stdout empty
test (18)	Coverage report (informational, not a gate)	2026-08-20T04:26:58.3267533Z ok 51 - --list --seed "   " (whitespace-only seed value) is a usage error, exit 2, stdout empty
test (18)	Coverage report (informational, not a gate)	2026-08-20T04:26:58.3268245Z   ---
test (18)	Coverage report (informational, not a gate)	2026-08-20T04:26:58.3268555Z   duration_ms: 41.499192
test (18)	Coverage report (informational, not a gate)	2026-08-20T04:26:58.3268908Z   ...
test (18)	Coverage report (informational, not a gate)	2026-08-20T04:26:58.3270261Z # Subtest: --list --nosuchflag (unknown flag) is a usage error, exit 2, stdout empty — --list does not swallow it
test (18)	Coverage report (informational, not a gate)	2026-08-20T04:26:58.3271943Z ok 52 - --list --nosuchflag (unknown flag) is a usage error, exit 2, stdout empty — --list does not swallow it
test (18)	Coverage report (informational, not a gate)	2026-08-20T04:26:58.3273073Z   ---
test (18)	Coverage report (informational, not a gate)	2026-08-20T04:26:58.3273405Z   duration_ms: 41.634022
test (18)	Coverage report (informational, not a gate)	2026-08-20T04:26:58.3273773Z   ...
test (18)	Coverage report (informational, not a gate)	2026-08-20T04:26:58.3274650Z # Subtest: --nosuchflag --list (unknown flag BEFORE --list) is still a usage error, exit 2, stdout empty
test (18)	Coverage report (informational, not a gate)	2026-08-20T04:26:58.3275980Z ok 53 - --nosuchflag --list (unknown flag BEFORE --list) is still a usage error, exit 2, stdout empty
test (18)	Coverage report (informational, not a gate)	2026-08-20T04:26:58.3276930Z   ---
test (18)	Coverage report (informational, not a gate)	2026-08-20T04:26:58.3277264Z   duration_ms: 41.806587
test (18)	Coverage report (informational, not a gate)	2026-08-20T04:26:58.3277619Z   ...
test (18)	Coverage report (informational, not a gate)	2026-08-20T04:26:58.3278490Z # Subtest: plain single-pick output is TWO lines: text, newline, four-space indent, EM DASH, space, author
test (18)	Coverage report (informational, not a gate)	2026-08-20T04:26:58.3279831Z ok 54 - plain single-pick output is TWO lines: text, newline, four-space indent, EM DASH, space, author
test (18)	Coverage report (informational, not a gate)	2026-08-20T04:26:58.3280604Z   ---
test (18)	Coverage report (informational, not a gate)	2026-08-20T04:26:58.3280924Z   duration_ms: 42.005883
test (18)	Coverage report (informational, not a gate)	2026-08-20T04:26:58.3281288Z   ...
test (18)	Coverage report (informational, not a gate)	2026-08-20T04:26:58.3282141Z # Subtest: --seed Infinity and --seed -Infinity (typed as CLI strings) are accepted and deterministic
test (18)	Coverage report (informational, not a gate)	2026-08-20T04:26:58.3283462Z ok 55 - --seed Infinity and --seed -Infinity (typed as CLI strings) are accepted and deterministic
test (18)	Coverage report (informational, not a gate)	2026-08-20T04:26:58.3284212Z   ---
test (18)	Coverage report (informational, not a gate)	2026-08-20T04:26:58.3284544Z   duration_ms: 165.302807
test (18)	Coverage report (informational, not a gate)	2026-08-20T04:26:58.3284931Z   ...
test (18)	Coverage report (informational, not a gate)	2026-08-20T04:26:58.3285721Z # Subtest: --list with a filter that matches nothing is STILL exit 1, stderr only, stdout empty
test (18)	Coverage report (informational, not a gate)	2026-08-20T04:26:58.3287126Z ok 56 - --list with a filter that matches nothing is STILL exit 1, stderr only, stdout empty
test (18)	Coverage report (informational, not a gate)	2026-08-20T04:26:58.3287850Z   ---
test (18)	Coverage report (informational, not a gate)	2026-08-20T04:26:58.3288167Z   duration_ms: 81.564779
test (18)	Coverage report (informational, not a gate)	2026-08-20T04:26:58.3288793Z   ...
test (18)	Coverage report (informational, not a gate)	2026-08-20T04:26:58.3289829Z # Subtest: --tag "" (bare empty-string value) matches nothing: whole-tag equality against the literal "" is not a filter no-op
test (18)	Coverage report (informational, not a gate)	2026-08-20T04:26:58.3291506Z ok 57 - --tag "" (bare empty-string value) matches nothing: whole-tag equality against the literal "" is not a filter no-op
test (18)	Coverage report (informational, not a gate)	2026-08-20T04:26:58.3292398Z   ---
test (18)	Coverage report (informational, not a gate)	2026-08-20T04:26:58.3292718Z   duration_ms: 41.470776
test (18)	Coverage report (informational, not a gate)	2026-08-20T04:26:58.3293094Z   ...
test (18)	Coverage report (informational, not a gate)	2026-08-20T04:26:58.5119423Z # Subtest: README Node support citation: cited git diff must be empty (or the check must skip on a missing precondition)
test (18)	Coverage report (informational, not a gate)	2026-08-20T04:26:58.5122158Z ok 58 - README Node support citation: cited git diff must be empty (or the check must skip on a missing precondition) # SKIP cited base commit 5f833ab is not reachable in this checkout (this is a shallow clone) -- cannot evaluate the README's Node support citation
test (18)	Coverage report (informational, not a gate)	2026-08-20T04:26:58.5123843Z   ---
test (18)	Coverage report (informational, not a gate)	2026-08-20T04:26:58.5124174Z   duration_ms: 13.824651
test (18)	Coverage report (informational, not a gate)	2026-08-20T04:26:58.5124587Z   ...
test (18)	Coverage report (informational, not a gate)	2026-08-20T04:26:58.5126006Z # Subtest: --list | true: exits quietly, zero stderr, no crash banner
test (18)	Coverage report (informational, not a gate)	2026-08-20T04:26:58.5127121Z ok 59 - --list | true: exits quietly, zero stderr, no crash banner
test (18)	Coverage report (informational, not a gate)	2026-08-20T04:26:58.5127829Z   ---
test (18)	Coverage report (informational, not a gate)	2026-08-20T04:26:58.5128160Z   duration_ms: 69.926377
test (18)	Coverage report (informational, not a gate)	2026-08-20T04:26:58.5128639Z   ...
test (18)	Coverage report (informational, not a gate)	2026-08-20T04:26:58.5129790Z # Subtest: | true (no --list, single aphorism): exits quietly, zero stderr
test (18)	Coverage report (informational, not a gate)	2026-08-20T04:26:58.5130725Z ok 60 - | true (no --list, single aphorism): exits quietly, zero stderr
test (18)	Coverage report (informational, not a gate)	2026-08-20T04:26:58.5131416Z   ---
test (18)	Coverage report (informational, not a gate)	2026-08-20T04:26:58.5131744Z   duration_ms: 68.722554
test (18)	Coverage report (informational, not a gate)	2026-08-20T04:26:58.5132164Z   ...
test (18)	Coverage report (informational, not a gate)	2026-08-20T04:26:58.5132790Z # Subtest: --list | head -0: exits quietly, zero stderr, no crash banner
test (18)	Coverage report (informational, not a gate)	2026-08-20T04:26:58.5133969Z ok 61 - --list | head -0: exits quietly, zero stderr, no crash banner
test (18)	Coverage report (informational, not a gate)	2026-08-20T04:26:58.5134609Z   ---
test (18)	Coverage report (informational, not a gate)	2026-08-20T04:26:58.5134932Z   duration_ms: 63.713192
test (18)	Coverage report (informational, not a gate)	2026-08-20T04:26:58.5135376Z   ...
test (18)	Coverage report (informational, not a gate)	2026-08-20T04:26:58.5136063Z # Subtest: --list | /nonexistent-cmd-xyz: no crash banner from the CLI itself
test (18)	Coverage report (informational, not a gate)	2026-08-20T04:26:58.5137257Z ok 62 - --list | /nonexistent-cmd-xyz: no crash banner from the CLI itself
test (18)	Coverage report (informational, not a gate)	2026-08-20T04:26:58.5137949Z   ---
test (18)	Coverage report (informational, not a gate)	2026-08-20T04:26:58.5138558Z   duration_ms: 61.690475
test (18)	Coverage report (informational, not a gate)	2026-08-20T04:26:58.5167260Z   ...
test (18)	Coverage report (informational, not a gate)	2026-08-20T04:26:58.5168401Z # Subtest: non-EPIPE stdout write failure: reported, not silent, not exit 1, no stack trace
test (18)	Coverage report (informational, not a gate)	2026-08-20T04:26:58.5190834Z ok 63 - non-EPIPE stdout write failure: reported, not silent, not exit 1, no stack trace
test (18)	Coverage report (informational, not a gate)	2026-08-20T04:26:58.5191818Z   ---
test (18)	Coverage report (informational, not a gate)	2026-08-20T04:26:58.5192359Z   duration_ms: 55.361559
test (18)	Coverage report (informational, not a gate)	2026-08-20T04:26:58.5192924Z   ...
test (18)	Coverage report (informational, not a gate)	2026-08-20T04:26:58.5193884Z # Subtest: usage error survives a closed stderr reader: still exits 2, not clobbered to 1
test (18)	Coverage report (informational, not a gate)	2026-08-20T04:26:58.5195237Z ok 64 - usage error survives a closed stderr reader: still exits 2, not clobbered to 1
test (18)	Coverage report (informational, not a gate)	2026-08-20T04:26:58.5196127Z   ---
test (18)	Coverage report (informational, not a gate)	2026-08-20T04:26:58.5196859Z   duration_ms: 137.015902
test (18)	Coverage report (informational, not a gate)	2026-08-20T04:26:58.5197450Z   ...
test (18)	Coverage report (informational, not a gate)	2026-08-20T04:26:58.5198412Z # Subtest: no-match exit code survives a closed stderr reader: still exits 1, not misreported
test (18)	Coverage report (informational, not a gate)	2026-08-20T04:26:58.5199803Z ok 65 - no-match exit code survives a closed stderr reader: still exits 1, not misreported
test (18)	Coverage report (informational, not a gate)	2026-08-20T04:26:58.5200504Z   ---
test (18)	Coverage report (informational, not a gate)	2026-08-20T04:26:58.5200815Z   duration_ms: 132.741329
test (18)	Coverage report (informational, not a gate)	2026-08-20T04:26:58.5201177Z   ...
test (18)	Coverage report (informational, not a gate)	2026-08-20T04:26:58.5201953Z # Subtest: non-EPIPE stderr write failure: not silent, not the earned exit code, no stack trace
test (18)	Coverage report (informational, not a gate)	2026-08-20T04:26:58.5203128Z ok 66 - non-EPIPE stderr write failure: not silent, not the earned exit code, no stack trace
test (18)	Coverage report (informational, not a gate)	2026-08-20T04:26:58.5203807Z   ---
test (18)	Coverage report (informational, not a gate)	2026-08-20T04:26:58.5204107Z   duration_ms: 43.785799
test (18)	Coverage report (informational, not a gate)	2026-08-20T04:26:58.5204442Z   ...
test (18)	Coverage report (informational, not a gate)	2026-08-20T04:26:58.5204962Z # Subtest: control: --list | head -1 stays completely clean
test (18)	Coverage report (informational, not a gate)	2026-08-20T04:26:58.5205668Z ok 67 - control: --list | head -1 stays completely clean
test (18)	Coverage report (informational, not a gate)	2026-08-20T04:26:58.5206198Z   ---
test (18)	Coverage report (informational, not a gate)	2026-08-20T04:26:58.5206486Z   duration_ms: 42.783825
test (18)	Coverage report (informational, not a gate)	2026-08-20T04:26:58.5207295Z   ...
test (18)	Coverage report (informational, not a gate)	2026-08-20T04:26:58.5207836Z # Subtest: control: --list | head -5 stays completely clean
test (18)	Coverage report (informational, not a gate)	2026-08-20T04:26:58.5208520Z ok 68 - control: --list | head -5 stays completely clean
test (18)	Coverage report (informational, not a gate)	2026-08-20T04:26:58.5208953Z   ---
test (18)	Coverage report (informational, not a gate)	2026-08-20T04:26:58.5209292Z   duration_ms: 47.493252
test (18)	Coverage report (informational, not a gate)	2026-08-20T04:26:58.5209785Z   ...
test (18)	Coverage report (informational, not a gate)	2026-08-20T04:26:58.5210437Z # Subtest: control: --list | sed 1q stays completely clean
test (18)	Coverage report (informational, not a gate)	2026-08-20T04:26:58.5211382Z ok 69 - control: --list | sed 1q stays completely clean
test (18)	Coverage report (informational, not a gate)	2026-08-20T04:26:58.5212006Z   ---
test (18)	Coverage report (informational, not a gate)	2026-08-20T04:26:58.5212540Z   duration_ms: 50.996142
test (18)	Coverage report (informational, not a gate)	2026-08-20T04:26:58.5213135Z   ...
test (18)	Coverage report (informational, not a gate)	2026-08-20T04:26:58.5213687Z # Subtest: control: --list | grep -q . stays completely clean
test (18)	Coverage report (informational, not a gate)	2026-08-20T04:26:58.5214391Z ok 70 - control: --list | grep -q . stays completely clean
test (18)	Coverage report (informational, not a gate)	2026-08-20T04:26:58.5214830Z   ---
test (18)	Coverage report (informational, not a gate)	2026-08-20T04:26:58.5215187Z   duration_ms: 45.523263
test (18)	Coverage report (informational, not a gate)	2026-08-20T04:26:58.5227867Z   ...
test (18)	Coverage report (informational, not a gate)	2026-08-20T04:26:58.5228456Z # Subtest: control: | wc -l stays completely clean
test (18)	Coverage report (informational, not a gate)	2026-08-20T04:26:58.5229162Z ok 71 - control: | wc -l stays completely clean
test (18)	Coverage report (informational, not a gate)	2026-08-20T04:26:58.5229662Z   ---
test (18)	Coverage report (informational, not a gate)	2026-08-20T04:26:58.5229996Z   duration_ms: 51.197971
test (18)	Coverage report (informational, not a gate)	2026-08-20T04:26:58.5230384Z   ...
test (18)	Coverage report (informational, not a gate)	2026-08-20T04:26:58.5230971Z # Subtest: control: --list --json | head -2 stays completely clean
test (18)	Coverage report (informational, not a gate)	2026-08-20T04:26:58.5231863Z ok 72 - control: --list --json | head -2 stays completely clean
test (18)	Coverage report (informational, not a gate)	2026-08-20T04:26:58.5232395Z   ---
test (18)	Coverage report (informational, not a gate)	2026-08-20T04:26:58.5232698Z   duration_ms: 44.292279
test (18)	Coverage report (informational, not a gate)	2026-08-20T04:26:58.5233061Z   ...
test (18)	Coverage report (informational, not a gate)	2026-08-20T04:26:58.5233519Z # Subtest: control: exit 1 / exit 2 stderr messages and codes are unchanged
test (18)	Coverage report (informational, not a gate)	2026-08-20T04:26:58.5234335Z ok 73 - control: exit 1 / exit 2 stderr messages and codes are unchanged
test (18)	Coverage report (informational, not a gate)	2026-08-20T04:26:58.5234854Z   ---
test (18)	Coverage report (informational, not a gate)	2026-08-20T04:26:58.5235073Z   duration_ms: 86.201118
test (18)	Coverage report (informational, not a gate)	2026-08-20T04:26:58.5235306Z   ...
test (18)	Coverage report (informational, not a gate)	2026-08-20T04:26:58.5235872Z # Subtest: control: a normal (non-full) stdout target still exits 0 with empty stderr
test (18)	Coverage report (informational, not a gate)	2026-08-20T04:26:58.5236954Z ok 74 - control: a normal (non-full) stdout target still exits 0 with empty stderr
test (18)	Coverage report (informational, not a gate)	2026-08-20T04:26:58.5237460Z   ---
test (18)	Coverage report (informational, not a gate)	2026-08-20T04:26:58.5237836Z   duration_ms: 84.41327
test (18)	Coverage report (informational, not a gate)	2026-08-20T04:26:58.5238221Z   ...
test (18)	Coverage report (informational, not a gate)	2026-08-20T04:26:58.5238550Z # Subtest: README tags must exist in corpus
test (18)	Coverage report (informational, not a gate)	2026-08-20T04:26:58.5239113Z ok 75 - README tags must exist in corpus
test (18)	Coverage report (informational, not a gate)	2026-08-20T04:26:58.5239587Z   ---
test (18)	Coverage report (informational, not a gate)	2026-08-20T04:26:58.5239876Z   duration_ms: 2.58525
test (18)	Coverage report (informational, not a gate)	2026-08-20T04:26:58.5240205Z   ...
test (18)	Coverage report (informational, not a gate)	2026-08-20T04:26:58.5240623Z # Subtest: README tag counts must match corpus
test (18)	Coverage report (informational, not a gate)	2026-08-20T04:26:58.5241426Z ok 76 - README tag counts must match corpus
test (18)	Coverage report (informational, not a gate)	2026-08-20T04:26:58.5241838Z   ---
test (18)	Coverage report (informational, not a gate)	2026-08-20T04:26:58.5242140Z   duration_ms: 0.666237
test (18)	Coverage report (informational, not a gate)	2026-08-20T04:26:58.5242488Z   ...
test (18)	Coverage report (informational, not a gate)	2026-08-20T04:26:58.5242979Z # Subtest: README must state total unique tags correctly
test (18)	Coverage report (informational, not a gate)	2026-08-20T04:26:58.5243665Z ok 77 - README must state total unique tags correctly
test (18)	Coverage report (informational, not a gate)	2026-08-20T04:26:58.5244147Z   ---
test (18)	Coverage report (informational, not a gate)	2026-08-20T04:26:58.5244450Z   duration_ms: 0.443387
test (18)	Coverage report (informational, not a gate)	2026-08-20T04:26:58.5244809Z   ...
test (18)	Coverage report (informational, not a gate)	2026-08-20T04:26:58.5245383Z # Subtest: README must correctly describe single-entry tag count
test (18)	Coverage report (informational, not a gate)	2026-08-20T04:26:58.5246255Z ok 78 - README must correctly describe single-entry tag count
test (18)	Coverage report (informational, not a gate)	2026-08-20T04:26:58.5247013Z   ---
test (18)	Coverage report (informational, not a gate)	2026-08-20T04:26:58.5247328Z   duration_ms: 0.461945
test (18)	Coverage report (informational, not a gate)	2026-08-20T04:26:58.5247680Z   ...
test (18)	Coverage report (informational, not a gate)	2026-08-20T04:26:58.5248159Z # Subtest: README must list all single-entry tags
test (18)	Coverage report (informational, not a gate)	2026-08-20T04:26:58.5248783Z ok 79 - README must list all single-entry tags
test (18)	Coverage report (informational, not a gate)	2026-08-20T04:26:58.5249259Z   ---
test (18)	Coverage report (informational, not a gate)	2026-08-20T04:26:58.5249585Z   duration_ms: 1.510177
test (18)	Coverage report (informational, not a gate)	2026-08-20T04:26:58.5249922Z   ...
test (18)	Coverage report (informational, not a gate)	2026-08-20T04:26:58.5251109Z # Subtest: README Tag vocabulary section carries a tag+entry sentence with a single-entry marker (token co-occurrence guard, not a meaning check)
test (18)	Coverage report (informational, not a gate)	2026-08-20T04:26:58.5252946Z ok 80 - README Tag vocabulary section carries a tag+entry sentence with a single-entry marker (token co-occurrence guard, not a meaning check)
test (18)	Coverage report (informational, not a gate)	2026-08-20T04:26:58.5253912Z   ---
test (18)	Coverage report (informational, not a gate)	2026-08-20T04:26:58.5254227Z   duration_ms: 1.113029
test (18)	Coverage report (informational, not a gate)	2026-08-20T04:26:58.5254653Z   ...
test (18)	Coverage report (informational, not a gate)	2026-08-20T04:26:58.5256343Z # Subtest: extractBandTablesFromReadme tolerates a prose sentence between a band heading and its table (T-025), without mis-attaching a table when the real one is missing
test (18)	Coverage report (informational, not a gate)	2026-08-20T04:26:58.5259035Z ok 81 - extractBandTablesFromReadme tolerates a prose sentence between a band heading and its table (T-025), without mis-attaching a table when the real one is missing
test (18)	Coverage report (informational, not a gate)	2026-08-20T04:26:58.5260199Z   ---
test (18)	Coverage report (informational, not a gate)	2026-08-20T04:26:58.5260524Z   duration_ms: 1.974214
test (18)	Coverage report (informational, not a gate)	2026-08-20T04:26:58.5260974Z   ...
test (18)	Coverage report (informational, not a gate)	2026-08-20T04:26:58.5261952Z # Subtest: extractBandTablesFromReadme does not let a band-shaped PROSE line steal a real heading's table (T-039)
test (18)	Coverage report (informational, not a gate)	2026-08-20T04:26:58.5263468Z ok 82 - extractBandTablesFromReadme does not let a band-shaped PROSE line steal a real heading's table (T-039)
test (18)	Coverage report (informational, not a gate)	2026-08-20T04:26:58.5264276Z   ---
test (18)	Coverage report (informational, not a gate)	2026-08-20T04:26:58.5264590Z   duration_ms: 0.238494
test (18)	Coverage report (informational, not a gate)	2026-08-20T04:26:58.5264933Z   ...
test (18)	Coverage report (informational, not a gate)	2026-08-20T04:26:58.5265808Z # Subtest: extractBandTablesFromReadme does not read a fenced example block as a second, real band table
test (18)	Coverage report (informational, not a gate)	2026-08-20T04:26:58.5267372Z ok 83 - extractBandTablesFromReadme does not read a fenced example block as a second, real band table
test (18)	Coverage report (informational, not a gate)	2026-08-20T04:26:58.5268197Z   ---
test (18)	Coverage report (informational, not a gate)	2026-08-20T04:26:58.5268513Z   duration_ms: 0.233897
test (18)	Coverage report (informational, not a gate)	2026-08-20T04:26:58.5268869Z   ...
test (18)	Coverage report (informational, not a gate)	2026-08-20T04:26:58.5270458Z # Subtest: extractBandTablesFromReadme's recognised bands account for every structural `| Tag | Count |` table -- a table under an unrecognised heading shape is a loud mismatch, not a silent miss
test (18)	Coverage report (informational, not a gate)	2026-08-20T04:26:58.5273031Z ok 84 - extractBandTablesFromReadme's recognised bands account for every structural `| Tag | Count |` table -- a table under an unrecognised heading shape is a loud mismatch, not a silent miss
test (18)	Coverage report (informational, not a gate)	2026-08-20T04:26:58.5274323Z   ---
test (18)	Coverage report (informational, not a gate)	2026-08-20T04:26:58.5274661Z   duration_ms: 0.393553
test (18)	Coverage report (informational, not a gate)	2026-08-20T04:26:58.5275026Z   ...
test (18)	Coverage report (informational, not a gate)	2026-08-20T04:26:58.5276303Z # Subtest: every `| Tag | Count |` table in the real README Tag vocabulary section is a recognised band table (no table may hide under an unrecognised heading shape)
test (18)	Coverage report (informational, not a gate)	2026-08-20T04:26:58.5278508Z ok 85 - every `| Tag | Count |` table in the real README Tag vocabulary section is a recognised band table (no table may hide under an unrecognised heading shape)
test (18)	Coverage report (informational, not a gate)	2026-08-20T04:26:58.5279583Z   ---
test (18)	Coverage report (informational, not a gate)	2026-08-20T04:26:58.5279885Z   duration_ms: 0.764383
test (18)	Coverage report (informational, not a gate)	2026-08-20T04:26:58.5280235Z   ...
test (18)	Coverage report (informational, not a gate)	2026-08-20T04:26:58.5281244Z # Subtest: every band table in README Tag vocabulary contains exactly the corpus tags whose count fits that band
test (18)	Coverage report (informational, not a gate)	2026-08-20T04:26:58.5282972Z ok 86 - every band table in README Tag vocabulary contains exactly the corpus tags whose count fits that band
test (18)	Coverage report (informational, not a gate)	2026-08-20T04:26:58.5283798Z   ---
test (18)	Coverage report (informational, not a gate)	2026-08-20T04:26:58.5284136Z   duration_ms: 0.52677
test (18)	Coverage report (informational, not a gate)	2026-08-20T04:26:58.5284484Z   ...
test (18)	Coverage report (informational, not a gate)	2026-08-20T04:26:58.5285552Z # Subtest: every corpus tag appearing on 2+ entries must have a row in some band table (no band table may be deleted wholesale) (T-019)
test (18)	Coverage report (informational, not a gate)	2026-08-20T04:26:58.5287663Z ok 87 - every corpus tag appearing on 2+ entries must have a row in some band table (no band table may be deleted wholesale) (T-019)
test (18)	Coverage report (informational, not a gate)	2026-08-20T04:26:58.5288458Z   ---
test (18)	Coverage report (informational, not a gate)	2026-08-20T04:26:58.5288683Z   duration_ms: 0.454583
test (18)	Coverage report (informational, not a gate)	2026-08-20T04:26:58.5288918Z   ...
test (18)	Coverage report (informational, not a gate)	2026-08-20T04:26:58.5289671Z # Subtest: extractBandTablesFromReadme derives a band's row count purely from its table, ignoring decoy "N tags" phrases in the heading line (T-024b)
test (18)	Coverage report (informational, not a gate)	2026-08-20T04:26:58.5290762Z ok 88 - extractBandTablesFromReadme derives a band's row count purely from its table, ignoring decoy "N tags" phrases in the heading line (T-024b)
test (18)	Coverage report (informational, not a gate)	2026-08-20T04:26:58.5291351Z   ---
test (18)	Coverage report (informational, not a gate)	2026-08-20T04:26:58.5291548Z   duration_ms: 0.23615
test (18)	Coverage report (informational, not a gate)	2026-08-20T04:26:58.5291764Z   ...
test (18)	Coverage report (informational, not a gate)	2026-08-20T04:26:58.5292221Z # Subtest: README opening sentence must state correct multi-entry and single-entry tag counts
test (18)	Coverage report (informational, not a gate)	2026-08-20T04:26:58.5292914Z ok 89 - README opening sentence must state correct multi-entry and single-entry tag counts
test (18)	Coverage report (informational, not a gate)	2026-08-20T04:26:58.5293330Z   ---
test (18)	Coverage report (informational, not a gate)	2026-08-20T04:26:58.5293529Z   duration_ms: 0.680228
test (18)	Coverage report (informational, not a gate)	2026-08-20T04:26:58.5293748Z   ...
test (18)	Coverage report (informational, not a gate)	2026-08-20T04:26:58.5294409Z # Subtest: README Tag vocabulary section must contain no unrecognised count-claim digits (J-5)
test (18)	Coverage report (informational, not a gate)	2026-08-20T04:26:58.5295234Z ok 90 - README Tag vocabulary section must contain no unrecognised count-claim digits (J-5)
test (18)	Coverage report (informational, not a gate)	2026-08-20T04:26:58.5295885Z   ---
test (18)	Coverage report (informational, not a gate)	2026-08-20T04:26:58.5296108Z   duration_ms: 1.637316
test (18)	Coverage report (informational, not a gate)	2026-08-20T04:26:58.5296432Z   ...
test (18)	Coverage report (informational, not a gate)	2026-08-20T04:26:58.5297482Z # Subtest: README Attribution table "Entries ranked" count must match corpus.length and the triage doc (C1)
test (18)	Coverage report (informational, not a gate)	2026-08-20T04:26:58.5298323Z ok 91 - README Attribution table "Entries ranked" count must match corpus.length and the triage doc (C1)
test (18)	Coverage report (informational, not a gate)	2026-08-20T04:26:58.5298789Z   ---
test (18)	Coverage report (informational, not a gate)	2026-08-20T04:26:58.5298984Z   duration_ms: 4.06311
test (18)	Coverage report (informational, not a gate)	2026-08-20T04:26:58.5299205Z   ...
test (18)	Coverage report (informational, not a gate)	2026-08-20T04:26:58.5299670Z # Subtest: README Attribution table "Rated HIGH risk" count must match the triage doc table (C2)
test (18)	Coverage report (informational, not a gate)	2026-08-20T04:26:58.5300356Z ok 92 - README Attribution table "Rated HIGH risk" count must match the triage doc table (C2)
test (18)	Coverage report (informational, not a gate)	2026-08-20T04:26:58.5300772Z   ---
test (18)	Coverage report (informational, not a gate)	2026-08-20T04:26:58.5300965Z   duration_ms: 0.745534
test (18)	Coverage report (informational, not a gate)	2026-08-20T04:26:58.5301173Z   ...
test (18)	Coverage report (informational, not a gate)	2026-08-20T04:26:58.5301613Z # Subtest: README Attribution section must contain no digit runs outside the counts table (C7)
test (18)	Coverage report (informational, not a gate)	2026-08-20T04:26:58.5302275Z ok 93 - README Attribution section must contain no digit runs outside the counts table (C7)
test (18)	Coverage report (informational, not a gate)	2026-08-20T04:26:58.5302686Z   ---
test (18)	Coverage report (informational, not a gate)	2026-08-20T04:26:58.5302888Z   duration_ms: 0.565999
test (18)	Coverage report (informational, not a gate)	2026-08-20T04:26:58.5303095Z   ...
test (18)	Coverage report (informational, not a gate)	2026-08-20T04:26:58.5303433Z # Subtest: README Layout section paths must exist on disk (C6)
test (18)	Coverage report (informational, not a gate)	2026-08-20T04:26:58.5303890Z ok 94 - README Layout section paths must exist on disk (C6)
test (18)	Coverage report (informational, not a gate)	2026-08-20T04:26:58.5304217Z   ---
test (18)	Coverage report (informational, not a gate)	2026-08-20T04:26:58.5304411Z   duration_ms: 1.995336
test (18)	Coverage report (informational, not a gate)	2026-08-20T04:26:58.5304623Z   ...
test (18)	Coverage report (informational, not a gate)	2026-08-20T04:26:58.5305181Z # Subtest: getListBehaviourSection tolerates a reformatted "--list behaviour" heading with no backticks (T-021)
test (18)	Coverage report (informational, not a gate)	2026-08-20T04:26:58.5306037Z ok 95 - getListBehaviourSection tolerates a reformatted "--list behaviour" heading with no backticks (T-021)
test (18)	Coverage report (informational, not a gate)	2026-08-20T04:26:58.5306528Z   ---
test (18)	Coverage report (informational, not a gate)	2026-08-20T04:26:58.5306846Z   duration_ms: 0.693808
test (18)	Coverage report (informational, not a gate)	2026-08-20T04:26:58.5307061Z   ...
test (18)	Coverage report (informational, not a gate)	2026-08-20T04:26:58.5307778Z # Subtest: getListBehaviourSection still fails on a SEPARATOR MISMATCH (not a heading-parse error) when a reformatted heading's literal is mutated (T-021)
test (18)	Coverage report (informational, not a gate)	2026-08-20T04:26:58.5308945Z ok 96 - getListBehaviourSection still fails on a SEPARATOR MISMATCH (not a heading-parse error) when a reformatted heading's literal is mutated (T-021)
test (18)	Coverage report (informational, not a gate)	2026-08-20T04:26:58.5309775Z   ---
test (18)	Coverage report (informational, not a gate)	2026-08-20T04:26:58.5309984Z   duration_ms: 0.413473
test (18)	Coverage report (informational, not a gate)	2026-08-20T04:26:58.5310197Z   ...
test (18)	Coverage report (informational, not a gate)	2026-08-20T04:26:58.5310791Z # Subtest: getListBehaviourSection reports ambiguity loudly instead of taking the first of two qualifying headings (T-021)
test (18)	Coverage report (informational, not a gate)	2026-08-20T04:26:58.5311703Z ok 97 - getListBehaviourSection reports ambiguity loudly instead of taking the first of two qualifying headings (T-021)
test (18)	Coverage report (informational, not a gate)	2026-08-20T04:26:58.5312206Z   ---
test (18)	Coverage report (informational, not a gate)	2026-08-20T04:26:58.5312400Z   duration_ms: 1.402749
test (18)	Coverage report (informational, not a gate)	2026-08-20T04:26:58.5312623Z   ...
test (18)	Coverage report (informational, not a gate)	2026-08-20T04:26:58.5313137Z # Subtest: getListBehaviourSection does not let "--list-only" satisfy the standalone `--list` token (T-021)
test (18)	Coverage report (informational, not a gate)	2026-08-20T04:26:58.5313941Z ok 98 - getListBehaviourSection does not let "--list-only" satisfy the standalone `--list` token (T-021)
test (18)	Coverage report (informational, not a gate)	2026-08-20T04:26:58.5314388Z   ---
test (18)	Coverage report (informational, not a gate)	2026-08-20T04:26:58.5314576Z   duration_ms: 0.426222
test (18)	Coverage report (informational, not a gate)	2026-08-20T04:26:58.5314791Z   ...
test (18)	Coverage report (informational, not a gate)	2026-08-20T04:26:58.5315285Z # Subtest: getListBehaviourSection tolerates the American spelling "behavior" in the heading (T-027)
test (18)	Coverage report (informational, not a gate)	2026-08-20T04:26:58.5316038Z ok 99 - getListBehaviourSection tolerates the American spelling "behavior" in the heading (T-027)
test (18)	Coverage report (informational, not a gate)	2026-08-20T04:26:58.5316477Z   ---
test (18)	Coverage report (informational, not a gate)	2026-08-20T04:26:58.5316773Z   duration_ms: 0.160889
test (18)	Coverage report (informational, not a gate)	2026-08-20T04:26:58.5316986Z   ...
test (18)	Coverage report (informational, not a gate)	2026-08-20T04:26:58.5317635Z # Subtest: getListBehaviourSection still fails on a SEPARATOR MISMATCH (not a heading-parse error) under an American-spelled heading (T-027)
test (18)	Coverage report (informational, not a gate)	2026-08-20T04:26:58.5318682Z ok 100 - getListBehaviourSection still fails on a SEPARATOR MISMATCH (not a heading-parse error) under an American-spelled heading (T-027)
test (18)	Coverage report (informational, not a gate)	2026-08-20T04:26:58.5319400Z   ---
test (18)	Coverage report (informational, not a gate)	2026-08-20T04:26:58.5319594Z   duration_ms: 0.231203
test (18)	Coverage report (informational, not a gate)	2026-08-20T04:26:58.5319805Z   ...
test (18)	Coverage report (informational, not a gate)	2026-08-20T04:26:58.5320274Z # Subtest: README `--list` format literal matches the shipped binary's actual --list output (T-017)
test (18)	Coverage report (informational, not a gate)	2026-08-20T04:26:58.5320981Z ok 101 - README `--list` format literal matches the shipped binary's actual --list output (T-017)
test (18)	Coverage report (informational, not a gate)	2026-08-20T04:26:58.5321406Z   ---
test (18)	Coverage report (informational, not a gate)	2026-08-20T04:26:58.5321601Z   duration_ms: 62.116256
test (18)	Coverage report (informational, not a gate)	2026-08-20T04:26:58.5321823Z   ...
test (18)	Coverage report (informational, not a gate)	2026-08-20T04:26:58.5322322Z # Subtest: README `--author` matching section must state the correct count of distinct corpus authors (Q-8)
test (18)	Coverage report (informational, not a gate)	2026-08-20T04:26:58.5323081Z ok 102 - README `--author` matching section must state the correct count of distinct corpus authors (Q-8)
test (18)	Coverage report (informational, not a gate)	2026-08-20T04:26:58.5323534Z   ---
test (18)	Coverage report (informational, not a gate)	2026-08-20T04:26:58.5323721Z   duration_ms: 0.609043
test (18)	Coverage report (informational, not a gate)	2026-08-20T04:26:58.5323926Z   ...
test (18)	Coverage report (informational, not a gate)	2026-08-20T04:26:58.5324181Z # Subtest: corpus has at least 40 entries
test (18)	Coverage report (informational, not a gate)	2026-08-20T04:26:58.5324514Z ok 103 - corpus has at least 40 entries
test (18)	Coverage report (informational, not a gate)	2026-08-20T04:26:58.5324778Z   ---
test (18)	Coverage report (informational, not a gate)	2026-08-20T04:26:58.5324980Z   duration_ms: 2.171627
test (18)	Coverage report (informational, not a gate)	2026-08-20T04:26:58.5325195Z   ...
test (18)	Coverage report (informational, not a gate)	2026-08-20T04:26:58.5325623Z # Subtest: every corpus entry has non-empty text, non-empty author, and an array of tags
test (18)	Coverage report (informational, not a gate)	2026-08-20T04:26:58.5326248Z ok 104 - every corpus entry has non-empty text, non-empty author, and an array of tags
test (18)	Coverage report (informational, not a gate)	2026-08-20T04:26:58.5326838Z   ---
test (18)	Coverage report (informational, not a gate)	2026-08-20T04:26:58.5327120Z   duration_ms: 0.305552
test (18)	Coverage report (informational, not a gate)	2026-08-20T04:26:58.5327346Z   ...
test (18)	Coverage report (informational, not a gate)	2026-08-20T04:26:58.5327635Z # Subtest: filter: author match is case-insensitive
test (18)	Coverage report (informational, not a gate)	2026-08-20T04:26:58.5328025Z ok 105 - filter: author match is case-insensitive
test (18)	Coverage report (informational, not a gate)	2026-08-20T04:26:58.5328323Z   ---
test (18)	Coverage report (informational, not a gate)	2026-08-20T04:26:58.5328514Z   duration_ms: 0.887485
test (18)	Coverage report (informational, not a gate)	2026-08-20T04:26:58.5328723Z   ...
test (18)	Coverage report (informational, not a gate)	2026-08-20T04:26:58.5328998Z # Subtest: filter: tag match is case-insensitive
test (18)	Coverage report (informational, not a gate)	2026-08-20T04:26:58.5329364Z ok 106 - filter: tag match is case-insensitive
test (18)	Coverage report (informational, not a gate)	2026-08-20T04:26:58.5329646Z   ---
test (18)	Coverage report (informational, not a gate)	2026-08-20T04:26:58.5329841Z   duration_ms: 0.309218
test (18)	Coverage report (informational, not a gate)	2026-08-20T04:26:58.5330053Z   ...
test (18)	Coverage report (informational, not a gate)	2026-08-20T04:26:58.5330437Z # Subtest: filter: author and tag together narrow to the intersection (AND)
test (18)	Coverage report (informational, not a gate)	2026-08-20T04:26:58.5330995Z ok 107 - filter: author and tag together narrow to the intersection (AND)
test (18)	Coverage report (informational, not a gate)	2026-08-20T04:26:58.5331349Z   ---
test (18)	Coverage report (informational, not a gate)	2026-08-20T04:26:58.5331542Z   duration_ms: 0.304601
test (18)	Coverage report (informational, not a gate)	2026-08-20T04:26:58.5331913Z   ...
test (18)	Coverage report (informational, not a gate)	2026-08-20T04:26:58.5332221Z # Subtest: filter: undefined/absent options do not filter
test (18)	Coverage report (informational, not a gate)	2026-08-20T04:26:58.5332647Z ok 108 - filter: undefined/absent options do not filter
test (18)	Coverage report (informational, not a gate)	2026-08-20T04:26:58.5332965Z   ---
test (18)	Coverage report (informational, not a gate)	2026-08-20T04:26:58.5333161Z   duration_ms: 0.12841
test (18)	Coverage report (informational, not a gate)	2026-08-20T04:26:58.5333379Z   ...
test (18)	Coverage report (informational, not a gate)	2026-08-20T04:26:58.5333785Z # Subtest: pick: same seed over the same candidates always returns the same element
test (18)	Coverage report (informational, not a gate)	2026-08-20T04:26:58.5334383Z ok 109 - pick: same seed over the same candidates always returns the same element
test (18)	Coverage report (informational, not a gate)	2026-08-20T04:26:58.5334769Z   ---
test (18)	Coverage report (informational, not a gate)	2026-08-20T04:26:58.5334970Z   duration_ms: 0.342608
test (18)	Coverage report (informational, not a gate)	2026-08-20T04:26:58.5335187Z   ...
test (18)	Coverage report (informational, not a gate)	2026-08-20T04:26:58.5335539Z # Subtest: pick: different seeds generally produce different results
test (18)	Coverage report (informational, not a gate)	2026-08-20T04:26:58.5336038Z ok 110 - pick: different seeds generally produce different results
test (18)	Coverage report (informational, not a gate)	2026-08-20T04:26:58.5336365Z   ---
test (18)	Coverage report (informational, not a gate)	2026-08-20T04:26:58.5336560Z   duration_ms: 0.219054
test (18)	Coverage report (informational, not a gate)	2026-08-20T04:26:58.5336897Z   ...
test (18)	Coverage report (informational, not a gate)	2026-08-20T04:26:58.5337232Z # Subtest: pick: undefined seed picks a valid member (random mode)
test (18)	Coverage report (informational, not a gate)	2026-08-20T04:26:58.5337709Z ok 111 - pick: undefined seed picks a valid member (random mode)
test (18)	Coverage report (informational, not a gate)	2026-08-20T04:26:58.5338034Z   ---
test (18)	Coverage report (informational, not a gate)	2026-08-20T04:26:58.5338223Z   duration_ms: 0.096082
test (18)	Coverage report (informational, not a gate)	2026-08-20T04:26:58.5338433Z   ...
test (18)	Coverage report (informational, not a gate)	2026-08-20T04:26:58.5338822Z # Subtest: pick: null seed also triggers random mode and returns a valid member
test (18)	Coverage report (informational, not a gate)	2026-08-20T04:26:58.5339401Z ok 112 - pick: null seed also triggers random mode and returns a valid member
test (18)	Coverage report (informational, not a gate)	2026-08-20T04:26:58.5339763Z   ---
test (18)	Coverage report (informational, not a gate)	2026-08-20T04:26:58.5339958Z   duration_ms: 0.100509
test (18)	Coverage report (informational, not a gate)	2026-08-20T04:26:58.5340577Z   ...
test (18)	Coverage report (informational, not a gate)	2026-08-20T04:26:58.5341082Z # Subtest: pick: throws RangeError on empty candidates array
test (18)	Coverage report (informational, not a gate)	2026-08-20T04:26:58.5341810Z ok 113 - pick: throws RangeError on empty candidates array
test (18)	Coverage report (informational, not a gate)	2026-08-20T04:26:58.5342328Z   ---
test (18)	Coverage report (informational, not a gate)	2026-08-20T04:26:58.5342633Z   duration_ms: 0.481193
test (18)	Coverage report (informational, not a gate)	2026-08-20T04:26:58.5342973Z   ...
test (18)	Coverage report (informational, not a gate)	2026-08-20T04:26:58.5343591Z # Subtest: pick: Infinity seed is deterministic and returns a valid member
test (18)	Coverage report (informational, not a gate)	2026-08-20T04:26:58.5344405Z ok 114 - pick: Infinity seed is deterministic and returns a valid member
test (18)	Coverage report (informational, not a gate)	2026-08-20T04:26:58.5344772Z   ---
test (18)	Coverage report (informational, not a gate)	2026-08-20T04:26:58.5344965Z   duration_ms: 1.323091
test (18)	Coverage report (informational, not a gate)	2026-08-20T04:26:58.5345182Z   ...
test (18)	Coverage report (informational, not a gate)	2026-08-20T04:26:58.5345551Z # Subtest: pick: -Infinity seed is deterministic and returns a valid member
test (18)	Coverage report (informational, not a gate)	2026-08-20T04:26:58.5346085Z ok 115 - pick: -Infinity seed is deterministic and returns a valid member
test (18)	Coverage report (informational, not a gate)	2026-08-20T04:26:58.5346431Z   ---
test (18)	Coverage report (informational, not a gate)	2026-08-20T04:26:58.5346776Z   duration_ms: 0.183922
test (18)	Coverage report (informational, not a gate)	2026-08-20T04:26:58.5346998Z   ...
test (18)	Coverage report (informational, not a gate)	2026-08-20T04:26:58.5347390Z # Subtest: pick: NaN seed still uses the random branch and returns a valid member
test (18)	Coverage report (informational, not a gate)	2026-08-20T04:26:58.5348067Z ok 116 - pick: NaN seed still uses the random branch and returns a valid member
test (18)	Coverage report (informational, not a gate)	2026-08-20T04:26:58.5348491Z   ---
test (18)	Coverage report (informational, not a gate)	2026-08-20T04:26:58.5348687Z   duration_ms: 0.09433
test (18)	Coverage report (informational, not a gate)	2026-08-20T04:26:58.5348902Z   ...
test (18)	Coverage report (informational, not a gate)	2026-08-20T04:26:58.5349301Z # Subtest: pick: finite seed determinism is unchanged by the non-finite-seed fix
test (18)	Coverage report (informational, not a gate)	2026-08-20T04:26:58.5349874Z ok 117 - pick: finite seed determinism is unchanged by the non-finite-seed fix
test (18)	Coverage report (informational, not a gate)	2026-08-20T04:26:58.5350247Z   ---
test (18)	Coverage report (informational, not a gate)	2026-08-20T04:26:58.5350437Z   duration_ms: 0.131525
test (18)	Coverage report (informational, not a gate)	2026-08-20T04:26:58.5350650Z   ...
test (18)	Coverage report (informational, not a gate)	2026-08-20T04:26:58.5350986Z # Subtest: pick: every candidate is REACHABLE by an unseeded draw
test (18)	Coverage report (informational, not a gate)	2026-08-20T04:26:58.5351469Z ok 118 - pick: every candidate is REACHABLE by an unseeded draw
test (18)	Coverage report (informational, not a gate)	2026-08-20T04:26:58.5351791Z   ---
test (18)	Coverage report (informational, not a gate)	2026-08-20T04:26:58.5351980Z   duration_ms: 1.639679
test (18)	Coverage report (informational, not a gate)	2026-08-20T04:26:58.5352194Z   ...
test (18)	Coverage report (informational, not a gate)	2026-08-20T04:26:58.5352621Z # Subtest: pick: unseeded draws split the interval EQUALLY across candidates (uniform)
test (18)	Coverage report (informational, not a gate)	2026-08-20T04:26:58.5353346Z ok 119 - pick: unseeded draws split the interval EQUALLY across candidates (uniform)
test (18)	Coverage report (informational, not a gate)	2026-08-20T04:26:58.5353745Z   ---
test (18)	Coverage report (informational, not a gate)	2026-08-20T04:26:58.5353938Z   duration_ms: 1.241028
test (18)	Coverage report (informational, not a gate)	2026-08-20T04:26:58.5354151Z   ...
test (18)	Coverage report (informational, not a gate)	2026-08-20T04:26:58.5354595Z # Subtest: pick: single-element candidates always returns that element regardless of seed
test (18)	Coverage report (informational, not a gate)	2026-08-20T04:26:58.5355241Z ok 120 - pick: single-element candidates always returns that element regardless of seed
test (18)	Coverage report (informational, not a gate)	2026-08-20T04:26:58.5355914Z   ---
test (18)	Coverage report (informational, not a gate)	2026-08-20T04:26:58.5356105Z   duration_ms: 0.167808
test (18)	Coverage report (informational, not a gate)	2026-08-20T04:26:58.5356318Z   ...
test (18)	Coverage report (informational, not a gate)	2026-08-20T04:26:58.5356506Z 1..120
test (18)	Coverage report (informational, not a gate)	2026-08-20T04:26:58.5356836Z # tests 120
test (18)	Coverage report (informational, not a gate)	2026-08-20T04:26:58.5357043Z # suites 0
test (18)	Coverage report (informational, not a gate)	2026-08-20T04:26:58.5357241Z # pass 119
test (18)	Coverage report (informational, not a gate)	2026-08-20T04:26:58.5357437Z # fail 0
test (18)	Coverage report (informational, not a gate)	2026-08-20T04:26:58.5357633Z # cancelled 0
test (18)	Coverage report (informational, not a gate)	2026-08-20T04:26:58.5357845Z # skipped 1
test (18)	Coverage report (informational, not a gate)	2026-08-20T04:26:58.5358041Z # todo 0
test (18)	Coverage report (informational, not a gate)	2026-08-20T04:26:58.5358255Z # duration_ms 4238.496636
test (18)	Coverage report (informational, not a gate)	2026-08-20T04:26:58.5358548Z # start of coverage report
test (18)	Coverage report (informational, not a gate)	2026-08-20T04:26:58.5358884Z # file | line % | branch % | funcs % | uncovered lines
test (18)	Coverage report (informational, not a gate)	2026-08-20T04:26:58.5359253Z # bin/aphorism.js | 100.00 | 85.71 | 100.00 | 
test (18)	Coverage report (informational, not a gate)	2026-08-20T04:26:58.5359583Z # src/args.js | 100.00 | 100.00 | 100.00 | 
test (18)	Coverage report (informational, not a gate)	2026-08-20T04:26:58.5359921Z # src/corpus.js | 100.00 | 100.00 | 100.00 | 
test (18)	Coverage report (informational, not a gate)	2026-08-20T04:26:58.5360252Z # src/select.js | 100.00 | 100.00 | 100.00 | 
test (18)	Coverage report (informational, not a gate)	2026-08-20T04:26:58.5360597Z # test/args.test.js | 100.00 | 100.00 | 100.00 | 
test (18)	Coverage report (informational, not a gate)	2026-08-20T04:26:58.5360989Z # test/cli.test.js | 100.00 | 100.00 | 100.00 | 
test (18)	Coverage report (informational, not a gate)	2026-08-20T04:26:58.5362143Z # test/node-support-citation.test.js | 76.04 | 40.00 | 100.00 | 110, 111, 112, 121, 122, 123, 144, 145, 146, 147, 148, 149, 150, 158, 159, 160, 161, 162, 163, 164, 165, 166, 167, 168, 169, 170, 171, 172, 173, 174, 176, 177, 178, 179, 180, 181, 182, 183, 184, 185, 186, 187, 188, 189, 190, 191
test (18)	Coverage report (informational, not a gate)	2026-08-20T04:26:58.5363176Z # test/pipe.test.js | 96.73 | 83.33 | 100.00 | 50, 51, 89, 90, 91, 163, 164, 165
test (18)	Coverage report (informational, not a gate)	2026-08-20T04:26:58.5364249Z # test/readme-tags.test.js | 98.71 | 86.81 | 96.15 | 125, 126, 146, 147, 156, 157, 531, 532, 534, 535, 549, 550, 551, 552, 1324, 1325, 1674, 1675, 1874, 1875, 1876, 1877, 1878, 1879, 1880, 1881, 1882, 1883, 1884
test (18)	Coverage report (informational, not a gate)	2026-08-20T04:26:58.5364957Z # test/select.test.js | 100.00 | 97.92 | 100.00 | 
test (18)	Coverage report (informational, not a gate)	2026-08-20T04:26:58.5365294Z # all files | 98.09 | 91.30 | 98.63 |
test (18)	Coverage report (informational, not a gate)	2026-08-20T04:26:58.5365577Z # end of coverage report
test (18)	Post Run actions/setup-node@v4	﻿2026-08-20T04:26:58.5528258Z Node 20 is being deprecated. This workflow is running with Node 24 by default. If you need to temporarily use Node 20, you can set the ACTIONS_ALLOW_USE_UNSECURE_NODE_VERSION=true environment variable. For more information see: https://github.blog/changelog/2025-09-19-deprecation-of-node-20-on-github-actions-runners/
test (18)	Post Run actions/setup-node@v4	2026-08-20T04:26:58.5529454Z Post job cleanup.
test (18)	Post Run actions/setup-node@v4	2026-08-20T04:26:58.6780992Z (node:4071) [DEP0040] DeprecationWarning: The `punycode` module is deprecated. Please use a userland alternative instead.
test (18)	Post Run actions/setup-node@v4	2026-08-20T04:26:58.6782354Z (Use `node --trace-deprecation ...` to show where the warning was created)
test (18)	Post Run actions/checkout@v4	﻿2026-08-20T04:26:58.6985691Z Node 20 is being deprecated. This workflow is running with Node 24 by default. If you need to temporarily use Node 20, you can set the ACTIONS_ALLOW_USE_UNSECURE_NODE_VERSION=true environment variable. For more information see: https://github.blog/changelog/2025-09-19-deprecation-of-node-20-on-github-actions-runners/
test (18)	Post Run actions/checkout@v4	2026-08-20T04:26:58.6987128Z Post job cleanup.
test (18)	Post Run actions/checkout@v4	2026-08-20T04:26:58.7893966Z [command]/usr/bin/git version
test (18)	Post Run actions/checkout@v4	2026-08-20T04:26:58.7935899Z git version 2.55.0
test (18)	Post Run actions/checkout@v4	2026-08-20T04:26:58.7974697Z Temporarily overriding HOME='/home/runner/work/_temp/f01d5f01-97cd-40a9-a655-3d9fdcfb2bad' before making global git config changes
test (18)	Post Run actions/checkout@v4	2026-08-20T04:26:58.7976403Z Adding repository directory to the temporary git global config as a safe directory
test (18)	Post Run actions/checkout@v4	2026-08-20T04:26:58.7980170Z [command]/usr/bin/git config --global --add safe.directory /home/runner/work/aphorism-cli/aphorism-cli
test (18)	Post Run actions/checkout@v4	2026-08-20T04:26:58.8019778Z [command]/usr/bin/git config --local --name-only --get-regexp core\.sshCommand
test (18)	Post Run actions/checkout@v4	2026-08-20T04:26:58.8056487Z [command]/usr/bin/git submodule foreach --recursive sh -c "git config --local --name-only --get-regexp 'core\.sshCommand' && git config --local --unset-all 'core.sshCommand' || :"
test (18)	Post Run actions/checkout@v4	2026-08-20T04:26:58.8320901Z [command]/usr/bin/git config --local --name-only --get-regexp http\.https\:\/\/github\.com\/\.extraheader
test (18)	Post Run actions/checkout@v4	2026-08-20T04:26:58.8348873Z http.https://github.com/.extraheader
test (18)	Post Run actions/checkout@v4	2026-08-20T04:26:58.8361267Z [command]/usr/bin/git config --local --unset-all http.https://github.com/.extraheader
test (18)	Post Run actions/checkout@v4	2026-08-20T04:26:58.8396248Z [command]/usr/bin/git submodule foreach --recursive sh -c "git config --local --name-only --get-regexp 'http\.https\:\/\/github\.com\/\.extraheader' && git config --local --unset-all 'http.https://github.com/.extraheader' || :"
test (18)	Post Run actions/checkout@v4	2026-08-20T04:26:58.8739794Z [command]/usr/bin/git config --local --name-only --get-regexp ^includeIf\.gitdir:
test (18)	Post Run actions/checkout@v4	2026-08-20T04:26:58.8802860Z [command]/usr/bin/git submodule foreach --recursive git config --local --show-origin --name-only --get-regexp remote.origin.url
test (18)	Complete job	﻿2026-08-20T04:26:58.9275650Z Cleaning up orphan processes
test (18)	Complete job	2026-08-20T04:26:58.9571107Z ##[warning]Node.js 20 is deprecated. The following actions target Node.js 20 but are being forced to run on Node.js 24: actions/checkout@v4, actions/setup-node@v4. For more information see: https://github.blog/changelog/2025-09-19-deprecation-of-node-20-on-github-actions-runners/
test (20)	Set up job	﻿2026-08-20T04:26:47.0279732Z Current runner version: '2.336.0'
test (20)	Set up job	2026-08-20T04:26:47.0328174Z ##[group]Runner Image Provisioner
test (20)	Set up job	2026-08-20T04:26:47.0329058Z Hosted Compute Agent
test (20)	Set up job	2026-08-20T04:26:47.0329649Z Version: 20260729.566
test (20)	Set up job	2026-08-20T04:26:47.0330487Z Commit: cf7153fe6e25b664e8693c24944bf2b00355d109
test (20)	Set up job	2026-08-20T04:26:47.0331239Z Build Date: 2026-07-29T19:17:02Z
test (20)	Set up job	2026-08-20T04:26:47.0332020Z Worker ID: {7c50e96e-46bd-49eb-ba6c-5eafcf54f5b2}
test (20)	Set up job	2026-08-20T04:26:47.0332747Z Azure Region: centralus
test (20)	Set up job	2026-08-20T04:26:47.0333313Z ##[endgroup]
test (20)	Set up job	2026-08-20T04:26:47.0335148Z ##[group]Operating System
test (20)	Set up job	2026-08-20T04:26:47.0335835Z Ubuntu
test (20)	Set up job	2026-08-20T04:26:47.0336422Z 24.04.4
test (20)	Set up job	2026-08-20T04:26:47.0336955Z LTS
test (20)	Set up job	2026-08-20T04:26:47.0337495Z ##[endgroup]
test (20)	Set up job	2026-08-20T04:26:47.0338125Z ##[group]Runner Image
test (20)	Set up job	2026-08-20T04:26:47.0338773Z Image: ubuntu-24.04
test (20)	Set up job	2026-08-20T04:26:47.0339716Z Version: 20260810.271.1
test (20)	Set up job	2026-08-20T04:26:47.0340853Z Included Software: https://github.com/actions/runner-images/blob/ubuntu24/20260810.271/images/ubuntu/Ubuntu2404-Readme.md
test (20)	Set up job	2026-08-20T04:26:47.0342669Z Image Release: https://github.com/actions/runner-images/releases/tag/ubuntu24%2F20260810.271
test (20)	Set up job	2026-08-20T04:26:47.0343693Z ##[endgroup]
test (20)	Set up job	2026-08-20T04:26:47.0345263Z ##[group]GITHUB_TOKEN Permissions
test (20)	Set up job	2026-08-20T04:26:47.0347479Z Contents: read
test (20)	Set up job	2026-08-20T04:26:47.0348210Z Metadata: read
test (20)	Set up job	2026-08-20T04:26:47.0348810Z Packages: read
test (20)	Set up job	2026-08-20T04:26:47.0349378Z ##[endgroup]
test (20)	Set up job	2026-08-20T04:26:47.0351667Z Secret source: Actions
test (20)	Set up job	2026-08-20T04:26:47.0353039Z Prepare workflow directory
test (20)	Set up job	2026-08-20T04:26:47.0780460Z Prepare all required actions
test (20)	Set up job	2026-08-20T04:26:47.0851240Z Getting action download info
test (20)	Set up job	2026-08-20T04:26:47.3121948Z Download action repository 'actions/checkout@v4' (SHA:11d5960a326750d5838078e36cf38b85af677262)
test (20)	Set up job	2026-08-20T04:26:47.4437185Z Download action repository 'actions/setup-node@v4' (SHA:49933ea5288caeca8642d1e84afbd3f7d6820020)
test (20)	Set up job	2026-08-20T04:26:47.6356158Z Complete job name: test (20)
test (20)	Run actions/checkout@v4	﻿2026-08-20T04:26:47.7158737Z Node 20 is being deprecated. This workflow is running with Node 24 by default. If you need to temporarily use Node 20, you can set the ACTIONS_ALLOW_USE_UNSECURE_NODE_VERSION=true environment variable. For more information see: https://github.blog/changelog/2025-09-19-deprecation-of-node-20-on-github-actions-runners/
test (20)	Run actions/checkout@v4	2026-08-20T04:26:47.7167871Z ##[group]Run actions/checkout@v4
test (20)	Run actions/checkout@v4	2026-08-20T04:26:47.7168637Z with:
test (20)	Run actions/checkout@v4	2026-08-20T04:26:47.7169118Z   repository: trmnmc/aphorism-cli
test (20)	Run actions/checkout@v4	2026-08-20T04:26:47.7172795Z   token: ***
test (20)	Run actions/checkout@v4	2026-08-20T04:26:47.7173236Z   ssh-strict: true
test (20)	Run actions/checkout@v4	2026-08-20T04:26:47.7173669Z   ssh-user: git
test (20)	Run actions/checkout@v4	2026-08-20T04:26:47.7174126Z   persist-credentials: true
test (20)	Run actions/checkout@v4	2026-08-20T04:26:47.7174834Z   clean: true
test (20)	Run actions/checkout@v4	2026-08-20T04:26:47.7175301Z   sparse-checkout-cone-mode: true
test (20)	Run actions/checkout@v4	2026-08-20T04:26:47.7175829Z   fetch-depth: 1
test (20)	Run actions/checkout@v4	2026-08-20T04:26:47.7176265Z   fetch-tags: false
test (20)	Run actions/checkout@v4	2026-08-20T04:26:47.7176708Z   show-progress: true
test (20)	Run actions/checkout@v4	2026-08-20T04:26:47.7177165Z   lfs: false
test (20)	Run actions/checkout@v4	2026-08-20T04:26:47.7177574Z   submodules: false
test (20)	Run actions/checkout@v4	2026-08-20T04:26:47.7178065Z   set-safe-directory: true
test (20)	Run actions/checkout@v4	2026-08-20T04:26:47.7178590Z   allow-unsafe-pr-checkout: false
test (20)	Run actions/checkout@v4	2026-08-20T04:26:47.7179372Z ##[endgroup]
test (20)	Run actions/checkout@v4	2026-08-20T04:26:47.8194368Z Syncing repository: trmnmc/aphorism-cli
test (20)	Run actions/checkout@v4	2026-08-20T04:26:47.8197199Z ##[group]Getting Git version info
test (20)	Run actions/checkout@v4	2026-08-20T04:26:47.8198450Z Working directory is '/home/runner/work/aphorism-cli/aphorism-cli'
test (20)	Run actions/checkout@v4	2026-08-20T04:26:47.8200203Z [command]/usr/bin/git version
test (20)	Run actions/checkout@v4	2026-08-20T04:26:47.8268643Z git version 2.54.0
test (20)	Run actions/checkout@v4	2026-08-20T04:26:47.8323205Z ##[endgroup]
test (20)	Run actions/checkout@v4	2026-08-20T04:26:47.8338870Z Temporarily overriding HOME='/home/runner/work/_temp/a923da0e-eed7-406e-8f68-772a43d11f3a' before making global git config changes
test (20)	Run actions/checkout@v4	2026-08-20T04:26:47.8341273Z Adding repository directory to the temporary git global config as a safe directory
test (20)	Run actions/checkout@v4	2026-08-20T04:26:47.8344336Z [command]/usr/bin/git config --global --add safe.directory /home/runner/work/aphorism-cli/aphorism-cli
test (20)	Run actions/checkout@v4	2026-08-20T04:26:47.8397368Z Deleting the contents of '/home/runner/work/aphorism-cli/aphorism-cli'
test (20)	Run actions/checkout@v4	2026-08-20T04:26:47.8402145Z ##[group]Initializing the repository
test (20)	Run actions/checkout@v4	2026-08-20T04:26:47.8406932Z [command]/usr/bin/git init /home/runner/work/aphorism-cli/aphorism-cli
test (20)	Run actions/checkout@v4	2026-08-20T04:26:47.8528452Z hint: Using 'master' as the name for the initial branch. This default branch name
test (20)	Run actions/checkout@v4	2026-08-20T04:26:47.8529702Z hint: will change to "main" in Git 3.0. To configure the initial branch name
test (20)	Run actions/checkout@v4	2026-08-20T04:26:47.8530696Z hint: to use in all of your new repositories, which will suppress this warning,
test (20)	Run actions/checkout@v4	2026-08-20T04:26:47.8531948Z hint: call:
test (20)	Run actions/checkout@v4	2026-08-20T04:26:47.8532666Z hint:
test (20)	Run actions/checkout@v4	2026-08-20T04:26:47.8533553Z hint: 	git config --global init.defaultBranch <name>
test (20)	Run actions/checkout@v4	2026-08-20T04:26:47.8534813Z hint:
test (20)	Run actions/checkout@v4	2026-08-20T04:26:47.8535801Z hint: Names commonly chosen instead of 'master' are 'main', 'trunk' and
test (20)	Run actions/checkout@v4	2026-08-20T04:26:47.8537144Z hint: 'development'. The just-created branch can be renamed via this command:
test (20)	Run actions/checkout@v4	2026-08-20T04:26:47.8538134Z hint:
test (20)	Run actions/checkout@v4	2026-08-20T04:26:47.8538933Z hint: 	git branch -m <name>
test (20)	Run actions/checkout@v4	2026-08-20T04:26:47.8539651Z hint:
test (20)	Run actions/checkout@v4	2026-08-20T04:26:47.8540881Z hint: Disable this message with "git config set advice.defaultBranchName false"
test (20)	Run actions/checkout@v4	2026-08-20T04:26:47.8541996Z Initialized empty Git repository in /home/runner/work/aphorism-cli/aphorism-cli/.git/
test (20)	Run actions/checkout@v4	2026-08-20T04:26:47.8547094Z [command]/usr/bin/git remote add origin https://github.com/trmnmc/aphorism-cli
test (20)	Run actions/checkout@v4	2026-08-20T04:26:47.8597828Z ##[endgroup]
test (20)	Run actions/checkout@v4	2026-08-20T04:26:47.8598928Z ##[group]Disabling automatic garbage collection
test (20)	Run actions/checkout@v4	2026-08-20T04:26:47.8601657Z [command]/usr/bin/git config --local gc.auto 0
test (20)	Run actions/checkout@v4	2026-08-20T04:26:47.8632668Z ##[endgroup]
test (20)	Run actions/checkout@v4	2026-08-20T04:26:47.8633953Z ##[group]Setting up auth
test (20)	Run actions/checkout@v4	2026-08-20T04:26:47.8641232Z [command]/usr/bin/git config --local --name-only --get-regexp core\.sshCommand
test (20)	Run actions/checkout@v4	2026-08-20T04:26:47.8707004Z [command]/usr/bin/git submodule foreach --recursive sh -c "git config --local --name-only --get-regexp 'core\.sshCommand' && git config --local --unset-all 'core.sshCommand' || :"
test (20)	Run actions/checkout@v4	2026-08-20T04:26:47.9077163Z [command]/usr/bin/git config --local --name-only --get-regexp http\.https\:\/\/github\.com\/\.extraheader
test (20)	Run actions/checkout@v4	2026-08-20T04:26:47.9123544Z [command]/usr/bin/git submodule foreach --recursive sh -c "git config --local --name-only --get-regexp 'http\.https\:\/\/github\.com\/\.extraheader' && git config --local --unset-all 'http.https://github.com/.extraheader' || :"
test (20)	Run actions/checkout@v4	2026-08-20T04:26:47.9348409Z [command]/usr/bin/git config --local --name-only --get-regexp ^includeIf\.gitdir:
test (20)	Run actions/checkout@v4	2026-08-20T04:26:47.9384995Z [command]/usr/bin/git submodule foreach --recursive git config --local --show-origin --name-only --get-regexp remote.origin.url
test (20)	Run actions/checkout@v4	2026-08-20T04:26:47.9606990Z [command]/usr/bin/git config --local http.https://github.com/.extraheader AUTHORIZATION: basic ***
test (20)	Run actions/checkout@v4	2026-08-20T04:26:47.9645482Z ##[endgroup]
test (20)	Run actions/checkout@v4	2026-08-20T04:26:47.9646792Z ##[group]Fetching the repository
test (20)	Run actions/checkout@v4	2026-08-20T04:26:47.9654309Z [command]/usr/bin/git -c protocol.version=2 fetch --no-tags --prune --no-recurse-submodules --depth=1 origin +c08562b0a213f5fa526629527d3069b94efa074d:refs/remotes/origin/master
test (20)	Run actions/checkout@v4	2026-08-20T04:26:48.6916844Z From https://github.com/trmnmc/aphorism-cli
test (20)	Run actions/checkout@v4	2026-08-20T04:26:48.6953620Z  * [new ref]         c08562b0a213f5fa526629527d3069b94efa074d -> origin/master
test (20)	Run actions/checkout@v4	2026-08-20T04:26:48.6958776Z ##[endgroup]
test (20)	Run actions/checkout@v4	2026-08-20T04:26:48.6960996Z ##[group]Determining the checkout info
test (20)	Run actions/checkout@v4	2026-08-20T04:26:48.6963362Z ##[endgroup]
test (20)	Run actions/checkout@v4	2026-08-20T04:26:48.6965897Z [command]/usr/bin/git sparse-checkout disable
test (20)	Run actions/checkout@v4	2026-08-20T04:26:48.7016216Z [command]/usr/bin/git config --local --unset-all extensions.worktreeConfig
test (20)	Run actions/checkout@v4	2026-08-20T04:26:48.7047670Z ##[group]Checking out the ref
test (20)	Run actions/checkout@v4	2026-08-20T04:26:48.7053927Z [command]/usr/bin/git checkout --progress --force -B master refs/remotes/origin/master
test (20)	Run actions/checkout@v4	2026-08-20T04:26:48.7906074Z Reset branch 'master'
test (20)	Run actions/checkout@v4	2026-08-20T04:26:48.7909149Z branch 'master' set up to track 'origin/master'.
test (20)	Run actions/checkout@v4	2026-08-20T04:26:48.7919884Z ##[endgroup]
test (20)	Run actions/checkout@v4	2026-08-20T04:26:48.7963566Z [command]/usr/bin/git log -1 --format=%H
test (20)	Run actions/checkout@v4	2026-08-20T04:26:48.7990856Z c08562b0a213f5fa526629527d3069b94efa074d
test (20)	Run actions/setup-node@v4	﻿2026-08-20T04:26:48.8375991Z Node 20 is being deprecated. This workflow is running with Node 24 by default. If you need to temporarily use Node 20, you can set the ACTIONS_ALLOW_USE_UNSECURE_NODE_VERSION=true environment variable. For more information see: https://github.blog/changelog/2025-09-19-deprecation-of-node-20-on-github-actions-runners/
test (20)	Run actions/setup-node@v4	2026-08-20T04:26:48.8382119Z ##[group]Run actions/setup-node@v4
test (20)	Run actions/setup-node@v4	2026-08-20T04:26:48.8383312Z with:
test (20)	Run actions/setup-node@v4	2026-08-20T04:26:48.8384174Z   node-version: 20
test (20)	Run actions/setup-node@v4	2026-08-20T04:26:48.8385413Z   always-auth: false
test (20)	Run actions/setup-node@v4	2026-08-20T04:26:48.8386486Z   check-latest: false
test (20)	Run actions/setup-node@v4	2026-08-20T04:26:48.8396276Z   token: ***
test (20)	Run actions/setup-node@v4	2026-08-20T04:26:48.8397198Z ##[endgroup]
test (20)	Run actions/setup-node@v4	2026-08-20T04:26:48.9801722Z Attempting to download 20...
test (20)	Run actions/setup-node@v4	2026-08-20T04:26:48.9907750Z (node:2218) [DEP0040] DeprecationWarning: The `punycode` module is deprecated. Please use a userland alternative instead.
test (20)	Run actions/setup-node@v4	2026-08-20T04:26:48.9913250Z (Use `node --trace-deprecation ...` to show where the warning was created)
test (20)	Run actions/setup-node@v4	2026-08-20T04:26:49.7119609Z Acquiring 20.20.2 - x64 from https://github.com/actions/node-versions/releases/download/20.20.2-23521894959/node-20.20.2-linux-x64.tar.gz
test (20)	Run actions/setup-node@v4	2026-08-20T04:26:50.2799137Z Extracting ...
test (20)	Run actions/setup-node@v4	2026-08-20T04:26:50.2923259Z [command]/usr/bin/tar xz --strip 1 --warning=no-unknown-keyword --overwrite -C /home/runner/work/_temp/5843c796-3acb-4c50-a5c3-0408592ed83c -f /home/runner/work/_temp/068d2ca9-42de-413b-b22f-d8a21166e776
test (20)	Run actions/setup-node@v4	2026-08-20T04:26:51.3147781Z Adding to the cache ...
test (20)	Run actions/setup-node@v4	2026-08-20T04:26:53.2497846Z ##[group]Environment details
test (20)	Run actions/setup-node@v4	2026-08-20T04:26:53.4724404Z node: v20.20.2
test (20)	Run actions/setup-node@v4	2026-08-20T04:26:53.4725238Z npm: 10.8.2
test (20)	Run actions/setup-node@v4	2026-08-20T04:26:53.4725445Z yarn: 1.22.22
test (20)	Run actions/setup-node@v4	2026-08-20T04:26:53.4726071Z ##[endgroup]
test (20)	Assert the test glob matches at least one file	﻿2026-08-20T04:26:53.4898863Z ##[group]Run ls test/*.test.js
test (20)	Assert the test glob matches at least one file	2026-08-20T04:26:53.4899245Z [36;1mls test/*.test.js[0m
test (20)	Assert the test glob matches at least one file	2026-08-20T04:26:53.4941997Z shell: /usr/bin/bash -e {0}
test (20)	Assert the test glob matches at least one file	2026-08-20T04:26:53.4942310Z ##[endgroup]
test (20)	Assert the test glob matches at least one file	2026-08-20T04:26:53.5041706Z test/args.test.js
test (20)	Assert the test glob matches at least one file	2026-08-20T04:26:53.5042060Z test/cli.test.js
test (20)	Assert the test glob matches at least one file	2026-08-20T04:26:53.5042426Z test/node-support-citation.test.js
test (20)	Assert the test glob matches at least one file	2026-08-20T04:26:53.5042758Z test/pipe.test.js
test (20)	Assert the test glob matches at least one file	2026-08-20T04:26:53.5043042Z test/readme-tags.test.js
test (20)	Assert the test glob matches at least one file	2026-08-20T04:26:53.5043311Z test/select.test.js
test (20)	Run node --test test/*.test.js	﻿2026-08-20T04:26:53.5124511Z ##[group]Run node --test test/*.test.js
test (20)	Run node --test test/*.test.js	2026-08-20T04:26:53.5125075Z [36;1mnode --test test/*.test.js[0m
test (20)	Run node --test test/*.test.js	2026-08-20T04:26:53.5160049Z shell: /usr/bin/bash -e {0}
test (20)	Run node --test test/*.test.js	2026-08-20T04:26:53.5160335Z ##[endgroup]
test (20)	Run node --test test/*.test.js	2026-08-20T04:26:53.5615814Z TAP version 13
test (20)	Run node --test test/*.test.js	2026-08-20T04:26:53.6286807Z # Subtest: zero args: no error, no filters set
test (20)	Run node --test test/*.test.js	2026-08-20T04:26:53.6335257Z ok 1 - zero args: no error, no filters set
test (20)	Run node --test test/*.test.js	2026-08-20T04:26:53.6338725Z   ---
test (20)	Run node --test test/*.test.js	2026-08-20T04:26:53.6345636Z   duration_ms: 1.91635
test (20)	Run node --test test/*.test.js	2026-08-20T04:26:53.6346431Z   ...
test (20)	Run node --test test/*.test.js	2026-08-20T04:26:53.6347080Z # Subtest: --author <name> sets author string
test (20)	Run node --test test/*.test.js	2026-08-20T04:26:53.6347757Z ok 2 - --author <name> sets author string
test (20)	Run node --test test/*.test.js	2026-08-20T04:26:53.6348269Z   ---
test (20)	Run node --test test/*.test.js	2026-08-20T04:26:53.6348661Z   duration_ms: 0.273797
test (20)	Run node --test test/*.test.js	2026-08-20T04:26:53.6349079Z   ...
test (20)	Run node --test test/*.test.js	2026-08-20T04:26:53.6349806Z # Subtest: --author=<name> equals form sets author string
test (20)	Run node --test test/*.test.js	2026-08-20T04:26:53.6350923Z ok 3 - --author=<name> equals form sets author string
test (20)	Run node --test test/*.test.js	2026-08-20T04:26:53.6351572Z   ---
test (20)	Run node --test test/*.test.js	2026-08-20T04:26:53.6351988Z   duration_ms: 0.289748
test (20)	Run node --test test/*.test.js	2026-08-20T04:26:53.6352533Z   ...
test (20)	Run node --test test/*.test.js	2026-08-20T04:26:53.6353055Z # Subtest: --tag <tag> sets tag string
test (20)	Run node --test test/*.test.js	2026-08-20T04:26:53.6353731Z ok 4 - --tag <tag> sets tag string
test (20)	Run node --test test/*.test.js	2026-08-20T04:26:53.6354264Z   ---
test (20)	Run node --test test/*.test.js	2026-08-20T04:26:53.6354944Z   duration_ms: 0.209632
test (20)	Run node --test test/*.test.js	2026-08-20T04:26:53.6355537Z   ...
test (20)	Run node --test test/*.test.js	2026-08-20T04:26:53.6356139Z # Subtest: --tag=<tag> equals form sets tag string
test (20)	Run node --test test/*.test.js	2026-08-20T04:26:53.6357076Z ok 5 - --tag=<tag> equals form sets tag string
test (20)	Run node --test test/*.test.js	2026-08-20T04:26:53.6357677Z   ---
test (20)	Run node --test test/*.test.js	2026-08-20T04:26:53.6358127Z   duration_ms: 1.063187
test (20)	Run node --test test/*.test.js	2026-08-20T04:26:53.6358571Z   ...
test (20)	Run node --test test/*.test.js	2026-08-20T04:26:53.6359197Z # Subtest: combined --author X --tag Y sets both
test (20)	Run node --test test/*.test.js	2026-08-20T04:26:53.6359977Z ok 6 - combined --author X --tag Y sets both
test (20)	Run node --test test/*.test.js	2026-08-20T04:26:53.6360555Z   ---
test (20)	Run node --test test/*.test.js	2026-08-20T04:26:53.6360964Z   duration_ms: 0.268807
test (20)	Run node --test test/*.test.js	2026-08-20T04:26:53.6361406Z   ...
test (20)	Run node --test test/*.test.js	2026-08-20T04:26:53.6361938Z # Subtest: --seed <n> parses as a number
test (20)	Run node --test test/*.test.js	2026-08-20T04:26:53.6363219Z ok 7 - --seed <n> parses as a number
test (20)	Run node --test test/*.test.js	2026-08-20T04:26:53.6363798Z   ---
test (20)	Run node --test test/*.test.js	2026-08-20T04:26:53.6364204Z   duration_ms: 0.269569
test (20)	Run node --test test/*.test.js	2026-08-20T04:26:53.6364895Z   ...
test (20)	Run node --test test/*.test.js	2026-08-20T04:26:53.6365541Z # Subtest: --seed=<n> equals form parses as a number
test (20)	Run node --test test/*.test.js	2026-08-20T04:26:53.6366304Z ok 8 - --seed=<n> equals form parses as a number
test (20)	Run node --test test/*.test.js	2026-08-20T04:26:53.6366904Z   ---
test (20)	Run node --test test/*.test.js	2026-08-20T04:26:53.6367313Z   duration_ms: 0.159764
test (20)	Run node --test test/*.test.js	2026-08-20T04:26:53.6367745Z   ...
test (20)	Run node --test test/*.test.js	2026-08-20T04:26:53.6368313Z # Subtest: --seed <n> accepts a negative number
test (20)	Run node --test test/*.test.js	2026-08-20T04:26:53.6369152Z ok 9 - --seed <n> accepts a negative number
test (20)	Run node --test test/*.test.js	2026-08-20T04:26:53.6385571Z   ---
test (20)	Run node --test test/*.test.js	2026-08-20T04:26:53.6401259Z   duration_ms: 0.302093
test (20)	Run node --test test/*.test.js	2026-08-20T04:26:53.6401976Z   ...
test (20)	Run node --test test/*.test.js	2026-08-20T04:26:53.6402886Z # Subtest: --seed=<n> equals form accepts a negative number
test (20)	Run node --test test/*.test.js	2026-08-20T04:26:53.6403988Z ok 10 - --seed=<n> equals form accepts a negative number
test (20)	Run node --test test/*.test.js	2026-08-20T04:26:53.6405160Z   ---
test (20)	Run node --test test/*.test.js	2026-08-20T04:26:53.6405887Z   duration_ms: 0.241304
test (20)	Run node --test test/*.test.js	2026-08-20T04:26:53.6406384Z   ...
test (20)	Run node --test test/*.test.js	2026-08-20T04:26:53.6406917Z # Subtest: non-numeric --seed is a usage error
test (20)	Run node --test test/*.test.js	2026-08-20T04:26:53.6475413Z ok 11 - non-numeric --seed is a usage error
test (20)	Run node --test test/*.test.js	2026-08-20T04:26:53.6565744Z   ---
test (20)	Run node --test test/*.test.js	2026-08-20T04:26:53.6595417Z   duration_ms: 0.314507
test (20)	Run node --test test/*.test.js	2026-08-20T04:26:53.6625493Z   ...
test (20)	Run node --test test/*.test.js	2026-08-20T04:26:53.6635069Z # Subtest: non-numeric --seed= equals form is a usage error
test (20)	Run node --test test/*.test.js	2026-08-20T04:26:53.6636572Z ok 12 - non-numeric --seed= equals form is a usage error
test (20)	Run node --test test/*.test.js	2026-08-20T04:26:53.6637568Z   ---
test (20)	Run node --test test/*.test.js	2026-08-20T04:26:53.6638238Z   duration_ms: 0.232316
test (20)	Run node --test test/*.test.js	2026-08-20T04:26:53.6639049Z   ...
test (20)	Run node --test test/*.test.js	2026-08-20T04:26:53.6639870Z # Subtest: --list sets list: true
test (20)	Run node --test test/*.test.js	2026-08-20T04:26:53.6640697Z ok 13 - --list sets list: true
test (20)	Run node --test test/*.test.js	2026-08-20T04:26:53.6641400Z   ---
test (20)	Run node --test test/*.test.js	2026-08-20T04:26:53.6642028Z   duration_ms: 0.139965
test (20)	Run node --test test/*.test.js	2026-08-20T04:26:53.6642645Z   ...
test (20)	Run node --test test/*.test.js	2026-08-20T04:26:53.6643432Z # Subtest: --json sets json: true
test (20)	Run node --test test/*.test.js	2026-08-20T04:26:53.6644363Z ok 14 - --json sets json: true
test (20)	Run node --test test/*.test.js	2026-08-20T04:26:53.6645474Z   ---
test (20)	Run node --test test/*.test.js	2026-08-20T04:26:53.6646028Z   duration_ms: 0.212116
test (20)	Run node --test test/*.test.js	2026-08-20T04:26:53.6646613Z   ...
test (20)	Run node --test test/*.test.js	2026-08-20T04:26:53.6647245Z # Subtest: --help sets help: true
test (20)	Run node --test test/*.test.js	2026-08-20T04:26:53.6648527Z ok 15 - --help sets help: true
test (20)	Run node --test test/*.test.js	2026-08-20T04:26:53.6649190Z   ---
test (20)	Run node --test test/*.test.js	2026-08-20T04:26:53.6649708Z   duration_ms: 0.183981
test (20)	Run node --test test/*.test.js	2026-08-20T04:26:53.6650296Z   ...
test (20)	Run node --test test/*.test.js	2026-08-20T04:26:53.6650937Z # Subtest: -h sets help: true
test (20)	Run node --test test/*.test.js	2026-08-20T04:26:53.6651648Z ok 16 - -h sets help: true
test (20)	Run node --test test/*.test.js	2026-08-20T04:26:53.6652217Z   ---
test (20)	Run node --test test/*.test.js	2026-08-20T04:26:53.6652713Z   duration_ms: 0.314126
test (20)	Run node --test test/*.test.js	2026-08-20T04:26:53.6653268Z   ...
test (20)	Run node --test test/*.test.js	2026-08-20T04:26:53.6653879Z # Subtest: unknown flag is a usage error
test (20)	Run node --test test/*.test.js	2026-08-20T04:26:53.6654967Z ok 17 - unknown flag is a usage error
test (20)	Run node --test test/*.test.js	2026-08-20T04:26:53.6655642Z   ---
test (20)	Run node --test test/*.test.js	2026-08-20T04:26:53.6656143Z   duration_ms: 0.267154
test (20)	Run node --test test/*.test.js	2026-08-20T04:26:53.6656689Z   ...
test (20)	Run node --test test/*.test.js	2026-08-20T04:26:53.6657351Z # Subtest: unknown short flag is a usage error
test (20)	Run node --test test/*.test.js	2026-08-20T04:26:53.6658194Z ok 18 - unknown short flag is a usage error
test (20)	Run node --test test/*.test.js	2026-08-20T04:26:53.6658856Z   ---
test (20)	Run node --test test/*.test.js	2026-08-20T04:26:53.6659394Z   duration_ms: 0.334387
test (20)	Run node --test test/*.test.js	2026-08-20T04:26:53.6659922Z   ...
test (20)	Run node --test test/*.test.js	2026-08-20T04:26:53.6660685Z # Subtest: --author missing value at end of argv is a usage error
test (20)	Run node --test test/*.test.js	2026-08-20T04:26:53.6671435Z ok 19 - --author missing value at end of argv is a usage error
test (20)	Run node --test test/*.test.js	2026-08-20T04:26:53.6672388Z   ---
test (20)	Run node --test test/*.test.js	2026-08-20T04:26:53.6672997Z   duration_ms: 0.203229
test (20)	Run node --test test/*.test.js	2026-08-20T04:26:53.6673664Z   ...
test (20)	Run node --test test/*.test.js	2026-08-20T04:26:53.6675124Z # Subtest: --tag missing value because next token is another flag is a usage error
test (20)	Run node --test test/*.test.js	2026-08-20T04:26:53.6676649Z ok 20 - --tag missing value because next token is another flag is a usage error
test (20)	Run node --test test/*.test.js	2026-08-20T04:26:53.6677679Z   ---
test (20)	Run node --test test/*.test.js	2026-08-20T04:26:53.6678312Z   duration_ms: 0.21372
test (20)	Run node --test test/*.test.js	2026-08-20T04:26:53.6678973Z   ...
test (20)	Run node --test test/*.test.js	2026-08-20T04:26:53.6679893Z # Subtest: --seed missing value at end of argv is a usage error
test (20)	Run node --test test/*.test.js	2026-08-20T04:26:53.6681106Z ok 21 - --seed missing value at end of argv is a usage error
test (20)	Run node --test test/*.test.js	2026-08-20T04:26:53.6681922Z   ---
test (20)	Run node --test test/*.test.js	2026-08-20T04:26:53.6682463Z   duration_ms: 0.197658
test (20)	Run node --test test/*.test.js	2026-08-20T04:26:53.6683466Z   ...
test (20)	Run node --test test/*.test.js	2026-08-20T04:26:53.6684409Z # Subtest: --author= with empty value is a usage error
test (20)	Run node --test test/*.test.js	2026-08-20T04:26:53.6686060Z ok 22 - --author= with empty value is a usage error
test (20)	Run node --test test/*.test.js	2026-08-20T04:26:53.6686944Z   ---
test (20)	Run node --test test/*.test.js	2026-08-20T04:26:53.6687601Z   duration_ms: 0.128602
test (20)	Run node --test test/*.test.js	2026-08-20T04:26:53.6688356Z   ...
test (20)	Run node --test test/*.test.js	2026-08-20T04:26:53.6689321Z # Subtest: a bare positional argument (not a flag) is a usage error
test (20)	Run node --test test/*.test.js	2026-08-20T04:26:53.6690715Z ok 23 - a bare positional argument (not a flag) is a usage error
test (20)	Run node --test test/*.test.js	2026-08-20T04:26:53.6691635Z   ---
test (20)	Run node --test test/*.test.js	2026-08-20T04:26:53.6692289Z   duration_ms: 0.1579
test (20)	Run node --test test/*.test.js	2026-08-20T04:26:53.6692994Z   ...
test (20)	Run node --test test/*.test.js	2026-08-20T04:26:53.6693817Z # Subtest: parseArgs never throws on malformed input
test (20)	Run node --test test/*.test.js	2026-08-20T04:26:53.6695117Z ok 24 - parseArgs never throws on malformed input
test (20)	Run node --test test/*.test.js	2026-08-20T04:26:53.6696002Z   ---
test (20)	Run node --test test/*.test.js	2026-08-20T04:26:53.6696656Z   duration_ms: 0.297434
test (20)	Run node --test test/*.test.js	2026-08-20T04:26:53.6697347Z   ...
test (20)	Run node --test test/*.test.js	2026-08-20T04:26:53.6698236Z # Subtest: absent options are undefined/false, never null
test (20)	Run node --test test/*.test.js	2026-08-20T04:26:53.6699476Z ok 25 - absent options are undefined/false, never null
test (20)	Run node --test test/*.test.js	2026-08-20T04:26:53.6700401Z   ---
test (20)	Run node --test test/*.test.js	2026-08-20T04:26:53.6701064Z   duration_ms: 0.214461
test (20)	Run node --test test/*.test.js	2026-08-20T04:26:53.6701773Z   ...
test (20)	Run node --test test/*.test.js	2026-08-20T04:26:53.6702711Z # Subtest: HELP is a non-empty string mentioning every flag name
test (20)	Run node --test test/*.test.js	2026-08-20T04:26:53.6703892Z ok 26 - HELP is a non-empty string mentioning every flag name
test (20)	Run node --test test/*.test.js	2026-08-20T04:26:53.6705195Z   ---
test (20)	Run node --test test/*.test.js	2026-08-20T04:26:53.6705902Z   duration_ms: 0.250551
test (20)	Run node --test test/*.test.js	2026-08-20T04:26:53.6706512Z   ...
test (20)	Run node --test test/*.test.js	2026-08-20T04:26:53.6707373Z # Subtest: HELP fits comfortably on one 24-line terminal screen
test (20)	Run node --test test/*.test.js	2026-08-20T04:26:53.6708577Z ok 27 - HELP fits comfortably on one 24-line terminal screen
test (20)	Run node --test test/*.test.js	2026-08-20T04:26:53.6709478Z   ---
test (20)	Run node --test test/*.test.js	2026-08-20T04:26:53.6710105Z   duration_ms: 0.126649
test (20)	Run node --test test/*.test.js	2026-08-20T04:26:53.6711327Z   ...
test (20)	Run node --test test/*.test.js	2026-08-20T04:26:53.6712469Z # Subtest: --seed Infinity / --seed -Infinity parse to numbers, not a usage error
test (20)	Run node --test test/*.test.js	2026-08-20T04:26:53.6714345Z ok 28 - --seed Infinity / --seed -Infinity parse to numbers, not a usage error
test (20)	Run node --test test/*.test.js	2026-08-20T04:26:53.6715675Z   ---
test (20)	Run node --test test/*.test.js	2026-08-20T04:26:53.6716295Z   duration_ms: 0.145716
test (20)	Run node --test test/*.test.js	2026-08-20T04:26:53.6716948Z   ...
test (20)	Run node --test test/*.test.js	2026-08-20T04:26:56.4787392Z # Subtest: bare invocation prints one attributed aphorism and exits 0
test (20)	Run node --test test/*.test.js	2026-08-20T04:26:56.4788812Z ok 29 - bare invocation prints one attributed aphorism and exits 0
test (20)	Run node --test test/*.test.js	2026-08-20T04:26:56.4789738Z   ---
test (20)	Run node --test test/*.test.js	2026-08-20T04:26:56.4790298Z   duration_ms: 33.535498
test (20)	Run node --test test/*.test.js	2026-08-20T04:26:56.4790878Z   ...
test (20)	Run node --test test/*.test.js	2026-08-20T04:26:56.4797095Z # Subtest: --seed is deterministic across separate processes
test (20)	Run node --test test/*.test.js	2026-08-20T04:26:56.4812519Z ok 30 - --seed is deterministic across separate processes
test (20)	Run node --test test/*.test.js	2026-08-20T04:26:56.4813121Z   ---
test (20)	Run node --test test/*.test.js	2026-08-20T04:26:56.4813338Z   duration_ms: 81.226883
test (20)	Run node --test test/*.test.js	2026-08-20T04:26:56.4813582Z   ...
test (20)	Run node --test test/*.test.js	2026-08-20T04:26:56.4835939Z # Subtest: different seeds do not all collapse to one aphorism
test (20)	Run node --test test/*.test.js	2026-08-20T04:26:56.4837136Z ok 31 - different seeds do not all collapse to one aphorism
test (20)	Run node --test test/*.test.js	2026-08-20T04:26:56.4838075Z   ---
test (20)	Run node --test test/*.test.js	2026-08-20T04:26:56.4838747Z   duration_ms: 437.929291
test (20)	Run node --test test/*.test.js	2026-08-20T04:26:56.4839497Z   ...
test (20)	Run node --test test/*.test.js	2026-08-20T04:26:56.4840480Z # Subtest: --json emits a single-line JSON object with text/author/tags
test (20)	Run node --test test/*.test.js	2026-08-20T04:26:56.4841787Z ok 32 - --json emits a single-line JSON object with text/author/tags
test (20)	Run node --test test/*.test.js	2026-08-20T04:26:56.4842684Z   ---
test (20)	Run node --test test/*.test.js	2026-08-20T04:26:56.4843234Z   duration_ms: 40.588341
test (20)	Run node --test test/*.test.js	2026-08-20T04:26:56.4843888Z   ...
test (20)	Run node --test test/*.test.js	2026-08-20T04:26:56.4844918Z # Subtest: --list prints every entry in the filtered set
test (20)	Run node --test test/*.test.js	2026-08-20T04:26:56.4846076Z ok 33 - --list prints every entry in the filtered set
test (20)	Run node --test test/*.test.js	2026-08-20T04:26:56.4846807Z   ---
test (20)	Run node --test test/*.test.js	2026-08-20T04:26:56.4847335Z   duration_ms: 44.446958
test (20)	Run node --test test/*.test.js	2026-08-20T04:26:56.4847906Z   ...
test (20)	Run node --test test/*.test.js	2026-08-20T04:26:56.4848626Z # Subtest: --help prints usage to stdout and exits 0
test (20)	Run node --test test/*.test.js	2026-08-20T04:26:56.4849542Z ok 34 - --help prints usage to stdout and exits 0
test (20)	Run node --test test/*.test.js	2026-08-20T04:26:56.4883204Z   ---
test (20)	Run node --test test/*.test.js	2026-08-20T04:26:56.4925077Z   duration_ms: 41.487787
test (20)	Run node --test test/*.test.js	2026-08-20T04:26:56.4938194Z   ...
test (20)	Run node --test test/*.test.js	2026-08-20T04:26:56.4938943Z # Subtest: no match exits 1 with stderr only and zero bytes on stdout
test (20)	Run node --test test/*.test.js	2026-08-20T04:26:56.4940318Z ok 35 - no match exits 1 with stderr only and zero bytes on stdout
test (20)	Run node --test test/*.test.js	2026-08-20T04:26:56.4940918Z   ---
test (20)	Run node --test test/*.test.js	2026-08-20T04:26:56.4941199Z   duration_ms: 40.738232
test (20)	Run node --test test/*.test.js	2026-08-20T04:26:56.4941434Z   ...
test (20)	Run node --test test/*.test.js	2026-08-20T04:26:56.4941776Z # Subtest: unknown flag is a usage error, exit 2, stdout clean
test (20)	Run node --test test/*.test.js	2026-08-20T04:26:56.4942266Z ok 36 - unknown flag is a usage error, exit 2, stdout clean
test (20)	Run node --test test/*.test.js	2026-08-20T04:26:56.4942578Z   ---
test (20)	Run node --test test/*.test.js	2026-08-20T04:26:56.4942775Z   duration_ms: 40.696932
test (20)	Run node --test test/*.test.js	2026-08-20T04:26:56.4943083Z   ...
test (20)	Run node --test test/*.test.js	2026-08-20T04:26:56.4943635Z # Subtest: non-numeric seed is a usage error, exit 2
test (20)	Run node --test test/*.test.js	2026-08-20T04:26:56.4944393Z ok 37 - non-numeric seed is a usage error, exit 2
test (20)	Run node --test test/*.test.js	2026-08-20T04:26:56.4945143Z   ---
test (20)	Run node --test test/*.test.js	2026-08-20T04:26:56.4945495Z   duration_ms: 41.623093
test (20)	Run node --test test/*.test.js	2026-08-20T04:26:56.4945884Z   ...
test (20)	Run node --test test/*.test.js	2026-08-20T04:26:56.4946517Z # Subtest: author filter is case-insensitive and narrows the list
test (20)	Run node --test test/*.test.js	2026-08-20T04:26:56.4947458Z ok 38 - author filter is case-insensitive and narrows the list
test (20)	Run node --test test/*.test.js	2026-08-20T04:26:56.4948059Z   ---
test (20)	Run node --test test/*.test.js	2026-08-20T04:26:56.4948423Z   duration_ms: 78.029079
test (20)	Run node --test test/*.test.js	2026-08-20T04:26:56.4948807Z   ...
test (20)	Run node --test test/*.test.js	2026-08-20T04:26:56.4949733Z # Subtest: output is pipe-safe — no ANSI escapes when not a TTY
test (20)	Run node --test test/*.test.js	2026-08-20T04:26:56.4950813Z ok 39 - output is pipe-safe — no ANSI escapes when not a TTY
test (20)	Run node --test test/*.test.js	2026-08-20T04:26:56.4951420Z   ---
test (20)	Run node --test test/*.test.js	2026-08-20T04:26:56.4951779Z   duration_ms: 26.448449
test (20)	Run node --test test/*.test.js	2026-08-20T04:26:56.4952248Z   ...
test (20)	Run node --test test/*.test.js	2026-08-20T04:26:56.4952877Z # Subtest: --tag matches membership, not substring containment
test (20)	Run node --test test/*.test.js	2026-08-20T04:26:56.4953771Z ok 40 - --tag matches membership, not substring containment
test (20)	Run node --test test/*.test.js	2026-08-20T04:26:56.4954370Z   ---
test (20)	Run node --test test/*.test.js	2026-08-20T04:26:56.4954976Z   duration_ms: 55.090109
test (20)	Run node --test test/*.test.js	2026-08-20T04:26:56.4955356Z   ...
test (20)	Run node --test test/*.test.js	2026-08-20T04:26:56.4955852Z # Subtest: --list prints exactly one line per matching entry, no drops
test (20)	Run node --test test/*.test.js	2026-08-20T04:26:56.4956391Z ok 41 - --list prints exactly one line per matching entry, no drops
test (20)	Run node --test test/*.test.js	2026-08-20T04:26:56.4956729Z   ---
test (20)	Run node --test test/*.test.js	2026-08-20T04:26:56.4956922Z   duration_ms: 27.119457
test (20)	Run node --test test/*.test.js	2026-08-20T04:26:56.4957133Z   ...
test (20)	Run node --test test/*.test.js	2026-08-20T04:26:56.4957503Z # Subtest: --list preserves corpus order (first and last line match)
test (20)	Run node --test test/*.test.js	2026-08-20T04:26:56.4958003Z ok 42 - --list preserves corpus order (first and last line match)
test (20)	Run node --test test/*.test.js	2026-08-20T04:26:56.4958772Z   ---
test (20)	Run node --test test/*.test.js	2026-08-20T04:26:56.4959099Z   duration_ms: 26.562075
test (20)	Run node --test test/*.test.js	2026-08-20T04:26:56.4959460Z   ...
test (20)	Run node --test test/*.test.js	2026-08-20T04:26:56.4959939Z # Subtest: --json output is exactly one line, never pretty-printed
test (20)	Run node --test test/*.test.js	2026-08-20T04:26:56.4960440Z ok 43 - --json output is exactly one line, never pretty-printed
test (20)	Run node --test test/*.test.js	2026-08-20T04:26:56.4960773Z   ---
test (20)	Run node --test test/*.test.js	2026-08-20T04:26:56.4960967Z   duration_ms: 25.903597
test (20)	Run node --test test/*.test.js	2026-08-20T04:26:56.4961177Z   ...
test (20)	Run node --test test/*.test.js	2026-08-20T04:26:56.4961623Z # Subtest: --list --json emits newline-delimited JSON, one object per line, in corpus order
test (20)	Run node --test test/*.test.js	2026-08-20T04:26:56.4962291Z ok 44 - --list --json emits newline-delimited JSON, one object per line, in corpus order
test (20)	Run node --test test/*.test.js	2026-08-20T04:26:56.4962698Z   ---
test (20)	Run node --test test/*.test.js	2026-08-20T04:26:56.4962888Z   duration_ms: 27.263798
test (20)	Run node --test test/*.test.js	2026-08-20T04:26:56.4963102Z   ...
test (20)	Run node --test test/*.test.js	2026-08-20T04:26:56.4963673Z # Subtest: --json composes with --seed: the seeded JSON pick is reproducible AND is the same entry as the plain-text pick
test (20)	Run node --test test/*.test.js	2026-08-20T04:26:56.4964573Z ok 45 - --json composes with --seed: the seeded JSON pick is reproducible AND is the same entry as the plain-text pick
test (20)	Run node --test test/*.test.js	2026-08-20T04:26:56.4966425Z   ---
test (20)	Run node --test test/*.test.js	2026-08-20T04:26:56.4966650Z   duration_ms: 503.899008
test (20)	Run node --test test/*.test.js	2026-08-20T04:26:56.4966889Z   ...
test (20)	Run node --test test/*.test.js	2026-08-20T04:26:56.4967463Z # Subtest: --json composes with the filter flags: the JSON pick is always a member of the FILTERED set
test (20)	Run node --test test/*.test.js	2026-08-20T04:26:56.4968237Z ok 46 - --json composes with the filter flags: the JSON pick is always a member of the FILTERED set
test (20)	Run node --test test/*.test.js	2026-08-20T04:26:56.4968688Z   ---
test (20)	Run node --test test/*.test.js	2026-08-20T04:26:56.4968885Z   duration_ms: 650.051124
test (20)	Run node --test test/*.test.js	2026-08-20T04:26:56.4969106Z   ...
test (20)	Run node --test test/*.test.js	2026-08-20T04:26:56.4969569Z # Subtest: --list accepts a valid --seed and IGNORES it: output is byte-identical across seeds
test (20)	Run node --test test/*.test.js	2026-08-20T04:26:56.4970275Z ok 47 - --list accepts a valid --seed and IGNORES it: output is byte-identical across seeds
test (20)	Run node --test test/*.test.js	2026-08-20T04:26:56.4970883Z   ---
test (20)	Run node --test test/*.test.js	2026-08-20T04:26:56.4971085Z   duration_ms: 266.994339
test (20)	Run node --test test/*.test.js	2026-08-20T04:26:56.4971307Z   ...
test (20)	Run node --test test/*.test.js	2026-08-20T04:26:56.4971777Z # Subtest: --list --seed abc is a usage error, exit 2, stdout empty, stderr carries the diagnostic
test (20)	Run node --test test/*.test.js	2026-08-20T04:26:56.4972486Z ok 48 - --list --seed abc is a usage error, exit 2, stdout empty, stderr carries the diagnostic
test (20)	Run node --test test/*.test.js	2026-08-20T04:26:56.4972904Z   ---
test (20)	Run node --test test/*.test.js	2026-08-20T04:26:56.4973102Z   duration_ms: 30.938108
test (20)	Run node --test test/*.test.js	2026-08-20T04:26:56.4973320Z   ...
test (20)	Run node --test test/*.test.js	2026-08-20T04:26:56.4973818Z # Subtest: --seed abc --list (erroring flag BEFORE --list) is still a usage error, exit 2, stdout empty
test (20)	Run node --test test/*.test.js	2026-08-20T04:26:56.4974821Z ok 49 - --seed abc --list (erroring flag BEFORE --list) is still a usage error, exit 2, stdout empty
test (20)	Run node --test test/*.test.js	2026-08-20T04:26:56.4975629Z   ---
test (20)	Run node --test test/*.test.js	2026-08-20T04:26:56.4975991Z   duration_ms: 27.095794
test (20)	Run node --test test/*.test.js	2026-08-20T04:26:56.4976384Z   ...
test (20)	Run node --test test/*.test.js	2026-08-20T04:26:56.4977161Z # Subtest: --list --seed=  (empty seed value) is a usage error, exit 2, stdout empty
test (20)	Run node --test test/*.test.js	2026-08-20T04:26:56.4978326Z ok 50 - --list --seed=  (empty seed value) is a usage error, exit 2, stdout empty
test (20)	Run node --test test/*.test.js	2026-08-20T04:26:56.4979051Z   ---
test (20)	Run node --test test/*.test.js	2026-08-20T04:26:56.4979420Z   duration_ms: 26.254847
test (20)	Run node --test test/*.test.js	2026-08-20T04:26:56.4979815Z   ...
test (20)	Run node --test test/*.test.js	2026-08-20T04:26:56.4980687Z # Subtest: --list --seed "   " (whitespace-only seed value) is a usage error, exit 2, stdout empty
test (20)	Run node --test test/*.test.js	2026-08-20T04:26:56.4982047Z ok 51 - --list --seed "   " (whitespace-only seed value) is a usage error, exit 2, stdout empty
test (20)	Run node --test test/*.test.js	2026-08-20T04:26:56.4982854Z   ---
test (20)	Run node --test test/*.test.js	2026-08-20T04:26:56.4983210Z   duration_ms: 28.427089
test (20)	Run node --test test/*.test.js	2026-08-20T04:26:56.4983595Z   ...
test (20)	Run node --test test/*.test.js	2026-08-20T04:26:56.4985297Z # Subtest: --list --nosuchflag (unknown flag) is a usage error, exit 2, stdout empty — --list does not swallow it
test (20)	Run node --test test/*.test.js	2026-08-20T04:26:56.4986633Z ok 52 - --list --nosuchflag (unknown flag) is a usage error, exit 2, stdout empty — --list does not swallow it
test (20)	Run node --test test/*.test.js	2026-08-20T04:26:56.4987131Z   ---
test (20)	Run node --test test/*.test.js	2026-08-20T04:26:56.4987330Z   duration_ms: 29.615658
test (20)	Run node --test test/*.test.js	2026-08-20T04:26:56.4987556Z   ...
test (20)	Run node --test test/*.test.js	2026-08-20T04:26:56.4988264Z # Subtest: --nosuchflag --list (unknown flag BEFORE --list) is still a usage error, exit 2, stdout empty
test (20)	Run node --test test/*.test.js	2026-08-20T04:26:56.4990057Z ok 53 - --nosuchflag --list (unknown flag BEFORE --list) is still a usage error, exit 2, stdout empty
test (20)	Run node --test test/*.test.js	2026-08-20T04:26:56.4990917Z   ---
test (20)	Run node --test test/*.test.js	2026-08-20T04:26:56.4991258Z   duration_ms: 27.60801
test (20)	Run node --test test/*.test.js	2026-08-20T04:26:56.4991642Z   ...
test (20)	Run node --test test/*.test.js	2026-08-20T04:26:56.4992603Z # Subtest: plain single-pick output is TWO lines: text, newline, four-space indent, EM DASH, space, author
test (20)	Run node --test test/*.test.js	2026-08-20T04:26:56.4994101Z ok 54 - plain single-pick output is TWO lines: text, newline, four-space indent, EM DASH, space, author
test (20)	Run node --test test/*.test.js	2026-08-20T04:26:56.4995204Z   ---
test (20)	Run node --test test/*.test.js	2026-08-20T04:26:56.4995557Z   duration_ms: 26.796216
test (20)	Run node --test test/*.test.js	2026-08-20T04:26:56.4995983Z   ...
test (20)	Run node --test test/*.test.js	2026-08-20T04:26:56.4996917Z # Subtest: --seed Infinity and --seed -Infinity (typed as CLI strings) are accepted and deterministic
test (20)	Run node --test test/*.test.js	2026-08-20T04:26:56.4998353Z ok 55 - --seed Infinity and --seed -Infinity (typed as CLI strings) are accepted and deterministic
test (20)	Run node --test test/*.test.js	2026-08-20T04:26:56.4999205Z   ---
test (20)	Run node --test test/*.test.js	2026-08-20T04:26:56.4999552Z   duration_ms: 111.007535
test (20)	Run node --test test/*.test.js	2026-08-20T04:26:56.4999948Z   ...
test (20)	Run node --test test/*.test.js	2026-08-20T04:26:56.5000696Z # Subtest: --list with a filter that matches nothing is STILL exit 1, stderr only, stdout empty
test (20)	Run node --test test/*.test.js	2026-08-20T04:26:56.5001397Z ok 56 - --list with a filter that matches nothing is STILL exit 1, stderr only, stdout empty
test (20)	Run node --test test/*.test.js	2026-08-20T04:26:56.5001812Z   ---
test (20)	Run node --test test/*.test.js	2026-08-20T04:26:56.5002012Z   duration_ms: 52.638786
test (20)	Run node --test test/*.test.js	2026-08-20T04:26:56.5002230Z   ...
test (20)	Run node --test test/*.test.js	2026-08-20T04:26:56.5002828Z # Subtest: --tag "" (bare empty-string value) matches nothing: whole-tag equality against the literal "" is not a filter no-op
test (20)	Run node --test test/*.test.js	2026-08-20T04:26:56.5003753Z ok 57 - --tag "" (bare empty-string value) matches nothing: whole-tag equality against the literal "" is not a filter no-op
test (20)	Run node --test test/*.test.js	2026-08-20T04:26:56.5004269Z   ---
test (20)	Run node --test test/*.test.js	2026-08-20T04:26:56.5004461Z   duration_ms: 26.133445
test (20)	Run node --test test/*.test.js	2026-08-20T04:26:56.5004904Z   ...
test (20)	Run node --test test/*.test.js	2026-08-20T04:26:56.5066396Z # Subtest: README Node support citation: cited git diff must be empty (or the check must skip on a missing precondition)
test (20)	Run node --test test/*.test.js	2026-08-20T04:26:56.5069795Z ok 58 - README Node support citation: cited git diff must be empty (or the check must skip on a missing precondition) # SKIP cited base commit 5f833ab is not reachable in this checkout (this is a shallow clone) -- cannot evaluate the README's Node support citation
test (20)	Run node --test test/*.test.js	2026-08-20T04:26:56.5071879Z   ---
test (20)	Run node --test test/*.test.js	2026-08-20T04:26:56.5072429Z   duration_ms: 17.035156
test (20)	Run node --test test/*.test.js	2026-08-20T04:26:56.5072980Z   ...
test (20)	Run node --test test/*.test.js	2026-08-20T04:26:56.5073823Z # Subtest: --list | true: exits quietly, zero stderr, no crash banner
test (20)	Run node --test test/*.test.js	2026-08-20T04:26:56.5075213Z ok 59 - --list | true: exits quietly, zero stderr, no crash banner
test (20)	Run node --test test/*.test.js	2026-08-20T04:26:56.5076002Z   ---
test (20)	Run node --test test/*.test.js	2026-08-20T04:26:56.5076513Z   duration_ms: 41.987329
test (20)	Run node --test test/*.test.js	2026-08-20T04:26:56.5077043Z   ...
test (20)	Run node --test test/*.test.js	2026-08-20T04:26:56.5077865Z # Subtest: | true (no --list, single aphorism): exits quietly, zero stderr
test (20)	Run node --test test/*.test.js	2026-08-20T04:26:56.5079017Z ok 60 - | true (no --list, single aphorism): exits quietly, zero stderr
test (20)	Run node --test test/*.test.js	2026-08-20T04:26:56.5079800Z   ---
test (20)	Run node --test test/*.test.js	2026-08-20T04:26:56.5080271Z   duration_ms: 40.692456
test (20)	Run node --test test/*.test.js	2026-08-20T04:26:56.5080772Z   ...
test (20)	Run node --test test/*.test.js	2026-08-20T04:26:56.5081530Z # Subtest: --list | head -0: exits quietly, zero stderr, no crash banner
test (20)	Run node --test test/*.test.js	2026-08-20T04:26:56.5082601Z ok 61 - --list | head -0: exits quietly, zero stderr, no crash banner
test (20)	Run node --test test/*.test.js	2026-08-20T04:26:56.5083343Z   ---
test (20)	Run node --test test/*.test.js	2026-08-20T04:26:56.5083806Z   duration_ms: 45.535519
test (20)	Run node --test test/*.test.js	2026-08-20T04:26:56.5084294Z   ...
test (20)	Run node --test test/*.test.js	2026-08-20T04:26:56.5085407Z # Subtest: --list | /nonexistent-cmd-xyz: no crash banner from the CLI itself
test (20)	Run node --test test/*.test.js	2026-08-20T04:26:56.5086627Z ok 62 - --list | /nonexistent-cmd-xyz: no crash banner from the CLI itself
test (20)	Run node --test test/*.test.js	2026-08-20T04:26:56.5087406Z   ---
test (20)	Run node --test test/*.test.js	2026-08-20T04:26:56.5087841Z   duration_ms: 33.810588
test (20)	Run node --test test/*.test.js	2026-08-20T04:26:56.5088310Z   ...
test (20)	Run node --test test/*.test.js	2026-08-20T04:26:56.5089260Z # Subtest: non-EPIPE stdout write failure: reported, not silent, not exit 1, no stack trace
test (20)	Run node --test test/*.test.js	2026-08-20T04:26:56.5090672Z ok 63 - non-EPIPE stdout write failure: reported, not silent, not exit 1, no stack trace
test (20)	Run node --test test/*.test.js	2026-08-20T04:26:56.5091654Z   ---
test (20)	Run node --test test/*.test.js	2026-08-20T04:26:56.5092150Z   duration_ms: 34.710742
test (20)	Run node --test test/*.test.js	2026-08-20T04:26:56.5092677Z   ...
test (20)	Run node --test test/*.test.js	2026-08-20T04:26:56.5093643Z # Subtest: usage error survives a closed stderr reader: still exits 2, not clobbered to 1
test (20)	Run node --test test/*.test.js	2026-08-20T04:26:56.5095838Z ok 64 - usage error survives a closed stderr reader: still exits 2, not clobbered to 1
test (20)	Run node --test test/*.test.js	2026-08-20T04:26:56.5096762Z   ---
test (20)	Run node --test test/*.test.js	2026-08-20T04:26:56.5097213Z   duration_ms: 103.36252
test (20)	Run node --test test/*.test.js	2026-08-20T04:26:56.5097737Z   ...
test (20)	Run node --test test/*.test.js	2026-08-20T04:26:56.5098701Z # Subtest: no-match exit code survives a closed stderr reader: still exits 1, not misreported
test (20)	Run node --test test/*.test.js	2026-08-20T04:26:56.5100118Z ok 65 - no-match exit code survives a closed stderr reader: still exits 1, not misreported
test (20)	Run node --test test/*.test.js	2026-08-20T04:26:56.5100961Z   ---
test (20)	Run node --test test/*.test.js	2026-08-20T04:26:56.5101395Z   duration_ms: 112.752248
test (20)	Run node --test test/*.test.js	2026-08-20T04:26:56.5101872Z   ...
test (20)	Run node --test test/*.test.js	2026-08-20T04:26:56.5102810Z # Subtest: non-EPIPE stderr write failure: not silent, not the earned exit code, no stack trace
test (20)	Run node --test test/*.test.js	2026-08-20T04:26:56.5104200Z ok 66 - non-EPIPE stderr write failure: not silent, not the earned exit code, no stack trace
test (20)	Run node --test test/*.test.js	2026-08-20T04:26:56.5105333Z   ---
test (20)	Run node --test test/*.test.js	2026-08-20T04:26:56.5105778Z   duration_ms: 40.880365
test (20)	Run node --test test/*.test.js	2026-08-20T04:26:56.5106287Z   ...
test (20)	Run node --test test/*.test.js	2026-08-20T04:26:56.5106984Z # Subtest: control: --list | head -1 stays completely clean
test (20)	Run node --test test/*.test.js	2026-08-20T04:26:56.5107939Z ok 67 - control: --list | head -1 stays completely clean
test (20)	Run node --test test/*.test.js	2026-08-20T04:26:56.5108620Z   ---
test (20)	Run node --test test/*.test.js	2026-08-20T04:26:56.5109059Z   duration_ms: 29.657787
test (20)	Run node --test test/*.test.js	2026-08-20T04:26:56.5109559Z   ...
test (20)	Run node --test test/*.test.js	2026-08-20T04:26:56.5110246Z # Subtest: control: --list | head -5 stays completely clean
test (20)	Run node --test test/*.test.js	2026-08-20T04:26:56.5111217Z ok 68 - control: --list | head -5 stays completely clean
test (20)	Run node --test test/*.test.js	2026-08-20T04:26:56.5111929Z   ---
test (20)	Run node --test test/*.test.js	2026-08-20T04:26:56.5112438Z   duration_ms: 29.356238
test (20)	Run node --test test/*.test.js	2026-08-20T04:26:56.5112998Z   ...
test (20)	Run node --test test/*.test.js	2026-08-20T04:26:56.5113713Z # Subtest: control: --list | sed 1q stays completely clean
test (20)	Run node --test test/*.test.js	2026-08-20T04:26:56.5114897Z ok 69 - control: --list | sed 1q stays completely clean
test (20)	Run node --test test/*.test.js	2026-08-20T04:26:56.5115628Z   ---
test (20)	Run node --test test/*.test.js	2026-08-20T04:26:56.5116104Z   duration_ms: 31.425681
test (20)	Run node --test test/*.test.js	2026-08-20T04:26:56.5116890Z   ...
test (20)	Run node --test test/*.test.js	2026-08-20T04:26:56.5117637Z # Subtest: control: --list | grep -q . stays completely clean
test (20)	Run node --test test/*.test.js	2026-08-20T04:26:56.5118842Z ok 70 - control: --list | grep -q . stays completely clean
test (20)	Run node --test test/*.test.js	2026-08-20T04:26:56.5119532Z   ---
test (20)	Run node --test test/*.test.js	2026-08-20T04:26:56.5119980Z   duration_ms: 27.875735
test (20)	Run node --test test/*.test.js	2026-08-20T04:26:56.5120465Z   ...
test (20)	Run node --test test/*.test.js	2026-08-20T04:26:56.5121081Z # Subtest: control: | wc -l stays completely clean
test (20)	Run node --test test/*.test.js	2026-08-20T04:26:56.5121943Z ok 71 - control: | wc -l stays completely clean
test (20)	Run node --test test/*.test.js	2026-08-20T04:26:56.5122595Z   ---
test (20)	Run node --test test/*.test.js	2026-08-20T04:26:56.5123032Z   duration_ms: 30.49152
test (20)	Run node --test test/*.test.js	2026-08-20T04:26:56.5123504Z   ...
test (20)	Run node --test test/*.test.js	2026-08-20T04:26:56.5124254Z # Subtest: control: --list --json | head -2 stays completely clean
test (20)	Run node --test test/*.test.js	2026-08-20T04:26:56.5125596Z ok 72 - control: --list --json | head -2 stays completely clean
test (20)	Run node --test test/*.test.js	2026-08-20T04:26:56.5126320Z   ---
test (20)	Run node --test test/*.test.js	2026-08-20T04:26:56.5126766Z   duration_ms: 29.515911
test (20)	Run node --test test/*.test.js	2026-08-20T04:26:56.5127280Z   ...
test (20)	Run node --test test/*.test.js	2026-08-20T04:26:56.5128138Z # Subtest: control: exit 1 / exit 2 stderr messages and codes are unchanged
test (20)	Run node --test test/*.test.js	2026-08-20T04:26:56.5129306Z ok 73 - control: exit 1 / exit 2 stderr messages and codes are unchanged
test (20)	Run node --test test/*.test.js	2026-08-20T04:26:56.5130087Z   ---
test (20)	Run node --test test/*.test.js	2026-08-20T04:26:56.5130532Z   duration_ms: 54.798055
test (20)	Run node --test test/*.test.js	2026-08-20T04:26:56.5131016Z   ...
test (20)	Run node --test test/*.test.js	2026-08-20T04:26:56.5131875Z # Subtest: control: a normal (non-full) stdout target still exits 0 with empty stderr
test (20)	Run node --test test/*.test.js	2026-08-20T04:26:56.5133125Z ok 74 - control: a normal (non-full) stdout target still exits 0 with empty stderr
test (20)	Run node --test test/*.test.js	2026-08-20T04:26:56.5133940Z   ---
test (20)	Run node --test test/*.test.js	2026-08-20T04:26:56.5134381Z   duration_ms: 57.301317
test (20)	Run node --test test/*.test.js	2026-08-20T04:26:56.5135143Z   ...
test (20)	Run node --test test/*.test.js	2026-08-20T04:26:56.5135743Z # Subtest: README tags must exist in corpus
test (20)	Run node --test test/*.test.js	2026-08-20T04:26:56.5136519Z ok 75 - README tags must exist in corpus
test (20)	Run node --test test/*.test.js	2026-08-20T04:26:56.5137148Z   ---
test (20)	Run node --test test/*.test.js	2026-08-20T04:26:56.5137603Z   duration_ms: 2.478483
test (20)	Run node --test test/*.test.js	2026-08-20T04:26:56.5138078Z   ...
test (20)	Run node --test test/*.test.js	2026-08-20T04:26:56.5138687Z # Subtest: README tag counts must match corpus
test (20)	Run node --test test/*.test.js	2026-08-20T04:26:56.5139452Z ok 76 - README tag counts must match corpus
test (20)	Run node --test test/*.test.js	2026-08-20T04:26:56.5140043Z   ---
test (20)	Run node --test test/*.test.js	2026-08-20T04:26:56.5140486Z   duration_ms: 1.438252
test (20)	Run node --test test/*.test.js	2026-08-20T04:26:56.5140965Z   ...
test (20)	Run node --test test/*.test.js	2026-08-20T04:26:56.5141618Z # Subtest: README must state total unique tags correctly
test (20)	Run node --test test/*.test.js	2026-08-20T04:26:56.5142754Z ok 77 - README must state total unique tags correctly
test (20)	Run node --test test/*.test.js	2026-08-20T04:26:56.5143398Z   ---
test (20)	Run node --test test/*.test.js	2026-08-20T04:26:56.5143826Z   duration_ms: 0.363273
test (20)	Run node --test test/*.test.js	2026-08-20T04:26:56.5144301Z   ...
test (20)	Run node --test test/*.test.js	2026-08-20T04:26:56.5145271Z # Subtest: README must correctly describe single-entry tag count
test (20)	Run node --test test/*.test.js	2026-08-20T04:26:56.5146319Z ok 78 - README must correctly describe single-entry tag count
test (20)	Run node --test test/*.test.js	2026-08-20T04:26:56.5147101Z   ---
test (20)	Run node --test test/*.test.js	2026-08-20T04:26:56.5147686Z   duration_ms: 0.369745
test (20)	Run node --test test/*.test.js	2026-08-20T04:26:56.5148214Z   ...
test (20)	Run node --test test/*.test.js	2026-08-20T04:26:56.5148863Z # Subtest: README must list all single-entry tags
test (20)	Run node --test test/*.test.js	2026-08-20T04:26:56.5149743Z ok 79 - README must list all single-entry tags
test (20)	Run node --test test/*.test.js	2026-08-20T04:26:56.5150427Z   ---
test (20)	Run node --test test/*.test.js	2026-08-20T04:26:56.5150926Z   duration_ms: 0.503338
test (20)	Run node --test test/*.test.js	2026-08-20T04:26:56.5151327Z   ...
test (20)	Run node --test test/*.test.js	2026-08-20T04:26:56.5152589Z # Subtest: README Tag vocabulary section carries a tag+entry sentence with a single-entry marker (token co-occurrence guard, not a meaning check)
test (20)	Run node --test test/*.test.js	2026-08-20T04:26:56.5154925Z ok 80 - README Tag vocabulary section carries a tag+entry sentence with a single-entry marker (token co-occurrence guard, not a meaning check)
test (20)	Run node --test test/*.test.js	2026-08-20T04:26:56.5155994Z   ---
test (20)	Run node --test test/*.test.js	2026-08-20T04:26:56.5156326Z   duration_ms: 0.939364
test (20)	Run node --test test/*.test.js	2026-08-20T04:26:56.5156710Z   ...
test (20)	Run node --test test/*.test.js	2026-08-20T04:26:56.5158195Z # Subtest: extractBandTablesFromReadme tolerates a prose sentence between a band heading and its table (T-025), without mis-attaching a table when the real one is missing
test (20)	Run node --test test/*.test.js	2026-08-20T04:26:56.5160671Z ok 81 - extractBandTablesFromReadme tolerates a prose sentence between a band heading and its table (T-025), without mis-attaching a table when the real one is missing
test (20)	Run node --test test/*.test.js	2026-08-20T04:26:56.5161882Z   ---
test (20)	Run node --test test/*.test.js	2026-08-20T04:26:56.5162202Z   duration_ms: 1.603597
test (20)	Run node --test test/*.test.js	2026-08-20T04:26:56.5162565Z   ...
test (20)	Run node --test test/*.test.js	2026-08-20T04:26:56.5163551Z # Subtest: extractBandTablesFromReadme does not let a band-shaped PROSE line steal a real heading's table (T-039)
test (20)	Run node --test test/*.test.js	2026-08-20T04:26:56.5165564Z ok 82 - extractBandTablesFromReadme does not let a band-shaped PROSE line steal a real heading's table (T-039)
test (20)	Run node --test test/*.test.js	2026-08-20T04:26:56.5166446Z   ---
test (20)	Run node --test test/*.test.js	2026-08-20T04:26:56.5166761Z   duration_ms: 0.370036
test (20)	Run node --test test/*.test.js	2026-08-20T04:26:56.5167121Z   ...
test (20)	Run node --test test/*.test.js	2026-08-20T04:26:56.5168075Z # Subtest: extractBandTablesFromReadme does not read a fenced example block as a second, real band table
test (20)	Run node --test test/*.test.js	2026-08-20T04:26:56.5169453Z ok 83 - extractBandTablesFromReadme does not read a fenced example block as a second, real band table
test (20)	Run node --test test/*.test.js	2026-08-20T04:26:56.5170067Z   ---
test (20)	Run node --test test/*.test.js	2026-08-20T04:26:56.5170397Z   duration_ms: 0.462468
test (20)	Run node --test test/*.test.js	2026-08-20T04:26:56.5170757Z   ...
test (20)	Run node --test test/*.test.js	2026-08-20T04:26:56.5172374Z # Subtest: extractBandTablesFromReadme's recognised bands account for every structural `| Tag | Count |` table -- a table under an unrecognised heading shape is a loud mismatch, not a silent miss
test (20)	Run node --test test/*.test.js	2026-08-20T04:26:56.5175208Z ok 84 - extractBandTablesFromReadme's recognised bands account for every structural `| Tag | Count |` table -- a table under an unrecognised heading shape is a loud mismatch, not a silent miss
test (20)	Run node --test test/*.test.js	2026-08-20T04:26:56.5176570Z   ---
test (20)	Run node --test test/*.test.js	2026-08-20T04:26:56.5176889Z   duration_ms: 0.522305
test (20)	Run node --test test/*.test.js	2026-08-20T04:26:56.5177250Z   ...
test (20)	Run node --test test/*.test.js	2026-08-20T04:26:56.5178564Z # Subtest: every `| Tag | Count |` table in the real README Tag vocabulary section is a recognised band table (no table may hide under an unrecognised heading shape)
test (20)	Run node --test test/*.test.js	2026-08-20T04:26:56.5180659Z ok 85 - every `| Tag | Count |` table in the real README Tag vocabulary section is a recognised band table (no table may hide under an unrecognised heading shape)
test (20)	Run node --test test/*.test.js	2026-08-20T04:26:56.5181755Z   ---
test (20)	Run node --test test/*.test.js	2026-08-20T04:26:56.5182064Z   duration_ms: 1.52429
test (20)	Run node --test test/*.test.js	2026-08-20T04:26:56.5182417Z   ...
test (20)	Run node --test test/*.test.js	2026-08-20T04:26:56.5183356Z # Subtest: every band table in README Tag vocabulary contains exactly the corpus tags whose count fits that band
test (20)	Run node --test test/*.test.js	2026-08-20T04:26:56.5184534Z ok 86 - every band table in README Tag vocabulary contains exactly the corpus tags whose count fits that band
test (20)	Run node --test test/*.test.js	2026-08-20T04:26:56.5185193Z   ---
test (20)	Run node --test test/*.test.js	2026-08-20T04:26:56.5185390Z   duration_ms: 0.503267
test (20)	Run node --test test/*.test.js	2026-08-20T04:26:56.5185776Z   ...
test (20)	Run node --test test/*.test.js	2026-08-20T04:26:56.5186402Z # Subtest: every corpus tag appearing on 2+ entries must have a row in some band table (no band table may be deleted wholesale) (T-019)
test (20)	Run node --test test/*.test.js	2026-08-20T04:26:56.5187842Z ok 87 - every corpus tag appearing on 2+ entries must have a row in some band table (no band table may be deleted wholesale) (T-019)
test (20)	Run node --test test/*.test.js	2026-08-20T04:26:56.5188740Z   ---
test (20)	Run node --test test/*.test.js	2026-08-20T04:26:56.5189067Z   duration_ms: 0.543296
test (20)	Run node --test test/*.test.js	2026-08-20T04:26:56.5189432Z   ...
test (20)	Run node --test test/*.test.js	2026-08-20T04:26:56.5190589Z # Subtest: extractBandTablesFromReadme derives a band's row count purely from its table, ignoring decoy "N tags" phrases in the heading line (T-024b)
test (20)	Run node --test test/*.test.js	2026-08-20T04:26:56.5193017Z ok 88 - extractBandTablesFromReadme derives a band's row count purely from its table, ignoring decoy "N tags" phrases in the heading line (T-024b)
test (20)	Run node --test test/*.test.js	2026-08-20T04:26:56.5194174Z   ---
test (20)	Run node --test test/*.test.js	2026-08-20T04:26:56.5195141Z   duration_ms: 0.323836
test (20)	Run node --test test/*.test.js	2026-08-20T04:26:56.5217031Z   ...
test (20)	Run node --test test/*.test.js	2026-08-20T04:26:56.5218002Z # Subtest: README opening sentence must state correct multi-entry and single-entry tag counts
test (20)	Run node --test test/*.test.js	2026-08-20T04:26:56.5219028Z ok 89 - README opening sentence must state correct multi-entry and single-entry tag counts
test (20)	Run node --test test/*.test.js	2026-08-20T04:26:56.5219480Z   ---
test (20)	Run node --test test/*.test.js	2026-08-20T04:26:56.5219692Z   duration_ms: 0.884245
test (20)	Run node --test test/*.test.js	2026-08-20T04:26:56.5219915Z   ...
test (20)	Run node --test test/*.test.js	2026-08-20T04:26:56.5220397Z # Subtest: README Tag vocabulary section must contain no unrecognised count-claim digits (J-5)
test (20)	Run node --test test/*.test.js	2026-08-20T04:26:56.5221108Z ok 90 - README Tag vocabulary section must contain no unrecognised count-claim digits (J-5)
test (20)	Run node --test test/*.test.js	2026-08-20T04:26:56.5221565Z   ---
test (20)	Run node --test test/*.test.js	2026-08-20T04:26:56.5221771Z   duration_ms: 1.366911
test (20)	Run node --test test/*.test.js	2026-08-20T04:26:56.5221991Z   ...
test (20)	Run node --test test/*.test.js	2026-08-20T04:26:56.5222517Z # Subtest: README Attribution table "Entries ranked" count must match corpus.length and the triage doc (C1)
test (20)	Run node --test test/*.test.js	2026-08-20T04:26:56.5223326Z ok 91 - README Attribution table "Entries ranked" count must match corpus.length and the triage doc (C1)
test (20)	Run node --test test/*.test.js	2026-08-20T04:26:56.5224001Z   ---
test (20)	Run node --test test/*.test.js	2026-08-20T04:26:56.5224205Z   duration_ms: 1.645779
test (20)	Run node --test test/*.test.js	2026-08-20T04:26:56.5224843Z   ...
test (20)	Run node --test test/*.test.js	2026-08-20T04:26:56.5225685Z # Subtest: README Attribution table "Rated HIGH risk" count must match the triage doc table (C2)
test (20)	Run node --test test/*.test.js	2026-08-20T04:26:56.5227007Z ok 92 - README Attribution table "Rated HIGH risk" count must match the triage doc table (C2)
test (20)	Run node --test test/*.test.js	2026-08-20T04:26:56.5227787Z   ---
test (20)	Run node --test test/*.test.js	2026-08-20T04:26:56.5228133Z   duration_ms: 0.923241
test (20)	Run node --test test/*.test.js	2026-08-20T04:26:56.5228510Z   ...
test (20)	Run node --test test/*.test.js	2026-08-20T04:26:56.5229281Z # Subtest: README Attribution section must contain no digit runs outside the counts table (C7)
test (20)	Run node --test test/*.test.js	2026-08-20T04:26:56.5230001Z ok 93 - README Attribution section must contain no digit runs outside the counts table (C7)
test (20)	Run node --test test/*.test.js	2026-08-20T04:26:56.5230442Z   ---
test (20)	Run node --test test/*.test.js	2026-08-20T04:26:56.5230637Z   duration_ms: 0.564728
test (20)	Run node --test test/*.test.js	2026-08-20T04:26:56.5230847Z   ...
test (20)	Run node --test test/*.test.js	2026-08-20T04:26:56.5231183Z # Subtest: README Layout section paths must exist on disk (C6)
test (20)	Run node --test test/*.test.js	2026-08-20T04:26:56.5231646Z ok 94 - README Layout section paths must exist on disk (C6)
test (20)	Run node --test test/*.test.js	2026-08-20T04:26:56.5231971Z   ---
test (20)	Run node --test test/*.test.js	2026-08-20T04:26:56.5232175Z   duration_ms: 0.772246
test (20)	Run node --test test/*.test.js	2026-08-20T04:26:56.5232395Z   ...
test (20)	Run node --test test/*.test.js	2026-08-20T04:26:56.5232952Z # Subtest: getListBehaviourSection tolerates a reformatted "--list behaviour" heading with no backticks (T-021)
test (20)	Run node --test test/*.test.js	2026-08-20T04:26:56.5233829Z ok 95 - getListBehaviourSection tolerates a reformatted "--list behaviour" heading with no backticks (T-021)
test (20)	Run node --test test/*.test.js	2026-08-20T04:26:56.5234319Z   ---
test (20)	Run node --test test/*.test.js	2026-08-20T04:26:56.5234510Z   duration_ms: 0.548195
test (20)	Run node --test test/*.test.js	2026-08-20T04:26:56.5235008Z   ...
test (20)	Run node --test test/*.test.js	2026-08-20T04:26:56.5235745Z # Subtest: getListBehaviourSection still fails on a SEPARATOR MISMATCH (not a heading-parse error) when a reformatted heading's literal is mutated (T-021)
test (20)	Run node --test test/*.test.js	2026-08-20T04:26:56.5236940Z ok 96 - getListBehaviourSection still fails on a SEPARATOR MISMATCH (not a heading-parse error) when a reformatted heading's literal is mutated (T-021)
test (20)	Run node --test test/*.test.js	2026-08-20T04:26:56.5237580Z   ---
test (20)	Run node --test test/*.test.js	2026-08-20T04:26:56.5237770Z   duration_ms: 0.40266
test (20)	Run node --test test/*.test.js	2026-08-20T04:26:56.5237989Z   ...
test (20)	Run node --test test/*.test.js	2026-08-20T04:26:56.5238592Z # Subtest: getListBehaviourSection reports ambiguity loudly instead of taking the first of two qualifying headings (T-021)
test (20)	Run node --test test/*.test.js	2026-08-20T04:26:56.5239728Z ok 97 - getListBehaviourSection reports ambiguity loudly instead of taking the first of two qualifying headings (T-021)
test (20)	Run node --test test/*.test.js	2026-08-20T04:26:56.5240250Z   ---
test (20)	Run node --test test/*.test.js	2026-08-20T04:26:56.5240441Z   duration_ms: 1.300422
test (20)	Run node --test test/*.test.js	2026-08-20T04:26:56.5240648Z   ...
test (20)	Run node --test test/*.test.js	2026-08-20T04:26:56.5241169Z # Subtest: getListBehaviourSection does not let "--list-only" satisfy the standalone `--list` token (T-021)
test (20)	Run node --test test/*.test.js	2026-08-20T04:26:56.5241968Z ok 98 - getListBehaviourSection does not let "--list-only" satisfy the standalone `--list` token (T-021)
test (20)	Run node --test test/*.test.js	2026-08-20T04:26:56.5242430Z   ---
test (20)	Run node --test test/*.test.js	2026-08-20T04:26:56.5242621Z   duration_ms: 0.235562
test (20)	Run node --test test/*.test.js	2026-08-20T04:26:56.5242833Z   ...
test (20)	Run node --test test/*.test.js	2026-08-20T04:26:56.5243329Z # Subtest: getListBehaviourSection tolerates the American spelling "behavior" in the heading (T-027)
test (20)	Run node --test test/*.test.js	2026-08-20T04:26:56.5244100Z ok 99 - getListBehaviourSection tolerates the American spelling "behavior" in the heading (T-027)
test (20)	Run node --test test/*.test.js	2026-08-20T04:26:56.5244553Z   ---
test (20)	Run node --test test/*.test.js	2026-08-20T04:26:56.5245001Z   duration_ms: 0.136448
test (20)	Run node --test test/*.test.js	2026-08-20T04:26:56.5245224Z   ...
test (20)	Run node --test test/*.test.js	2026-08-20T04:26:56.5245885Z # Subtest: getListBehaviourSection still fails on a SEPARATOR MISMATCH (not a heading-parse error) under an American-spelled heading (T-027)
test (20)	Run node --test test/*.test.js	2026-08-20T04:26:56.5246973Z ok 100 - getListBehaviourSection still fails on a SEPARATOR MISMATCH (not a heading-parse error) under an American-spelled heading (T-027)
test (20)	Run node --test test/*.test.js	2026-08-20T04:26:56.5247552Z   ---
test (20)	Run node --test test/*.test.js	2026-08-20T04:26:56.5247741Z   duration_ms: 0.21912
test (20)	Run node --test test/*.test.js	2026-08-20T04:26:56.5247951Z   ...
test (20)	Run node --test test/*.test.js	2026-08-20T04:26:56.5248422Z # Subtest: README `--list` format literal matches the shipped binary's actual --list output (T-017)
test (20)	Run node --test test/*.test.js	2026-08-20T04:26:56.5249148Z ok 101 - README `--list` format literal matches the shipped binary's actual --list output (T-017)
test (20)	Run node --test test/*.test.js	2026-08-20T04:26:56.5249589Z   ---
test (20)	Run node --test test/*.test.js	2026-08-20T04:26:56.5249782Z   duration_ms: 34.176733
test (20)	Run node --test test/*.test.js	2026-08-20T04:26:56.5250149Z   ...
test (20)	Run node --test test/*.test.js	2026-08-20T04:26:56.5250680Z # Subtest: README `--author` matching section must state the correct count of distinct corpus authors (Q-8)
test (20)	Run node --test test/*.test.js	2026-08-20T04:26:56.5251488Z ok 102 - README `--author` matching section must state the correct count of distinct corpus authors (Q-8)
test (20)	Run node --test test/*.test.js	2026-08-20T04:26:56.5251962Z   ---
test (20)	Run node --test test/*.test.js	2026-08-20T04:26:56.5252165Z   duration_ms: 0.470753
test (20)	Run node --test test/*.test.js	2026-08-20T04:26:56.5252379Z   ...
test (20)	Run node --test test/*.test.js	2026-08-20T04:26:56.5252626Z # Subtest: corpus has at least 40 entries
test (20)	Run node --test test/*.test.js	2026-08-20T04:26:56.5252955Z ok 103 - corpus has at least 40 entries
test (20)	Run node --test test/*.test.js	2026-08-20T04:26:56.5253218Z   ---
test (20)	Run node --test test/*.test.js	2026-08-20T04:26:56.5253406Z   duration_ms: 1.785263
test (20)	Run node --test test/*.test.js	2026-08-20T04:26:56.5253617Z   ...
test (20)	Run node --test test/*.test.js	2026-08-20T04:26:56.5254040Z # Subtest: every corpus entry has non-empty text, non-empty author, and an array of tags
test (20)	Run node --test test/*.test.js	2026-08-20T04:26:56.5254987Z ok 104 - every corpus entry has non-empty text, non-empty author, and an array of tags
test (20)	Run node --test test/*.test.js	2026-08-20T04:26:56.5255403Z   ---
test (20)	Run node --test test/*.test.js	2026-08-20T04:26:56.5255590Z   duration_ms: 0.584156
test (20)	Run node --test test/*.test.js	2026-08-20T04:26:56.5255805Z   ...
test (20)	Run node --test test/*.test.js	2026-08-20T04:26:56.5256094Z # Subtest: filter: author match is case-insensitive
test (20)	Run node --test test/*.test.js	2026-08-20T04:26:56.5256486Z ok 105 - filter: author match is case-insensitive
test (20)	Run node --test test/*.test.js	2026-08-20T04:26:56.5256775Z   ---
test (20)	Run node --test test/*.test.js	2026-08-20T04:26:56.5256962Z   duration_ms: 1.126731
test (20)	Run node --test test/*.test.js	2026-08-20T04:26:56.5257174Z   ...
test (20)	Run node --test test/*.test.js	2026-08-20T04:26:56.5257440Z # Subtest: filter: tag match is case-insensitive
test (20)	Run node --test test/*.test.js	2026-08-20T04:26:56.5257821Z ok 106 - filter: tag match is case-insensitive
test (20)	Run node --test test/*.test.js	2026-08-20T04:26:56.5258096Z   ---
test (20)	Run node --test test/*.test.js	2026-08-20T04:26:56.5258283Z   duration_ms: 1.283168
test (20)	Run node --test test/*.test.js	2026-08-20T04:26:56.5258492Z   ...
test (20)	Run node --test test/*.test.js	2026-08-20T04:26:56.5258868Z # Subtest: filter: author and tag together narrow to the intersection (AND)
test (20)	Run node --test test/*.test.js	2026-08-20T04:26:56.5259423Z ok 107 - filter: author and tag together narrow to the intersection (AND)
test (20)	Run node --test test/*.test.js	2026-08-20T04:26:56.5259820Z   ---
test (20)	Run node --test test/*.test.js	2026-08-20T04:26:56.5260003Z   duration_ms: 0.497757
test (20)	Run node --test test/*.test.js	2026-08-20T04:26:56.5260207Z   ...
test (20)	Run node --test test/*.test.js	2026-08-20T04:26:56.5260508Z # Subtest: filter: undefined/absent options do not filter
test (20)	Run node --test test/*.test.js	2026-08-20T04:26:56.5260964Z ok 108 - filter: undefined/absent options do not filter
test (20)	Run node --test test/*.test.js	2026-08-20T04:26:56.5261272Z   ---
test (20)	Run node --test test/*.test.js	2026-08-20T04:26:56.5261456Z   duration_ms: 0.390716
test (20)	Run node --test test/*.test.js	2026-08-20T04:26:56.5261808Z   ...
test (20)	Run node --test test/*.test.js	2026-08-20T04:26:56.5262207Z # Subtest: pick: same seed over the same candidates always returns the same element
test (20)	Run node --test test/*.test.js	2026-08-20T04:26:56.5262809Z ok 109 - pick: same seed over the same candidates always returns the same element
test (20)	Run node --test test/*.test.js	2026-08-20T04:26:56.5263184Z   ---
test (20)	Run node --test test/*.test.js	2026-08-20T04:26:56.5263376Z   duration_ms: 0.638362
test (20)	Run node --test test/*.test.js	2026-08-20T04:26:56.5263580Z   ...
test (20)	Run node --test test/*.test.js	2026-08-20T04:26:56.5263921Z # Subtest: pick: different seeds generally produce different results
test (20)	Run node --test test/*.test.js	2026-08-20T04:26:56.5264425Z ok 110 - pick: different seeds generally produce different results
test (20)	Run node --test test/*.test.js	2026-08-20T04:26:56.5265002Z   ---
test (20)	Run node --test test/*.test.js	2026-08-20T04:26:56.5265195Z   duration_ms: 0.43835
test (20)	Run node --test test/*.test.js	2026-08-20T04:26:56.5265411Z   ...
test (20)	Run node --test test/*.test.js	2026-08-20T04:26:56.5265748Z # Subtest: pick: undefined seed picks a valid member (random mode)
test (20)	Run node --test test/*.test.js	2026-08-20T04:26:56.5266234Z ok 111 - pick: undefined seed picks a valid member (random mode)
test (20)	Run node --test test/*.test.js	2026-08-20T04:26:56.5266565Z   ---
test (20)	Run node --test test/*.test.js	2026-08-20T04:26:56.5266750Z   duration_ms: 0.421657
test (20)	Run node --test test/*.test.js	2026-08-20T04:26:56.5266957Z   ...
test (20)	Run node --test test/*.test.js	2026-08-20T04:26:56.5267349Z # Subtest: pick: null seed also triggers random mode and returns a valid member
test (20)	Run node --test test/*.test.js	2026-08-20T04:26:56.5267919Z ok 112 - pick: null seed also triggers random mode and returns a valid member
test (20)	Run node --test test/*.test.js	2026-08-20T04:26:56.5268282Z   ---
test (20)	Run node --test test/*.test.js	2026-08-20T04:26:56.5268465Z   duration_ms: 0.329928
test (20)	Run node --test test/*.test.js	2026-08-20T04:26:56.5268672Z   ...
test (20)	Run node --test test/*.test.js	2026-08-20T04:26:56.5268986Z # Subtest: pick: throws RangeError on empty candidates array
test (20)	Run node --test test/*.test.js	2026-08-20T04:26:56.5269438Z ok 113 - pick: throws RangeError on empty candidates array
test (20)	Run node --test test/*.test.js	2026-08-20T04:26:56.5269745Z   ---
test (20)	Run node --test test/*.test.js	2026-08-20T04:26:56.5269931Z   duration_ms: 0.643061
test (20)	Run node --test test/*.test.js	2026-08-20T04:26:56.5270134Z   ...
test (20)	Run node --test test/*.test.js	2026-08-20T04:26:56.5270499Z # Subtest: pick: Infinity seed is deterministic and returns a valid member
test (20)	Run node --test test/*.test.js	2026-08-20T04:26:56.5271041Z ok 114 - pick: Infinity seed is deterministic and returns a valid member
test (20)	Run node --test test/*.test.js	2026-08-20T04:26:56.5271397Z   ---
test (20)	Run node --test test/*.test.js	2026-08-20T04:26:56.5271737Z   duration_ms: 0.296803
test (20)	Run node --test test/*.test.js	2026-08-20T04:26:56.5271941Z   ...
test (20)	Run node --test test/*.test.js	2026-08-20T04:26:56.5272310Z # Subtest: pick: -Infinity seed is deterministic and returns a valid member
test (20)	Run node --test test/*.test.js	2026-08-20T04:26:56.5272861Z ok 115 - pick: -Infinity seed is deterministic and returns a valid member
test (20)	Run node --test test/*.test.js	2026-08-20T04:26:56.5273214Z   ---
test (20)	Run node --test test/*.test.js	2026-08-20T04:26:56.5273410Z   duration_ms: 0.323625
test (20)	Run node --test test/*.test.js	2026-08-20T04:26:56.5273629Z   ...
test (20)	Run node --test test/*.test.js	2026-08-20T04:26:56.5274035Z # Subtest: pick: NaN seed still uses the random branch and returns a valid member
test (20)	Run node --test test/*.test.js	2026-08-20T04:26:56.5274910Z ok 116 - pick: NaN seed still uses the random branch and returns a valid member
test (20)	Run node --test test/*.test.js	2026-08-20T04:26:56.5275434Z   ---
test (20)	Run node --test test/*.test.js	2026-08-20T04:26:56.5275633Z   duration_ms: 0.294397
test (20)	Run node --test test/*.test.js	2026-08-20T04:26:56.5275854Z   ...
test (20)	Run node --test test/*.test.js	2026-08-20T04:26:56.5276263Z # Subtest: pick: finite seed determinism is unchanged by the non-finite-seed fix
test (20)	Run node --test test/*.test.js	2026-08-20T04:26:56.5276857Z ok 117 - pick: finite seed determinism is unchanged by the non-finite-seed fix
test (20)	Run node --test test/*.test.js	2026-08-20T04:26:56.5277232Z   ---
test (20)	Run node --test test/*.test.js	2026-08-20T04:26:56.5277426Z   duration_ms: 0.344937
test (20)	Run node --test test/*.test.js	2026-08-20T04:26:56.5277638Z   ...
test (20)	Run node --test test/*.test.js	2026-08-20T04:26:56.5277979Z # Subtest: pick: every candidate is REACHABLE by an unseeded draw
test (20)	Run node --test test/*.test.js	2026-08-20T04:26:56.5278465Z ok 118 - pick: every candidate is REACHABLE by an unseeded draw
test (20)	Run node --test test/*.test.js	2026-08-20T04:26:56.5278811Z   ---
test (20)	Run node --test test/*.test.js	2026-08-20T04:26:56.5279006Z   duration_ms: 3.658298
test (20)	Run node --test test/*.test.js	2026-08-20T04:26:56.5279213Z   ...
test (20)	Run node --test test/*.test.js	2026-08-20T04:26:56.5279629Z # Subtest: pick: unseeded draws split the interval EQUALLY across candidates (uniform)
test (20)	Run node --test test/*.test.js	2026-08-20T04:26:56.5280262Z ok 119 - pick: unseeded draws split the interval EQUALLY across candidates (uniform)
test (20)	Run node --test test/*.test.js	2026-08-20T04:26:56.5280648Z   ---
test (20)	Run node --test test/*.test.js	2026-08-20T04:26:56.5280833Z   duration_ms: 1.505003
test (20)	Run node --test test/*.test.js	2026-08-20T04:26:56.5281041Z   ...
test (20)	Run node --test test/*.test.js	2026-08-20T04:26:56.5281473Z # Subtest: pick: single-element candidates always returns that element regardless of seed
test (20)	Run node --test test/*.test.js	2026-08-20T04:26:56.5282143Z ok 120 - pick: single-element candidates always returns that element regardless of seed
test (20)	Run node --test test/*.test.js	2026-08-20T04:26:56.5282545Z   ---
test (20)	Run node --test test/*.test.js	2026-08-20T04:26:56.5282732Z   duration_ms: 0.400806
test (20)	Run node --test test/*.test.js	2026-08-20T04:26:56.5282936Z   ...
test (20)	Run node --test test/*.test.js	2026-08-20T04:26:56.5283110Z 1..120
test (20)	Run node --test test/*.test.js	2026-08-20T04:26:56.5283500Z # tests 120
test (20)	Run node --test test/*.test.js	2026-08-20T04:26:56.5283689Z # suites 0
test (20)	Run node --test test/*.test.js	2026-08-20T04:26:56.5283880Z # pass 119
test (20)	Run node --test test/*.test.js	2026-08-20T04:26:56.5284058Z # fail 0
test (20)	Run node --test test/*.test.js	2026-08-20T04:26:56.5284238Z # cancelled 0
test (20)	Run node --test test/*.test.js	2026-08-20T04:26:56.5284434Z # skipped 1
test (20)	Run node --test test/*.test.js	2026-08-20T04:26:56.5284857Z # todo 0
test (20)	Run node --test test/*.test.js	2026-08-20T04:26:56.5285076Z # duration_ms 2959.214171
test (20)	Coverage report (informational, not a gate)	﻿2026-08-20T04:26:56.5333663Z ##[group]Run node --test --experimental-test-coverage test/*.test.js \
test (20)	Coverage report (informational, not a gate)	2026-08-20T04:26:56.5334218Z [36;1mnode --test --experimental-test-coverage test/*.test.js \[0m
test (20)	Coverage report (informational, not a gate)	2026-08-20T04:26:56.5335404Z [36;1m  || echo "NOTE: --experimental-test-coverage exited non-zero on Node 20 (see output above). This step is informational only and does not affect job status."[0m
test (20)	Coverage report (informational, not a gate)	2026-08-20T04:26:56.5373699Z shell: /usr/bin/bash -e {0}
test (20)	Coverage report (informational, not a gate)	2026-08-20T04:26:56.5373960Z ##[endgroup]
test (20)	Coverage report (informational, not a gate)	2026-08-20T04:26:56.5850940Z TAP version 13
test (20)	Coverage report (informational, not a gate)	2026-08-20T04:26:56.6605481Z # Subtest: zero args: no error, no filters set
test (20)	Coverage report (informational, not a gate)	2026-08-20T04:26:56.6635536Z ok 1 - zero args: no error, no filters set
test (20)	Coverage report (informational, not a gate)	2026-08-20T04:26:56.6636626Z   ---
test (20)	Coverage report (informational, not a gate)	2026-08-20T04:26:56.6637228Z   duration_ms: 3.531942
test (20)	Coverage report (informational, not a gate)	2026-08-20T04:26:56.6637883Z   ...
test (20)	Coverage report (informational, not a gate)	2026-08-20T04:26:56.6638614Z # Subtest: --author <name> sets author string
test (20)	Coverage report (informational, not a gate)	2026-08-20T04:26:56.6639508Z ok 2 - --author <name> sets author string
test (20)	Coverage report (informational, not a gate)	2026-08-20T04:26:56.6640219Z   ---
test (20)	Coverage report (informational, not a gate)	2026-08-20T04:26:56.6640773Z   duration_ms: 0.313177
test (20)	Coverage report (informational, not a gate)	2026-08-20T04:26:56.6641533Z   ...
test (20)	Coverage report (informational, not a gate)	2026-08-20T04:26:56.6642474Z # Subtest: --author=<name> equals form sets author string
test (20)	Coverage report (informational, not a gate)	2026-08-20T04:26:56.6643642Z ok 3 - --author=<name> equals form sets author string
test (20)	Coverage report (informational, not a gate)	2026-08-20T04:26:56.6644449Z   ---
test (20)	Coverage report (informational, not a gate)	2026-08-20T04:26:56.6645285Z   duration_ms: 0.321913
test (20)	Coverage report (informational, not a gate)	2026-08-20T04:26:56.6645914Z   ...
test (20)	Coverage report (informational, not a gate)	2026-08-20T04:26:56.6646581Z # Subtest: --tag <tag> sets tag string
test (20)	Coverage report (informational, not a gate)	2026-08-20T04:26:56.6647386Z ok 4 - --tag <tag> sets tag string
test (20)	Coverage report (informational, not a gate)	2026-08-20T04:26:56.6648039Z   ---
test (20)	Coverage report (informational, not a gate)	2026-08-20T04:26:56.6648584Z   duration_ms: 0.258765
test (20)	Coverage report (informational, not a gate)	2026-08-20T04:26:56.6649522Z   ...
test (20)	Coverage report (informational, not a gate)	2026-08-20T04:26:56.6650273Z # Subtest: --tag=<tag> equals form sets tag string
test (20)	Coverage report (informational, not a gate)	2026-08-20T04:26:56.6652106Z ok 5 - --tag=<tag> equals form sets tag string
test (20)	Coverage report (informational, not a gate)	2026-08-20T04:26:56.6667342Z   ---
test (20)	Coverage report (informational, not a gate)	2026-08-20T04:26:56.6695189Z   duration_ms: 0.255469
test (20)	Coverage report (informational, not a gate)	2026-08-20T04:26:56.6725205Z   ...
test (20)	Coverage report (informational, not a gate)	2026-08-20T04:26:56.6726051Z # Subtest: combined --author X --tag Y sets both
test (20)	Coverage report (informational, not a gate)	2026-08-20T04:26:56.6737733Z ok 6 - combined --author X --tag Y sets both
test (20)	Coverage report (informational, not a gate)	2026-08-20T04:26:56.6738506Z   ---
test (20)	Coverage report (informational, not a gate)	2026-08-20T04:26:56.6739077Z   duration_ms: 0.249388
test (20)	Coverage report (informational, not a gate)	2026-08-20T04:26:56.6739647Z   ...
test (20)	Coverage report (informational, not a gate)	2026-08-20T04:26:56.6740303Z # Subtest: --seed <n> parses as a number
test (20)	Coverage report (informational, not a gate)	2026-08-20T04:26:56.6741119Z ok 7 - --seed <n> parses as a number
test (20)	Coverage report (informational, not a gate)	2026-08-20T04:26:56.6741776Z   ---
test (20)	Coverage report (informational, not a gate)	2026-08-20T04:26:56.6742286Z   duration_ms: 0.288852
test (20)	Coverage report (informational, not a gate)	2026-08-20T04:26:56.6742790Z   ...
test (20)	Coverage report (informational, not a gate)	2026-08-20T04:26:56.6743470Z # Subtest: --seed=<n> equals form parses as a number
test (20)	Coverage report (informational, not a gate)	2026-08-20T04:26:56.6744413Z ok 8 - --seed=<n> equals form parses as a number
test (20)	Coverage report (informational, not a gate)	2026-08-20T04:26:56.6745398Z   ---
test (20)	Coverage report (informational, not a gate)	2026-08-20T04:26:56.6745946Z   duration_ms: 0.236784
test (20)	Coverage report (informational, not a gate)	2026-08-20T04:26:56.6746541Z   ...
test (20)	Coverage report (informational, not a gate)	2026-08-20T04:26:56.6747272Z # Subtest: --seed <n> accepts a negative number
test (20)	Coverage report (informational, not a gate)	2026-08-20T04:26:56.6748170Z ok 9 - --seed <n> accepts a negative number
test (20)	Coverage report (informational, not a gate)	2026-08-20T04:26:56.6748880Z   ---
test (20)	Coverage report (informational, not a gate)	2026-08-20T04:26:56.6749464Z   duration_ms: 0.23996
test (20)	Coverage report (informational, not a gate)	2026-08-20T04:26:56.6750039Z   ...
test (20)	Coverage report (informational, not a gate)	2026-08-20T04:26:56.6750805Z # Subtest: --seed=<n> equals form accepts a negative number
test (20)	Coverage report (informational, not a gate)	2026-08-20T04:26:56.6751856Z ok 10 - --seed=<n> equals form accepts a negative number
test (20)	Coverage report (informational, not a gate)	2026-08-20T04:26:56.6752614Z   ---
test (20)	Coverage report (informational, not a gate)	2026-08-20T04:26:56.6753134Z   duration_ms: 0.219171
test (20)	Coverage report (informational, not a gate)	2026-08-20T04:26:56.6753683Z   ...
test (20)	Coverage report (informational, not a gate)	2026-08-20T04:26:56.6754368Z # Subtest: non-numeric --seed is a usage error
test (20)	Coverage report (informational, not a gate)	2026-08-20T04:26:56.6755553Z ok 11 - non-numeric --seed is a usage error
test (20)	Coverage report (informational, not a gate)	2026-08-20T04:26:56.6756282Z   ---
test (20)	Coverage report (informational, not a gate)	2026-08-20T04:26:56.6756809Z   duration_ms: 0.382347
test (20)	Coverage report (informational, not a gate)	2026-08-20T04:26:56.6757374Z   ...
test (20)	Coverage report (informational, not a gate)	2026-08-20T04:26:56.6758046Z # Subtest: non-numeric --seed= equals form is a usage error
test (20)	Coverage report (informational, not a gate)	2026-08-20T04:26:56.6758992Z ok 12 - non-numeric --seed= equals form is a usage error
test (20)	Coverage report (informational, not a gate)	2026-08-20T04:26:56.6759697Z   ---
test (20)	Coverage report (informational, not a gate)	2026-08-20T04:26:56.6760188Z   duration_ms: 0.296937
test (20)	Coverage report (informational, not a gate)	2026-08-20T04:26:56.6760737Z   ...
test (20)	Coverage report (informational, not a gate)	2026-08-20T04:26:56.6761361Z # Subtest: --list sets list: true
test (20)	Coverage report (informational, not a gate)	2026-08-20T04:26:56.6762191Z ok 13 - --list sets list: true
test (20)	Coverage report (informational, not a gate)	2026-08-20T04:26:56.6762825Z   ---
test (20)	Coverage report (informational, not a gate)	2026-08-20T04:26:56.6763385Z   duration_ms: 0.222827
test (20)	Coverage report (informational, not a gate)	2026-08-20T04:26:56.6763973Z   ...
test (20)	Coverage report (informational, not a gate)	2026-08-20T04:26:56.6765205Z # Subtest: --json sets json: true
test (20)	Coverage report (informational, not a gate)	2026-08-20T04:26:56.6766016Z ok 14 - --json sets json: true
test (20)	Coverage report (informational, not a gate)	2026-08-20T04:26:56.6766669Z   ---
test (20)	Coverage report (informational, not a gate)	2026-08-20T04:26:56.6767242Z   duration_ms: 0.20251
test (20)	Coverage report (informational, not a gate)	2026-08-20T04:26:56.6767814Z   ...
test (20)	Coverage report (informational, not a gate)	2026-08-20T04:26:56.6768399Z # Subtest: --help sets help: true
test (20)	Coverage report (informational, not a gate)	2026-08-20T04:26:56.6769076Z ok 15 - --help sets help: true
test (20)	Coverage report (informational, not a gate)	2026-08-20T04:26:56.6769675Z   ---
test (20)	Coverage report (informational, not a gate)	2026-08-20T04:26:56.6770226Z   duration_ms: 0.198442
test (20)	Coverage report (informational, not a gate)	2026-08-20T04:26:56.6770719Z   ...
test (20)	Coverage report (informational, not a gate)	2026-08-20T04:26:56.6771220Z # Subtest: -h sets help: true
test (20)	Coverage report (informational, not a gate)	2026-08-20T04:26:56.6800006Z ok 16 - -h sets help: true
test (20)	Coverage report (informational, not a gate)	2026-08-20T04:26:56.6815247Z   ---
test (20)	Coverage report (informational, not a gate)	2026-08-20T04:26:56.6825432Z   duration_ms: 0.213861
test (20)	Coverage report (informational, not a gate)	2026-08-20T04:26:56.6855212Z   ...
test (20)	Coverage report (informational, not a gate)	2026-08-20T04:26:56.6856216Z # Subtest: unknown flag is a usage error
test (20)	Coverage report (informational, not a gate)	2026-08-20T04:26:56.6857091Z ok 17 - unknown flag is a usage error
test (20)	Coverage report (informational, not a gate)	2026-08-20T04:26:56.6857785Z   ---
test (20)	Coverage report (informational, not a gate)	2026-08-20T04:26:56.6858348Z   duration_ms: 0.233648
test (20)	Coverage report (informational, not a gate)	2026-08-20T04:26:56.6858951Z   ...
test (20)	Coverage report (informational, not a gate)	2026-08-20T04:26:56.6859648Z # Subtest: unknown short flag is a usage error
test (20)	Coverage report (informational, not a gate)	2026-08-20T04:26:56.6860558Z ok 18 - unknown short flag is a usage error
test (20)	Coverage report (informational, not a gate)	2026-08-20T04:26:56.6861270Z   ---
test (20)	Coverage report (informational, not a gate)	2026-08-20T04:26:56.6861813Z   duration_ms: 0.210094
test (20)	Coverage report (informational, not a gate)	2026-08-20T04:26:56.6862398Z   ...
test (20)	Coverage report (informational, not a gate)	2026-08-20T04:26:56.6863354Z # Subtest: --author missing value at end of argv is a usage error
test (20)	Coverage report (informational, not a gate)	2026-08-20T04:26:56.6864509Z ok 19 - --author missing value at end of argv is a usage error
test (20)	Coverage report (informational, not a gate)	2026-08-20T04:26:56.6865583Z   ---
test (20)	Coverage report (informational, not a gate)	2026-08-20T04:26:56.6866145Z   duration_ms: 0.271419
test (20)	Coverage report (informational, not a gate)	2026-08-20T04:26:56.6866779Z   ...
test (20)	Coverage report (informational, not a gate)	2026-08-20T04:26:56.6867964Z # Subtest: --tag missing value because next token is another flag is a usage error
test (20)	Coverage report (informational, not a gate)	2026-08-20T04:26:56.6875229Z ok 20 - --tag missing value because next token is another flag is a usage error
test (20)	Coverage report (informational, not a gate)	2026-08-20T04:26:56.6876683Z   ---
test (20)	Coverage report (informational, not a gate)	2026-08-20T04:26:56.6877266Z   duration_ms: 0.244769
test (20)	Coverage report (informational, not a gate)	2026-08-20T04:26:56.6877855Z   ...
test (20)	Coverage report (informational, not a gate)	2026-08-20T04:26:56.6878679Z # Subtest: --seed missing value at end of argv is a usage error
test (20)	Coverage report (informational, not a gate)	2026-08-20T04:26:56.6879757Z ok 21 - --seed missing value at end of argv is a usage error
test (20)	Coverage report (informational, not a gate)	2026-08-20T04:26:56.6880609Z   ---
test (20)	Coverage report (informational, not a gate)	2026-08-20T04:26:56.6881236Z   duration_ms: 0.210374
test (20)	Coverage report (informational, not a gate)	2026-08-20T04:26:56.6881903Z   ...
test (20)	Coverage report (informational, not a gate)	2026-08-20T04:26:56.6882853Z # Subtest: --author= with empty value is a usage error
test (20)	Coverage report (informational, not a gate)	2026-08-20T04:26:56.6883843Z ok 22 - --author= with empty value is a usage error
test (20)	Coverage report (informational, not a gate)	2026-08-20T04:26:56.6884569Z   ---
test (20)	Coverage report (informational, not a gate)	2026-08-20T04:26:56.6885386Z   duration_ms: 0.28783
test (20)	Coverage report (informational, not a gate)	2026-08-20T04:26:56.6885964Z   ...
test (20)	Coverage report (informational, not a gate)	2026-08-20T04:26:56.6886828Z # Subtest: a bare positional argument (not a flag) is a usage error
test (20)	Coverage report (informational, not a gate)	2026-08-20T04:26:56.6917285Z ok 23 - a bare positional argument (not a flag) is a usage error
test (20)	Coverage report (informational, not a gate)	2026-08-20T04:26:56.6918109Z   ---
test (20)	Coverage report (informational, not a gate)	2026-08-20T04:26:56.6918602Z   duration_ms: 0.135855
test (20)	Coverage report (informational, not a gate)	2026-08-20T04:26:56.6919121Z   ...
test (20)	Coverage report (informational, not a gate)	2026-08-20T04:26:56.6919789Z # Subtest: parseArgs never throws on malformed input
test (20)	Coverage report (informational, not a gate)	2026-08-20T04:26:56.6920668Z ok 24 - parseArgs never throws on malformed input
test (20)	Coverage report (informational, not a gate)	2026-08-20T04:26:56.6921336Z   ---
test (20)	Coverage report (informational, not a gate)	2026-08-20T04:26:56.6921818Z   duration_ms: 0.414988
test (20)	Coverage report (informational, not a gate)	2026-08-20T04:26:56.6922363Z   ...
test (20)	Coverage report (informational, not a gate)	2026-08-20T04:26:56.6923062Z # Subtest: absent options are undefined/false, never null
test (20)	Coverage report (informational, not a gate)	2026-08-20T04:26:56.6923992Z ok 25 - absent options are undefined/false, never null
test (20)	Coverage report (informational, not a gate)	2026-08-20T04:26:56.6925068Z   ---
test (20)	Coverage report (informational, not a gate)	2026-08-20T04:26:56.6925633Z   duration_ms: 0.290515
test (20)	Coverage report (informational, not a gate)	2026-08-20T04:26:56.6926273Z   ...
test (20)	Coverage report (informational, not a gate)	2026-08-20T04:26:56.6927116Z # Subtest: HELP is a non-empty string mentioning every flag name
test (20)	Coverage report (informational, not a gate)	2026-08-20T04:26:56.6928242Z ok 26 - HELP is a non-empty string mentioning every flag name
test (20)	Coverage report (informational, not a gate)	2026-08-20T04:26:56.6929081Z   ---
test (20)	Coverage report (informational, not a gate)	2026-08-20T04:26:56.6929660Z   duration_ms: 0.296937
test (20)	Coverage report (informational, not a gate)	2026-08-20T04:26:56.6930296Z   ...
test (20)	Coverage report (informational, not a gate)	2026-08-20T04:26:56.6931173Z # Subtest: HELP fits comfortably on one 24-line terminal screen
test (20)	Coverage report (informational, not a gate)	2026-08-20T04:26:56.6932398Z ok 27 - HELP fits comfortably on one 24-line terminal screen
test (20)	Coverage report (informational, not a gate)	2026-08-20T04:26:56.6933274Z   ---
test (20)	Coverage report (informational, not a gate)	2026-08-20T04:26:56.6933888Z   duration_ms: 0.208321
test (20)	Coverage report (informational, not a gate)	2026-08-20T04:26:56.6934518Z   ...
test (20)	Coverage report (informational, not a gate)	2026-08-20T04:26:56.6935869Z # Subtest: --seed Infinity / --seed -Infinity parse to numbers, not a usage error
test (20)	Coverage report (informational, not a gate)	2026-08-20T04:26:56.6937728Z ok 28 - --seed Infinity / --seed -Infinity parse to numbers, not a usage error
test (20)	Coverage report (informational, not a gate)	2026-08-20T04:26:56.6940046Z   ---
test (20)	Coverage report (informational, not a gate)	2026-08-20T04:26:56.6940666Z   duration_ms: 0.273813
test (20)	Coverage report (informational, not a gate)	2026-08-20T04:26:56.6941192Z   ...
test (20)	Coverage report (informational, not a gate)	2026-08-20T04:27:00.3628656Z # Subtest: bare invocation prints one attributed aphorism and exits 0
test (20)	Coverage report (informational, not a gate)	2026-08-20T04:27:00.3635103Z ok 29 - bare invocation prints one attributed aphorism and exits 0
test (20)	Coverage report (informational, not a gate)	2026-08-20T04:27:00.3635812Z   ---
test (20)	Coverage report (informational, not a gate)	2026-08-20T04:27:00.3636179Z   duration_ms: 48.145551
test (20)	Coverage report (informational, not a gate)	2026-08-20T04:27:00.3636569Z   ...
test (20)	Coverage report (informational, not a gate)	2026-08-20T04:27:00.3642355Z # Subtest: --seed is deterministic across separate processes
test (20)	Coverage report (informational, not a gate)	2026-08-20T04:27:00.3658882Z ok 30 - --seed is deterministic across separate processes
test (20)	Coverage report (informational, not a gate)	2026-08-20T04:27:00.3659657Z   ---
test (20)	Coverage report (informational, not a gate)	2026-08-20T04:27:00.3660047Z   duration_ms: 122.000112
test (20)	Coverage report (informational, not a gate)	2026-08-20T04:27:00.3660487Z   ...
test (20)	Coverage report (informational, not a gate)	2026-08-20T04:27:00.3661143Z # Subtest: different seeds do not all collapse to one aphorism
test (20)	Coverage report (informational, not a gate)	2026-08-20T04:27:00.3665506Z ok 31 - different seeds do not all collapse to one aphorism
test (20)	Coverage report (informational, not a gate)	2026-08-20T04:27:00.3666190Z   ---
test (20)	Coverage report (informational, not a gate)	2026-08-20T04:27:00.3666621Z   duration_ms: 528.384063
test (20)	Coverage report (informational, not a gate)	2026-08-20T04:27:00.3667063Z   ...
test (20)	Coverage report (informational, not a gate)	2026-08-20T04:27:00.3667814Z # Subtest: --json emits a single-line JSON object with text/author/tags
test (20)	Coverage report (informational, not a gate)	2026-08-20T04:27:00.3668904Z ok 32 - --json emits a single-line JSON object with text/author/tags
test (20)	Coverage report (informational, not a gate)	2026-08-20T04:27:00.3669584Z   ---
test (20)	Coverage report (informational, not a gate)	2026-08-20T04:27:00.3669958Z   duration_ms: 36.273091
test (20)	Coverage report (informational, not a gate)	2026-08-20T04:27:00.3670378Z   ...
test (20)	Coverage report (informational, not a gate)	2026-08-20T04:27:00.3715783Z # Subtest: --list prints every entry in the filtered set
test (20)	Coverage report (informational, not a gate)	2026-08-20T04:27:00.3725953Z ok 33 - --list prints every entry in the filtered set
test (20)	Coverage report (informational, not a gate)	2026-08-20T04:27:00.3726817Z   ---
test (20)	Coverage report (informational, not a gate)	2026-08-20T04:27:00.3727459Z   duration_ms: 40.227318
test (20)	Coverage report (informational, not a gate)	2026-08-20T04:27:00.3728217Z   ...
test (20)	Coverage report (informational, not a gate)	2026-08-20T04:27:00.3729065Z # Subtest: --help prints usage to stdout and exits 0
test (20)	Coverage report (informational, not a gate)	2026-08-20T04:27:00.3730061Z ok 34 - --help prints usage to stdout and exits 0
test (20)	Coverage report (informational, not a gate)	2026-08-20T04:27:00.3730844Z   ---
test (20)	Coverage report (informational, not a gate)	2026-08-20T04:27:00.3731403Z   duration_ms: 37.190238
test (20)	Coverage report (informational, not a gate)	2026-08-20T04:27:00.3732104Z   ...
test (20)	Coverage report (informational, not a gate)	2026-08-20T04:27:00.3733037Z # Subtest: no match exits 1 with stderr only and zero bytes on stdout
test (20)	Coverage report (informational, not a gate)	2026-08-20T04:27:00.3734343Z ok 35 - no match exits 1 with stderr only and zero bytes on stdout
test (20)	Coverage report (informational, not a gate)	2026-08-20T04:27:00.3735579Z   ---
test (20)	Coverage report (informational, not a gate)	2026-08-20T04:27:00.3736227Z   duration_ms: 41.767402
test (20)	Coverage report (informational, not a gate)	2026-08-20T04:27:00.3736924Z   ...
test (20)	Coverage report (informational, not a gate)	2026-08-20T04:27:00.3737842Z # Subtest: unknown flag is a usage error, exit 2, stdout clean
test (20)	Coverage report (informational, not a gate)	2026-08-20T04:27:00.3739048Z ok 36 - unknown flag is a usage error, exit 2, stdout clean
test (20)	Coverage report (informational, not a gate)	2026-08-20T04:27:00.3739973Z   ---
test (20)	Coverage report (informational, not a gate)	2026-08-20T04:27:00.3740645Z   duration_ms: 38.754616
test (20)	Coverage report (informational, not a gate)	2026-08-20T04:27:00.3741342Z   ...
test (20)	Coverage report (informational, not a gate)	2026-08-20T04:27:00.3742181Z # Subtest: non-numeric seed is a usage error, exit 2
test (20)	Coverage report (informational, not a gate)	2026-08-20T04:27:00.3743243Z ok 37 - non-numeric seed is a usage error, exit 2
test (20)	Coverage report (informational, not a gate)	2026-08-20T04:27:00.3744123Z   ---
test (20)	Coverage report (informational, not a gate)	2026-08-20T04:27:00.3745026Z   duration_ms: 42.370611
test (20)	Coverage report (informational, not a gate)	2026-08-20T04:27:00.3745720Z   ...
test (20)	Coverage report (informational, not a gate)	2026-08-20T04:27:00.3746591Z # Subtest: author filter is case-insensitive and narrows the list
test (20)	Coverage report (informational, not a gate)	2026-08-20T04:27:00.3747764Z ok 38 - author filter is case-insensitive and narrows the list
test (20)	Coverage report (informational, not a gate)	2026-08-20T04:27:00.3748608Z   ---
test (20)	Coverage report (informational, not a gate)	2026-08-20T04:27:00.3749163Z   duration_ms: 77.172639
test (20)	Coverage report (informational, not a gate)	2026-08-20T04:27:00.3749759Z   ...
test (20)	Coverage report (informational, not a gate)	2026-08-20T04:27:00.3750950Z # Subtest: output is pipe-safe — no ANSI escapes when not a TTY
test (20)	Coverage report (informational, not a gate)	2026-08-20T04:27:00.3752306Z ok 39 - output is pipe-safe — no ANSI escapes when not a TTY
test (20)	Coverage report (informational, not a gate)	2026-08-20T04:27:00.3753241Z   ---
test (20)	Coverage report (informational, not a gate)	2026-08-20T04:27:00.3753881Z   duration_ms: 41.079961
test (20)	Coverage report (informational, not a gate)	2026-08-20T04:27:00.3754580Z   ...
test (20)	Coverage report (informational, not a gate)	2026-08-20T04:27:00.3755810Z # Subtest: --tag matches membership, not substring containment
test (20)	Coverage report (informational, not a gate)	2026-08-20T04:27:00.3757046Z ok 40 - --tag matches membership, not substring containment
test (20)	Coverage report (informational, not a gate)	2026-08-20T04:27:00.3757929Z   ---
test (20)	Coverage report (informational, not a gate)	2026-08-20T04:27:00.3758528Z   duration_ms: 75.170863
test (20)	Coverage report (informational, not a gate)	2026-08-20T04:27:00.3759178Z   ...
test (20)	Coverage report (informational, not a gate)	2026-08-20T04:27:00.3760116Z # Subtest: --list prints exactly one line per matching entry, no drops
test (20)	Coverage report (informational, not a gate)	2026-08-20T04:27:00.3761368Z ok 41 - --list prints exactly one line per matching entry, no drops
test (20)	Coverage report (informational, not a gate)	2026-08-20T04:27:00.3762525Z   ---
test (20)	Coverage report (informational, not a gate)	2026-08-20T04:27:00.3763052Z   duration_ms: 45.514889
test (20)	Coverage report (informational, not a gate)	2026-08-20T04:27:00.3763666Z   ...
test (20)	Coverage report (informational, not a gate)	2026-08-20T04:27:00.3764526Z # Subtest: --list preserves corpus order (first and last line match)
test (20)	Coverage report (informational, not a gate)	2026-08-20T04:27:00.3766030Z ok 42 - --list preserves corpus order (first and last line match)
test (20)	Coverage report (informational, not a gate)	2026-08-20T04:27:00.3766837Z   ---
test (20)	Coverage report (informational, not a gate)	2026-08-20T04:27:00.3767393Z   duration_ms: 37.133536
test (20)	Coverage report (informational, not a gate)	2026-08-20T04:27:00.3767990Z   ...
test (20)	Coverage report (informational, not a gate)	2026-08-20T04:27:00.3768821Z # Subtest: --json output is exactly one line, never pretty-printed
test (20)	Coverage report (informational, not a gate)	2026-08-20T04:27:00.3769963Z ok 43 - --json output is exactly one line, never pretty-printed
test (20)	Coverage report (informational, not a gate)	2026-08-20T04:27:00.3770770Z   ---
test (20)	Coverage report (informational, not a gate)	2026-08-20T04:27:00.3771300Z   duration_ms: 36.733774
test (20)	Coverage report (informational, not a gate)	2026-08-20T04:27:00.3771877Z   ...
test (20)	Coverage report (informational, not a gate)	2026-08-20T04:27:00.3772902Z # Subtest: --list --json emits newline-delimited JSON, one object per line, in corpus order
test (20)	Coverage report (informational, not a gate)	2026-08-20T04:27:00.3774390Z ok 44 - --list --json emits newline-delimited JSON, one object per line, in corpus order
test (20)	Coverage report (informational, not a gate)	2026-08-20T04:27:00.3775701Z   ---
test (20)	Coverage report (informational, not a gate)	2026-08-20T04:27:00.3776256Z   duration_ms: 40.317514
test (20)	Coverage report (informational, not a gate)	2026-08-20T04:27:00.3776827Z   ...
test (20)	Coverage report (informational, not a gate)	2026-08-20T04:27:00.3778121Z # Subtest: --json composes with --seed: the seeded JSON pick is reproducible AND is the same entry as the plain-text pick
test (20)	Coverage report (informational, not a gate)	2026-08-20T04:27:00.3780041Z ok 45 - --json composes with --seed: the seeded JSON pick is reproducible AND is the same entry as the plain-text pick
test (20)	Coverage report (informational, not a gate)	2026-08-20T04:27:00.3781233Z   ---
test (20)	Coverage report (informational, not a gate)	2026-08-20T04:27:00.3781792Z   duration_ms: 678.80591
test (20)	Coverage report (informational, not a gate)	2026-08-20T04:27:00.3782376Z   ...
test (20)	Coverage report (informational, not a gate)	2026-08-20T04:27:00.3783504Z # Subtest: --json composes with the filter flags: the JSON pick is always a member of the FILTERED set
test (20)	Coverage report (informational, not a gate)	2026-08-20T04:27:00.3786875Z ok 46 - --json composes with the filter flags: the JSON pick is always a member of the FILTERED set
test (20)	Coverage report (informational, not a gate)	2026-08-20T04:27:00.3788053Z   ---
test (20)	Coverage report (informational, not a gate)	2026-08-20T04:27:00.3788592Z   duration_ms: 879.144293
test (20)	Coverage report (informational, not a gate)	2026-08-20T04:27:00.3789243Z   ...
test (20)	Coverage report (informational, not a gate)	2026-08-20T04:27:00.3809879Z # Subtest: --list accepts a valid --seed and IGNORES it: output is byte-identical across seeds
test (20)	Coverage report (informational, not a gate)	2026-08-20T04:27:00.3811248Z ok 47 - --list accepts a valid --seed and IGNORES it: output is byte-identical across seeds
test (20)	Coverage report (informational, not a gate)	2026-08-20T04:27:00.3812020Z   ---
test (20)	Coverage report (informational, not a gate)	2026-08-20T04:27:00.3812368Z   duration_ms: 362.52336
test (20)	Coverage report (informational, not a gate)	2026-08-20T04:27:00.3812778Z   ...
test (20)	Coverage report (informational, not a gate)	2026-08-20T04:27:00.3813666Z # Subtest: --list --seed abc is a usage error, exit 2, stdout empty, stderr carries the diagnostic
test (20)	Coverage report (informational, not a gate)	2026-08-20T04:27:00.3818693Z ok 48 - --list --seed abc is a usage error, exit 2, stdout empty, stderr carries the diagnostic
test (20)	Coverage report (informational, not a gate)	2026-08-20T04:27:00.3819512Z   ---
test (20)	Coverage report (informational, not a gate)	2026-08-20T04:27:00.3819882Z   duration_ms: 37.761161
test (20)	Coverage report (informational, not a gate)	2026-08-20T04:27:00.3820285Z   ...
test (20)	Coverage report (informational, not a gate)	2026-08-20T04:27:00.3821232Z # Subtest: --seed abc --list (erroring flag BEFORE --list) is still a usage error, exit 2, stdout empty
test (20)	Coverage report (informational, not a gate)	2026-08-20T04:27:00.3822659Z ok 49 - --seed abc --list (erroring flag BEFORE --list) is still a usage error, exit 2, stdout empty
test (20)	Coverage report (informational, not a gate)	2026-08-20T04:27:00.3823475Z   ---
test (20)	Coverage report (informational, not a gate)	2026-08-20T04:27:00.3823813Z   duration_ms: 34.800851
test (20)	Coverage report (informational, not a gate)	2026-08-20T04:27:00.3824195Z   ...
test (20)	Coverage report (informational, not a gate)	2026-08-20T04:27:00.3825228Z # Subtest: --list --seed=  (empty seed value) is a usage error, exit 2, stdout empty
test (20)	Coverage report (informational, not a gate)	2026-08-20T04:27:00.3826370Z ok 50 - --list --seed=  (empty seed value) is a usage error, exit 2, stdout empty
test (20)	Coverage report (informational, not a gate)	2026-08-20T04:27:00.3827052Z   ---
test (20)	Coverage report (informational, not a gate)	2026-08-20T04:27:00.3827391Z   duration_ms: 36.33699
test (20)	Coverage report (informational, not a gate)	2026-08-20T04:27:00.3827768Z   ...
test (20)	Coverage report (informational, not a gate)	2026-08-20T04:27:00.3828641Z # Subtest: --list --seed "   " (whitespace-only seed value) is a usage error, exit 2, stdout empty
test (20)	Coverage report (informational, not a gate)	2026-08-20T04:27:00.3829960Z ok 51 - --list --seed "   " (whitespace-only seed value) is a usage error, exit 2, stdout empty
test (20)	Coverage report (informational, not a gate)	2026-08-20T04:27:00.3830762Z   ---
test (20)	Coverage report (informational, not a gate)	2026-08-20T04:27:00.3831113Z   duration_ms: 36.974646
test (20)	Coverage report (informational, not a gate)	2026-08-20T04:27:00.3831505Z   ...
test (20)	Coverage report (informational, not a gate)	2026-08-20T04:27:00.3832860Z # Subtest: --list --nosuchflag (unknown flag) is a usage error, exit 2, stdout empty — --list does not swallow it
test (20)	Coverage report (informational, not a gate)	2026-08-20T04:27:00.3834947Z ok 52 - --list --nosuchflag (unknown flag) is a usage error, exit 2, stdout empty — --list does not swallow it
test (20)	Coverage report (informational, not a gate)	2026-08-20T04:27:00.3836217Z   ---
test (20)	Coverage report (informational, not a gate)	2026-08-20T04:27:00.3836568Z   duration_ms: 36.99285
test (20)	Coverage report (informational, not a gate)	2026-08-20T04:27:00.3836942Z   ...
test (20)	Coverage report (informational, not a gate)	2026-08-20T04:27:00.3837872Z # Subtest: --nosuchflag --list (unknown flag BEFORE --list) is still a usage error, exit 2, stdout empty
test (20)	Coverage report (informational, not a gate)	2026-08-20T04:27:00.3839308Z ok 53 - --nosuchflag --list (unknown flag BEFORE --list) is still a usage error, exit 2, stdout empty
test (20)	Coverage report (informational, not a gate)	2026-08-20T04:27:00.3840130Z   ---
test (20)	Coverage report (informational, not a gate)	2026-08-20T04:27:00.3840456Z   duration_ms: 36.618839
test (20)	Coverage report (informational, not a gate)	2026-08-20T04:27:00.3840828Z   ...
test (20)	Coverage report (informational, not a gate)	2026-08-20T04:27:00.3841766Z # Subtest: plain single-pick output is TWO lines: text, newline, four-space indent, EM DASH, space, author
test (20)	Coverage report (informational, not a gate)	2026-08-20T04:27:00.3843231Z ok 54 - plain single-pick output is TWO lines: text, newline, four-space indent, EM DASH, space, author
test (20)	Coverage report (informational, not a gate)	2026-08-20T04:27:00.3844069Z   ---
test (20)	Coverage report (informational, not a gate)	2026-08-20T04:27:00.3844418Z   duration_ms: 38.39536
test (20)	Coverage report (informational, not a gate)	2026-08-20T04:27:00.3845334Z   ...
test (20)	Coverage report (informational, not a gate)	2026-08-20T04:27:00.3846238Z # Subtest: --seed Infinity and --seed -Infinity (typed as CLI strings) are accepted and deterministic
test (20)	Coverage report (informational, not a gate)	2026-08-20T04:27:00.3847612Z ok 55 - --seed Infinity and --seed -Infinity (typed as CLI strings) are accepted and deterministic
test (20)	Coverage report (informational, not a gate)	2026-08-20T04:27:00.3848405Z   ---
test (20)	Coverage report (informational, not a gate)	2026-08-20T04:27:00.3848695Z   duration_ms: 152.512847
test (20)	Coverage report (informational, not a gate)	2026-08-20T04:27:00.3849059Z   ...
test (20)	Coverage report (informational, not a gate)	2026-08-20T04:27:00.3849910Z # Subtest: --list with a filter that matches nothing is STILL exit 1, stderr only, stdout empty
test (20)	Coverage report (informational, not a gate)	2026-08-20T04:27:00.3851249Z ok 56 - --list with a filter that matches nothing is STILL exit 1, stderr only, stdout empty
test (20)	Coverage report (informational, not a gate)	2026-08-20T04:27:00.3852066Z   ---
test (20)	Coverage report (informational, not a gate)	2026-08-20T04:27:00.3852440Z   duration_ms: 72.170237
test (20)	Coverage report (informational, not a gate)	2026-08-20T04:27:00.3853147Z   ...
test (20)	Coverage report (informational, not a gate)	2026-08-20T04:27:00.3854315Z # Subtest: --tag "" (bare empty-string value) matches nothing: whole-tag equality against the literal "" is not a filter no-op
test (20)	Coverage report (informational, not a gate)	2026-08-20T04:27:00.3856443Z ok 57 - --tag "" (bare empty-string value) matches nothing: whole-tag equality against the literal "" is not a filter no-op
test (20)	Coverage report (informational, not a gate)	2026-08-20T04:27:00.3857469Z   ---
test (20)	Coverage report (informational, not a gate)	2026-08-20T04:27:00.3857923Z   duration_ms: 36.763962
test (20)	Coverage report (informational, not a gate)	2026-08-20T04:27:00.3858362Z   ...
test (20)	Coverage report (informational, not a gate)	2026-08-20T04:27:00.5324175Z # Subtest: README Node support citation: cited git diff must be empty (or the check must skip on a missing precondition)
test (20)	Coverage report (informational, not a gate)	2026-08-20T04:27:00.5326318Z ok 58 - README Node support citation: cited git diff must be empty (or the check must skip on a missing precondition) # SKIP cited base commit 5f833ab is not reachable in this checkout (this is a shallow clone) -- cannot evaluate the README's Node support citation
test (20)	Coverage report (informational, not a gate)	2026-08-20T04:27:00.5327864Z   ---
test (20)	Coverage report (informational, not a gate)	2026-08-20T04:27:00.5328260Z   duration_ms: 25.886426
test (20)	Coverage report (informational, not a gate)	2026-08-20T04:27:00.5328703Z   ...
test (20)	Coverage report (informational, not a gate)	2026-08-20T04:27:00.5329417Z # Subtest: --list | true: exits quietly, zero stderr, no crash banner
test (20)	Coverage report (informational, not a gate)	2026-08-20T04:27:00.5330478Z ok 59 - --list | true: exits quietly, zero stderr, no crash banner
test (20)	Coverage report (informational, not a gate)	2026-08-20T04:27:00.5331134Z   ---
test (20)	Coverage report (informational, not a gate)	2026-08-20T04:27:00.5331503Z   duration_ms: 65.211189
test (20)	Coverage report (informational, not a gate)	2026-08-20T04:27:00.5331928Z   ...
test (20)	Coverage report (informational, not a gate)	2026-08-20T04:27:00.5332642Z # Subtest: | true (no --list, single aphorism): exits quietly, zero stderr
test (20)	Coverage report (informational, not a gate)	2026-08-20T04:27:00.5333783Z ok 60 - | true (no --list, single aphorism): exits quietly, zero stderr
test (20)	Coverage report (informational, not a gate)	2026-08-20T04:27:00.5334513Z   ---
test (20)	Coverage report (informational, not a gate)	2026-08-20T04:27:00.5335055Z   duration_ms: 61.812513
test (20)	Coverage report (informational, not a gate)	2026-08-20T04:27:00.5335483Z   ...
test (20)	Coverage report (informational, not a gate)	2026-08-20T04:27:00.5336231Z # Subtest: --list | head -0: exits quietly, zero stderr, no crash banner
test (20)	Coverage report (informational, not a gate)	2026-08-20T04:27:00.5337229Z ok 61 - --list | head -0: exits quietly, zero stderr, no crash banner
test (20)	Coverage report (informational, not a gate)	2026-08-20T04:27:00.5337877Z   ---
test (20)	Coverage report (informational, not a gate)	2026-08-20T04:27:00.5338234Z   duration_ms: 58.067244
test (20)	Coverage report (informational, not a gate)	2026-08-20T04:27:00.5338625Z   ...
test (20)	Coverage report (informational, not a gate)	2026-08-20T04:27:00.5339426Z # Subtest: --list | /nonexistent-cmd-xyz: no crash banner from the CLI itself
test (20)	Coverage report (informational, not a gate)	2026-08-20T04:27:00.5340553Z ok 62 - --list | /nonexistent-cmd-xyz: no crash banner from the CLI itself
test (20)	Coverage report (informational, not a gate)	2026-08-20T04:27:00.5341204Z   ---
test (20)	Coverage report (informational, not a gate)	2026-08-20T04:27:00.5341556Z   duration_ms: 60.226162
test (20)	Coverage report (informational, not a gate)	2026-08-20T04:27:00.5341914Z   ...
test (20)	Coverage report (informational, not a gate)	2026-08-20T04:27:00.5342796Z # Subtest: non-EPIPE stdout write failure: reported, not silent, not exit 1, no stack trace
test (20)	Coverage report (informational, not a gate)	2026-08-20T04:27:00.5344165Z ok 63 - non-EPIPE stdout write failure: reported, not silent, not exit 1, no stack trace
test (20)	Coverage report (informational, not a gate)	2026-08-20T04:27:00.5345559Z   ---
test (20)	Coverage report (informational, not a gate)	2026-08-20T04:27:00.5345776Z   duration_ms: 51.259011
test (20)	Coverage report (informational, not a gate)	2026-08-20T04:27:00.5345996Z   ...
test (20)	Coverage report (informational, not a gate)	2026-08-20T04:27:00.5346445Z # Subtest: usage error survives a closed stderr reader: still exits 2, not clobbered to 1
test (20)	Coverage report (informational, not a gate)	2026-08-20T04:27:00.5347309Z ok 64 - usage error survives a closed stderr reader: still exits 2, not clobbered to 1
test (20)	Coverage report (informational, not a gate)	2026-08-20T04:27:00.5348069Z   ---
test (20)	Coverage report (informational, not a gate)	2026-08-20T04:27:00.5348762Z   duration_ms: 131.962967
test (20)	Coverage report (informational, not a gate)	2026-08-20T04:27:00.5349175Z   ...
test (20)	Coverage report (informational, not a gate)	2026-08-20T04:27:00.5350020Z # Subtest: no-match exit code survives a closed stderr reader: still exits 1, not misreported
test (20)	Coverage report (informational, not a gate)	2026-08-20T04:27:00.5351314Z ok 65 - no-match exit code survives a closed stderr reader: still exits 1, not misreported
test (20)	Coverage report (informational, not a gate)	2026-08-20T04:27:00.5352138Z   ---
test (20)	Coverage report (informational, not a gate)	2026-08-20T04:27:00.5352494Z   duration_ms: 127.466755
test (20)	Coverage report (informational, not a gate)	2026-08-20T04:27:00.5352881Z   ...
test (20)	Coverage report (informational, not a gate)	2026-08-20T04:27:00.5353736Z # Subtest: non-EPIPE stderr write failure: not silent, not the earned exit code, no stack trace
test (20)	Coverage report (informational, not a gate)	2026-08-20T04:27:00.5355298Z ok 66 - non-EPIPE stderr write failure: not silent, not the earned exit code, no stack trace
test (20)	Coverage report (informational, not a gate)	2026-08-20T04:27:00.5356099Z   ---
test (20)	Coverage report (informational, not a gate)	2026-08-20T04:27:00.5356450Z   duration_ms: 40.347261
test (20)	Coverage report (informational, not a gate)	2026-08-20T04:27:00.5356843Z   ...
test (20)	Coverage report (informational, not a gate)	2026-08-20T04:27:00.5357436Z # Subtest: control: --list | head -1 stays completely clean
test (20)	Coverage report (informational, not a gate)	2026-08-20T04:27:00.5358267Z ok 67 - control: --list | head -1 stays completely clean
test (20)	Coverage report (informational, not a gate)	2026-08-20T04:27:00.5358823Z   ---
test (20)	Coverage report (informational, not a gate)	2026-08-20T04:27:00.5359177Z   duration_ms: 38.66928
test (20)	Coverage report (informational, not a gate)	2026-08-20T04:27:00.5359850Z   ...
test (20)	Coverage report (informational, not a gate)	2026-08-20T04:27:00.5360459Z # Subtest: control: --list | head -5 stays completely clean
test (20)	Coverage report (informational, not a gate)	2026-08-20T04:27:00.5361253Z ok 68 - control: --list | head -5 stays completely clean
test (20)	Coverage report (informational, not a gate)	2026-08-20T04:27:00.5361796Z   ---
test (20)	Coverage report (informational, not a gate)	2026-08-20T04:27:00.5362121Z   duration_ms: 49.93564
test (20)	Coverage report (informational, not a gate)	2026-08-20T04:27:00.5362488Z   ...
test (20)	Coverage report (informational, not a gate)	2026-08-20T04:27:00.5363027Z # Subtest: control: --list | sed 1q stays completely clean
test (20)	Coverage report (informational, not a gate)	2026-08-20T04:27:00.5363822Z ok 69 - control: --list | sed 1q stays completely clean
test (20)	Coverage report (informational, not a gate)	2026-08-20T04:27:00.5364359Z   ---
test (20)	Coverage report (informational, not a gate)	2026-08-20T04:27:00.5364976Z   duration_ms: 41.351159
test (20)	Coverage report (informational, not a gate)	2026-08-20T04:27:00.5365367Z   ...
test (20)	Coverage report (informational, not a gate)	2026-08-20T04:27:00.5365954Z # Subtest: control: --list | grep -q . stays completely clean
test (20)	Coverage report (informational, not a gate)	2026-08-20T04:27:00.5366778Z ok 70 - control: --list | grep -q . stays completely clean
test (20)	Coverage report (informational, not a gate)	2026-08-20T04:27:00.5367333Z   ---
test (20)	Coverage report (informational, not a gate)	2026-08-20T04:27:00.5367662Z   duration_ms: 39.68975
test (20)	Coverage report (informational, not a gate)	2026-08-20T04:27:00.5368020Z   ...
test (20)	Coverage report (informational, not a gate)	2026-08-20T04:27:00.5368518Z # Subtest: control: | wc -l stays completely clean
test (20)	Coverage report (informational, not a gate)	2026-08-20T04:27:00.5369236Z ok 71 - control: | wc -l stays completely clean
test (20)	Coverage report (informational, not a gate)	2026-08-20T04:27:00.5369747Z   ---
test (20)	Coverage report (informational, not a gate)	2026-08-20T04:27:00.5370091Z   duration_ms: 39.936396
test (20)	Coverage report (informational, not a gate)	2026-08-20T04:27:00.5370477Z   ...
test (20)	Coverage report (informational, not a gate)	2026-08-20T04:27:00.5371179Z # Subtest: control: --list --json | head -2 stays completely clean
test (20)	Coverage report (informational, not a gate)	2026-08-20T04:27:00.5372084Z ok 72 - control: --list --json | head -2 stays completely clean
test (20)	Coverage report (informational, not a gate)	2026-08-20T04:27:00.5372673Z   ---
test (20)	Coverage report (informational, not a gate)	2026-08-20T04:27:00.5373006Z   duration_ms: 48.411189
test (20)	Coverage report (informational, not a gate)	2026-08-20T04:27:00.5373470Z   ...
test (20)	Coverage report (informational, not a gate)	2026-08-20T04:27:00.5374287Z # Subtest: control: exit 1 / exit 2 stderr messages and codes are unchanged
test (20)	Coverage report (informational, not a gate)	2026-08-20T04:27:00.5375748Z ok 73 - control: exit 1 / exit 2 stderr messages and codes are unchanged
test (20)	Coverage report (informational, not a gate)	2026-08-20T04:27:00.5376647Z   ---
test (20)	Coverage report (informational, not a gate)	2026-08-20T04:27:00.5377114Z   duration_ms: 72.709331
test (20)	Coverage report (informational, not a gate)	2026-08-20T04:27:00.5377598Z   ...
test (20)	Coverage report (informational, not a gate)	2026-08-20T04:27:00.5378583Z # Subtest: control: a normal (non-full) stdout target still exits 0 with empty stderr
test (20)	Coverage report (informational, not a gate)	2026-08-20T04:27:00.5379924Z ok 74 - control: a normal (non-full) stdout target still exits 0 with empty stderr
test (20)	Coverage report (informational, not a gate)	2026-08-20T04:27:00.5380837Z   ---
test (20)	Coverage report (informational, not a gate)	2026-08-20T04:27:00.5381364Z   duration_ms: 73.4057
test (20)	Coverage report (informational, not a gate)	2026-08-20T04:27:00.5442274Z   ...
test (20)	Coverage report (informational, not a gate)	2026-08-20T04:27:00.5442906Z # Subtest: README tags must exist in corpus
test (20)	Coverage report (informational, not a gate)	2026-08-20T04:27:00.5443612Z ok 75 - README tags must exist in corpus
test (20)	Coverage report (informational, not a gate)	2026-08-20T04:27:00.5444134Z   ---
test (20)	Coverage report (informational, not a gate)	2026-08-20T04:27:00.5444510Z   duration_ms: 4.718597
test (20)	Coverage report (informational, not a gate)	2026-08-20T04:27:00.5445296Z   ...
test (20)	Coverage report (informational, not a gate)	2026-08-20T04:27:00.5445839Z # Subtest: README tag counts must match corpus
test (20)	Coverage report (informational, not a gate)	2026-08-20T04:27:00.5446857Z ok 76 - README tag counts must match corpus
test (20)	Coverage report (informational, not a gate)	2026-08-20T04:27:00.5447390Z   ---
test (20)	Coverage report (informational, not a gate)	2026-08-20T04:27:00.5447811Z   duration_ms: 0.658004
test (20)	Coverage report (informational, not a gate)	2026-08-20T04:27:00.5448241Z   ...
test (20)	Coverage report (informational, not a gate)	2026-08-20T04:27:00.5448811Z # Subtest: README must state total unique tags correctly
test (20)	Coverage report (informational, not a gate)	2026-08-20T04:27:00.5449322Z ok 77 - README must state total unique tags correctly
test (20)	Coverage report (informational, not a gate)	2026-08-20T04:27:00.5449673Z   ---
test (20)	Coverage report (informational, not a gate)	2026-08-20T04:27:00.5449895Z   duration_ms: 0.476343
test (20)	Coverage report (informational, not a gate)	2026-08-20T04:27:00.5450152Z   ...
test (20)	Coverage report (informational, not a gate)	2026-08-20T04:27:00.5450530Z # Subtest: README must correctly describe single-entry tag count
test (20)	Coverage report (informational, not a gate)	2026-08-20T04:27:00.5451099Z ok 78 - README must correctly describe single-entry tag count
test (20)	Coverage report (informational, not a gate)	2026-08-20T04:27:00.5451458Z   ---
test (20)	Coverage report (informational, not a gate)	2026-08-20T04:27:00.5451684Z   duration_ms: 0.465613
test (20)	Coverage report (informational, not a gate)	2026-08-20T04:27:00.5451937Z   ...
test (20)	Coverage report (informational, not a gate)	2026-08-20T04:27:00.5452304Z # Subtest: README must list all single-entry tags
test (20)	Coverage report (informational, not a gate)	2026-08-20T04:27:00.5452757Z ok 79 - README must list all single-entry tags
test (20)	Coverage report (informational, not a gate)	2026-08-20T04:27:00.5453077Z   ---
test (20)	Coverage report (informational, not a gate)	2026-08-20T04:27:00.5453293Z   duration_ms: 0.479429
test (20)	Coverage report (informational, not a gate)	2026-08-20T04:27:00.5453522Z   ...
test (20)	Coverage report (informational, not a gate)	2026-08-20T04:27:00.5454319Z # Subtest: README Tag vocabulary section carries a tag+entry sentence with a single-entry marker (token co-occurrence guard, not a meaning check)
test (20)	Coverage report (informational, not a gate)	2026-08-20T04:27:00.5455820Z ok 80 - README Tag vocabulary section carries a tag+entry sentence with a single-entry marker (token co-occurrence guard, not a meaning check)
test (20)	Coverage report (informational, not a gate)	2026-08-20T04:27:00.5456493Z   ---
test (20)	Coverage report (informational, not a gate)	2026-08-20T04:27:00.5456703Z   duration_ms: 0.960871
test (20)	Coverage report (informational, not a gate)	2026-08-20T04:27:00.5456948Z   ...
test (20)	Coverage report (informational, not a gate)	2026-08-20T04:27:00.5458196Z # Subtest: extractBandTablesFromReadme tolerates a prose sentence between a band heading and its table (T-025), without mis-attaching a table when the real one is missing
test (20)	Coverage report (informational, not a gate)	2026-08-20T04:27:00.5459788Z ok 81 - extractBandTablesFromReadme tolerates a prose sentence between a band heading and its table (T-025), without mis-attaching a table when the real one is missing
test (20)	Coverage report (informational, not a gate)	2026-08-20T04:27:00.5460601Z   ---
test (20)	Coverage report (informational, not a gate)	2026-08-20T04:27:00.5460906Z   duration_ms: 1.971106
test (20)	Coverage report (informational, not a gate)	2026-08-20T04:27:00.5461292Z   ...
test (20)	Coverage report (informational, not a gate)	2026-08-20T04:27:00.5462131Z # Subtest: extractBandTablesFromReadme does not let a band-shaped PROSE line steal a real heading's table (T-039)
test (20)	Coverage report (informational, not a gate)	2026-08-20T04:27:00.5463057Z ok 82 - extractBandTablesFromReadme does not let a band-shaped PROSE line steal a real heading's table (T-039)
test (20)	Coverage report (informational, not a gate)	2026-08-20T04:27:00.5463552Z   ---
test (20)	Coverage report (informational, not a gate)	2026-08-20T04:27:00.5463744Z   duration_ms: 0.300363
test (20)	Coverage report (informational, not a gate)	2026-08-20T04:27:00.5463956Z   ...
test (20)	Coverage report (informational, not a gate)	2026-08-20T04:27:00.5464467Z # Subtest: extractBandTablesFromReadme does not read a fenced example block as a second, real band table
test (20)	Coverage report (informational, not a gate)	2026-08-20T04:27:00.5465548Z ok 83 - extractBandTablesFromReadme does not read a fenced example block as a second, real band table
test (20)	Coverage report (informational, not a gate)	2026-08-20T04:27:00.5466013Z   ---
test (20)	Coverage report (informational, not a gate)	2026-08-20T04:27:00.5466204Z   duration_ms: 0.244027
test (20)	Coverage report (informational, not a gate)	2026-08-20T04:27:00.5466416Z   ...
test (20)	Coverage report (informational, not a gate)	2026-08-20T04:27:00.5467309Z # Subtest: extractBandTablesFromReadme's recognised bands account for every structural `| Tag | Count |` table -- a table under an unrecognised heading shape is a loud mismatch, not a silent miss
test (20)	Coverage report (informational, not a gate)	2026-08-20T04:27:00.5468773Z ok 84 - extractBandTablesFromReadme's recognised bands account for every structural `| Tag | Count |` table -- a table under an unrecognised heading shape is a loud mismatch, not a silent miss
test (20)	Coverage report (informational, not a gate)	2026-08-20T04:27:00.5469518Z   ---
test (20)	Coverage report (informational, not a gate)	2026-08-20T04:27:00.5469704Z   duration_ms: 1.814442
test (20)	Coverage report (informational, not a gate)	2026-08-20T04:27:00.5469915Z   ...
test (20)	Coverage report (informational, not a gate)	2026-08-20T04:27:00.5470643Z # Subtest: every `| Tag | Count |` table in the real README Tag vocabulary section is a recognised band table (no table may hide under an unrecognised heading shape)
test (20)	Coverage report (informational, not a gate)	2026-08-20T04:27:00.5471825Z ok 85 - every `| Tag | Count |` table in the real README Tag vocabulary section is a recognised band table (no table may hide under an unrecognised heading shape)
test (20)	Coverage report (informational, not a gate)	2026-08-20T04:27:00.5472440Z   ---
test (20)	Coverage report (informational, not a gate)	2026-08-20T04:27:00.5472625Z   duration_ms: 0.633829
test (20)	Coverage report (informational, not a gate)	2026-08-20T04:27:00.5472860Z   ...
test (20)	Coverage report (informational, not a gate)	2026-08-20T04:27:00.5473426Z # Subtest: every band table in README Tag vocabulary contains exactly the corpus tags whose count fits that band
test (20)	Coverage report (informational, not a gate)	2026-08-20T04:27:00.5474426Z ok 86 - every band table in README Tag vocabulary contains exactly the corpus tags whose count fits that band
test (20)	Coverage report (informational, not a gate)	2026-08-20T04:27:00.5475177Z   ---
test (20)	Coverage report (informational, not a gate)	2026-08-20T04:27:00.5475367Z   duration_ms: 0.61848
test (20)	Coverage report (informational, not a gate)	2026-08-20T04:27:00.5475578Z   ...
test (20)	Coverage report (informational, not a gate)	2026-08-20T04:27:00.5476187Z # Subtest: every corpus tag appearing on 2+ entries must have a row in some band table (no band table may be deleted wholesale) (T-019)
test (20)	Coverage report (informational, not a gate)	2026-08-20T04:27:00.5477149Z ok 87 - every corpus tag appearing on 2+ entries must have a row in some band table (no band table may be deleted wholesale) (T-019)
test (20)	Coverage report (informational, not a gate)	2026-08-20T04:27:00.5477685Z   ---
test (20)	Coverage report (informational, not a gate)	2026-08-20T04:27:00.5477870Z   duration_ms: 0.566232
test (20)	Coverage report (informational, not a gate)	2026-08-20T04:27:00.5478076Z   ...
test (20)	Coverage report (informational, not a gate)	2026-08-20T04:27:00.5478773Z # Subtest: extractBandTablesFromReadme derives a band's row count purely from its table, ignoring decoy "N tags" phrases in the heading line (T-024b)
test (20)	Coverage report (informational, not a gate)	2026-08-20T04:27:00.5479884Z ok 88 - extractBandTablesFromReadme derives a band's row count purely from its table, ignoring decoy "N tags" phrases in the heading line (T-024b)
test (20)	Coverage report (informational, not a gate)	2026-08-20T04:27:00.5480868Z   ---
test (20)	Coverage report (informational, not a gate)	2026-08-20T04:27:00.5481203Z   duration_ms: 0.526367
test (20)	Coverage report (informational, not a gate)	2026-08-20T04:27:00.5481550Z   ...
test (20)	Coverage report (informational, not a gate)	2026-08-20T04:27:00.5482381Z # Subtest: README opening sentence must state correct multi-entry and single-entry tag counts
test (20)	Coverage report (informational, not a gate)	2026-08-20T04:27:00.5483099Z ok 89 - README opening sentence must state correct multi-entry and single-entry tag counts
test (20)	Coverage report (informational, not a gate)	2026-08-20T04:27:00.5483517Z   ---
test (20)	Coverage report (informational, not a gate)	2026-08-20T04:27:00.5483715Z   duration_ms: 0.577382
test (20)	Coverage report (informational, not a gate)	2026-08-20T04:27:00.5483931Z   ...
test (20)	Coverage report (informational, not a gate)	2026-08-20T04:27:00.5484989Z # Subtest: README Tag vocabulary section must contain no unrecognised count-claim digits (J-5)
test (20)	Coverage report (informational, not a gate)	2026-08-20T04:27:00.5485748Z ok 90 - README Tag vocabulary section must contain no unrecognised count-claim digits (J-5)
test (20)	Coverage report (informational, not a gate)	2026-08-20T04:27:00.5486177Z   ---
test (20)	Coverage report (informational, not a gate)	2026-08-20T04:27:00.5486377Z   duration_ms: 1.083652
test (20)	Coverage report (informational, not a gate)	2026-08-20T04:27:00.5486597Z   ...
test (20)	Coverage report (informational, not a gate)	2026-08-20T04:27:00.5487116Z # Subtest: README Attribution table "Entries ranked" count must match corpus.length and the triage doc (C1)
test (20)	Coverage report (informational, not a gate)	2026-08-20T04:27:00.5487939Z ok 91 - README Attribution table "Entries ranked" count must match corpus.length and the triage doc (C1)
test (20)	Coverage report (informational, not a gate)	2026-08-20T04:27:00.5488413Z   ---
test (20)	Coverage report (informational, not a gate)	2026-08-20T04:27:00.5488602Z   duration_ms: 1.756903
test (20)	Coverage report (informational, not a gate)	2026-08-20T04:27:00.5488808Z   ...
test (20)	Coverage report (informational, not a gate)	2026-08-20T04:27:00.5489263Z # Subtest: README Attribution table "Rated HIGH risk" count must match the triage doc table (C2)
test (20)	Coverage report (informational, not a gate)	2026-08-20T04:27:00.5489963Z ok 92 - README Attribution table "Rated HIGH risk" count must match the triage doc table (C2)
test (20)	Coverage report (informational, not a gate)	2026-08-20T04:27:00.5490386Z   ---
test (20)	Coverage report (informational, not a gate)	2026-08-20T04:27:00.5490579Z   duration_ms: 0.715501
test (20)	Coverage report (informational, not a gate)	2026-08-20T04:27:00.5490785Z   ...
test (20)	Coverage report (informational, not a gate)	2026-08-20T04:27:00.5491228Z # Subtest: README Attribution section must contain no digit runs outside the counts table (C7)
test (20)	Coverage report (informational, not a gate)	2026-08-20T04:27:00.5491911Z ok 93 - README Attribution section must contain no digit runs outside the counts table (C7)
test (20)	Coverage report (informational, not a gate)	2026-08-20T04:27:00.5492328Z   ---
test (20)	Coverage report (informational, not a gate)	2026-08-20T04:27:00.5492508Z   duration_ms: 0.434334
test (20)	Coverage report (informational, not a gate)	2026-08-20T04:27:00.5492714Z   ...
test (20)	Coverage report (informational, not a gate)	2026-08-20T04:27:00.5493039Z # Subtest: README Layout section paths must exist on disk (C6)
test (20)	Coverage report (informational, not a gate)	2026-08-20T04:27:00.5493492Z ok 94 - README Layout section paths must exist on disk (C6)
test (20)	Coverage report (informational, not a gate)	2026-08-20T04:27:00.5493799Z   ---
test (20)	Coverage report (informational, not a gate)	2026-08-20T04:27:00.5493983Z   duration_ms: 0.540334
test (20)	Coverage report (informational, not a gate)	2026-08-20T04:27:00.5494194Z   ...
test (20)	Coverage report (informational, not a gate)	2026-08-20T04:27:00.5494973Z # Subtest: getListBehaviourSection tolerates a reformatted "--list behaviour" heading with no backticks (T-021)
test (20)	Coverage report (informational, not a gate)	2026-08-20T04:27:00.5495836Z ok 95 - getListBehaviourSection tolerates a reformatted "--list behaviour" heading with no backticks (T-021)
test (20)	Coverage report (informational, not a gate)	2026-08-20T04:27:00.5496327Z   ---
test (20)	Coverage report (informational, not a gate)	2026-08-20T04:27:00.5496512Z   duration_ms: 0.564328
test (20)	Coverage report (informational, not a gate)	2026-08-20T04:27:00.5496727Z   ...
test (20)	Coverage report (informational, not a gate)	2026-08-20T04:27:00.5497451Z # Subtest: getListBehaviourSection still fails on a SEPARATOR MISMATCH (not a heading-parse error) when a reformatted heading's literal is mutated (T-021)
test (20)	Coverage report (informational, not a gate)	2026-08-20T04:27:00.5498618Z ok 96 - getListBehaviourSection still fails on a SEPARATOR MISMATCH (not a heading-parse error) when a reformatted heading's literal is mutated (T-021)
test (20)	Coverage report (informational, not a gate)	2026-08-20T04:27:00.5499380Z   ---
test (20)	Coverage report (informational, not a gate)	2026-08-20T04:27:00.5499564Z   duration_ms: 0.3466
test (20)	Coverage report (informational, not a gate)	2026-08-20T04:27:00.5499768Z   ...
test (20)	Coverage report (informational, not a gate)	2026-08-20T04:27:00.5500365Z # Subtest: getListBehaviourSection reports ambiguity loudly instead of taking the first of two qualifying headings (T-021)
test (20)	Coverage report (informational, not a gate)	2026-08-20T04:27:00.5501298Z ok 97 - getListBehaviourSection reports ambiguity loudly instead of taking the first of two qualifying headings (T-021)
test (20)	Coverage report (informational, not a gate)	2026-08-20T04:27:00.5501821Z   ---
test (20)	Coverage report (informational, not a gate)	2026-08-20T04:27:00.5502005Z   duration_ms: 1.102728
test (20)	Coverage report (informational, not a gate)	2026-08-20T04:27:00.5502214Z   ...
test (20)	Coverage report (informational, not a gate)	2026-08-20T04:27:00.5502722Z # Subtest: getListBehaviourSection does not let "--list-only" satisfy the standalone `--list` token (T-021)
test (20)	Coverage report (informational, not a gate)	2026-08-20T04:27:00.5503532Z ok 98 - getListBehaviourSection does not let "--list-only" satisfy the standalone `--list` token (T-021)
test (20)	Coverage report (informational, not a gate)	2026-08-20T04:27:00.5503995Z   ---
test (20)	Coverage report (informational, not a gate)	2026-08-20T04:27:00.5504185Z   duration_ms: 0.349605
test (20)	Coverage report (informational, not a gate)	2026-08-20T04:27:00.5504390Z   ...
test (20)	Coverage report (informational, not a gate)	2026-08-20T04:27:00.5505144Z # Subtest: getListBehaviourSection tolerates the American spelling "behavior" in the heading (T-027)
test (20)	Coverage report (informational, not a gate)	2026-08-20T04:27:00.5505940Z ok 99 - getListBehaviourSection tolerates the American spelling "behavior" in the heading (T-027)
test (20)	Coverage report (informational, not a gate)	2026-08-20T04:27:00.5506392Z   ---
test (20)	Coverage report (informational, not a gate)	2026-08-20T04:27:00.5506581Z   duration_ms: 0.62395
test (20)	Coverage report (informational, not a gate)	2026-08-20T04:27:00.5506789Z   ...
test (20)	Coverage report (informational, not a gate)	2026-08-20T04:27:00.5507455Z # Subtest: getListBehaviourSection still fails on a SEPARATOR MISMATCH (not a heading-parse error) under an American-spelled heading (T-027)
test (20)	Coverage report (informational, not a gate)	2026-08-20T04:27:00.5508524Z ok 100 - getListBehaviourSection still fails on a SEPARATOR MISMATCH (not a heading-parse error) under an American-spelled heading (T-027)
test (20)	Coverage report (informational, not a gate)	2026-08-20T04:27:00.5509246Z   ---
test (20)	Coverage report (informational, not a gate)	2026-08-20T04:27:00.5509432Z   duration_ms: 0.215383
test (20)	Coverage report (informational, not a gate)	2026-08-20T04:27:00.5509637Z   ...
test (20)	Coverage report (informational, not a gate)	2026-08-20T04:27:00.5510106Z # Subtest: README `--list` format literal matches the shipped binary's actual --list output (T-017)
test (20)	Coverage report (informational, not a gate)	2026-08-20T04:27:00.5510833Z ok 101 - README `--list` format literal matches the shipped binary's actual --list output (T-017)
test (20)	Coverage report (informational, not a gate)	2026-08-20T04:27:00.5511276Z   ---
test (20)	Coverage report (informational, not a gate)	2026-08-20T04:27:00.5511467Z   duration_ms: 46.657722
test (20)	Coverage report (informational, not a gate)	2026-08-20T04:27:00.5511683Z   ...
test (20)	Coverage report (informational, not a gate)	2026-08-20T04:27:00.5512190Z # Subtest: README `--author` matching section must state the correct count of distinct corpus authors (Q-8)
test (20)	Coverage report (informational, not a gate)	2026-08-20T04:27:00.5512975Z ok 102 - README `--author` matching section must state the correct count of distinct corpus authors (Q-8)
test (20)	Coverage report (informational, not a gate)	2026-08-20T04:27:00.5513439Z   ---
test (20)	Coverage report (informational, not a gate)	2026-08-20T04:27:00.5513630Z   duration_ms: 0.590888
test (20)	Coverage report (informational, not a gate)	2026-08-20T04:27:00.5513837Z   ...
test (20)	Coverage report (informational, not a gate)	2026-08-20T04:27:00.5514090Z # Subtest: corpus has at least 40 entries
test (20)	Coverage report (informational, not a gate)	2026-08-20T04:27:00.5514417Z ok 103 - corpus has at least 40 entries
test (20)	Coverage report (informational, not a gate)	2026-08-20T04:27:00.5514977Z   ---
test (20)	Coverage report (informational, not a gate)	2026-08-20T04:27:00.5515223Z   duration_ms: 2.15454
test (20)	Coverage report (informational, not a gate)	2026-08-20T04:27:00.5515442Z   ...
test (20)	Coverage report (informational, not a gate)	2026-08-20T04:27:00.5515868Z # Subtest: every corpus entry has non-empty text, non-empty author, and an array of tags
test (20)	Coverage report (informational, not a gate)	2026-08-20T04:27:00.5516514Z ok 104 - every corpus entry has non-empty text, non-empty author, and an array of tags
test (20)	Coverage report (informational, not a gate)	2026-08-20T04:27:00.5516916Z   ---
test (20)	Coverage report (informational, not a gate)	2026-08-20T04:27:00.5517102Z   duration_ms: 1.610319
test (20)	Coverage report (informational, not a gate)	2026-08-20T04:27:00.5517313Z   ...
test (20)	Coverage report (informational, not a gate)	2026-08-20T04:27:00.5517598Z # Subtest: filter: author match is case-insensitive
test (20)	Coverage report (informational, not a gate)	2026-08-20T04:27:00.5517990Z ok 105 - filter: author match is case-insensitive
test (20)	Coverage report (informational, not a gate)	2026-08-20T04:27:00.5518285Z   ---
test (20)	Coverage report (informational, not a gate)	2026-08-20T04:27:00.5518472Z   duration_ms: 1.321879
test (20)	Coverage report (informational, not a gate)	2026-08-20T04:27:00.5518680Z   ...
test (20)	Coverage report (informational, not a gate)	2026-08-20T04:27:00.5518947Z # Subtest: filter: tag match is case-insensitive
test (20)	Coverage report (informational, not a gate)	2026-08-20T04:27:00.5519328Z ok 106 - filter: tag match is case-insensitive
test (20)	Coverage report (informational, not a gate)	2026-08-20T04:27:00.5519609Z   ---
test (20)	Coverage report (informational, not a gate)	2026-08-20T04:27:00.5519792Z   duration_ms: 0.488125
test (20)	Coverage report (informational, not a gate)	2026-08-20T04:27:00.5520002Z   ...
test (20)	Coverage report (informational, not a gate)	2026-08-20T04:27:00.5520372Z # Subtest: filter: author and tag together narrow to the intersection (AND)
test (20)	Coverage report (informational, not a gate)	2026-08-20T04:27:00.5520923Z ok 107 - filter: author and tag together narrow to the intersection (AND)
test (20)	Coverage report (informational, not a gate)	2026-08-20T04:27:00.5521284Z   ---
test (20)	Coverage report (informational, not a gate)	2026-08-20T04:27:00.5521468Z   duration_ms: 0.484197
test (20)	Coverage report (informational, not a gate)	2026-08-20T04:27:00.5521834Z   ...
test (20)	Coverage report (informational, not a gate)	2026-08-20T04:27:00.5522149Z # Subtest: filter: undefined/absent options do not filter
test (20)	Coverage report (informational, not a gate)	2026-08-20T04:27:00.5522583Z ok 108 - filter: undefined/absent options do not filter
test (20)	Coverage report (informational, not a gate)	2026-08-20T04:27:00.5522888Z   ---
test (20)	Coverage report (informational, not a gate)	2026-08-20T04:27:00.5523076Z   duration_ms: 0.257863
test (20)	Coverage report (informational, not a gate)	2026-08-20T04:27:00.5523285Z   ...
test (20)	Coverage report (informational, not a gate)	2026-08-20T04:27:00.5523682Z # Subtest: pick: same seed over the same candidates always returns the same element
test (20)	Coverage report (informational, not a gate)	2026-08-20T04:27:00.5524272Z ok 109 - pick: same seed over the same candidates always returns the same element
test (20)	Coverage report (informational, not a gate)	2026-08-20T04:27:00.5524877Z   ---
test (20)	Coverage report (informational, not a gate)	2026-08-20T04:27:00.5525083Z   duration_ms: 0.498114
test (20)	Coverage report (informational, not a gate)	2026-08-20T04:27:00.5525292Z   ...
test (20)	Coverage report (informational, not a gate)	2026-08-20T04:27:00.5525647Z # Subtest: pick: different seeds generally produce different results
test (20)	Coverage report (informational, not a gate)	2026-08-20T04:27:00.5526155Z ok 110 - pick: different seeds generally produce different results
test (20)	Coverage report (informational, not a gate)	2026-08-20T04:27:00.5526485Z   ---
test (20)	Coverage report (informational, not a gate)	2026-08-20T04:27:00.5526671Z   duration_ms: 0.380113
test (20)	Coverage report (informational, not a gate)	2026-08-20T04:27:00.5526877Z   ...
test (20)	Coverage report (informational, not a gate)	2026-08-20T04:27:00.5527211Z # Subtest: pick: undefined seed picks a valid member (random mode)
test (20)	Coverage report (informational, not a gate)	2026-08-20T04:27:00.5527703Z ok 111 - pick: undefined seed picks a valid member (random mode)
test (20)	Coverage report (informational, not a gate)	2026-08-20T04:27:00.5528023Z   ---
test (20)	Coverage report (informational, not a gate)	2026-08-20T04:27:00.5528206Z   duration_ms: 0.201939
test (20)	Coverage report (informational, not a gate)	2026-08-20T04:27:00.5528410Z   ...
test (20)	Coverage report (informational, not a gate)	2026-08-20T04:27:00.5528799Z # Subtest: pick: null seed also triggers random mode and returns a valid member
test (20)	Coverage report (informational, not a gate)	2026-08-20T04:27:00.5529380Z ok 112 - pick: null seed also triggers random mode and returns a valid member
test (20)	Coverage report (informational, not a gate)	2026-08-20T04:27:00.5529748Z   ---
test (20)	Coverage report (informational, not a gate)	2026-08-20T04:27:00.5529932Z   duration_ms: 0.182963
test (20)	Coverage report (informational, not a gate)	2026-08-20T04:27:00.5530295Z   ...
test (20)	Coverage report (informational, not a gate)	2026-08-20T04:27:00.5530609Z # Subtest: pick: throws RangeError on empty candidates array
test (20)	Coverage report (informational, not a gate)	2026-08-20T04:27:00.5531064Z ok 113 - pick: throws RangeError on empty candidates array
test (20)	Coverage report (informational, not a gate)	2026-08-20T04:27:00.5531367Z   ---
test (20)	Coverage report (informational, not a gate)	2026-08-20T04:27:00.5531559Z   duration_ms: 0.65576
test (20)	Coverage report (informational, not a gate)	2026-08-20T04:27:00.5531764Z   ...
test (20)	Coverage report (informational, not a gate)	2026-08-20T04:27:00.5532129Z # Subtest: pick: Infinity seed is deterministic and returns a valid member
test (20)	Coverage report (informational, not a gate)	2026-08-20T04:27:00.5532672Z ok 114 - pick: Infinity seed is deterministic and returns a valid member
test (20)	Coverage report (informational, not a gate)	2026-08-20T04:27:00.5533019Z   ---
test (20)	Coverage report (informational, not a gate)	2026-08-20T04:27:00.5533206Z   duration_ms: 0.269305
test (20)	Coverage report (informational, not a gate)	2026-08-20T04:27:00.5533419Z   ...
test (20)	Coverage report (informational, not a gate)	2026-08-20T04:27:00.5533784Z # Subtest: pick: -Infinity seed is deterministic and returns a valid member
test (20)	Coverage report (informational, not a gate)	2026-08-20T04:27:00.5534331Z ok 115 - pick: -Infinity seed is deterministic and returns a valid member
test (20)	Coverage report (informational, not a gate)	2026-08-20T04:27:00.5534921Z   ---
test (20)	Coverage report (informational, not a gate)	2026-08-20T04:27:00.5535119Z   duration_ms: 0.285896
test (20)	Coverage report (informational, not a gate)	2026-08-20T04:27:00.5535325Z   ...
test (20)	Coverage report (informational, not a gate)	2026-08-20T04:27:00.5535723Z # Subtest: pick: NaN seed still uses the random branch and returns a valid member
test (20)	Coverage report (informational, not a gate)	2026-08-20T04:27:00.5536301Z ok 116 - pick: NaN seed still uses the random branch and returns a valid member
test (20)	Coverage report (informational, not a gate)	2026-08-20T04:27:00.5536662Z   ---
test (20)	Coverage report (informational, not a gate)	2026-08-20T04:27:00.5536852Z   duration_ms: 0.189595
test (20)	Coverage report (informational, not a gate)	2026-08-20T04:27:00.5537062Z   ...
test (20)	Coverage report (informational, not a gate)	2026-08-20T04:27:00.5537460Z # Subtest: pick: finite seed determinism is unchanged by the non-finite-seed fix
test (20)	Coverage report (informational, not a gate)	2026-08-20T04:27:00.5538053Z ok 117 - pick: finite seed determinism is unchanged by the non-finite-seed fix
test (20)	Coverage report (informational, not a gate)	2026-08-20T04:27:00.5538426Z   ---
test (20)	Coverage report (informational, not a gate)	2026-08-20T04:27:00.5538610Z   duration_ms: 1.5788
test (20)	Coverage report (informational, not a gate)	2026-08-20T04:27:00.5538814Z   ...
test (20)	Coverage report (informational, not a gate)	2026-08-20T04:27:00.5539144Z # Subtest: pick: every candidate is REACHABLE by an unseeded draw
test (20)	Coverage report (informational, not a gate)	2026-08-20T04:27:00.5539628Z ok 118 - pick: every candidate is REACHABLE by an unseeded draw
test (20)	Coverage report (informational, not a gate)	2026-08-20T04:27:00.5539951Z   ---
test (20)	Coverage report (informational, not a gate)	2026-08-20T04:27:00.5540135Z   duration_ms: 2.222196
test (20)	Coverage report (informational, not a gate)	2026-08-20T04:27:00.5540340Z   ...
test (20)	Coverage report (informational, not a gate)	2026-08-20T04:27:00.5540759Z # Subtest: pick: unseeded draws split the interval EQUALLY across candidates (uniform)
test (20)	Coverage report (informational, not a gate)	2026-08-20T04:27:00.5541399Z ok 119 - pick: unseeded draws split the interval EQUALLY across candidates (uniform)
test (20)	Coverage report (informational, not a gate)	2026-08-20T04:27:00.5541789Z   ---
test (20)	Coverage report (informational, not a gate)	2026-08-20T04:27:00.5541979Z   duration_ms: 2.456366
test (20)	Coverage report (informational, not a gate)	2026-08-20T04:27:00.5542188Z   ...
test (20)	Coverage report (informational, not a gate)	2026-08-20T04:27:00.5542617Z # Subtest: pick: single-element candidates always returns that element regardless of seed
test (20)	Coverage report (informational, not a gate)	2026-08-20T04:27:00.5543283Z ok 120 - pick: single-element candidates always returns that element regardless of seed
test (20)	Coverage report (informational, not a gate)	2026-08-20T04:27:00.5543819Z   ---
test (20)	Coverage report (informational, not a gate)	2026-08-20T04:27:00.5544003Z   duration_ms: 0.235611
test (20)	Coverage report (informational, not a gate)	2026-08-20T04:27:00.5544214Z   ...
test (20)	Coverage report (informational, not a gate)	2026-08-20T04:27:00.5544386Z 1..120
test (20)	Coverage report (informational, not a gate)	2026-08-20T04:27:00.5544823Z # tests 120
test (20)	Coverage report (informational, not a gate)	2026-08-20T04:27:00.5545029Z # suites 0
test (20)	Coverage report (informational, not a gate)	2026-08-20T04:27:00.5545215Z # pass 119
test (20)	Coverage report (informational, not a gate)	2026-08-20T04:27:00.5545397Z # fail 0
test (20)	Coverage report (informational, not a gate)	2026-08-20T04:27:00.5545585Z # cancelled 0
test (20)	Coverage report (informational, not a gate)	2026-08-20T04:27:00.5545787Z # skipped 1
test (20)	Coverage report (informational, not a gate)	2026-08-20T04:27:00.5545971Z # todo 0
test (20)	Coverage report (informational, not a gate)	2026-08-20T04:27:00.5546182Z # duration_ms 3833.245619
test (20)	Coverage report (informational, not a gate)	2026-08-20T04:27:00.5546445Z # start of coverage report
test (20)	Coverage report (informational, not a gate)	2026-08-20T04:27:00.5547075Z # -------------------------------------------------------------------------------------------------------------------------------------------------
test (20)	Coverage report (informational, not a gate)	2026-08-20T04:27:00.5547728Z # file                               | line % | branch % | funcs % | uncovered lines
test (20)	Coverage report (informational, not a gate)	2026-08-20T04:27:00.5548437Z # -------------------------------------------------------------------------------------------------------------------------------------------------
test (20)	Coverage report (informational, not a gate)	2026-08-20T04:27:00.5549066Z # bin/aphorism.js                    | 100.00 |    85.71 |  100.00 | 
test (20)	Coverage report (informational, not a gate)	2026-08-20T04:27:00.5549510Z # src/args.js                        | 100.00 |   100.00 |  100.00 | 
test (20)	Coverage report (informational, not a gate)	2026-08-20T04:27:00.5549936Z # src/corpus.js                      | 100.00 |   100.00 |  100.00 | 
test (20)	Coverage report (informational, not a gate)	2026-08-20T04:27:00.5550371Z # src/select.js                      | 100.00 |   100.00 |  100.00 | 
test (20)	Coverage report (informational, not a gate)	2026-08-20T04:27:00.5550813Z # test/args.test.js                  | 100.00 |   100.00 |  100.00 | 
test (20)	Coverage report (informational, not a gate)	2026-08-20T04:27:00.5551397Z # test/cli.test.js                   | 100.00 |   100.00 |  100.00 | 
test (20)	Coverage report (informational, not a gate)	2026-08-20T04:27:00.5552010Z # test/node-support-citation.test.js |  76.04 |    40.00 |  100.00 | 110-112 121-123 144-150 158-174 176-191
test (20)	Coverage report (informational, not a gate)	2026-08-20T04:27:00.5552637Z # test/pipe.test.js                  |  96.73 |    83.33 |  100.00 | 50-51 89-91 163-165
test (20)	Coverage report (informational, not a gate)	2026-08-20T04:27:00.5553375Z # test/readme-tags.test.js           |  98.71 |    86.81 |   96.15 | 125-126 146-147 156-157 531-532 534-535 549-552 1324-1325 1674-1675 1874-1884
test (20)	Coverage report (informational, not a gate)	2026-08-20T04:27:00.5554029Z # test/select.test.js                | 100.00 |    97.92 |  100.00 | 
test (20)	Coverage report (informational, not a gate)	2026-08-20T04:27:00.5554996Z # -------------------------------------------------------------------------------------------------------------------------------------------------
test (20)	Coverage report (informational, not a gate)	2026-08-20T04:27:00.5555612Z # all files                          |  98.09 |    91.30 |   98.63 |
test (20)	Coverage report (informational, not a gate)	2026-08-20T04:27:00.5556289Z # -------------------------------------------------------------------------------------------------------------------------------------------------
test (20)	Coverage report (informational, not a gate)	2026-08-20T04:27:00.5556804Z # end of coverage report
test (20)	Post Run actions/setup-node@v4	﻿2026-08-20T04:27:00.5654469Z Node 20 is being deprecated. This workflow is running with Node 24 by default. If you need to temporarily use Node 20, you can set the ACTIONS_ALLOW_USE_UNSECURE_NODE_VERSION=true environment variable. For more information see: https://github.blog/changelog/2025-09-19-deprecation-of-node-20-on-github-actions-runners/
test (20)	Post Run actions/setup-node@v4	2026-08-20T04:27:00.5655932Z Post job cleanup.
test (20)	Post Run actions/setup-node@v4	2026-08-20T04:27:00.6830767Z (node:4097) [DEP0040] DeprecationWarning: The `punycode` module is deprecated. Please use a userland alternative instead.
test (20)	Post Run actions/setup-node@v4	2026-08-20T04:27:00.6831713Z (Use `node --trace-deprecation ...` to show where the warning was created)
test (20)	Post Run actions/checkout@v4	﻿2026-08-20T04:27:00.7029128Z Node 20 is being deprecated. This workflow is running with Node 24 by default. If you need to temporarily use Node 20, you can set the ACTIONS_ALLOW_USE_UNSECURE_NODE_VERSION=true environment variable. For more information see: https://github.blog/changelog/2025-09-19-deprecation-of-node-20-on-github-actions-runners/
test (20)	Post Run actions/checkout@v4	2026-08-20T04:27:00.7030390Z Post job cleanup.
test (20)	Post Run actions/checkout@v4	2026-08-20T04:27:00.7901471Z [command]/usr/bin/git version
test (20)	Post Run actions/checkout@v4	2026-08-20T04:27:00.7980409Z git version 2.54.0
test (20)	Post Run actions/checkout@v4	2026-08-20T04:27:00.8027655Z Temporarily overriding HOME='/home/runner/work/_temp/89d3cbc1-b24f-4276-b4dd-a520f77af523' before making global git config changes
test (20)	Post Run actions/checkout@v4	2026-08-20T04:27:00.8029988Z Adding repository directory to the temporary git global config as a safe directory
test (20)	Post Run actions/checkout@v4	2026-08-20T04:27:00.8033765Z [command]/usr/bin/git config --global --add safe.directory /home/runner/work/aphorism-cli/aphorism-cli
test (20)	Post Run actions/checkout@v4	2026-08-20T04:27:00.8077296Z [command]/usr/bin/git config --local --name-only --get-regexp core\.sshCommand
test (20)	Post Run actions/checkout@v4	2026-08-20T04:27:00.8116177Z [command]/usr/bin/git submodule foreach --recursive sh -c "git config --local --name-only --get-regexp 'core\.sshCommand' && git config --local --unset-all 'core.sshCommand' || :"
test (20)	Post Run actions/checkout@v4	2026-08-20T04:27:00.8376265Z [command]/usr/bin/git config --local --name-only --get-regexp http\.https\:\/\/github\.com\/\.extraheader
test (20)	Post Run actions/checkout@v4	2026-08-20T04:27:00.8398359Z http.https://github.com/.extraheader
test (20)	Post Run actions/checkout@v4	2026-08-20T04:27:00.8415731Z [command]/usr/bin/git config --local --unset-all http.https://github.com/.extraheader
test (20)	Post Run actions/checkout@v4	2026-08-20T04:27:00.8453525Z [command]/usr/bin/git submodule foreach --recursive sh -c "git config --local --name-only --get-regexp 'http\.https\:\/\/github\.com\/\.extraheader' && git config --local --unset-all 'http.https://github.com/.extraheader' || :"
test (20)	Post Run actions/checkout@v4	2026-08-20T04:27:00.8742756Z [command]/usr/bin/git config --local --name-only --get-regexp ^includeIf\.gitdir:
test (20)	Post Run actions/checkout@v4	2026-08-20T04:27:00.8786806Z [command]/usr/bin/git submodule foreach --recursive git config --local --show-origin --name-only --get-regexp remote.origin.url
test (20)	Complete job	﻿2026-08-20T04:27:00.9234338Z Cleaning up orphan processes
test (20)	Complete job	2026-08-20T04:27:00.9559495Z ##[warning]Node.js 20 is deprecated. The following actions target Node.js 20 but are being forced to run on Node.js 24: actions/checkout@v4, actions/setup-node@v4. For more information see: https://github.blog/changelog/2025-09-19-deprecation-of-node-20-on-github-actions-runners/
