test (20)	Set up job	﻿2026-08-24T15:01:56.9656065Z Current runner version: '2.336.0'
test (20)	Set up job	2026-08-24T15:01:56.9705951Z ##[group]Runner Image Provisioner
test (20)	Set up job	2026-08-24T15:01:56.9707037Z Hosted Compute Agent
test (20)	Set up job	2026-08-24T15:01:56.9707644Z Version: 20260729.566
test (20)	Set up job	2026-08-24T15:01:56.9708322Z Commit: cf7153fe6e25b664e8693c24944bf2b00355d109
test (20)	Set up job	2026-08-24T15:01:56.9709120Z Build Date: 2026-07-29T19:17:02Z
test (20)	Set up job	2026-08-24T15:01:56.9709823Z Worker ID: {d37f0a4a-31af-4c17-bf65-657cd66078d1}
test (20)	Set up job	2026-08-24T15:01:56.9710865Z Azure Region: westus3
test (20)	Set up job	2026-08-24T15:01:56.9711516Z ##[endgroup]
test (20)	Set up job	2026-08-24T15:01:56.9713049Z ##[group]Operating System
test (20)	Set up job	2026-08-24T15:01:56.9713854Z Ubuntu
test (20)	Set up job	2026-08-24T15:01:56.9714419Z 24.04.4
test (20)	Set up job	2026-08-24T15:01:56.9714988Z LTS
test (20)	Set up job	2026-08-24T15:01:56.9715505Z ##[endgroup]
test (20)	Set up job	2026-08-24T15:01:56.9716036Z ##[group]Runner Image
test (20)	Set up job	2026-08-24T15:01:56.9716756Z Image: ubuntu-24.04
test (20)	Set up job	2026-08-24T15:01:56.9717424Z Version: 20260816.277.1
test (20)	Set up job	2026-08-24T15:01:56.9718933Z Included Software: https://github.com/actions/runner-images/blob/ubuntu24/20260816.277/images/ubuntu/Ubuntu2404-Readme.md
test (20)	Set up job	2026-08-24T15:01:56.9721054Z Image Release: https://github.com/actions/runner-images/releases/tag/ubuntu24%2F20260816.277
test (20)	Set up job	2026-08-24T15:01:56.9722250Z ##[endgroup]
test (20)	Set up job	2026-08-24T15:01:56.9723483Z ##[group]GITHUB_TOKEN Permissions
test (20)	Set up job	2026-08-24T15:01:56.9725640Z Contents: read
test (20)	Set up job	2026-08-24T15:01:56.9726283Z Metadata: read
test (20)	Set up job	2026-08-24T15:01:56.9726948Z Packages: read
test (20)	Set up job	2026-08-24T15:01:56.9727581Z ##[endgroup]
test (20)	Set up job	2026-08-24T15:01:56.9729654Z Secret source: Actions
test (20)	Set up job	2026-08-24T15:01:56.9731057Z Prepare workflow directory
test (20)	Set up job	2026-08-24T15:01:57.0138577Z Prepare all required actions
test (20)	Set up job	2026-08-24T15:01:57.0186908Z Getting action download info
test (20)	Set up job	2026-08-24T15:01:57.3416532Z Download action repository 'actions/checkout@v7' (SHA:3d3c42e5aac5ba805825da76410c181273ba90b1)
test (20)	Set up job	2026-08-24T15:01:57.5067412Z Download action repository 'actions/setup-node@v7' (SHA:820762786026740c76f36085b0efc47a31fe5020)
test (20)	Set up job	2026-08-24T15:01:57.7269472Z Complete job name: test (20)
test (20)	Run actions/checkout@v7	﻿2026-08-24T15:01:57.8078938Z ##[group]Run actions/checkout@v7
test (20)	Run actions/checkout@v7	2026-08-24T15:01:57.8079883Z with:
test (20)	Run actions/checkout@v7	2026-08-24T15:01:57.8080641Z   repository: trmnmc/aphorism-cli
test (20)	Run actions/checkout@v7	2026-08-24T15:01:57.8084644Z   token: ***
test (20)	Run actions/checkout@v7	2026-08-24T15:01:57.8085087Z   ssh-strict: true
test (20)	Run actions/checkout@v7	2026-08-24T15:01:57.8085521Z   ssh-user: git
test (20)	Run actions/checkout@v7	2026-08-24T15:01:57.8085968Z   persist-credentials: true
test (20)	Run actions/checkout@v7	2026-08-24T15:01:57.8086462Z   clean: true
test (20)	Run actions/checkout@v7	2026-08-24T15:01:57.8087233Z   sparse-checkout-cone-mode: true
test (20)	Run actions/checkout@v7	2026-08-24T15:01:57.8087774Z   fetch-depth: 1
test (20)	Run actions/checkout@v7	2026-08-24T15:01:57.8088204Z   fetch-tags: false
test (20)	Run actions/checkout@v7	2026-08-24T15:01:57.8088647Z   show-progress: true
test (20)	Run actions/checkout@v7	2026-08-24T15:01:57.8089088Z   lfs: false
test (20)	Run actions/checkout@v7	2026-08-24T15:01:57.8089496Z   submodules: false
test (20)	Run actions/checkout@v7	2026-08-24T15:01:57.8089941Z   set-safe-directory: true
test (20)	Run actions/checkout@v7	2026-08-24T15:01:57.8090660Z   allow-unsafe-pr-checkout: false
test (20)	Run actions/checkout@v7	2026-08-24T15:01:57.8091501Z ##[endgroup]
test (20)	Run actions/checkout@v7	2026-08-24T15:01:57.9107368Z Syncing repository: trmnmc/aphorism-cli
test (20)	Run actions/checkout@v7	2026-08-24T15:01:57.9110462Z ##[group]Getting Git version info
test (20)	Run actions/checkout@v7	2026-08-24T15:01:57.9111755Z Working directory is '/home/runner/work/aphorism-cli/aphorism-cli'
test (20)	Run actions/checkout@v7	2026-08-24T15:01:57.9113583Z [command]/usr/bin/git version
test (20)	Run actions/checkout@v7	2026-08-24T15:01:57.9179586Z git version 2.55.0
test (20)	Run actions/checkout@v7	2026-08-24T15:01:57.9203055Z ##[endgroup]
test (20)	Run actions/checkout@v7	2026-08-24T15:01:57.9214354Z Temporarily overriding HOME='/home/runner/work/_temp/d684691f-d335-40fb-93e4-44f39fe56480' before making global git config changes
test (20)	Run actions/checkout@v7	2026-08-24T15:01:57.9216876Z Adding repository directory to the temporary git global config as a safe directory
test (20)	Run actions/checkout@v7	2026-08-24T15:01:57.9221514Z [command]/usr/bin/git config --global --add safe.directory /home/runner/work/aphorism-cli/aphorism-cli
test (20)	Run actions/checkout@v7	2026-08-24T15:01:57.9272847Z Deleting the contents of '/home/runner/work/aphorism-cli/aphorism-cli'
test (20)	Run actions/checkout@v7	2026-08-24T15:01:57.9276421Z ##[group]Determining repository object format
test (20)	Run actions/checkout@v7	2026-08-24T15:01:57.9277999Z ##[endgroup]
test (20)	Run actions/checkout@v7	2026-08-24T15:01:57.9279260Z ##[group]Initializing the repository
test (20)	Run actions/checkout@v7	2026-08-24T15:01:57.9282798Z [command]/usr/bin/git init /home/runner/work/aphorism-cli/aphorism-cli
test (20)	Run actions/checkout@v7	2026-08-24T15:01:57.9377271Z hint: Using 'master' as the name for the initial branch. This default branch name
test (20)	Run actions/checkout@v7	2026-08-24T15:01:57.9379299Z hint: will change to "main" in Git 3.0. To configure the initial branch name
test (20)	Run actions/checkout@v7	2026-08-24T15:01:57.9381311Z hint: to use in all of your new repositories, which will suppress this warning,
test (20)	Run actions/checkout@v7	2026-08-24T15:01:57.9382292Z hint: call:
test (20)	Run actions/checkout@v7	2026-08-24T15:01:57.9382803Z hint:
test (20)	Run actions/checkout@v7	2026-08-24T15:01:57.9383471Z hint: 	git config --global init.defaultBranch <name>
test (20)	Run actions/checkout@v7	2026-08-24T15:01:57.9384233Z hint:
test (20)	Run actions/checkout@v7	2026-08-24T15:01:57.9384963Z hint: Names commonly chosen instead of 'master' are 'main', 'trunk' and
test (20)	Run actions/checkout@v7	2026-08-24T15:01:57.9386018Z hint: 'development'. The just-created branch can be renamed via this command:
test (20)	Run actions/checkout@v7	2026-08-24T15:01:57.9386895Z hint:
test (20)	Run actions/checkout@v7	2026-08-24T15:01:57.9387400Z hint: 	git branch -m <name>
test (20)	Run actions/checkout@v7	2026-08-24T15:01:57.9387998Z hint:
test (20)	Run actions/checkout@v7	2026-08-24T15:01:57.9388716Z hint: Disable this message with "git config set advice.defaultBranchName false"
test (20)	Run actions/checkout@v7	2026-08-24T15:01:57.9394362Z Initialized empty Git repository in /home/runner/work/aphorism-cli/aphorism-cli/.git/
test (20)	Run actions/checkout@v7	2026-08-24T15:01:57.9409122Z [command]/usr/bin/git remote add origin https://github.com/trmnmc/aphorism-cli
test (20)	Run actions/checkout@v7	2026-08-24T15:01:57.9461798Z ##[endgroup]
test (20)	Run actions/checkout@v7	2026-08-24T15:01:57.9465251Z ##[group]Disabling automatic garbage collection
test (20)	Run actions/checkout@v7	2026-08-24T15:01:57.9466423Z [command]/usr/bin/git config --local gc.auto 0
test (20)	Run actions/checkout@v7	2026-08-24T15:01:57.9498005Z ##[endgroup]
test (20)	Run actions/checkout@v7	2026-08-24T15:01:57.9499214Z ##[group]Setting up auth
test (20)	Run actions/checkout@v7	2026-08-24T15:01:57.9500093Z Removing SSH command configuration
test (20)	Run actions/checkout@v7	2026-08-24T15:01:57.9505815Z [command]/usr/bin/git config --local --name-only --get-regexp core\.sshCommand
test (20)	Run actions/checkout@v7	2026-08-24T15:01:57.9545620Z [command]/usr/bin/git submodule foreach --recursive sh -c "git config --local --name-only --get-regexp 'core\.sshCommand' && git config --local --unset-all 'core.sshCommand' || :"
test (20)	Run actions/checkout@v7	2026-08-24T15:01:57.9921597Z Removing HTTP extra header
test (20)	Run actions/checkout@v7	2026-08-24T15:01:57.9934992Z [command]/usr/bin/git config --local --name-only --get-regexp http\.https\:\/\/github\.com\/\.extraheader
test (20)	Run actions/checkout@v7	2026-08-24T15:01:57.9967819Z [command]/usr/bin/git submodule foreach --recursive sh -c "git config --local --name-only --get-regexp 'http\.https\:\/\/github\.com\/\.extraheader' && git config --local --unset-all 'http.https://github.com/.extraheader' || :"
test (20)	Run actions/checkout@v7	2026-08-24T15:01:58.0225089Z Removing includeIf entries pointing to credentials config files
test (20)	Run actions/checkout@v7	2026-08-24T15:01:58.0230663Z [command]/usr/bin/git config --local --name-only --get-regexp ^includeIf\.gitdir:
test (20)	Run actions/checkout@v7	2026-08-24T15:01:58.0275363Z [command]/usr/bin/git submodule foreach --recursive git config --local --show-origin --name-only --get-regexp remote.origin.url
test (20)	Run actions/checkout@v7	2026-08-24T15:01:58.0538128Z [command]/usr/bin/git config --file /home/runner/work/_temp/git-credentials-dbd25c2b-5435-4fe6-a6f6-45f34e61fa7f.config http.https://github.com/.extraheader AUTHORIZATION: basic ***
test (20)	Run actions/checkout@v7	2026-08-24T15:01:58.0583615Z [command]/usr/bin/git config --local includeIf.gitdir:/home/runner/work/aphorism-cli/aphorism-cli/.git.path /home/runner/work/_temp/git-credentials-dbd25c2b-5435-4fe6-a6f6-45f34e61fa7f.config
test (20)	Run actions/checkout@v7	2026-08-24T15:01:58.0618141Z [command]/usr/bin/git config --local includeIf.gitdir:/home/runner/work/aphorism-cli/aphorism-cli/.git/worktrees/*.path /home/runner/work/_temp/git-credentials-dbd25c2b-5435-4fe6-a6f6-45f34e61fa7f.config
test (20)	Run actions/checkout@v7	2026-08-24T15:01:58.0658126Z [command]/usr/bin/git config --local includeIf.gitdir:/github/workspace/.git.path /github/runner_temp/git-credentials-dbd25c2b-5435-4fe6-a6f6-45f34e61fa7f.config
test (20)	Run actions/checkout@v7	2026-08-24T15:01:58.0697086Z [command]/usr/bin/git config --local includeIf.gitdir:/github/workspace/.git/worktrees/*.path /github/runner_temp/git-credentials-dbd25c2b-5435-4fe6-a6f6-45f34e61fa7f.config
test (20)	Run actions/checkout@v7	2026-08-24T15:01:58.0726976Z ##[endgroup]
test (20)	Run actions/checkout@v7	2026-08-24T15:01:58.0728236Z ##[group]Fetching the repository
test (20)	Run actions/checkout@v7	2026-08-24T15:01:58.0733788Z [command]/usr/bin/git -c protocol.version=2 fetch --no-tags --prune --no-recurse-submodules --depth=1 origin +02f4668b70658d9d06ee562034e47bcd9ade55c5:refs/remotes/origin/master
test (20)	Run actions/checkout@v7	2026-08-24T15:01:59.7716605Z From https://github.com/trmnmc/aphorism-cli
test (20)	Run actions/checkout@v7	2026-08-24T15:01:59.7731779Z  * [new ref]         02f4668b70658d9d06ee562034e47bcd9ade55c5 -> origin/master
test (20)	Run actions/checkout@v7	2026-08-24T15:01:59.7735192Z [command]/usr/bin/git branch --list --remote origin/master
test (20)	Run actions/checkout@v7	2026-08-24T15:01:59.7762959Z   origin/master
test (20)	Run actions/checkout@v7	2026-08-24T15:01:59.7774607Z [command]/usr/bin/git rev-parse refs/remotes/origin/master
test (20)	Run actions/checkout@v7	2026-08-24T15:01:59.7804939Z 02f4668b70658d9d06ee562034e47bcd9ade55c5
test (20)	Run actions/checkout@v7	2026-08-24T15:01:59.7814019Z ##[endgroup]
test (20)	Run actions/checkout@v7	2026-08-24T15:01:59.7815340Z ##[group]Determining the checkout info
test (20)	Run actions/checkout@v7	2026-08-24T15:01:59.7816732Z ##[endgroup]
test (20)	Run actions/checkout@v7	2026-08-24T15:01:59.7817719Z [command]/usr/bin/git sparse-checkout disable
test (20)	Run actions/checkout@v7	2026-08-24T15:01:59.7874904Z [command]/usr/bin/git config --local --unset-all extensions.worktreeConfig
test (20)	Run actions/checkout@v7	2026-08-24T15:01:59.7913901Z ##[group]Checking out the ref
test (20)	Run actions/checkout@v7	2026-08-24T15:01:59.7918252Z [command]/usr/bin/git checkout --progress --force -B master refs/remotes/origin/master
test (20)	Run actions/checkout@v7	2026-08-24T15:01:59.8894505Z Reset branch 'master'
test (20)	Run actions/checkout@v7	2026-08-24T15:01:59.8910176Z branch 'master' set up to track 'origin/master'.
test (20)	Run actions/checkout@v7	2026-08-24T15:01:59.8922866Z ##[endgroup]
test (20)	Run actions/checkout@v7	2026-08-24T15:01:59.8972700Z [command]/usr/bin/git log -1 --format=%H
test (20)	Run actions/checkout@v7	2026-08-24T15:01:59.9002882Z 02f4668b70658d9d06ee562034e47bcd9ade55c5
test (20)	Run actions/setup-node@v7	﻿2026-08-24T15:01:59.9380787Z ##[group]Run actions/setup-node@v7
test (20)	Run actions/setup-node@v7	2026-08-24T15:01:59.9382078Z with:
test (20)	Run actions/setup-node@v7	2026-08-24T15:01:59.9383024Z   node-version: 20
test (20)	Run actions/setup-node@v7	2026-08-24T15:01:59.9384055Z   check-latest: false
test (20)	Run actions/setup-node@v7	2026-08-24T15:01:59.9393924Z   token: ***
test (20)	Run actions/setup-node@v7	2026-08-24T15:01:59.9394973Z   package-manager-cache: true
test (20)	Run actions/setup-node@v7	2026-08-24T15:01:59.9396120Z ##[endgroup]
test (20)	Run actions/setup-node@v7	2026-08-24T15:02:00.0676784Z Attempting to download 20...
test (20)	Run actions/setup-node@v7	2026-08-24T15:02:01.0880096Z Acquiring 20.20.2 - x64 from https://github.com/actions/node-versions/releases/download/20.20.2-23521894959/node-20.20.2-linux-x64.tar.gz
test (20)	Run actions/setup-node@v7	2026-08-24T15:02:01.6494474Z Extracting ...
test (20)	Run actions/setup-node@v7	2026-08-24T15:02:01.6640801Z [command]/usr/bin/tar xz --strip 1 --warning=no-unknown-keyword --overwrite -C /home/runner/work/_temp/27cb2e06-d6c8-421a-9d1b-9e5c9bb8afd7 -f /home/runner/work/_temp/91fb48fb-72bc-49a6-bee4-6563bf917e87
test (20)	Run actions/setup-node@v7	2026-08-24T15:02:02.7085360Z Adding to the cache ...
test (20)	Run actions/setup-node@v7	2026-08-24T15:02:04.6108999Z ##[group]Environment details
test (20)	Run actions/setup-node@v7	2026-08-24T15:02:04.8362338Z node: v20.20.2
test (20)	Run actions/setup-node@v7	2026-08-24T15:02:04.8362930Z npm: 10.8.2
test (20)	Run actions/setup-node@v7	2026-08-24T15:02:04.8363425Z yarn: 1.22.22
test (20)	Run actions/setup-node@v7	2026-08-24T15:02:04.8364043Z ##[endgroup]
test (20)	Assert the test glob matches at least one file	﻿2026-08-24T15:02:04.8556500Z ##[group]Run ls test/*.test.js
test (20)	Assert the test glob matches at least one file	2026-08-24T15:02:04.8556904Z [36;1mls test/*.test.js[0m
test (20)	Assert the test glob matches at least one file	2026-08-24T15:02:04.8601246Z shell: /usr/bin/bash -e {0}
test (20)	Assert the test glob matches at least one file	2026-08-24T15:02:04.8601556Z ##[endgroup]
test (20)	Assert the test glob matches at least one file	2026-08-24T15:02:04.8700559Z test/args.test.js
test (20)	Assert the test glob matches at least one file	2026-08-24T15:02:04.8700921Z test/cli.test.js
test (20)	Assert the test glob matches at least one file	2026-08-24T15:02:04.8701339Z test/node-support-citation.test.js
test (20)	Assert the test glob matches at least one file	2026-08-24T15:02:04.8701677Z test/pipe.test.js
test (20)	Assert the test glob matches at least one file	2026-08-24T15:02:04.8702036Z test/readme-matrix-consistency.test.js
test (20)	Assert the test glob matches at least one file	2026-08-24T15:02:04.8702383Z test/readme-tags.test.js
test (20)	Assert the test glob matches at least one file	2026-08-24T15:02:04.8702668Z test/select.test.js
test (20)	Run node --test test/*.test.js	﻿2026-08-24T15:02:04.8778661Z ##[group]Run node --test test/*.test.js
test (20)	Run node --test test/*.test.js	2026-08-24T15:02:04.8779034Z [36;1mnode --test test/*.test.js[0m
test (20)	Run node --test test/*.test.js	2026-08-24T15:02:04.8814062Z shell: /usr/bin/bash -e {0}
test (20)	Run node --test test/*.test.js	2026-08-24T15:02:04.8814348Z ##[endgroup]
test (20)	Run node --test test/*.test.js	2026-08-24T15:02:04.9291842Z TAP version 13
test (20)	Run node --test test/*.test.js	2026-08-24T15:02:04.9943214Z # Subtest: zero args: no error, no filters set
test (20)	Run node --test test/*.test.js	2026-08-24T15:02:04.9962498Z ok 1 - zero args: no error, no filters set
test (20)	Run node --test test/*.test.js	2026-08-24T15:02:04.9963479Z   ---
test (20)	Run node --test test/*.test.js	2026-08-24T15:02:04.9964518Z   duration_ms: 2.159278
test (20)	Run node --test test/*.test.js	2026-08-24T15:02:04.9981575Z   ...
test (20)	Run node --test test/*.test.js	2026-08-24T15:02:04.9988370Z # Subtest: --author <name> sets author string
test (20)	Run node --test test/*.test.js	2026-08-24T15:02:04.9989502Z ok 2 - --author <name> sets author string
test (20)	Run node --test test/*.test.js	2026-08-24T15:02:04.9990639Z   ---
test (20)	Run node --test test/*.test.js	2026-08-24T15:02:04.9991383Z   duration_ms: 0.263042
test (20)	Run node --test test/*.test.js	2026-08-24T15:02:04.9992143Z   ...
test (20)	Run node --test test/*.test.js	2026-08-24T15:02:04.9993126Z # Subtest: --author=<name> equals form sets author string
test (20)	Run node --test test/*.test.js	2026-08-24T15:02:04.9994299Z ok 3 - --author=<name> equals form sets author string
test (20)	Run node --test test/*.test.js	2026-08-24T15:02:04.9995165Z   ---
test (20)	Run node --test test/*.test.js	2026-08-24T15:02:04.9995763Z   duration_ms: 0.277749
test (20)	Run node --test test/*.test.js	2026-08-24T15:02:04.9996487Z   ...
test (20)	Run node --test test/*.test.js	2026-08-24T15:02:04.9997267Z # Subtest: --tag <tag> sets tag string
test (20)	Run node --test test/*.test.js	2026-08-24T15:02:05.0031075Z ok 4 - --tag <tag> sets tag string
test (20)	Run node --test test/*.test.js	2026-08-24T15:02:05.0071327Z   ---
test (20)	Run node --test test/*.test.js	2026-08-24T15:02:05.0073265Z   duration_ms: 0.225341
test (20)	Run node --test test/*.test.js	2026-08-24T15:02:05.0073694Z   ...
test (20)	Run node --test test/*.test.js	2026-08-24T15:02:05.0074257Z # Subtest: --tag=<tag> equals form sets tag string
test (20)	Run node --test test/*.test.js	2026-08-24T15:02:05.0075006Z ok 5 - --tag=<tag> equals form sets tag string
test (20)	Run node --test test/*.test.js	2026-08-24T15:02:05.0075539Z   ---
test (20)	Run node --test test/*.test.js	2026-08-24T15:02:05.0075909Z   duration_ms: 1.826535
test (20)	Run node --test test/*.test.js	2026-08-24T15:02:05.0076307Z   ...
test (20)	Run node --test test/*.test.js	2026-08-24T15:02:05.0076872Z # Subtest: combined --author X --tag Y sets both
test (20)	Run node --test test/*.test.js	2026-08-24T15:02:05.0077605Z ok 6 - combined --author X --tag Y sets both
test (20)	Run node --test test/*.test.js	2026-08-24T15:02:05.0078117Z   ---
test (20)	Run node --test test/*.test.js	2026-08-24T15:02:05.0078494Z   duration_ms: 0.246281
test (20)	Run node --test test/*.test.js	2026-08-24T15:02:05.0078885Z   ...
test (20)	Run node --test test/*.test.js	2026-08-24T15:02:05.0079370Z # Subtest: --seed <n> parses as a number
test (20)	Run node --test test/*.test.js	2026-08-24T15:02:05.0079982Z ok 7 - --seed <n> parses as a number
test (20)	Run node --test test/*.test.js	2026-08-24T15:02:05.0080757Z   ---
test (20)	Run node --test test/*.test.js	2026-08-24T15:02:05.0081121Z   duration_ms: 0.292557
test (20)	Run node --test test/*.test.js	2026-08-24T15:02:05.0081512Z   ...
test (20)	Run node --test test/*.test.js	2026-08-24T15:02:05.0082185Z # Subtest: --seed=<n> equals form parses as a number
test (20)	Run node --test test/*.test.js	2026-08-24T15:02:05.0088967Z ok 8 - --seed=<n> equals form parses as a number
test (20)	Run node --test test/*.test.js	2026-08-24T15:02:05.0089599Z   ---
test (20)	Run node --test test/*.test.js	2026-08-24T15:02:05.0089976Z   duration_ms: 0.250628
test (20)	Run node --test test/*.test.js	2026-08-24T15:02:05.0090687Z   ...
test (20)	Run node --test test/*.test.js	2026-08-24T15:02:05.0091311Z # Subtest: --seed <n> accepts a negative number
test (20)	Run node --test test/*.test.js	2026-08-24T15:02:05.0092063Z ok 9 - --seed <n> accepts a negative number
test (20)	Run node --test test/*.test.js	2026-08-24T15:02:05.0092565Z   ---
test (20)	Run node --test test/*.test.js	2026-08-24T15:02:05.0092924Z   duration_ms: 0.381003
test (20)	Run node --test test/*.test.js	2026-08-24T15:02:05.0093327Z   ...
test (20)	Run node --test test/*.test.js	2026-08-24T15:02:05.0093978Z # Subtest: --seed=<n> equals form accepts a negative number
test (20)	Run node --test test/*.test.js	2026-08-24T15:02:05.0095052Z ok 10 - --seed=<n> equals form accepts a negative number
test (20)	Run node --test test/*.test.js	2026-08-24T15:02:05.0095642Z   ---
test (20)	Run node --test test/*.test.js	2026-08-24T15:02:05.0096024Z   duration_ms: 0.367367
test (20)	Run node --test test/*.test.js	2026-08-24T15:02:05.0096408Z   ...
test (20)	Run node --test test/*.test.js	2026-08-24T15:02:05.0097060Z # Subtest: non-numeric --seed is a usage error
test (20)	Run node --test test/*.test.js	2026-08-24T15:02:05.0097859Z ok 11 - non-numeric --seed is a usage error
test (20)	Run node --test test/*.test.js	2026-08-24T15:02:05.0098384Z   ---
test (20)	Run node --test test/*.test.js	2026-08-24T15:02:05.0098749Z   duration_ms: 0.4813
test (20)	Run node --test test/*.test.js	2026-08-24T15:02:05.0099150Z   ...
test (20)	Run node --test test/*.test.js	2026-08-24T15:02:05.0099783Z # Subtest: non-numeric --seed= equals form is a usage error
test (20)	Run node --test test/*.test.js	2026-08-24T15:02:05.0100899Z ok 12 - non-numeric --seed= equals form is a usage error
test (20)	Run node --test test/*.test.js	2026-08-24T15:02:05.0101484Z   ---
test (20)	Run node --test test/*.test.js	2026-08-24T15:02:05.0101860Z   duration_ms: 0.285885
test (20)	Run node --test test/*.test.js	2026-08-24T15:02:05.0102246Z   ...
test (20)	Run node --test test/*.test.js	2026-08-24T15:02:05.0102717Z # Subtest: --list sets list: true
test (20)	Run node --test test/*.test.js	2026-08-24T15:02:05.0103291Z ok 13 - --list sets list: true
test (20)	Run node --test test/*.test.js	2026-08-24T15:02:05.0103750Z   ---
test (20)	Run node --test test/*.test.js	2026-08-24T15:02:05.0104105Z   duration_ms: 0.251941
test (20)	Run node --test test/*.test.js	2026-08-24T15:02:05.0104474Z   ...
test (20)	Run node --test test/*.test.js	2026-08-24T15:02:05.0104893Z # Subtest: --json sets json: true
test (20)	Run node --test test/*.test.js	2026-08-24T15:02:05.0105430Z ok 14 - --json sets json: true
test (20)	Run node --test test/*.test.js	2026-08-24T15:02:05.0105855Z   ---
test (20)	Run node --test test/*.test.js	2026-08-24T15:02:05.0106195Z   duration_ms: 0.28341
test (20)	Run node --test test/*.test.js	2026-08-24T15:02:05.0106579Z   ...
test (20)	Run node --test test/*.test.js	2026-08-24T15:02:05.0107017Z # Subtest: --help sets help: true
test (20)	Run node --test test/*.test.js	2026-08-24T15:02:05.0107971Z ok 15 - --help sets help: true
test (20)	Run node --test test/*.test.js	2026-08-24T15:02:05.0108420Z   ---
test (20)	Run node --test test/*.test.js	2026-08-24T15:02:05.0108778Z   duration_ms: 0.199994
test (20)	Run node --test test/*.test.js	2026-08-24T15:02:05.0109175Z   ...
test (20)	Run node --test test/*.test.js	2026-08-24T15:02:05.0109592Z # Subtest: -h sets help: true
test (20)	Run node --test test/*.test.js	2026-08-24T15:02:05.0110103Z ok 16 - -h sets help: true
test (20)	Run node --test test/*.test.js	2026-08-24T15:02:05.0118304Z   ---
test (20)	Run node --test test/*.test.js	2026-08-24T15:02:05.0118719Z   duration_ms: 0.200185
test (20)	Run node --test test/*.test.js	2026-08-24T15:02:05.0119125Z   ...
test (20)	Run node --test test/*.test.js	2026-08-24T15:02:05.0119631Z # Subtest: unknown flag is a usage error
test (20)	Run node --test test/*.test.js	2026-08-24T15:02:05.0120515Z ok 17 - unknown flag is a usage error
test (20)	Run node --test test/*.test.js	2026-08-24T15:02:05.0121026Z   ---
test (20)	Run node --test test/*.test.js	2026-08-24T15:02:05.0121400Z   duration_ms: 0.253915
test (20)	Run node --test test/*.test.js	2026-08-24T15:02:05.0121875Z   ...
test (20)	Run node --test test/*.test.js	2026-08-24T15:02:05.0122451Z # Subtest: unknown short flag is a usage error
test (20)	Run node --test test/*.test.js	2026-08-24T15:02:05.0123178Z ok 18 - unknown short flag is a usage error
test (20)	Run node --test test/*.test.js	2026-08-24T15:02:05.0123729Z   ---
test (20)	Run node --test test/*.test.js	2026-08-24T15:02:05.0124105Z   duration_ms: 0.264885
test (20)	Run node --test test/*.test.js	2026-08-24T15:02:05.0124528Z   ...
test (20)	Run node --test test/*.test.js	2026-08-24T15:02:05.0125271Z # Subtest: --author missing value at end of argv is a usage error
test (20)	Run node --test test/*.test.js	2026-08-24T15:02:05.0126237Z ok 19 - --author missing value at end of argv is a usage error
test (20)	Run node --test test/*.test.js	2026-08-24T15:02:05.0126851Z   ---
test (20)	Run node --test test/*.test.js	2026-08-24T15:02:05.0127230Z   duration_ms: 0.197409
test (20)	Run node --test test/*.test.js	2026-08-24T15:02:05.0128004Z   ...
test (20)	Run node --test test/*.test.js	2026-08-24T15:02:05.0128810Z # Subtest: --tag missing value because next token is another flag is a usage error
test (20)	Run node --test test/*.test.js	2026-08-24T15:02:05.0129953Z ok 20 - --tag missing value because next token is another flag is a usage error
test (20)	Run node --test test/*.test.js	2026-08-24T15:02:05.0130919Z   ---
test (20)	Run node --test test/*.test.js	2026-08-24T15:02:05.0131279Z   duration_ms: 0.250228
test (20)	Run node --test test/*.test.js	2026-08-24T15:02:05.0131674Z   ...
test (20)	Run node --test test/*.test.js	2026-08-24T15:02:05.0132304Z # Subtest: --seed missing value at end of argv is a usage error
test (20)	Run node --test test/*.test.js	2026-08-24T15:02:05.0133173Z ok 21 - --seed missing value at end of argv is a usage error
test (20)	Run node --test test/*.test.js	2026-08-24T15:02:05.0133748Z   ---
test (20)	Run node --test test/*.test.js	2026-08-24T15:02:05.0134097Z   duration_ms: 0.194043
test (20)	Run node --test test/*.test.js	2026-08-24T15:02:05.0134490Z   ...
test (20)	Run node --test test/*.test.js	2026-08-24T15:02:05.0135065Z # Subtest: --author= with empty value is a usage error
test (20)	Run node --test test/*.test.js	2026-08-24T15:02:05.0141111Z ok 22 - --author= with empty value is a usage error
test (20)	Run node --test test/*.test.js	2026-08-24T15:02:05.0141670Z   ---
test (20)	Run node --test test/*.test.js	2026-08-24T15:02:05.0142035Z   duration_ms: 0.185127
test (20)	Run node --test test/*.test.js	2026-08-24T15:02:05.0142422Z   ...
test (20)	Run node --test test/*.test.js	2026-08-24T15:02:05.0143122Z # Subtest: a bare positional argument (not a flag) is a usage error
test (20)	Run node --test test/*.test.js	2026-08-24T15:02:05.0144143Z ok 23 - a bare positional argument (not a flag) is a usage error
test (20)	Run node --test test/*.test.js	2026-08-24T15:02:05.0144767Z   ---
test (20)	Run node --test test/*.test.js	2026-08-24T15:02:05.0145124Z   duration_ms: 0.178534
test (20)	Run node --test test/*.test.js	2026-08-24T15:02:05.0145518Z   ...
test (20)	Run node --test test/*.test.js	2026-08-24T15:02:05.0146064Z # Subtest: parseArgs never throws on malformed input
test (20)	Run node --test test/*.test.js	2026-08-24T15:02:05.0146807Z ok 24 - parseArgs never throws on malformed input
test (20)	Run node --test test/*.test.js	2026-08-24T15:02:05.0147325Z   ---
test (20)	Run node --test test/*.test.js	2026-08-24T15:02:05.0147654Z   duration_ms: 1.521996
test (20)	Run node --test test/*.test.js	2026-08-24T15:02:05.0148018Z   ...
test (20)	Run node --test test/*.test.js	2026-08-24T15:02:05.0148580Z # Subtest: absent options are undefined/false, never null
test (20)	Run node --test test/*.test.js	2026-08-24T15:02:05.0149336Z ok 25 - absent options are undefined/false, never null
test (20)	Run node --test test/*.test.js	2026-08-24T15:02:05.0149840Z   ---
test (20)	Run node --test test/*.test.js	2026-08-24T15:02:05.0150164Z   duration_ms: 0.177291
test (20)	Run node --test test/*.test.js	2026-08-24T15:02:05.0150878Z   ...
test (20)	Run node --test test/*.test.js	2026-08-24T15:02:05.0151477Z # Subtest: HELP is a non-empty string mentioning every flag name
test (20)	Run node --test test/*.test.js	2026-08-24T15:02:05.0152351Z ok 26 - HELP is a non-empty string mentioning every flag name
test (20)	Run node --test test/*.test.js	2026-08-24T15:02:05.0152938Z   ---
test (20)	Run node --test test/*.test.js	2026-08-24T15:02:05.0153257Z   duration_ms: 0.186579
test (20)	Run node --test test/*.test.js	2026-08-24T15:02:05.0153613Z   ...
test (20)	Run node --test test/*.test.js	2026-08-24T15:02:05.0154203Z # Subtest: HELP fits comfortably on one 24-line terminal screen
test (20)	Run node --test test/*.test.js	2026-08-24T15:02:05.0155024Z ok 27 - HELP fits comfortably on one 24-line terminal screen
test (20)	Run node --test test/*.test.js	2026-08-24T15:02:05.0155553Z   ---
test (20)	Run node --test test/*.test.js	2026-08-24T15:02:05.0155879Z   duration_ms: 0.134903
test (20)	Run node --test test/*.test.js	2026-08-24T15:02:05.0156235Z   ...
test (20)	Run node --test test/*.test.js	2026-08-24T15:02:05.0157084Z # Subtest: --seed Infinity / --seed -Infinity parse to numbers, not a usage error
test (20)	Run node --test test/*.test.js	2026-08-24T15:02:05.0158154Z ok 28 - --seed Infinity / --seed -Infinity parse to numbers, not a usage error
test (20)	Run node --test test/*.test.js	2026-08-24T15:02:05.0180935Z   ---
test (20)	Run node --test test/*.test.js	2026-08-24T15:02:05.0181837Z   duration_ms: 0.202169
test (20)	Run node --test test/*.test.js	2026-08-24T15:02:05.0200561Z   ...
test (20)	Run node --test test/*.test.js	2026-08-24T15:02:07.8912315Z # Subtest: bare invocation prints one attributed aphorism and exits 0
test (20)	Run node --test test/*.test.js	2026-08-24T15:02:07.8941694Z ok 29 - bare invocation prints one attributed aphorism and exits 0
test (20)	Run node --test test/*.test.js	2026-08-24T15:02:07.8975088Z   ---
test (20)	Run node --test test/*.test.js	2026-08-24T15:02:07.8975736Z   duration_ms: 37.952055
test (20)	Run node --test test/*.test.js	2026-08-24T15:02:07.8976326Z   ...
test (20)	Run node --test test/*.test.js	2026-08-24T15:02:07.8977109Z # Subtest: --seed is deterministic across separate processes
test (20)	Run node --test test/*.test.js	2026-08-24T15:02:07.8978002Z ok 30 - --seed is deterministic across separate processes
test (20)	Run node --test test/*.test.js	2026-08-24T15:02:07.8978791Z   ---
test (20)	Run node --test test/*.test.js	2026-08-24T15:02:07.8979292Z   duration_ms: 91.900311
test (20)	Run node --test test/*.test.js	2026-08-24T15:02:07.8979877Z   ...
test (20)	Run node --test test/*.test.js	2026-08-24T15:02:07.8980959Z # Subtest: different seeds do not all collapse to one aphorism
test (20)	Run node --test test/*.test.js	2026-08-24T15:02:07.8982085Z ok 31 - different seeds do not all collapse to one aphorism
test (20)	Run node --test test/*.test.js	2026-08-24T15:02:07.8982894Z   ---
test (20)	Run node --test test/*.test.js	2026-08-24T15:02:07.8983356Z   duration_ms: 455.62712
test (20)	Run node --test test/*.test.js	2026-08-24T15:02:07.8983817Z   ...
test (20)	Run node --test test/*.test.js	2026-08-24T15:02:07.8984581Z # Subtest: --json emits a single-line JSON object with text/author/tags
test (20)	Run node --test test/*.test.js	2026-08-24T15:02:07.8985651Z ok 32 - --json emits a single-line JSON object with text/author/tags
test (20)	Run node --test test/*.test.js	2026-08-24T15:02:07.8986325Z   ---
test (20)	Run node --test test/*.test.js	2026-08-24T15:02:07.8986721Z   duration_ms: 41.379915
test (20)	Run node --test test/*.test.js	2026-08-24T15:02:07.8987159Z   ...
test (20)	Run node --test test/*.test.js	2026-08-24T15:02:07.8992947Z # Subtest: --list prints every entry in the filtered set
test (20)	Run node --test test/*.test.js	2026-08-24T15:02:07.8993772Z ok 33 - --list prints every entry in the filtered set
test (20)	Run node --test test/*.test.js	2026-08-24T15:02:07.8994317Z   ---
test (20)	Run node --test test/*.test.js	2026-08-24T15:02:07.8994663Z   duration_ms: 43.737363
test (20)	Run node --test test/*.test.js	2026-08-24T15:02:07.8995054Z   ...
test (20)	Run node --test test/*.test.js	2026-08-24T15:02:07.8995598Z # Subtest: --help prints usage to stdout and exits 0
test (20)	Run node --test test/*.test.js	2026-08-24T15:02:07.8996340Z ok 34 - --help prints usage to stdout and exits 0
test (20)	Run node --test test/*.test.js	2026-08-24T15:02:07.8996866Z   ---
test (20)	Run node --test test/*.test.js	2026-08-24T15:02:07.8997201Z   duration_ms: 32.986823
test (20)	Run node --test test/*.test.js	2026-08-24T15:02:07.8997677Z   ...
test (20)	Run node --test test/*.test.js	2026-08-24T15:02:07.8998297Z # Subtest: no match exits 1 with stderr only and zero bytes on stdout
test (20)	Run node --test test/*.test.js	2026-08-24T15:02:07.8999207Z ok 35 - no match exits 1 with stderr only and zero bytes on stdout
test (20)	Run node --test test/*.test.js	2026-08-24T15:02:07.8999796Z   ---
test (20)	Run node --test test/*.test.js	2026-08-24T15:02:07.9000160Z   duration_ms: 32.718968
test (20)	Run node --test test/*.test.js	2026-08-24T15:02:07.9001107Z   ...
test (20)	Run node --test test/*.test.js	2026-08-24T15:02:07.9001759Z # Subtest: unknown flag is a usage error, exit 2, stdout clean
test (20)	Run node --test test/*.test.js	2026-08-24T15:02:07.9002660Z ok 36 - unknown flag is a usage error, exit 2, stdout clean
test (20)	Run node --test test/*.test.js	2026-08-24T15:02:07.9003297Z   ---
test (20)	Run node --test test/*.test.js	2026-08-24T15:02:07.9003689Z   duration_ms: 30.927082
test (20)	Run node --test test/*.test.js	2026-08-24T15:02:07.9004111Z   ...
test (20)	Run node --test test/*.test.js	2026-08-24T15:02:07.9004669Z # Subtest: non-numeric seed is a usage error, exit 2
test (20)	Run node --test test/*.test.js	2026-08-24T15:02:07.9005445Z ok 37 - non-numeric seed is a usage error, exit 2
test (20)	Run node --test test/*.test.js	2026-08-24T15:02:07.9006002Z   ---
test (20)	Run node --test test/*.test.js	2026-08-24T15:02:07.9006394Z   duration_ms: 29.968246
test (20)	Run node --test test/*.test.js	2026-08-24T15:02:07.9006813Z   ...
test (20)	Run node --test test/*.test.js	2026-08-24T15:02:07.9007470Z # Subtest: author filter is case-insensitive and narrows the list
test (20)	Run node --test test/*.test.js	2026-08-24T15:02:07.9008469Z ok 38 - author filter is case-insensitive and narrows the list
test (20)	Run node --test test/*.test.js	2026-08-24T15:02:07.9009104Z   ---
test (20)	Run node --test test/*.test.js	2026-08-24T15:02:07.9009477Z   duration_ms: 59.773609
test (20)	Run node --test test/*.test.js	2026-08-24T15:02:07.9009896Z   ...
test (20)	Run node --test test/*.test.js	2026-08-24T15:02:07.9011172Z # Subtest: output is pipe-safe — no ANSI escapes when not a TTY
test (20)	Run node --test test/*.test.js	2026-08-24T15:02:07.9012280Z ok 39 - output is pipe-safe — no ANSI escapes when not a TTY
test (20)	Run node --test test/*.test.js	2026-08-24T15:02:07.9012934Z   ---
test (20)	Run node --test test/*.test.js	2026-08-24T15:02:07.9021380Z   duration_ms: 29.653237
test (20)	Run node --test test/*.test.js	2026-08-24T15:02:07.9022000Z   ...
test (20)	Run node --test test/*.test.js	2026-08-24T15:02:07.9022873Z # Subtest: --tag matches membership, not substring containment
test (20)	Run node --test test/*.test.js	2026-08-24T15:02:07.9024016Z ok 40 - --tag matches membership, not substring containment
test (20)	Run node --test test/*.test.js	2026-08-24T15:02:07.9024844Z   ---
test (20)	Run node --test test/*.test.js	2026-08-24T15:02:07.9025401Z   duration_ms: 73.977446
test (20)	Run node --test test/*.test.js	2026-08-24T15:02:07.9025973Z   ...
test (20)	Run node --test test/*.test.js	2026-08-24T15:02:07.9026813Z # Subtest: --list prints exactly one line per matching entry, no drops
test (20)	Run node --test test/*.test.js	2026-08-24T15:02:07.9027965Z ok 41 - --list prints exactly one line per matching entry, no drops
test (20)	Run node --test test/*.test.js	2026-08-24T15:02:07.9028795Z   ---
test (20)	Run node --test test/*.test.js	2026-08-24T15:02:07.9029367Z   duration_ms: 27.836232
test (20)	Run node --test test/*.test.js	2026-08-24T15:02:07.9029971Z   ...
test (20)	Run node --test test/*.test.js	2026-08-24T15:02:07.9031191Z # Subtest: --list preserves corpus order (first and last line match)
test (20)	Run node --test test/*.test.js	2026-08-24T15:02:07.9032351Z ok 42 - --list preserves corpus order (first and last line match)
test (20)	Run node --test test/*.test.js	2026-08-24T15:02:07.9033466Z   ---
test (20)	Run node --test test/*.test.js	2026-08-24T15:02:07.9034013Z   duration_ms: 29.405642
test (20)	Run node --test test/*.test.js	2026-08-24T15:02:07.9034607Z   ...
test (20)	Run node --test test/*.test.js	2026-08-24T15:02:07.9035419Z # Subtest: --json output is exactly one line, never pretty-printed
test (20)	Run node --test test/*.test.js	2026-08-24T15:02:07.9036532Z ok 43 - --json output is exactly one line, never pretty-printed
test (20)	Run node --test test/*.test.js	2026-08-24T15:02:07.9037330Z   ---
test (20)	Run node --test test/*.test.js	2026-08-24T15:02:07.9037881Z   duration_ms: 28.837104
test (20)	Run node --test test/*.test.js	2026-08-24T15:02:07.9038464Z   ...
test (20)	Run node --test test/*.test.js	2026-08-24T15:02:07.9039472Z # Subtest: --list --json emits newline-delimited JSON, one object per line, in corpus order
test (20)	Run node --test test/*.test.js	2026-08-24T15:02:07.9041202Z ok 44 - --list --json emits newline-delimited JSON, one object per line, in corpus order
test (20)	Run node --test test/*.test.js	2026-08-24T15:02:07.9042110Z   ---
test (20)	Run node --test test/*.test.js	2026-08-24T15:02:07.9042629Z   duration_ms: 33.306006
test (20)	Run node --test test/*.test.js	2026-08-24T15:02:07.9043201Z   ...
test (20)	Run node --test test/*.test.js	2026-08-24T15:02:07.9044371Z # Subtest: --json composes with --seed: the seeded JSON pick is reproducible AND is the same entry as the plain-text pick
test (20)	Run node --test test/*.test.js	2026-08-24T15:02:07.9061742Z ok 45 - --json composes with --seed: the seeded JSON pick is reproducible AND is the same entry as the plain-text pick
test (20)	Run node --test test/*.test.js	2026-08-24T15:02:07.9080824Z   ---
test (20)	Run node --test test/*.test.js	2026-08-24T15:02:07.9090149Z   duration_ms: 505.26615
test (20)	Run node --test test/*.test.js	2026-08-24T15:02:07.9100969Z   ...
test (20)	Run node --test test/*.test.js	2026-08-24T15:02:07.9111505Z # Subtest: --json composes with the filter flags: the JSON pick is always a member of the FILTERED set
test (20)	Run node --test test/*.test.js	2026-08-24T15:02:07.9141158Z ok 46 - --json composes with the filter flags: the JSON pick is always a member of the FILTERED set
test (20)	Run node --test test/*.test.js	2026-08-24T15:02:07.9143917Z   ---
test (20)	Run node --test test/*.test.js	2026-08-24T15:02:07.9144675Z   duration_ms: 684.384949
test (20)	Run node --test test/*.test.js	2026-08-24T15:02:07.9145096Z   ...
test (20)	Run node --test test/*.test.js	2026-08-24T15:02:07.9145785Z # Subtest: --list accepts a valid --seed and IGNORES it: output is byte-identical across seeds
test (20)	Run node --test test/*.test.js	2026-08-24T15:02:07.9146501Z ok 47 - --list accepts a valid --seed and IGNORES it: output is byte-identical across seeds
test (20)	Run node --test test/*.test.js	2026-08-24T15:02:07.9147199Z   ---
test (20)	Run node --test test/*.test.js	2026-08-24T15:02:07.9147535Z   duration_ms: 271.302712
test (20)	Run node --test test/*.test.js	2026-08-24T15:02:07.9147916Z   ...
test (20)	Run node --test test/*.test.js	2026-08-24T15:02:07.9148760Z # Subtest: --list --seed abc is a usage error, exit 2, stdout empty, stderr carries the diagnostic
test (20)	Run node --test test/*.test.js	2026-08-24T15:02:07.9149941Z ok 48 - --list --seed abc is a usage error, exit 2, stdout empty, stderr carries the diagnostic
test (20)	Run node --test test/*.test.js	2026-08-24T15:02:07.9150870Z   ---
test (20)	Run node --test test/*.test.js	2026-08-24T15:02:07.9151189Z   duration_ms: 26.411845
test (20)	Run node --test test/*.test.js	2026-08-24T15:02:07.9151531Z   ...
test (20)	Run node --test test/*.test.js	2026-08-24T15:02:07.9152369Z # Subtest: --seed abc --list (erroring flag BEFORE --list) is still a usage error, exit 2, stdout empty
test (20)	Run node --test test/*.test.js	2026-08-24T15:02:07.9153732Z ok 49 - --seed abc --list (erroring flag BEFORE --list) is still a usage error, exit 2, stdout empty
test (20)	Run node --test test/*.test.js	2026-08-24T15:02:07.9154492Z   ---
test (20)	Run node --test test/*.test.js	2026-08-24T15:02:07.9154818Z   duration_ms: 27.021437
test (20)	Run node --test test/*.test.js	2026-08-24T15:02:07.9155170Z   ...
test (20)	Run node --test test/*.test.js	2026-08-24T15:02:07.9155852Z # Subtest: --list --seed=  (empty seed value) is a usage error, exit 2, stdout empty
test (20)	Run node --test test/*.test.js	2026-08-24T15:02:07.9156511Z ok 50 - --list --seed=  (empty seed value) is a usage error, exit 2, stdout empty
test (20)	Run node --test test/*.test.js	2026-08-24T15:02:07.9156927Z   ---
test (20)	Run node --test test/*.test.js	2026-08-24T15:02:07.9157136Z   duration_ms: 26.418431
test (20)	Run node --test test/*.test.js	2026-08-24T15:02:07.9157360Z   ...
test (20)	Run node --test test/*.test.js	2026-08-24T15:02:07.9157843Z # Subtest: --list --seed "   " (whitespace-only seed value) is a usage error, exit 2, stdout empty
test (20)	Run node --test test/*.test.js	2026-08-24T15:02:07.9158597Z ok 51 - --list --seed "   " (whitespace-only seed value) is a usage error, exit 2, stdout empty
test (20)	Run node --test test/*.test.js	2026-08-24T15:02:07.9159028Z   ---
test (20)	Run node --test test/*.test.js	2026-08-24T15:02:07.9159228Z   duration_ms: 26.67127
test (20)	Run node --test test/*.test.js	2026-08-24T15:02:07.9159446Z   ...
test (20)	Run node --test test/*.test.js	2026-08-24T15:02:07.9160746Z # Subtest: --list --nosuchflag (unknown flag) is a usage error, exit 2, stdout empty — --list does not swallow it
test (20)	Run node --test test/*.test.js	2026-08-24T15:02:07.9161804Z ok 52 - --list --nosuchflag (unknown flag) is a usage error, exit 2, stdout empty — --list does not swallow it
test (20)	Run node --test test/*.test.js	2026-08-24T15:02:07.9162285Z   ---
test (20)	Run node --test test/*.test.js	2026-08-24T15:02:07.9162491Z   duration_ms: 25.831331
test (20)	Run node --test test/*.test.js	2026-08-24T15:02:07.9162711Z   ...
test (20)	Run node --test test/*.test.js	2026-08-24T15:02:07.9163215Z # Subtest: --nosuchflag --list (unknown flag BEFORE --list) is still a usage error, exit 2, stdout empty
test (20)	Run node --test test/*.test.js	2026-08-24T15:02:07.9164219Z ok 53 - --nosuchflag --list (unknown flag BEFORE --list) is still a usage error, exit 2, stdout empty
test (20)	Run node --test test/*.test.js	2026-08-24T15:02:07.9164670Z   ---
test (20)	Run node --test test/*.test.js	2026-08-24T15:02:07.9164872Z   duration_ms: 28.05571
test (20)	Run node --test test/*.test.js	2026-08-24T15:02:07.9165098Z   ...
test (20)	Run node --test test/*.test.js	2026-08-24T15:02:07.9165625Z # Subtest: plain single-pick output is TWO lines: text, newline, four-space indent, EM DASH, space, author
test (20)	Run node --test test/*.test.js	2026-08-24T15:02:07.9166409Z ok 54 - plain single-pick output is TWO lines: text, newline, four-space indent, EM DASH, space, author
test (20)	Run node --test test/*.test.js	2026-08-24T15:02:07.9166859Z   ---
test (20)	Run node --test test/*.test.js	2026-08-24T15:02:07.9167052Z   duration_ms: 29.440079
test (20)	Run node --test test/*.test.js	2026-08-24T15:02:07.9167315Z   ...
test (20)	Run node --test test/*.test.js	2026-08-24T15:02:07.9167804Z # Subtest: --seed Infinity and --seed -Infinity (typed as CLI strings) are accepted and deterministic
test (20)	Run node --test test/*.test.js	2026-08-24T15:02:07.9168548Z ok 55 - --seed Infinity and --seed -Infinity (typed as CLI strings) are accepted and deterministic
test (20)	Run node --test test/*.test.js	2026-08-24T15:02:07.9169002Z   ---
test (20)	Run node --test test/*.test.js	2026-08-24T15:02:07.9169206Z   duration_ms: 108.546958
test (20)	Run node --test test/*.test.js	2026-08-24T15:02:07.9169448Z   ...
test (20)	Run node --test test/*.test.js	2026-08-24T15:02:07.9169920Z # Subtest: --list with a filter that matches nothing is STILL exit 1, stderr only, stdout empty
test (20)	Run node --test test/*.test.js	2026-08-24T15:02:07.9170882Z ok 56 - --list with a filter that matches nothing is STILL exit 1, stderr only, stdout empty
test (20)	Run node --test test/*.test.js	2026-08-24T15:02:07.9171459Z   ---
test (20)	Run node --test test/*.test.js	2026-08-24T15:02:07.9171673Z   duration_ms: 55.619911
test (20)	Run node --test test/*.test.js	2026-08-24T15:02:07.9171898Z   ...
test (20)	Run node --test test/*.test.js	2026-08-24T15:02:07.9172510Z # Subtest: --tag "" (bare empty-string value) matches nothing: whole-tag equality against the literal "" is not a filter no-op
test (20)	Run node --test test/*.test.js	2026-08-24T15:02:07.9173451Z ok 57 - --tag "" (bare empty-string value) matches nothing: whole-tag equality against the literal "" is not a filter no-op
test (20)	Run node --test test/*.test.js	2026-08-24T15:02:07.9173981Z   ---
test (20)	Run node --test test/*.test.js	2026-08-24T15:02:07.9174186Z   duration_ms: 29.047806
test (20)	Run node --test test/*.test.js	2026-08-24T15:02:07.9174414Z   ...
test (20)	Run node --test test/*.test.js	2026-08-24T15:02:07.9178910Z # Subtest: README Node support citation: cited git diff must be empty (or the check must skip on a missing precondition)
test (20)	Run node --test test/*.test.js	2026-08-24T15:02:07.9181508Z ok 58 - README Node support citation: cited git diff must be empty (or the check must skip on a missing precondition) # SKIP cited base commit 7e50d6f is not reachable in this checkout (this is a shallow clone) -- cannot evaluate the README's Node support citation
test (20)	Run node --test test/*.test.js	2026-08-24T15:02:07.9182985Z   ---
test (20)	Run node --test test/*.test.js	2026-08-24T15:02:07.9183197Z   duration_ms: 17.491337
test (20)	Run node --test test/*.test.js	2026-08-24T15:02:07.9183428Z   ...
test (20)	Run node --test test/*.test.js	2026-08-24T15:02:07.9184680Z # Subtest: README Node support citation: base-to-working-tree diff must also be empty, so an uncommitted falsification is visible now (or the check must skip on a missing precondition)
test (20)	Run node --test test/*.test.js	2026-08-24T15:02:07.9186725Z ok 59 - README Node support citation: base-to-working-tree diff must also be empty, so an uncommitted falsification is visible now (or the check must skip on a missing precondition) # SKIP cited base commit 7e50d6f is not reachable in this checkout (this is a shallow clone) -- cannot evaluate the README's Node support citation
test (20)	Run node --test test/*.test.js	2026-08-24T15:02:07.9187914Z   ---
test (20)	Run node --test test/*.test.js	2026-08-24T15:02:07.9188118Z   duration_ms: 24.22608
test (20)	Run node --test test/*.test.js	2026-08-24T15:02:07.9188340Z   ...
test (20)	Run node --test test/*.test.js	2026-08-24T15:02:07.9188717Z # Subtest: --list | true: exits quietly, zero stderr, no crash banner
test (20)	Run node --test test/*.test.js	2026-08-24T15:02:07.9189228Z ok 60 - --list | true: exits quietly, zero stderr, no crash banner
test (20)	Run node --test test/*.test.js	2026-08-24T15:02:07.9191001Z   ---
test (20)	Run node --test test/*.test.js	2026-08-24T15:02:07.9191398Z   duration_ms: 36.766428
test (20)	Run node --test test/*.test.js	2026-08-24T15:02:07.9191722Z   ...
test (20)	Run node --test test/*.test.js	2026-08-24T15:02:07.9192296Z # Subtest: | true (no --list, single aphorism): exits quietly, zero stderr
test (20)	Run node --test test/*.test.js	2026-08-24T15:02:07.9193134Z ok 61 - | true (no --list, single aphorism): exits quietly, zero stderr
test (20)	Run node --test test/*.test.js	2026-08-24T15:02:07.9193562Z   ---
test (20)	Run node --test test/*.test.js	2026-08-24T15:02:07.9193904Z   duration_ms: 30.283107
test (20)	Run node --test test/*.test.js	2026-08-24T15:02:07.9194198Z   ...
test (20)	Run node --test test/*.test.js	2026-08-24T15:02:07.9194683Z # Subtest: --list | head -0: exits quietly, zero stderr, no crash banner
test (20)	Run node --test test/*.test.js	2026-08-24T15:02:07.9195430Z ok 62 - --list | head -0: exits quietly, zero stderr, no crash banner
test (20)	Run node --test test/*.test.js	2026-08-24T15:02:07.9195883Z   ---
test (20)	Run node --test test/*.test.js	2026-08-24T15:02:07.9196174Z   duration_ms: 50.776165
test (20)	Run node --test test/*.test.js	2026-08-24T15:02:07.9196509Z   ...
test (20)	Run node --test test/*.test.js	2026-08-24T15:02:07.9197006Z # Subtest: --list | /nonexistent-cmd-xyz: no crash banner from the CLI itself
test (20)	Run node --test test/*.test.js	2026-08-24T15:02:07.9198024Z ok 63 - --list | /nonexistent-cmd-xyz: no crash banner from the CLI itself
test (20)	Run node --test test/*.test.js	2026-08-24T15:02:07.9198513Z   ---
test (20)	Run node --test test/*.test.js	2026-08-24T15:02:07.9198821Z   duration_ms: 45.287652
test (20)	Run node --test test/*.test.js	2026-08-24T15:02:07.9199151Z   ...
test (20)	Run node --test test/*.test.js	2026-08-24T15:02:07.9199750Z # Subtest: non-EPIPE stdout write failure: reported, not silent, not exit 1, no stack trace
test (20)	Run node --test test/*.test.js	2026-08-24T15:02:07.9201798Z ok 64 - non-EPIPE stdout write failure: reported, not silent, not exit 1, no stack trace
test (20)	Run node --test test/*.test.js	2026-08-24T15:02:07.9202563Z   ---
test (20)	Run node --test test/*.test.js	2026-08-24T15:02:07.9202951Z   duration_ms: 45.344488
test (20)	Run node --test test/*.test.js	2026-08-24T15:02:07.9203358Z   ...
test (20)	Run node --test test/*.test.js	2026-08-24T15:02:07.9204173Z # Subtest: usage error survives a closed stderr reader: still exits 2, not clobbered to 1
test (20)	Run node --test test/*.test.js	2026-08-24T15:02:07.9205376Z ok 65 - usage error survives a closed stderr reader: still exits 2, not clobbered to 1
test (20)	Run node --test test/*.test.js	2026-08-24T15:02:07.9206106Z   ---
test (20)	Run node --test test/*.test.js	2026-08-24T15:02:07.9206460Z   duration_ms: 134.16055
test (20)	Run node --test test/*.test.js	2026-08-24T15:02:07.9206853Z   ...
test (20)	Run node --test test/*.test.js	2026-08-24T15:02:07.9207703Z # Subtest: no-match exit code survives a closed stderr reader: still exits 1, not misreported
test (20)	Run node --test test/*.test.js	2026-08-24T15:02:07.9208952Z ok 66 - no-match exit code survives a closed stderr reader: still exits 1, not misreported
test (20)	Run node --test test/*.test.js	2026-08-24T15:02:07.9209962Z   ---
test (20)	Run node --test test/*.test.js	2026-08-24T15:02:07.9210645Z   duration_ms: 127.236816
test (20)	Run node --test test/*.test.js	2026-08-24T15:02:07.9211064Z   ...
test (20)	Run node --test test/*.test.js	2026-08-24T15:02:07.9211941Z # Subtest: non-EPIPE stderr write failure: not silent, not the earned exit code, no stack trace
test (20)	Run node --test test/*.test.js	2026-08-24T15:02:07.9213269Z ok 67 - non-EPIPE stderr write failure: not silent, not the earned exit code, no stack trace
test (20)	Run node --test test/*.test.js	2026-08-24T15:02:07.9214010Z   ---
test (20)	Run node --test test/*.test.js	2026-08-24T15:02:07.9214338Z   duration_ms: 31.88489
test (20)	Run node --test test/*.test.js	2026-08-24T15:02:07.9214698Z   ...
test (20)	Run node --test test/*.test.js	2026-08-24T15:02:07.9215263Z # Subtest: control: --list | head -1 stays completely clean
test (20)	Run node --test test/*.test.js	2026-08-24T15:02:07.9216060Z ok 68 - control: --list | head -1 stays completely clean
test (20)	Run node --test test/*.test.js	2026-08-24T15:02:07.9216622Z   ---
test (20)	Run node --test test/*.test.js	2026-08-24T15:02:07.9216958Z   duration_ms: 30.818899
test (20)	Run node --test test/*.test.js	2026-08-24T15:02:07.9217333Z   ...
test (20)	Run node --test test/*.test.js	2026-08-24T15:02:07.9217929Z # Subtest: control: --list | head -5 stays completely clean
test (20)	Run node --test test/*.test.js	2026-08-24T15:02:07.9218718Z ok 69 - control: --list | head -5 stays completely clean
test (20)	Run node --test test/*.test.js	2026-08-24T15:02:07.9219248Z   ---
test (20)	Run node --test test/*.test.js	2026-08-24T15:02:07.9219594Z   duration_ms: 32.679254
test (20)	Run node --test test/*.test.js	2026-08-24T15:02:07.9219974Z   ...
test (20)	Run node --test test/*.test.js	2026-08-24T15:02:07.9220892Z # Subtest: control: --list | sed 1q stays completely clean
test (20)	Run node --test test/*.test.js	2026-08-24T15:02:07.9221678Z ok 70 - control: --list | sed 1q stays completely clean
test (20)	Run node --test test/*.test.js	2026-08-24T15:02:07.9222208Z   ---
test (20)	Run node --test test/*.test.js	2026-08-24T15:02:07.9222541Z   duration_ms: 36.791597
test (20)	Run node --test test/*.test.js	2026-08-24T15:02:07.9222917Z   ...
test (20)	Run node --test test/*.test.js	2026-08-24T15:02:07.9223544Z # Subtest: control: --list | grep -q . stays completely clean
test (20)	Run node --test test/*.test.js	2026-08-24T15:02:07.9224386Z ok 71 - control: --list | grep -q . stays completely clean
test (20)	Run node --test test/*.test.js	2026-08-24T15:02:07.9224937Z   ---
test (20)	Run node --test test/*.test.js	2026-08-24T15:02:07.9225282Z   duration_ms: 31.109809
test (20)	Run node --test test/*.test.js	2026-08-24T15:02:07.9225658Z   ...
test (20)	Run node --test test/*.test.js	2026-08-24T15:02:07.9226158Z # Subtest: control: | wc -l stays completely clean
test (20)	Run node --test test/*.test.js	2026-08-24T15:02:07.9226867Z ok 72 - control: | wc -l stays completely clean
test (20)	Run node --test test/*.test.js	2026-08-24T15:02:07.9227376Z   ---
test (20)	Run node --test test/*.test.js	2026-08-24T15:02:07.9227706Z   duration_ms: 29.086638
test (20)	Run node --test test/*.test.js	2026-08-24T15:02:07.9228078Z   ...
test (20)	Run node --test test/*.test.js	2026-08-24T15:02:07.9228690Z # Subtest: control: --list --json | head -2 stays completely clean
test (20)	Run node --test test/*.test.js	2026-08-24T15:02:07.9229577Z ok 73 - control: --list --json | head -2 stays completely clean
test (20)	Run node --test test/*.test.js	2026-08-24T15:02:07.9230156Z   ---
test (20)	Run node --test test/*.test.js	2026-08-24T15:02:07.9230809Z   duration_ms: 31.047476
test (20)	Run node --test test/*.test.js	2026-08-24T15:02:07.9231200Z   ...
test (20)	Run node --test test/*.test.js	2026-08-24T15:02:07.9231893Z # Subtest: control: exit 1 / exit 2 stderr messages and codes are unchanged
test (20)	Run node --test test/*.test.js	2026-08-24T15:02:07.9232870Z ok 74 - control: exit 1 / exit 2 stderr messages and codes are unchanged
test (20)	Run node --test test/*.test.js	2026-08-24T15:02:07.9233552Z   ---
test (20)	Run node --test test/*.test.js	2026-08-24T15:02:07.9233896Z   duration_ms: 58.184537
test (20)	Run node --test test/*.test.js	2026-08-24T15:02:07.9234274Z   ...
test (20)	Run node --test test/*.test.js	2026-08-24T15:02:07.9235027Z # Subtest: control: a normal (non-full) stdout target still exits 0 with empty stderr
test (20)	Run node --test test/*.test.js	2026-08-24T15:02:07.9236134Z ok 75 - control: a normal (non-full) stdout target still exits 0 with empty stderr
test (20)	Run node --test test/*.test.js	2026-08-24T15:02:07.9237057Z   ---
test (20)	Run node --test test/*.test.js	2026-08-24T15:02:07.9237388Z   duration_ms: 56.542635
test (20)	Run node --test test/*.test.js	2026-08-24T15:02:07.9237795Z   ...
test (20)	Run node --test test/*.test.js	2026-08-24T15:02:07.9238483Z # Subtest: README Node support matrix: table must be present and non-empty
test (20)	Run node --test test/*.test.js	2026-08-24T15:02:07.9239508Z ok 76 - README Node support matrix: table must be present and non-empty
test (20)	Run node --test test/*.test.js	2026-08-24T15:02:07.9240127Z   ---
test (20)	Run node --test test/*.test.js	2026-08-24T15:02:07.9240714Z   duration_ms: 2.425586
test (20)	Run node --test test/*.test.js	2026-08-24T15:02:07.9241091Z   ...
test (20)	Run node --test test/*.test.js	2026-08-24T15:02:07.9242019Z # Subtest: README Node support matrix: each row's own arithmetic must hold (tests = pass + fail + skipped)
test (20)	Run node --test test/*.test.js	2026-08-24T15:02:07.9243502Z ok 77 - README Node support matrix: each row's own arithmetic must hold (tests = pass + fail + skipped)
test (20)	Run node --test test/*.test.js	2026-08-24T15:02:07.9244315Z   ---
test (20)	Run node --test test/*.test.js	2026-08-24T15:02:07.9244651Z   duration_ms: 0.500035
test (20)	Run node --test test/*.test.js	2026-08-24T15:02:07.9245024Z   ...
test (20)	Run node --test test/*.test.js	2026-08-24T15:02:07.9245709Z # Subtest: README Node support matrix: all rows must agree with each other
test (20)	Run node --test test/*.test.js	2026-08-24T15:02:07.9246697Z ok 78 - README Node support matrix: all rows must agree with each other
test (20)	Run node --test test/*.test.js	2026-08-24T15:02:07.9247328Z   ---
test (20)	Run node --test test/*.test.js	2026-08-24T15:02:07.9247668Z   duration_ms: 0.439803
test (20)	Run node --test test/*.test.js	2026-08-24T15:02:07.9248041Z   ...
test (20)	Run node --test test/*.test.js	2026-08-24T15:02:07.9248990Z # Subtest: README Node support matrix: cited Actions run id must match between the link text and the link URL
test (20)	Run node --test test/*.test.js	2026-08-24T15:02:07.9251502Z ok 79 - README Node support matrix: cited Actions run id must match between the link text and the link URL
test (20)	Run node --test test/*.test.js	2026-08-24T15:02:07.9252380Z   ---
test (20)	Run node --test test/*.test.js	2026-08-24T15:02:07.9252741Z   duration_ms: 0.415987
test (20)	Run node --test test/*.test.js	2026-08-24T15:02:07.9253150Z   ...
test (20)	Run node --test test/*.test.js	2026-08-24T15:02:07.9254217Z # Subtest: README Node support matrix: cited commit must match between the prose and the falsification-condition command
test (20)	Run node --test test/*.test.js	2026-08-24T15:02:07.9258321Z ok 80 - README Node support matrix: cited commit must match between the prose and the falsification-condition command
test (20)	Run node --test test/*.test.js	2026-08-24T15:02:07.9259269Z   ---
test (20)	Run node --test test/*.test.js	2026-08-24T15:02:07.9259620Z   duration_ms: 0.542354
test (20)	Run node --test test/*.test.js	2026-08-24T15:02:07.9260004Z   ...
test (20)	Run node --test test/*.test.js	2026-08-24T15:02:07.9260716Z # Subtest: README tags must exist in corpus
test (20)	Run node --test test/*.test.js	2026-08-24T15:02:07.9261371Z ok 81 - README tags must exist in corpus
test (20)	Run node --test test/*.test.js	2026-08-24T15:02:07.9261859Z   ---
test (20)	Run node --test test/*.test.js	2026-08-24T15:02:07.9262105Z   duration_ms: 2.416469
test (20)	Run node --test test/*.test.js	2026-08-24T15:02:07.9262336Z   ...
test (20)	Run node --test test/*.test.js	2026-08-24T15:02:07.9262635Z # Subtest: README tag counts must match corpus
test (20)	Run node --test test/*.test.js	2026-08-24T15:02:07.9263214Z ok 82 - README tag counts must match corpus
test (20)	Run node --test test/*.test.js	2026-08-24T15:02:07.9263721Z   ---
test (20)	Run node --test test/*.test.js	2026-08-24T15:02:07.9264070Z   duration_ms: 1.528719
test (20)	Run node --test test/*.test.js	2026-08-24T15:02:07.9264451Z   ...
test (20)	Run node --test test/*.test.js	2026-08-24T15:02:07.9265018Z # Subtest: README must state total unique tags correctly
test (20)	Run node --test test/*.test.js	2026-08-24T15:02:07.9265825Z ok 83 - README must state total unique tags correctly
test (20)	Run node --test test/*.test.js	2026-08-24T15:02:07.9266397Z   ---
test (20)	Run node --test test/*.test.js	2026-08-24T15:02:07.9266756Z   duration_ms: 1.244127
test (20)	Run node --test test/*.test.js	2026-08-24T15:02:07.9267146Z   ...
test (20)	Run node --test test/*.test.js	2026-08-24T15:02:07.9267676Z # Subtest: README must list all single-entry tags
test (20)	Run node --test test/*.test.js	2026-08-24T15:02:07.9268373Z ok 84 - README must list all single-entry tags
test (20)	Run node --test test/*.test.js	2026-08-24T15:02:07.9268872Z   ---
test (20)	Run node --test test/*.test.js	2026-08-24T15:02:07.9269207Z   duration_ms: 0.430195
test (20)	Run node --test test/*.test.js	2026-08-24T15:02:07.9269604Z   ...
test (20)	Run node --test test/*.test.js	2026-08-24T15:02:07.9271070Z # Subtest: assertTagVocabCountsTableWellFormed fails loud on a DUPLICATED row label, whichever order the rows appear in (Q-4)
test (20)	Run node --test test/*.test.js	2026-08-24T15:02:07.9272955Z ok 85 - assertTagVocabCountsTableWellFormed fails loud on a DUPLICATED row label, whichever order the rows appear in (Q-4)
test (20)	Run node --test test/*.test.js	2026-08-24T15:02:07.9274060Z   ---
test (20)	Run node --test test/*.test.js	2026-08-24T15:02:07.9274405Z   duration_ms: 1.881017
test (20)	Run node --test test/*.test.js	2026-08-24T15:02:07.9274792Z   ...
test (20)	Run node --test test/*.test.js	2026-08-24T15:02:07.9275792Z # Subtest: assertTagVocabCountsTableWellFormed fails loud on a row label no guard in this file reads (Q-4)
test (20)	Run node --test test/*.test.js	2026-08-24T15:02:07.9277379Z ok 86 - assertTagVocabCountsTableWellFormed fails loud on a row label no guard in this file reads (Q-4)
test (20)	Run node --test test/*.test.js	2026-08-24T15:02:07.9278294Z   ---
test (20)	Run node --test test/*.test.js	2026-08-24T15:02:07.9278658Z   duration_ms: 1.692735
test (20)	Run node --test test/*.test.js	2026-08-24T15:02:07.9279052Z   ...
test (20)	Run node --test test/*.test.js	2026-08-24T15:02:07.9280704Z # Subtest: parseTagVocabCountsTable returns null when the counts table is missing or malformed, and both readers fail loud on that null (Q-4)
test (20)	Run node --test test/*.test.js	2026-08-24T15:02:07.9282250Z ok 87 - parseTagVocabCountsTable returns null when the counts table is missing or malformed, and both readers fail loud on that null (Q-4)
test (20)	Run node --test test/*.test.js	2026-08-24T15:02:07.9308084Z   ---
test (20)	Run node --test test/*.test.js	2026-08-24T15:02:07.9308487Z   duration_ms: 0.819211
test (20)	Run node --test test/*.test.js	2026-08-24T15:02:07.9308882Z   ...
test (20)	Run node --test test/*.test.js	2026-08-24T15:02:07.9309884Z # Subtest: readTagVocabCount fails loud when a row value is not a plain integer, or when its row is absent (Q-4)
test (20)	Run node --test test/*.test.js	2026-08-24T15:02:07.9311656Z ok 88 - readTagVocabCount fails loud when a row value is not a plain integer, or when its row is absent (Q-4)
test (20)	Run node --test test/*.test.js	2026-08-24T15:02:07.9312438Z   ---
test (20)	Run node --test test/*.test.js	2026-08-24T15:02:07.9312765Z   duration_ms: 1.27292
test (20)	Run node --test test/*.test.js	2026-08-24T15:02:07.9313131Z   ...
test (20)	Run node --test test/*.test.js	2026-08-24T15:02:07.9314587Z # Subtest: extractBandTablesFromReadme tolerates a prose sentence between a band heading and its table (T-025), without mis-attaching a table when the real one is missing
test (20)	Run node --test test/*.test.js	2026-08-24T15:02:07.9316925Z ok 89 - extractBandTablesFromReadme tolerates a prose sentence between a band heading and its table (T-025), without mis-attaching a table when the real one is missing
test (20)	Run node --test test/*.test.js	2026-08-24T15:02:07.9317879Z   ---
test (20)	Run node --test test/*.test.js	2026-08-24T15:02:07.9318099Z   duration_ms: 1.023103
test (20)	Run node --test test/*.test.js	2026-08-24T15:02:07.9318330Z   ...
test (20)	Run node --test test/*.test.js	2026-08-24T15:02:07.9318920Z # Subtest: extractBandTablesFromReadme does not let a band-shaped PROSE line steal a real heading's table (T-039)
test (20)	Run node --test test/*.test.js	2026-08-24T15:02:07.9320512Z ok 90 - extractBandTablesFromReadme does not let a band-shaped PROSE line steal a real heading's table (T-039)
test (20)	Run node --test test/*.test.js	2026-08-24T15:02:07.9321448Z   ---
test (20)	Run node --test test/*.test.js	2026-08-24T15:02:07.9321794Z   duration_ms: 1.42769
test (20)	Run node --test test/*.test.js	2026-08-24T15:02:07.9322158Z   ...
test (20)	Run node --test test/*.test.js	2026-08-24T15:02:07.9322798Z # Subtest: extractBandTablesFromReadme does not read a fenced example block as a second, real band table
test (20)	Run node --test test/*.test.js	2026-08-24T15:02:07.9323608Z ok 91 - extractBandTablesFromReadme does not read a fenced example block as a second, real band table
test (20)	Run node --test test/*.test.js	2026-08-24T15:02:07.9324095Z   ---
test (20)	Run node --test test/*.test.js	2026-08-24T15:02:07.9324293Z   duration_ms: 0.299891
test (20)	Run node --test test/*.test.js	2026-08-24T15:02:07.9324517Z   ...
test (20)	Run node --test test/*.test.js	2026-08-24T15:02:07.9325452Z # Subtest: extractBandTablesFromReadme's recognised bands account for every structural `| Tag | Count |` table -- a table under an unrecognised heading shape is a loud mismatch, not a silent miss
test (20)	Run node --test test/*.test.js	2026-08-24T15:02:07.9326956Z ok 92 - extractBandTablesFromReadme's recognised bands account for every structural `| Tag | Count |` table -- a table under an unrecognised heading shape is a loud mismatch, not a silent miss
test (20)	Run node --test test/*.test.js	2026-08-24T15:02:07.9327728Z   ---
test (20)	Run node --test test/*.test.js	2026-08-24T15:02:07.9327925Z   duration_ms: 0.430074
test (20)	Run node --test test/*.test.js	2026-08-24T15:02:07.9328139Z   ...
test (20)	Run node --test test/*.test.js	2026-08-24T15:02:07.9328884Z # Subtest: every `| Tag | Count |` table in the real README Tag vocabulary section is a recognised band table (no table may hide under an unrecognised heading shape)
test (20)	Run node --test test/*.test.js	2026-08-24T15:02:07.9330091Z ok 93 - every `| Tag | Count |` table in the real README Tag vocabulary section is a recognised band table (no table may hide under an unrecognised heading shape)
test (20)	Run node --test test/*.test.js	2026-08-24T15:02:07.9331029Z   ---
test (20)	Run node --test test/*.test.js	2026-08-24T15:02:07.9331241Z   duration_ms: 0.685772
test (20)	Run node --test test/*.test.js	2026-08-24T15:02:07.9331468Z   ...
test (20)	Run node --test test/*.test.js	2026-08-24T15:02:07.9332016Z # Subtest: every band table in README Tag vocabulary contains exactly the corpus tags whose count fits that band
test (20)	Run node --test test/*.test.js	2026-08-24T15:02:07.9332859Z ok 94 - every band table in README Tag vocabulary contains exactly the corpus tags whose count fits that band
test (20)	Run node --test test/*.test.js	2026-08-24T15:02:07.9333351Z   ---
test (20)	Run node --test test/*.test.js	2026-08-24T15:02:07.9333593Z   duration_ms: 0.627143
test (20)	Run node --test test/*.test.js	2026-08-24T15:02:07.9333814Z   ...
test (20)	Run node --test test/*.test.js	2026-08-24T15:02:07.9334438Z # Subtest: every corpus tag appearing on 2+ entries must have a row in some band table (no band table may be deleted wholesale) (T-019)
test (20)	Run node --test test/*.test.js	2026-08-24T15:02:07.9335417Z ok 95 - every corpus tag appearing on 2+ entries must have a row in some band table (no band table may be deleted wholesale) (T-019)
test (20)	Run node --test test/*.test.js	2026-08-24T15:02:07.9335957Z   ---
test (20)	Run node --test test/*.test.js	2026-08-24T15:02:07.9336150Z   duration_ms: 0.431527
test (20)	Run node --test test/*.test.js	2026-08-24T15:02:07.9336372Z   ...
test (20)	Run node --test test/*.test.js	2026-08-24T15:02:07.9337082Z # Subtest: extractBandTablesFromReadme derives a band's row count purely from its table, ignoring decoy "N tags" phrases in the heading line (T-024b)
test (20)	Run node --test test/*.test.js	2026-08-24T15:02:07.9338399Z ok 96 - extractBandTablesFromReadme derives a band's row count purely from its table, ignoring decoy "N tags" phrases in the heading line (T-024b)
test (20)	Run node --test test/*.test.js	2026-08-24T15:02:07.9339018Z   ---
test (20)	Run node --test test/*.test.js	2026-08-24T15:02:07.9339225Z   duration_ms: 0.363289
test (20)	Run node --test test/*.test.js	2026-08-24T15:02:07.9339450Z   ...
test (20)	Run node --test test/*.test.js	2026-08-24T15:02:07.9339845Z # Subtest: README must state correct multi-entry and single-entry tag counts
test (20)	Run node --test test/*.test.js	2026-08-24T15:02:07.9340666Z ok 97 - README must state correct multi-entry and single-entry tag counts
test (20)	Run node --test test/*.test.js	2026-08-24T15:02:07.9341040Z   ---
test (20)	Run node --test test/*.test.js	2026-08-24T15:02:07.9341239Z   duration_ms: 0.526454
test (20)	Run node --test test/*.test.js	2026-08-24T15:02:07.9341450Z   ...
test (20)	Run node --test test/*.test.js	2026-08-24T15:02:07.9341927Z # Subtest: README Tag vocabulary section must contain no unrecognised count-claim digits (J-5)
test (20)	Run node --test test/*.test.js	2026-08-24T15:02:07.9342631Z ok 98 - README Tag vocabulary section must contain no unrecognised count-claim digits (J-5)
test (20)	Run node --test test/*.test.js	2026-08-24T15:02:07.9343058Z   ---
test (20)	Run node --test test/*.test.js	2026-08-24T15:02:07.9343250Z   duration_ms: 0.655836
test (20)	Run node --test test/*.test.js	2026-08-24T15:02:07.9343463Z   ...
test (20)	Run node --test test/*.test.js	2026-08-24T15:02:07.9343984Z # Subtest: README Attribution table "Entries ranked" count must match corpus.length and the triage doc (C1)
test (20)	Run node --test test/*.test.js	2026-08-24T15:02:07.9344814Z ok 99 - README Attribution table "Entries ranked" count must match corpus.length and the triage doc (C1)
test (20)	Run node --test test/*.test.js	2026-08-24T15:02:07.9345458Z   ---
test (20)	Run node --test test/*.test.js	2026-08-24T15:02:07.9345650Z   duration_ms: 1.474076
test (20)	Run node --test test/*.test.js	2026-08-24T15:02:07.9345861Z   ...
test (20)	Run node --test test/*.test.js	2026-08-24T15:02:07.9346333Z # Subtest: README Attribution table "Rated HIGH risk" count must match the triage doc table (C2)
test (20)	Run node --test test/*.test.js	2026-08-24T15:02:07.9347054Z ok 100 - README Attribution table "Rated HIGH risk" count must match the triage doc table (C2)
test (20)	Run node --test test/*.test.js	2026-08-24T15:02:07.9347502Z   ---
test (20)	Run node --test test/*.test.js	2026-08-24T15:02:07.9347692Z   duration_ms: 0.794505
test (20)	Run node --test test/*.test.js	2026-08-24T15:02:07.9347904Z   ...
test (20)	Run node --test test/*.test.js	2026-08-24T15:02:07.9348364Z # Subtest: README Attribution section must contain no digit runs outside the counts table (C7)
test (20)	Run node --test test/*.test.js	2026-08-24T15:02:07.9349076Z ok 101 - README Attribution section must contain no digit runs outside the counts table (C7)
test (20)	Run node --test test/*.test.js	2026-08-24T15:02:07.9349509Z   ---
test (20)	Run node --test test/*.test.js	2026-08-24T15:02:07.9349706Z   duration_ms: 0.505775
test (20)	Run node --test test/*.test.js	2026-08-24T15:02:07.9349919Z   ...
test (20)	Run node --test test/*.test.js	2026-08-24T15:02:07.9350476Z # Subtest: README Layout section paths must exist on disk (C6)
test (20)	Run node --test test/*.test.js	2026-08-24T15:02:07.9350999Z ok 102 - README Layout section paths must exist on disk (C6)
test (20)	Run node --test test/*.test.js	2026-08-24T15:02:07.9351333Z   ---
test (20)	Run node --test test/*.test.js	2026-08-24T15:02:07.9351532Z   duration_ms: 0.687776
test (20)	Run node --test test/*.test.js	2026-08-24T15:02:07.9351760Z   ...
test (20)	Run node --test test/*.test.js	2026-08-24T15:02:07.9352357Z # Subtest: getListBehaviourSection tolerates a reformatted "--list behaviour" heading with no backticks (T-021)
test (20)	Run node --test test/*.test.js	2026-08-24T15:02:07.9353244Z ok 103 - getListBehaviourSection tolerates a reformatted "--list behaviour" heading with no backticks (T-021)
test (20)	Run node --test test/*.test.js	2026-08-24T15:02:07.9353746Z   ---
test (20)	Run node --test test/*.test.js	2026-08-24T15:02:07.9353940Z   duration_ms: 0.55615
test (20)	Run node --test test/*.test.js	2026-08-24T15:02:07.9354154Z   ...
test (20)	Run node --test test/*.test.js	2026-08-24T15:02:07.9354900Z # Subtest: getListBehaviourSection still fails on a SEPARATOR MISMATCH (not a heading-parse error) when a reformatted heading's literal is mutated (T-021)
test (20)	Run node --test test/*.test.js	2026-08-24T15:02:07.9356085Z ok 104 - getListBehaviourSection still fails on a SEPARATOR MISMATCH (not a heading-parse error) when a reformatted heading's literal is mutated (T-021)
test (20)	Run node --test test/*.test.js	2026-08-24T15:02:07.9356718Z   ---
test (20)	Run node --test test/*.test.js	2026-08-24T15:02:07.9356910Z   duration_ms: 0.40656
test (20)	Run node --test test/*.test.js	2026-08-24T15:02:07.9357126Z   ...
test (20)	Run node --test test/*.test.js	2026-08-24T15:02:07.9357735Z # Subtest: getListBehaviourSection reports ambiguity loudly instead of taking the first of two qualifying headings (T-021)
test (20)	Run node --test test/*.test.js	2026-08-24T15:02:07.9358684Z ok 105 - getListBehaviourSection reports ambiguity loudly instead of taking the first of two qualifying headings (T-021)
test (20)	Run node --test test/*.test.js	2026-08-24T15:02:07.9359218Z   ---
test (20)	Run node --test test/*.test.js	2026-08-24T15:02:07.9359413Z   duration_ms: 0.591916
test (20)	Run node --test test/*.test.js	2026-08-24T15:02:07.9359630Z   ...
test (20)	Run node --test test/*.test.js	2026-08-24T15:02:07.9360408Z # Subtest: getListBehaviourSection does not let "--list-only" satisfy the standalone `--list` token (T-021)
test (20)	Run node --test test/*.test.js	2026-08-24T15:02:07.9361396Z ok 106 - getListBehaviourSection does not let "--list-only" satisfy the standalone `--list` token (T-021)
test (20)	Run node --test test/*.test.js	2026-08-24T15:02:07.9361891Z   ---
test (20)	Run node --test test/*.test.js	2026-08-24T15:02:07.9362248Z   duration_ms: 0.270627
test (20)	Run node --test test/*.test.js	2026-08-24T15:02:07.9362464Z   ...
test (20)	Run node --test test/*.test.js	2026-08-24T15:02:07.9362965Z # Subtest: getListBehaviourSection tolerates the American spelling "behavior" in the heading (T-027)
test (20)	Run node --test test/*.test.js	2026-08-24T15:02:07.9363753Z ok 107 - getListBehaviourSection tolerates the American spelling "behavior" in the heading (T-027)
test (20)	Run node --test test/*.test.js	2026-08-24T15:02:07.9364209Z   ---
test (20)	Run node --test test/*.test.js	2026-08-24T15:02:07.9364400Z   duration_ms: 0.19269
test (20)	Run node --test test/*.test.js	2026-08-24T15:02:07.9364612Z   ...
test (20)	Run node --test test/*.test.js	2026-08-24T15:02:07.9365293Z # Subtest: getListBehaviourSection still fails on a SEPARATOR MISMATCH (not a heading-parse error) under an American-spelled heading (T-027)
test (20)	Run node --test test/*.test.js	2026-08-24T15:02:07.9366376Z ok 108 - getListBehaviourSection still fails on a SEPARATOR MISMATCH (not a heading-parse error) under an American-spelled heading (T-027)
test (20)	Run node --test test/*.test.js	2026-08-24T15:02:07.9366980Z   ---
test (20)	Run node --test test/*.test.js	2026-08-24T15:02:07.9367180Z   duration_ms: 0.233566
test (20)	Run node --test test/*.test.js	2026-08-24T15:02:07.9367397Z   ...
test (20)	Run node --test test/*.test.js	2026-08-24T15:02:07.9367883Z # Subtest: README `--list` format literal matches the shipped binary's actual --list output (T-017)
test (20)	Run node --test test/*.test.js	2026-08-24T15:02:07.9368633Z ok 109 - README `--list` format literal matches the shipped binary's actual --list output (T-017)
test (20)	Run node --test test/*.test.js	2026-08-24T15:02:07.9369081Z   ---
test (20)	Run node --test test/*.test.js	2026-08-24T15:02:07.9369284Z   duration_ms: 42.337475
test (20)	Run node --test test/*.test.js	2026-08-24T15:02:07.9369643Z   ...
test (20)	Run node --test test/*.test.js	2026-08-24T15:02:07.9370424Z # Subtest: README `--author` matching section must state the correct count of distinct corpus authors (Q-8)
test (20)	Run node --test test/*.test.js	2026-08-24T15:02:07.9371266Z ok 110 - README `--author` matching section must state the correct count of distinct corpus authors (Q-8)
test (20)	Run node --test test/*.test.js	2026-08-24T15:02:07.9371739Z   ---
test (20)	Run node --test test/*.test.js	2026-08-24T15:02:07.9371942Z   duration_ms: 0.501918
test (20)	Run node --test test/*.test.js	2026-08-24T15:02:07.9372157Z   ...
test (20)	Run node --test test/*.test.js	2026-08-24T15:02:07.9372412Z # Subtest: corpus has at least 40 entries
test (20)	Run node --test test/*.test.js	2026-08-24T15:02:07.9372751Z ok 111 - corpus has at least 40 entries
test (20)	Run node --test test/*.test.js	2026-08-24T15:02:07.9373014Z   ---
test (20)	Run node --test test/*.test.js	2026-08-24T15:02:07.9373207Z   duration_ms: 1.350355
test (20)	Run node --test test/*.test.js	2026-08-24T15:02:07.9373426Z   ...
test (20)	Run node --test test/*.test.js	2026-08-24T15:02:07.9373864Z # Subtest: every corpus entry has non-empty text, non-empty author, and an array of tags
test (20)	Run node --test test/*.test.js	2026-08-24T15:02:07.9374524Z ok 112 - every corpus entry has non-empty text, non-empty author, and an array of tags
test (20)	Run node --test test/*.test.js	2026-08-24T15:02:07.9374925Z   ---
test (20)	Run node --test test/*.test.js	2026-08-24T15:02:07.9375118Z   duration_ms: 0.416108
test (20)	Run node --test test/*.test.js	2026-08-24T15:02:07.9375337Z   ...
test (20)	Run node --test test/*.test.js	2026-08-24T15:02:07.9375665Z # Subtest: filter: author match is case-insensitive
test (20)	Run node --test test/*.test.js	2026-08-24T15:02:07.9376065Z ok 113 - filter: author match is case-insensitive
test (20)	Run node --test test/*.test.js	2026-08-24T15:02:07.9376359Z   ---
test (20)	Run node --test test/*.test.js	2026-08-24T15:02:07.9376548Z   duration_ms: 0.79139
test (20)	Run node --test test/*.test.js	2026-08-24T15:02:07.9376759Z   ...
test (20)	Run node --test test/*.test.js	2026-08-24T15:02:07.9377039Z # Subtest: filter: tag match is case-insensitive
test (20)	Run node --test test/*.test.js	2026-08-24T15:02:07.9377419Z ok 114 - filter: tag match is case-insensitive
test (20)	Run node --test test/*.test.js	2026-08-24T15:02:07.9377698Z   ---
test (20)	Run node --test test/*.test.js	2026-08-24T15:02:07.9377887Z   duration_ms: 1.05874
test (20)	Run node --test test/*.test.js	2026-08-24T15:02:07.9378094Z   ...
test (20)	Run node --test test/*.test.js	2026-08-24T15:02:07.9378761Z # Subtest: filter: author and tag together narrow to the intersection (AND)
test (20)	Run node --test test/*.test.js	2026-08-24T15:02:07.9379657Z ok 115 - filter: author and tag together narrow to the intersection (AND)
test (20)	Run node --test test/*.test.js	2026-08-24T15:02:07.9380036Z   ---
test (20)	Run node --test test/*.test.js	2026-08-24T15:02:07.9380461Z   duration_ms: 0.339995
test (20)	Run node --test test/*.test.js	2026-08-24T15:02:07.9380700Z   ...
test (20)	Run node --test test/*.test.js	2026-08-24T15:02:07.9381026Z # Subtest: filter: undefined/absent options do not filter
test (20)	Run node --test test/*.test.js	2026-08-24T15:02:07.9381486Z ok 116 - filter: undefined/absent options do not filter
test (20)	Run node --test test/*.test.js	2026-08-24T15:02:07.9381816Z   ---
test (20)	Run node --test test/*.test.js	2026-08-24T15:02:07.9382016Z   duration_ms: 0.302846
test (20)	Run node --test test/*.test.js	2026-08-24T15:02:07.9382234Z   ...
test (20)	Run node --test test/*.test.js	2026-08-24T15:02:07.9382656Z # Subtest: pick: same seed over the same candidates always returns the same element
test (20)	Run node --test test/*.test.js	2026-08-24T15:02:07.9383268Z ok 117 - pick: same seed over the same candidates always returns the same element
test (20)	Run node --test test/*.test.js	2026-08-24T15:02:07.9383654Z   ---
test (20)	Run node --test test/*.test.js	2026-08-24T15:02:07.9383853Z   duration_ms: 0.414435
test (20)	Run node --test test/*.test.js	2026-08-24T15:02:07.9384070Z   ...
test (20)	Run node --test test/*.test.js	2026-08-24T15:02:07.9384424Z # Subtest: pick: different seeds generally produce different results
test (20)	Run node --test test/*.test.js	2026-08-24T15:02:07.9384939Z ok 118 - pick: different seeds generally produce different results
test (20)	Run node --test test/*.test.js	2026-08-24T15:02:07.9385275Z   ---
test (20)	Run node --test test/*.test.js	2026-08-24T15:02:07.9385468Z   duration_ms: 0.347951
test (20)	Run node --test test/*.test.js	2026-08-24T15:02:07.9385844Z   ...
test (20)	Run node --test test/*.test.js	2026-08-24T15:02:07.9386200Z # Subtest: pick: undefined seed picks a valid member (random mode)
test (20)	Run node --test test/*.test.js	2026-08-24T15:02:07.9386696Z ok 119 - pick: undefined seed picks a valid member (random mode)
test (20)	Run node --test test/*.test.js	2026-08-24T15:02:07.9387032Z   ---
test (20)	Run node --test test/*.test.js	2026-08-24T15:02:07.9387222Z   duration_ms: 0.270987
test (20)	Run node --test test/*.test.js	2026-08-24T15:02:07.9387439Z   ...
test (20)	Run node --test test/*.test.js	2026-08-24T15:02:07.9387837Z # Subtest: pick: null seed also triggers random mode and returns a valid member
test (20)	Run node --test test/*.test.js	2026-08-24T15:02:07.9388425Z ok 120 - pick: null seed also triggers random mode and returns a valid member
test (20)	Run node --test test/*.test.js	2026-08-24T15:02:07.9388798Z   ---
test (20)	Run node --test test/*.test.js	2026-08-24T15:02:07.9388990Z   duration_ms: 0.225442
test (20)	Run node --test test/*.test.js	2026-08-24T15:02:07.9389199Z   ...
test (20)	Run node --test test/*.test.js	2026-08-24T15:02:07.9389526Z # Subtest: pick: throws RangeError on empty candidates array
test (20)	Run node --test test/*.test.js	2026-08-24T15:02:07.9389981Z ok 121 - pick: throws RangeError on empty candidates array
test (20)	Run node --test test/*.test.js	2026-08-24T15:02:07.9390517Z   ---
test (20)	Run node --test test/*.test.js	2026-08-24T15:02:07.9390720Z   duration_ms: 0.492971
test (20)	Run node --test test/*.test.js	2026-08-24T15:02:07.9390932Z   ...
test (20)	Run node --test test/*.test.js	2026-08-24T15:02:07.9391321Z # Subtest: pick: Infinity seed is deterministic and returns a valid member
test (20)	Run node --test test/*.test.js	2026-08-24T15:02:07.9391892Z ok 122 - pick: Infinity seed is deterministic and returns a valid member
test (20)	Run node --test test/*.test.js	2026-08-24T15:02:07.9392387Z   ---
test (20)	Run node --test test/*.test.js	2026-08-24T15:02:07.9392635Z   duration_ms: 0.209722
test (20)	Run node --test test/*.test.js	2026-08-24T15:02:07.9392848Z   ...
test (20)	Run node --test test/*.test.js	2026-08-24T15:02:07.9393228Z # Subtest: pick: -Infinity seed is deterministic and returns a valid member
test (20)	Run node --test test/*.test.js	2026-08-24T15:02:07.9393786Z ok 123 - pick: -Infinity seed is deterministic and returns a valid member
test (20)	Run node --test test/*.test.js	2026-08-24T15:02:07.9394149Z   ---
test (20)	Run node --test test/*.test.js	2026-08-24T15:02:07.9394339Z   duration_ms: 0.195986
test (20)	Run node --test test/*.test.js	2026-08-24T15:02:07.9394565Z   ...
test (20)	Run node --test test/*.test.js	2026-08-24T15:02:07.9394958Z # Subtest: pick: NaN seed still uses the random branch and returns a valid member
test (20)	Run node --test test/*.test.js	2026-08-24T15:02:07.9395545Z ok 124 - pick: NaN seed still uses the random branch and returns a valid member
test (20)	Run node --test test/*.test.js	2026-08-24T15:02:07.9395914Z   ---
test (20)	Run node --test test/*.test.js	2026-08-24T15:02:07.9396112Z   duration_ms: 0.248605
test (20)	Run node --test test/*.test.js	2026-08-24T15:02:07.9396323Z   ...
test (20)	Run node --test test/*.test.js	2026-08-24T15:02:07.9396734Z # Subtest: pick: finite seed determinism is unchanged by the non-finite-seed fix
test (20)	Run node --test test/*.test.js	2026-08-24T15:02:07.9397341Z ok 125 - pick: finite seed determinism is unchanged by the non-finite-seed fix
test (20)	Run node --test test/*.test.js	2026-08-24T15:02:07.9397724Z   ---
test (20)	Run node --test test/*.test.js	2026-08-24T15:02:07.9397920Z   duration_ms: 0.244086
test (20)	Run node --test test/*.test.js	2026-08-24T15:02:07.9398138Z   ...
test (20)	Run node --test test/*.test.js	2026-08-24T15:02:07.9398479Z # Subtest: pick: every candidate is REACHABLE by an unseeded draw
test (20)	Run node --test test/*.test.js	2026-08-24T15:02:07.9398966Z ok 126 - pick: every candidate is REACHABLE by an unseeded draw
test (20)	Run node --test test/*.test.js	2026-08-24T15:02:07.9399294Z   ---
test (20)	Run node --test test/*.test.js	2026-08-24T15:02:07.9399484Z   duration_ms: 2.218699
test (20)	Run node --test test/*.test.js	2026-08-24T15:02:07.9399695Z   ...
test (20)	Run node --test test/*.test.js	2026-08-24T15:02:07.9400126Z # Subtest: pick: unseeded draws split the interval EQUALLY across candidates (uniform)
test (20)	Run node --test test/*.test.js	2026-08-24T15:02:07.9401151Z ok 127 - pick: unseeded draws split the interval EQUALLY across candidates (uniform)
test (20)	Run node --test test/*.test.js	2026-08-24T15:02:07.9401562Z   ---
test (20)	Run node --test test/*.test.js	2026-08-24T15:02:07.9401763Z   duration_ms: 1.32659
test (20)	Run node --test test/*.test.js	2026-08-24T15:02:07.9401977Z   ...
test (20)	Run node --test test/*.test.js	2026-08-24T15:02:07.9402423Z # Subtest: pick: single-element candidates always returns that element regardless of seed
test (20)	Run node --test test/*.test.js	2026-08-24T15:02:07.9403114Z ok 128 - pick: single-element candidates always returns that element regardless of seed
test (20)	Run node --test test/*.test.js	2026-08-24T15:02:07.9403535Z   ---
test (20)	Run node --test test/*.test.js	2026-08-24T15:02:07.9403736Z   duration_ms: 0.420506
test (20)	Run node --test test/*.test.js	2026-08-24T15:02:07.9403956Z   ...
test (20)	Run node --test test/*.test.js	2026-08-24T15:02:07.9404141Z 1..128
test (20)	Run node --test test/*.test.js	2026-08-24T15:02:07.9404332Z # tests 128
test (20)	Run node --test test/*.test.js	2026-08-24T15:02:07.9404524Z # suites 0
test (20)	Run node --test test/*.test.js	2026-08-24T15:02:07.9404718Z # pass 126
test (20)	Run node --test test/*.test.js	2026-08-24T15:02:07.9404903Z # fail 0
test (20)	Run node --test test/*.test.js	2026-08-24T15:02:07.9405090Z # cancelled 0
test (20)	Run node --test test/*.test.js	2026-08-24T15:02:07.9405291Z # skipped 2
test (20)	Run node --test test/*.test.js	2026-08-24T15:02:07.9405478Z # todo 0
test (20)	Run node --test test/*.test.js	2026-08-24T15:02:07.9405687Z # duration_ms 3005.307646
test (20)	Coverage report (informational, not a gate)	﻿2026-08-24T15:02:07.9458675Z ##[group]Run node --test --experimental-test-coverage test/*.test.js \
test (20)	Coverage report (informational, not a gate)	2026-08-24T15:02:07.9459238Z [36;1mnode --test --experimental-test-coverage test/*.test.js \[0m
test (20)	Coverage report (informational, not a gate)	2026-08-24T15:02:07.9460023Z [36;1m  || echo "NOTE: --experimental-test-coverage exited non-zero on Node 20 (see output above). This step is informational only and does not affect job status."[0m
test (20)	Coverage report (informational, not a gate)	2026-08-24T15:02:07.9500047Z shell: /usr/bin/bash -e {0}
test (20)	Coverage report (informational, not a gate)	2026-08-24T15:02:07.9500470Z ##[endgroup]
test (20)	Coverage report (informational, not a gate)	2026-08-24T15:02:08.0042730Z TAP version 13
test (20)	Coverage report (informational, not a gate)	2026-08-24T15:02:08.0581825Z # Subtest: zero args: no error, no filters set
test (20)	Coverage report (informational, not a gate)	2026-08-24T15:02:08.0583276Z ok 1 - zero args: no error, no filters set
test (20)	Coverage report (informational, not a gate)	2026-08-24T15:02:08.0588114Z   ---
test (20)	Coverage report (informational, not a gate)	2026-08-24T15:02:08.0588727Z   duration_ms: 3.177421
test (20)	Coverage report (informational, not a gate)	2026-08-24T15:02:08.0589321Z   ...
test (20)	Coverage report (informational, not a gate)	2026-08-24T15:02:08.0590003Z # Subtest: --author <name> sets author string
test (20)	Coverage report (informational, not a gate)	2026-08-24T15:02:08.0591333Z ok 2 - --author <name> sets author string
test (20)	Coverage report (informational, not a gate)	2026-08-24T15:02:08.0592066Z   ---
test (20)	Coverage report (informational, not a gate)	2026-08-24T15:02:08.0592630Z   duration_ms: 0.215653
test (20)	Coverage report (informational, not a gate)	2026-08-24T15:02:08.0593301Z   ...
test (20)	Coverage report (informational, not a gate)	2026-08-24T15:02:08.0594078Z # Subtest: --author=<name> equals form sets author string
test (20)	Coverage report (informational, not a gate)	2026-08-24T15:02:08.0595071Z ok 3 - --author=<name> equals form sets author string
test (20)	Coverage report (informational, not a gate)	2026-08-24T15:02:08.0595805Z   ---
test (20)	Coverage report (informational, not a gate)	2026-08-24T15:02:08.0596355Z   duration_ms: 0.222476
test (20)	Coverage report (informational, not a gate)	2026-08-24T15:02:08.0596933Z   ...
test (20)	Coverage report (informational, not a gate)	2026-08-24T15:02:08.0597569Z # Subtest: --tag <tag> sets tag string
test (20)	Coverage report (informational, not a gate)	2026-08-24T15:02:08.0598380Z ok 4 - --tag <tag> sets tag string
test (20)	Coverage report (informational, not a gate)	2026-08-24T15:02:08.0599002Z   ---
test (20)	Coverage report (informational, not a gate)	2026-08-24T15:02:08.0599534Z   duration_ms: 0.172863
test (20)	Coverage report (informational, not a gate)	2026-08-24T15:02:08.0600786Z   ...
test (20)	Coverage report (informational, not a gate)	2026-08-24T15:02:08.0621193Z # Subtest: --tag=<tag> equals form sets tag string
test (20)	Coverage report (informational, not a gate)	2026-08-24T15:02:08.0636931Z ok 5 - --tag=<tag> equals form sets tag string
test (20)	Coverage report (informational, not a gate)	2026-08-24T15:02:08.0637475Z   ---
test (20)	Coverage report (informational, not a gate)	2026-08-24T15:02:08.0637840Z   duration_ms: 0.159559
test (20)	Coverage report (informational, not a gate)	2026-08-24T15:02:08.0638247Z   ...
test (20)	Coverage report (informational, not a gate)	2026-08-24T15:02:08.0638883Z # Subtest: combined --author X --tag Y sets both
test (20)	Coverage report (informational, not a gate)	2026-08-24T15:02:08.0639573Z ok 6 - combined --author X --tag Y sets both
test (20)	Coverage report (informational, not a gate)	2026-08-24T15:02:08.0640488Z   ---
test (20)	Coverage report (informational, not a gate)	2026-08-24T15:02:08.0640966Z   duration_ms: 0.142827
test (20)	Coverage report (informational, not a gate)	2026-08-24T15:02:08.0641411Z   ...
test (20)	Coverage report (informational, not a gate)	2026-08-24T15:02:08.0641895Z # Subtest: --seed <n> parses as a number
test (20)	Coverage report (informational, not a gate)	2026-08-24T15:02:08.0642492Z ok 7 - --seed <n> parses as a number
test (20)	Coverage report (informational, not a gate)	2026-08-24T15:02:08.0643055Z   ---
test (20)	Coverage report (informational, not a gate)	2026-08-24T15:02:08.0643422Z   duration_ms: 0.196267
test (20)	Coverage report (informational, not a gate)	2026-08-24T15:02:08.0643889Z   ...
test (20)	Coverage report (informational, not a gate)	2026-08-24T15:02:08.0670643Z # Subtest: --seed=<n> equals form parses as a number
test (20)	Coverage report (informational, not a gate)	2026-08-24T15:02:08.0712079Z ok 8 - --seed=<n> equals form parses as a number
test (20)	Coverage report (informational, not a gate)	2026-08-24T15:02:08.0741031Z   ---
test (20)	Coverage report (informational, not a gate)	2026-08-24T15:02:08.0761142Z   duration_ms: 0.198241
test (20)	Coverage report (informational, not a gate)	2026-08-24T15:02:08.0777604Z   ...
test (20)	Coverage report (informational, not a gate)	2026-08-24T15:02:08.0778393Z # Subtest: --seed <n> accepts a negative number
test (20)	Coverage report (informational, not a gate)	2026-08-24T15:02:08.0779278Z ok 9 - --seed <n> accepts a negative number
test (20)	Coverage report (informational, not a gate)	2026-08-24T15:02:08.0779993Z   ---
test (20)	Coverage report (informational, not a gate)	2026-08-24T15:02:08.0780902Z   duration_ms: 0.142797
test (20)	Coverage report (informational, not a gate)	2026-08-24T15:02:08.0781527Z   ...
test (20)	Coverage report (informational, not a gate)	2026-08-24T15:02:08.0782337Z # Subtest: --seed=<n> equals form accepts a negative number
test (20)	Coverage report (informational, not a gate)	2026-08-24T15:02:08.0783404Z ok 10 - --seed=<n> equals form accepts a negative number
test (20)	Coverage report (informational, not a gate)	2026-08-24T15:02:08.0784166Z   ---
test (20)	Coverage report (informational, not a gate)	2026-08-24T15:02:08.0784691Z   duration_ms: 0.140643
test (20)	Coverage report (informational, not a gate)	2026-08-24T15:02:08.0785266Z   ...
test (20)	Coverage report (informational, not a gate)	2026-08-24T15:02:08.0785990Z # Subtest: non-numeric --seed is a usage error
test (20)	Coverage report (informational, not a gate)	2026-08-24T15:02:08.0786846Z ok 11 - non-numeric --seed is a usage error
test (20)	Coverage report (informational, not a gate)	2026-08-24T15:02:08.0787533Z   ---
test (20)	Coverage report (informational, not a gate)	2026-08-24T15:02:08.0788042Z   duration_ms: 0.277088
test (20)	Coverage report (informational, not a gate)	2026-08-24T15:02:08.0788685Z   ...
test (20)	Coverage report (informational, not a gate)	2026-08-24T15:02:08.0789453Z # Subtest: non-numeric --seed= equals form is a usage error
test (20)	Coverage report (informational, not a gate)	2026-08-24T15:02:08.0790758Z ok 12 - non-numeric --seed= equals form is a usage error
test (20)	Coverage report (informational, not a gate)	2026-08-24T15:02:08.0791571Z   ---
test (20)	Coverage report (informational, not a gate)	2026-08-24T15:02:08.0792168Z   duration_ms: 0.221354
test (20)	Coverage report (informational, not a gate)	2026-08-24T15:02:08.0792795Z   ...
test (20)	Coverage report (informational, not a gate)	2026-08-24T15:02:08.0793634Z # Subtest: --list sets list: true
test (20)	Coverage report (informational, not a gate)	2026-08-24T15:02:08.0794544Z ok 13 - --list sets list: true
test (20)	Coverage report (informational, not a gate)	2026-08-24T15:02:08.0795227Z   ---
test (20)	Coverage report (informational, not a gate)	2026-08-24T15:02:08.0795808Z   duration_ms: 0.178634
test (20)	Coverage report (informational, not a gate)	2026-08-24T15:02:08.0796430Z   ...
test (20)	Coverage report (informational, not a gate)	2026-08-24T15:02:08.0797628Z # Subtest: --json sets json: true
test (20)	Coverage report (informational, not a gate)	2026-08-24T15:02:08.0798486Z ok 14 - --json sets json: true
test (20)	Coverage report (informational, not a gate)	2026-08-24T15:02:08.0799187Z   ---
test (20)	Coverage report (informational, not a gate)	2026-08-24T15:02:08.0799752Z   duration_ms: 0.134692
test (20)	Coverage report (informational, not a gate)	2026-08-24T15:02:08.0800632Z   ...
test (20)	Coverage report (informational, not a gate)	2026-08-24T15:02:08.0801381Z # Subtest: --help sets help: true
test (20)	Coverage report (informational, not a gate)	2026-08-24T15:02:08.0801972Z ok 15 - --help sets help: true
test (20)	Coverage report (informational, not a gate)	2026-08-24T15:02:08.0802401Z   ---
test (20)	Coverage report (informational, not a gate)	2026-08-24T15:02:08.0802728Z   duration_ms: 0.130905
test (20)	Coverage report (informational, not a gate)	2026-08-24T15:02:08.0803099Z   ...
test (20)	Coverage report (informational, not a gate)	2026-08-24T15:02:08.0843389Z # Subtest: -h sets help: true
test (20)	Coverage report (informational, not a gate)	2026-08-24T15:02:08.0931356Z ok 16 - -h sets help: true
test (20)	Coverage report (informational, not a gate)	2026-08-24T15:02:08.0934980Z   ---
test (20)	Coverage report (informational, not a gate)	2026-08-24T15:02:08.0936008Z   duration_ms: 0.12838
test (20)	Coverage report (informational, not a gate)	2026-08-24T15:02:08.0936948Z   ...
test (20)	Coverage report (informational, not a gate)	2026-08-24T15:02:08.0937744Z # Subtest: unknown flag is a usage error
test (20)	Coverage report (informational, not a gate)	2026-08-24T15:02:08.0938693Z ok 17 - unknown flag is a usage error
test (20)	Coverage report (informational, not a gate)	2026-08-24T15:02:08.0939491Z   ---
test (20)	Coverage report (informational, not a gate)	2026-08-24T15:02:08.0940144Z   duration_ms: 0.171541
test (20)	Coverage report (informational, not a gate)	2026-08-24T15:02:08.0941096Z   ...
test (20)	Coverage report (informational, not a gate)	2026-08-24T15:02:08.0941910Z # Subtest: unknown short flag is a usage error
test (20)	Coverage report (informational, not a gate)	2026-08-24T15:02:08.0942921Z ok 18 - unknown short flag is a usage error
test (20)	Coverage report (informational, not a gate)	2026-08-24T15:02:08.0943711Z   ---
test (20)	Coverage report (informational, not a gate)	2026-08-24T15:02:08.0944309Z   duration_ms: 0.172843
test (20)	Coverage report (informational, not a gate)	2026-08-24T15:02:08.0944953Z   ...
test (20)	Coverage report (informational, not a gate)	2026-08-24T15:02:08.0945906Z # Subtest: --author missing value at end of argv is a usage error
test (20)	Coverage report (informational, not a gate)	2026-08-24T15:02:08.0947185Z ok 19 - --author missing value at end of argv is a usage error
test (20)	Coverage report (informational, not a gate)	2026-08-24T15:02:08.0948089Z   ---
test (20)	Coverage report (informational, not a gate)	2026-08-24T15:02:08.0948727Z   duration_ms: 0.177913
test (20)	Coverage report (informational, not a gate)	2026-08-24T15:02:08.0949384Z   ...
test (20)	Coverage report (informational, not a gate)	2026-08-24T15:02:08.0951141Z # Subtest: --tag missing value because next token is another flag is a usage error
test (20)	Coverage report (informational, not a gate)	2026-08-24T15:02:08.0952610Z ok 20 - --tag missing value because next token is another flag is a usage error
test (20)	Coverage report (informational, not a gate)	2026-08-24T15:02:08.0953590Z   ---
test (20)	Coverage report (informational, not a gate)	2026-08-24T15:02:08.0954198Z   duration_ms: 0.188793
test (20)	Coverage report (informational, not a gate)	2026-08-24T15:02:08.0954884Z   ...
test (20)	Coverage report (informational, not a gate)	2026-08-24T15:02:08.0955785Z # Subtest: --seed missing value at end of argv is a usage error
test (20)	Coverage report (informational, not a gate)	2026-08-24T15:02:08.0956885Z ok 21 - --seed missing value at end of argv is a usage error
test (20)	Coverage report (informational, not a gate)	2026-08-24T15:02:08.0957645Z   ---
test (20)	Coverage report (informational, not a gate)	2026-08-24T15:02:08.0958158Z   duration_ms: 0.141655
test (20)	Coverage report (informational, not a gate)	2026-08-24T15:02:08.0958755Z   ...
test (20)	Coverage report (informational, not a gate)	2026-08-24T15:02:08.0959529Z # Subtest: --author= with empty value is a usage error
test (20)	Coverage report (informational, not a gate)	2026-08-24T15:02:08.0960686Z ok 22 - --author= with empty value is a usage error
test (20)	Coverage report (informational, not a gate)	2026-08-24T15:02:08.0961414Z   ---
test (20)	Coverage report (informational, not a gate)	2026-08-24T15:02:08.0961931Z   duration_ms: 0.122299
test (20)	Coverage report (informational, not a gate)	2026-08-24T15:02:08.0962476Z   ...
test (20)	Coverage report (informational, not a gate)	2026-08-24T15:02:08.0963375Z # Subtest: a bare positional argument (not a flag) is a usage error
test (20)	Coverage report (informational, not a gate)	2026-08-24T15:02:08.0964466Z ok 23 - a bare positional argument (not a flag) is a usage error
test (20)	Coverage report (informational, not a gate)	2026-08-24T15:02:08.0965237Z   ---
test (20)	Coverage report (informational, not a gate)	2026-08-24T15:02:08.0965764Z   duration_ms: 0.113392
test (20)	Coverage report (informational, not a gate)	2026-08-24T15:02:08.0966308Z   ...
test (20)	Coverage report (informational, not a gate)	2026-08-24T15:02:08.0966996Z # Subtest: parseArgs never throws on malformed input
test (20)	Coverage report (informational, not a gate)	2026-08-24T15:02:08.0967871Z ok 24 - parseArgs never throws on malformed input
test (20)	Coverage report (informational, not a gate)	2026-08-24T15:02:08.0968572Z   ---
test (20)	Coverage report (informational, not a gate)	2026-08-24T15:02:08.0969087Z   duration_ms: 0.356076
test (20)	Coverage report (informational, not a gate)	2026-08-24T15:02:08.0969678Z   ...
test (20)	Coverage report (informational, not a gate)	2026-08-24T15:02:08.0970900Z # Subtest: absent options are undefined/false, never null
test (20)	Coverage report (informational, not a gate)	2026-08-24T15:02:08.1000790Z ok 25 - absent options are undefined/false, never null
test (20)	Coverage report (informational, not a gate)	2026-08-24T15:02:08.1031050Z   ---
test (20)	Coverage report (informational, not a gate)	2026-08-24T15:02:08.1035284Z   duration_ms: 0.165569
test (20)	Coverage report (informational, not a gate)	2026-08-24T15:02:08.1036286Z   ...
test (20)	Coverage report (informational, not a gate)	2026-08-24T15:02:08.1037284Z # Subtest: HELP is a non-empty string mentioning every flag name
test (20)	Coverage report (informational, not a gate)	2026-08-24T15:02:08.1038311Z ok 26 - HELP is a non-empty string mentioning every flag name
test (20)	Coverage report (informational, not a gate)	2026-08-24T15:02:08.1039069Z   ---
test (20)	Coverage report (informational, not a gate)	2026-08-24T15:02:08.1039670Z   duration_ms: 0.219791
test (20)	Coverage report (informational, not a gate)	2026-08-24T15:02:08.1040524Z   ...
test (20)	Coverage report (informational, not a gate)	2026-08-24T15:02:08.1041333Z # Subtest: HELP fits comfortably on one 24-line terminal screen
test (20)	Coverage report (informational, not a gate)	2026-08-24T15:02:08.1042327Z ok 27 - HELP fits comfortably on one 24-line terminal screen
test (20)	Coverage report (informational, not a gate)	2026-08-24T15:02:08.1043052Z   ---
test (20)	Coverage report (informational, not a gate)	2026-08-24T15:02:08.1043562Z   duration_ms: 0.141605
test (20)	Coverage report (informational, not a gate)	2026-08-24T15:02:08.1044092Z   ...
test (20)	Coverage report (informational, not a gate)	2026-08-24T15:02:08.1045043Z # Subtest: --seed Infinity / --seed -Infinity parse to numbers, not a usage error
test (20)	Coverage report (informational, not a gate)	2026-08-24T15:02:08.1046748Z ok 28 - --seed Infinity / --seed -Infinity parse to numbers, not a usage error
test (20)	Coverage report (informational, not a gate)	2026-08-24T15:02:08.1047583Z   ---
test (20)	Coverage report (informational, not a gate)	2026-08-24T15:02:08.1048093Z   duration_ms: 0.209251
test (20)	Coverage report (informational, not a gate)	2026-08-24T15:02:08.1048634Z   ...
test (20)	Coverage report (informational, not a gate)	2026-08-24T15:02:11.8472343Z # Subtest: bare invocation prints one attributed aphorism and exits 0
test (20)	Coverage report (informational, not a gate)	2026-08-24T15:02:11.8485678Z ok 29 - bare invocation prints one attributed aphorism and exits 0
test (20)	Coverage report (informational, not a gate)	2026-08-24T15:02:11.8486564Z   ---
test (20)	Coverage report (informational, not a gate)	2026-08-24T15:02:11.8487200Z   duration_ms: 57.241283
test (20)	Coverage report (informational, not a gate)	2026-08-24T15:02:11.8487962Z   ...
test (20)	Coverage report (informational, not a gate)	2026-08-24T15:02:11.8488786Z # Subtest: --seed is deterministic across separate processes
test (20)	Coverage report (informational, not a gate)	2026-08-24T15:02:11.8489837Z ok 30 - --seed is deterministic across separate processes
test (20)	Coverage report (informational, not a gate)	2026-08-24T15:02:11.8520884Z   ---
test (20)	Coverage report (informational, not a gate)	2026-08-24T15:02:11.8521574Z   duration_ms: 94.620537
test (20)	Coverage report (informational, not a gate)	2026-08-24T15:02:11.8522363Z   ...
test (20)	Coverage report (informational, not a gate)	2026-08-24T15:02:11.8523250Z # Subtest: different seeds do not all collapse to one aphorism
test (20)	Coverage report (informational, not a gate)	2026-08-24T15:02:11.8524410Z ok 31 - different seeds do not all collapse to one aphorism
test (20)	Coverage report (informational, not a gate)	2026-08-24T15:02:11.8525283Z   ---
test (20)	Coverage report (informational, not a gate)	2026-08-24T15:02:11.8525909Z   duration_ms: 596.650325
test (20)	Coverage report (informational, not a gate)	2026-08-24T15:02:11.8526565Z   ...
test (20)	Coverage report (informational, not a gate)	2026-08-24T15:02:11.8527502Z # Subtest: --json emits a single-line JSON object with text/author/tags
test (20)	Coverage report (informational, not a gate)	2026-08-24T15:02:11.8528747Z ok 32 - --json emits a single-line JSON object with text/author/tags
test (20)	Coverage report (informational, not a gate)	2026-08-24T15:02:11.8529649Z   ---
test (20)	Coverage report (informational, not a gate)	2026-08-24T15:02:11.8530516Z   duration_ms: 39.419661
test (20)	Coverage report (informational, not a gate)	2026-08-24T15:02:11.8531248Z   ...
test (20)	Coverage report (informational, not a gate)	2026-08-24T15:02:11.8532051Z # Subtest: --list prints every entry in the filtered set
test (20)	Coverage report (informational, not a gate)	2026-08-24T15:02:11.8533813Z ok 33 - --list prints every entry in the filtered set
test (20)	Coverage report (informational, not a gate)	2026-08-24T15:02:11.8534679Z   ---
test (20)	Coverage report (informational, not a gate)	2026-08-24T15:02:11.8535250Z   duration_ms: 38.310273
test (20)	Coverage report (informational, not a gate)	2026-08-24T15:02:11.8535821Z   ...
test (20)	Coverage report (informational, not a gate)	2026-08-24T15:02:11.8536478Z # Subtest: --help prints usage to stdout and exits 0
test (20)	Coverage report (informational, not a gate)	2026-08-24T15:02:11.8537297Z ok 34 - --help prints usage to stdout and exits 0
test (20)	Coverage report (informational, not a gate)	2026-08-24T15:02:11.8537973Z   ---
test (20)	Coverage report (informational, not a gate)	2026-08-24T15:02:11.8538345Z   duration_ms: 36.807116
test (20)	Coverage report (informational, not a gate)	2026-08-24T15:02:11.8538816Z   ...
test (20)	Coverage report (informational, not a gate)	2026-08-24T15:02:11.8539648Z # Subtest: no match exits 1 with stderr only and zero bytes on stdout
test (20)	Coverage report (informational, not a gate)	2026-08-24T15:02:11.8543572Z ok 35 - no match exits 1 with stderr only and zero bytes on stdout
test (20)	Coverage report (informational, not a gate)	2026-08-24T15:02:11.8544252Z   ---
test (20)	Coverage report (informational, not a gate)	2026-08-24T15:02:11.8581083Z   duration_ms: 38.990515
test (20)	Coverage report (informational, not a gate)	2026-08-24T15:02:11.8597729Z   ...
test (20)	Coverage report (informational, not a gate)	2026-08-24T15:02:11.8598701Z # Subtest: unknown flag is a usage error, exit 2, stdout clean
test (20)	Coverage report (informational, not a gate)	2026-08-24T15:02:11.8599796Z ok 36 - unknown flag is a usage error, exit 2, stdout clean
test (20)	Coverage report (informational, not a gate)	2026-08-24T15:02:11.8600874Z   ---
test (20)	Coverage report (informational, not a gate)	2026-08-24T15:02:11.8601424Z   duration_ms: 40.193386
test (20)	Coverage report (informational, not a gate)	2026-08-24T15:02:11.8601987Z   ...
test (20)	Coverage report (informational, not a gate)	2026-08-24T15:02:11.8602719Z # Subtest: non-numeric seed is a usage error, exit 2
test (20)	Coverage report (informational, not a gate)	2026-08-24T15:02:11.8603605Z ok 37 - non-numeric seed is a usage error, exit 2
test (20)	Coverage report (informational, not a gate)	2026-08-24T15:02:11.8604330Z   ---
test (20)	Coverage report (informational, not a gate)	2026-08-24T15:02:11.8604850Z   duration_ms: 39.890452
test (20)	Coverage report (informational, not a gate)	2026-08-24T15:02:11.8605440Z   ...
test (20)	Coverage report (informational, not a gate)	2026-08-24T15:02:11.8606220Z # Subtest: author filter is case-insensitive and narrows the list
test (20)	Coverage report (informational, not a gate)	2026-08-24T15:02:11.8607350Z ok 38 - author filter is case-insensitive and narrows the list
test (20)	Coverage report (informational, not a gate)	2026-08-24T15:02:11.8608039Z   ---
test (20)	Coverage report (informational, not a gate)	2026-08-24T15:02:11.8608517Z   duration_ms: 76.511817
test (20)	Coverage report (informational, not a gate)	2026-08-24T15:02:11.8609005Z   ...
test (20)	Coverage report (informational, not a gate)	2026-08-24T15:02:11.8610051Z # Subtest: output is pipe-safe — no ANSI escapes when not a TTY
test (20)	Coverage report (informational, not a gate)	2026-08-24T15:02:11.8611512Z ok 39 - output is pipe-safe — no ANSI escapes when not a TTY
test (20)	Coverage report (informational, not a gate)	2026-08-24T15:02:11.8612242Z   ---
test (20)	Coverage report (informational, not a gate)	2026-08-24T15:02:11.8612707Z   duration_ms: 39.409338
test (20)	Coverage report (informational, not a gate)	2026-08-24T15:02:11.8613242Z   ...
test (20)	Coverage report (informational, not a gate)	2026-08-24T15:02:11.8613983Z # Subtest: --tag matches membership, not substring containment
test (20)	Coverage report (informational, not a gate)	2026-08-24T15:02:11.8614967Z ok 40 - --tag matches membership, not substring containment
test (20)	Coverage report (informational, not a gate)	2026-08-24T15:02:11.8615608Z   ---
test (20)	Coverage report (informational, not a gate)	2026-08-24T15:02:11.8616099Z   duration_ms: 84.35266
test (20)	Coverage report (informational, not a gate)	2026-08-24T15:02:11.8616591Z   ...
test (20)	Coverage report (informational, not a gate)	2026-08-24T15:02:11.8617409Z # Subtest: --list prints exactly one line per matching entry, no drops
test (20)	Coverage report (informational, not a gate)	2026-08-24T15:02:11.8618668Z ok 41 - --list prints exactly one line per matching entry, no drops
test (20)	Coverage report (informational, not a gate)	2026-08-24T15:02:11.8619709Z   ---
test (20)	Coverage report (informational, not a gate)	2026-08-24T15:02:11.8620094Z   duration_ms: 37.28593
test (20)	Coverage report (informational, not a gate)	2026-08-24T15:02:11.8620799Z   ...
test (20)	Coverage report (informational, not a gate)	2026-08-24T15:02:11.8621496Z # Subtest: --list preserves corpus order (first and last line match)
test (20)	Coverage report (informational, not a gate)	2026-08-24T15:02:11.8622482Z ok 42 - --list preserves corpus order (first and last line match)
test (20)	Coverage report (informational, not a gate)	2026-08-24T15:02:11.8623115Z   ---
test (20)	Coverage report (informational, not a gate)	2026-08-24T15:02:11.8623479Z   duration_ms: 38.449876
test (20)	Coverage report (informational, not a gate)	2026-08-24T15:02:11.8623891Z   ...
test (20)	Coverage report (informational, not a gate)	2026-08-24T15:02:11.8624558Z # Subtest: --json output is exactly one line, never pretty-printed
test (20)	Coverage report (informational, not a gate)	2026-08-24T15:02:11.8625513Z ok 43 - --json output is exactly one line, never pretty-printed
test (20)	Coverage report (informational, not a gate)	2026-08-24T15:02:11.8626117Z   ---
test (20)	Coverage report (informational, not a gate)	2026-08-24T15:02:11.8626478Z   duration_ms: 38.714161
test (20)	Coverage report (informational, not a gate)	2026-08-24T15:02:11.8626877Z   ...
test (20)	Coverage report (informational, not a gate)	2026-08-24T15:02:11.8627723Z # Subtest: --list --json emits newline-delimited JSON, one object per line, in corpus order
test (20)	Coverage report (informational, not a gate)	2026-08-24T15:02:11.8628996Z ok 44 - --list --json emits newline-delimited JSON, one object per line, in corpus order
test (20)	Coverage report (informational, not a gate)	2026-08-24T15:02:11.8629781Z   ---
test (20)	Coverage report (informational, not a gate)	2026-08-24T15:02:11.8630154Z   duration_ms: 39.204687
test (20)	Coverage report (informational, not a gate)	2026-08-24T15:02:11.8630833Z   ...
test (20)	Coverage report (informational, not a gate)	2026-08-24T15:02:11.8631930Z # Subtest: --json composes with --seed: the seeded JSON pick is reproducible AND is the same entry as the plain-text pick
test (20)	Coverage report (informational, not a gate)	2026-08-24T15:02:11.8633624Z ok 45 - --json composes with --seed: the seeded JSON pick is reproducible AND is the same entry as the plain-text pick
test (20)	Coverage report (informational, not a gate)	2026-08-24T15:02:11.8634669Z   ---
test (20)	Coverage report (informational, not a gate)	2026-08-24T15:02:11.8635045Z   duration_ms: 671.480139
test (20)	Coverage report (informational, not a gate)	2026-08-24T15:02:11.8635462Z   ...
test (20)	Coverage report (informational, not a gate)	2026-08-24T15:02:11.8636722Z # Subtest: --json composes with the filter flags: the JSON pick is always a member of the FILTERED set
test (20)	Coverage report (informational, not a gate)	2026-08-24T15:02:11.8638145Z ok 46 - --json composes with the filter flags: the JSON pick is always a member of the FILTERED set
test (20)	Coverage report (informational, not a gate)	2026-08-24T15:02:11.8638989Z   ---
test (20)	Coverage report (informational, not a gate)	2026-08-24T15:02:11.8639373Z   duration_ms: 889.03773
test (20)	Coverage report (informational, not a gate)	2026-08-24T15:02:11.8639786Z   ...
test (20)	Coverage report (informational, not a gate)	2026-08-24T15:02:11.8641396Z # Subtest: --list accepts a valid --seed and IGNORES it: output is byte-identical across seeds
test (20)	Coverage report (informational, not a gate)	2026-08-24T15:02:11.8642759Z ok 47 - --list accepts a valid --seed and IGNORES it: output is byte-identical across seeds
test (20)	Coverage report (informational, not a gate)	2026-08-24T15:02:11.8643521Z   ---
test (20)	Coverage report (informational, not a gate)	2026-08-24T15:02:11.8643868Z   duration_ms: 365.921346
test (20)	Coverage report (informational, not a gate)	2026-08-24T15:02:11.8644245Z   ...
test (20)	Coverage report (informational, not a gate)	2026-08-24T15:02:11.8645081Z # Subtest: --list --seed abc is a usage error, exit 2, stdout empty, stderr carries the diagnostic
test (20)	Coverage report (informational, not a gate)	2026-08-24T15:02:11.8646375Z ok 48 - --list --seed abc is a usage error, exit 2, stdout empty, stderr carries the diagnostic
test (20)	Coverage report (informational, not a gate)	2026-08-24T15:02:11.8647139Z   ---
test (20)	Coverage report (informational, not a gate)	2026-08-24T15:02:11.8647493Z   duration_ms: 35.756479
test (20)	Coverage report (informational, not a gate)	2026-08-24T15:02:11.8647879Z   ...
test (20)	Coverage report (informational, not a gate)	2026-08-24T15:02:11.8648775Z # Subtest: --seed abc --list (erroring flag BEFORE --list) is still a usage error, exit 2, stdout empty
test (20)	Coverage report (informational, not a gate)	2026-08-24T15:02:11.8650127Z ok 49 - --seed abc --list (erroring flag BEFORE --list) is still a usage error, exit 2, stdout empty
test (20)	Coverage report (informational, not a gate)	2026-08-24T15:02:11.8679348Z   ---
test (20)	Coverage report (informational, not a gate)	2026-08-24T15:02:11.8679892Z   duration_ms: 36.218182
test (20)	Coverage report (informational, not a gate)	2026-08-24T15:02:11.8680740Z   ...
test (20)	Coverage report (informational, not a gate)	2026-08-24T15:02:11.8681546Z # Subtest: --list --seed=  (empty seed value) is a usage error, exit 2, stdout empty
test (20)	Coverage report (informational, not a gate)	2026-08-24T15:02:11.8682663Z ok 50 - --list --seed=  (empty seed value) is a usage error, exit 2, stdout empty
test (20)	Coverage report (informational, not a gate)	2026-08-24T15:02:11.8683324Z   ---
test (20)	Coverage report (informational, not a gate)	2026-08-24T15:02:11.8683665Z   duration_ms: 35.457397
test (20)	Coverage report (informational, not a gate)	2026-08-24T15:02:11.8684052Z   ...
test (20)	Coverage report (informational, not a gate)	2026-08-24T15:02:11.8684899Z # Subtest: --list --seed "   " (whitespace-only seed value) is a usage error, exit 2, stdout empty
test (20)	Coverage report (informational, not a gate)	2026-08-24T15:02:11.8686171Z ok 51 - --list --seed "   " (whitespace-only seed value) is a usage error, exit 2, stdout empty
test (20)	Coverage report (informational, not a gate)	2026-08-24T15:02:11.8686929Z   ---
test (20)	Coverage report (informational, not a gate)	2026-08-24T15:02:11.8687278Z   duration_ms: 37.879616
test (20)	Coverage report (informational, not a gate)	2026-08-24T15:02:11.8687618Z   ...
test (20)	Coverage report (informational, not a gate)	2026-08-24T15:02:11.8688492Z # Subtest: --list --nosuchflag (unknown flag) is a usage error, exit 2, stdout empty — --list does not swallow it
test (20)	Coverage report (informational, not a gate)	2026-08-24T15:02:11.8689459Z ok 52 - --list --nosuchflag (unknown flag) is a usage error, exit 2, stdout empty — --list does not swallow it
test (20)	Coverage report (informational, not a gate)	2026-08-24T15:02:11.8690171Z   ---
test (20)	Coverage report (informational, not a gate)	2026-08-24T15:02:11.8690839Z   duration_ms: 37.442109
test (20)	Coverage report (informational, not a gate)	2026-08-24T15:02:11.8691211Z   ...
test (20)	Coverage report (informational, not a gate)	2026-08-24T15:02:11.8691915Z # Subtest: --nosuchflag --list (unknown flag BEFORE --list) is still a usage error, exit 2, stdout empty
test (20)	Coverage report (informational, not a gate)	2026-08-24T15:02:11.8692692Z ok 53 - --nosuchflag --list (unknown flag BEFORE --list) is still a usage error, exit 2, stdout empty
test (20)	Coverage report (informational, not a gate)	2026-08-24T15:02:11.8693139Z   ---
test (20)	Coverage report (informational, not a gate)	2026-08-24T15:02:11.8693341Z   duration_ms: 36.451497
test (20)	Coverage report (informational, not a gate)	2026-08-24T15:02:11.8693618Z   ...
test (20)	Coverage report (informational, not a gate)	2026-08-24T15:02:11.8694576Z # Subtest: plain single-pick output is TWO lines: text, newline, four-space indent, EM DASH, space, author
test (20)	Coverage report (informational, not a gate)	2026-08-24T15:02:11.8696062Z ok 54 - plain single-pick output is TWO lines: text, newline, four-space indent, EM DASH, space, author
test (20)	Coverage report (informational, not a gate)	2026-08-24T15:02:11.8696907Z   ---
test (20)	Coverage report (informational, not a gate)	2026-08-24T15:02:11.8697252Z   duration_ms: 36.819916
test (20)	Coverage report (informational, not a gate)	2026-08-24T15:02:11.8697642Z   ...
test (20)	Coverage report (informational, not a gate)	2026-08-24T15:02:11.8698548Z # Subtest: --seed Infinity and --seed -Infinity (typed as CLI strings) are accepted and deterministic
test (20)	Coverage report (informational, not a gate)	2026-08-24T15:02:11.8699912Z ok 55 - --seed Infinity and --seed -Infinity (typed as CLI strings) are accepted and deterministic
test (20)	Coverage report (informational, not a gate)	2026-08-24T15:02:11.8700943Z   ---
test (20)	Coverage report (informational, not a gate)	2026-08-24T15:02:11.8701287Z   duration_ms: 150.837566
test (20)	Coverage report (informational, not a gate)	2026-08-24T15:02:11.8701673Z   ...
test (20)	Coverage report (informational, not a gate)	2026-08-24T15:02:11.8702512Z # Subtest: --list with a filter that matches nothing is STILL exit 1, stderr only, stdout empty
test (20)	Coverage report (informational, not a gate)	2026-08-24T15:02:11.8703753Z ok 56 - --list with a filter that matches nothing is STILL exit 1, stderr only, stdout empty
test (20)	Coverage report (informational, not a gate)	2026-08-24T15:02:11.8704507Z   ---
test (20)	Coverage report (informational, not a gate)	2026-08-24T15:02:11.8705104Z   duration_ms: 71.642281
test (20)	Coverage report (informational, not a gate)	2026-08-24T15:02:11.8705481Z   ...
test (20)	Coverage report (informational, not a gate)	2026-08-24T15:02:11.8706573Z # Subtest: --tag "" (bare empty-string value) matches nothing: whole-tag equality against the literal "" is not a filter no-op
test (20)	Coverage report (informational, not a gate)	2026-08-24T15:02:11.8708281Z ok 57 - --tag "" (bare empty-string value) matches nothing: whole-tag equality against the literal "" is not a filter no-op
test (20)	Coverage report (informational, not a gate)	2026-08-24T15:02:11.8709310Z   ---
test (20)	Coverage report (informational, not a gate)	2026-08-24T15:02:11.8709653Z   duration_ms: 36.656733
test (20)	Coverage report (informational, not a gate)	2026-08-24T15:02:11.8710097Z   ...
test (20)	Coverage report (informational, not a gate)	2026-08-24T15:02:12.0201966Z # Subtest: README Node support citation: cited git diff must be empty (or the check must skip on a missing precondition)
test (20)	Coverage report (informational, not a gate)	2026-08-24T15:02:12.0204793Z ok 58 - README Node support citation: cited git diff must be empty (or the check must skip on a missing precondition) # SKIP cited base commit 7e50d6f is not reachable in this checkout (this is a shallow clone) -- cannot evaluate the README's Node support citation
test (20)	Coverage report (informational, not a gate)	2026-08-24T15:02:12.0206491Z   ---
test (20)	Coverage report (informational, not a gate)	2026-08-24T15:02:12.0206829Z   duration_ms: 24.91506
test (20)	Coverage report (informational, not a gate)	2026-08-24T15:02:12.0207223Z   ...
test (20)	Coverage report (informational, not a gate)	2026-08-24T15:02:12.0208747Z # Subtest: README Node support citation: base-to-working-tree diff must also be empty, so an uncommitted falsification is visible now (or the check must skip on a missing precondition)
test (20)	Coverage report (informational, not a gate)	2026-08-24T15:02:12.0212489Z ok 59 - README Node support citation: base-to-working-tree diff must also be empty, so an uncommitted falsification is visible now (or the check must skip on a missing precondition) # SKIP cited base commit 7e50d6f is not reachable in this checkout (this is a shallow clone) -- cannot evaluate the README's Node support citation
test (20)	Coverage report (informational, not a gate)	2026-08-24T15:02:12.0214541Z   ---
test (20)	Coverage report (informational, not a gate)	2026-08-24T15:02:12.0214866Z   duration_ms: 15.914286
test (20)	Coverage report (informational, not a gate)	2026-08-24T15:02:12.0215237Z   ...
test (20)	Coverage report (informational, not a gate)	2026-08-24T15:02:12.0215840Z # Subtest: --list | true: exits quietly, zero stderr, no crash banner
test (20)	Coverage report (informational, not a gate)	2026-08-24T15:02:12.0216697Z ok 60 - --list | true: exits quietly, zero stderr, no crash banner
test (20)	Coverage report (informational, not a gate)	2026-08-24T15:02:12.0217252Z   ---
test (20)	Coverage report (informational, not a gate)	2026-08-24T15:02:12.0217562Z   duration_ms: 63.772366
test (20)	Coverage report (informational, not a gate)	2026-08-24T15:02:12.0217933Z   ...
test (20)	Coverage report (informational, not a gate)	2026-08-24T15:02:12.0218561Z # Subtest: | true (no --list, single aphorism): exits quietly, zero stderr
test (20)	Coverage report (informational, not a gate)	2026-08-24T15:02:12.0219466Z ok 61 - | true (no --list, single aphorism): exits quietly, zero stderr
test (20)	Coverage report (informational, not a gate)	2026-08-24T15:02:12.0220040Z   ---
test (20)	Coverage report (informational, not a gate)	2026-08-24T15:02:12.0220785Z   duration_ms: 63.636953
test (20)	Coverage report (informational, not a gate)	2026-08-24T15:02:12.0221036Z   ...
test (20)	Coverage report (informational, not a gate)	2026-08-24T15:02:12.0221421Z # Subtest: --list | head -0: exits quietly, zero stderr, no crash banner
test (20)	Coverage report (informational, not a gate)	2026-08-24T15:02:12.0222256Z ok 62 - --list | head -0: exits quietly, zero stderr, no crash banner
test (20)	Coverage report (informational, not a gate)	2026-08-24T15:02:12.0222609Z   ---
test (20)	Coverage report (informational, not a gate)	2026-08-24T15:02:12.0222799Z   duration_ms: 64.201096
test (20)	Coverage report (informational, not a gate)	2026-08-24T15:02:12.0223016Z   ...
test (20)	Coverage report (informational, not a gate)	2026-08-24T15:02:12.0223419Z # Subtest: --list | /nonexistent-cmd-xyz: no crash banner from the CLI itself
test (20)	Coverage report (informational, not a gate)	2026-08-24T15:02:12.0224009Z ok 63 - --list | /nonexistent-cmd-xyz: no crash banner from the CLI itself
test (20)	Coverage report (informational, not a gate)	2026-08-24T15:02:12.0224394Z   ---
test (20)	Coverage report (informational, not a gate)	2026-08-24T15:02:12.0224583Z   duration_ms: 61.061427
test (20)	Coverage report (informational, not a gate)	2026-08-24T15:02:12.0224800Z   ...
test (20)	Coverage report (informational, not a gate)	2026-08-24T15:02:12.0225254Z # Subtest: non-EPIPE stdout write failure: reported, not silent, not exit 1, no stack trace
test (20)	Coverage report (informational, not a gate)	2026-08-24T15:02:12.0225935Z ok 64 - non-EPIPE stdout write failure: reported, not silent, not exit 1, no stack trace
test (20)	Coverage report (informational, not a gate)	2026-08-24T15:02:12.0226348Z   ---
test (20)	Coverage report (informational, not a gate)	2026-08-24T15:02:12.0226543Z   duration_ms: 63.870189
test (20)	Coverage report (informational, not a gate)	2026-08-24T15:02:12.0226756Z   ...
test (20)	Coverage report (informational, not a gate)	2026-08-24T15:02:12.0281929Z # Subtest: usage error survives a closed stderr reader: still exits 2, not clobbered to 1
test (20)	Coverage report (informational, not a gate)	2026-08-24T15:02:12.0283303Z ok 65 - usage error survives a closed stderr reader: still exits 2, not clobbered to 1
test (20)	Coverage report (informational, not a gate)	2026-08-24T15:02:12.0284030Z   ---
test (20)	Coverage report (informational, not a gate)	2026-08-24T15:02:12.0284369Z   duration_ms: 163.99587
test (20)	Coverage report (informational, not a gate)	2026-08-24T15:02:12.0284761Z   ...
test (20)	Coverage report (informational, not a gate)	2026-08-24T15:02:12.0285597Z # Subtest: no-match exit code survives a closed stderr reader: still exits 1, not misreported
test (20)	Coverage report (informational, not a gate)	2026-08-24T15:02:12.0286836Z ok 66 - no-match exit code survives a closed stderr reader: still exits 1, not misreported
test (20)	Coverage report (informational, not a gate)	2026-08-24T15:02:12.0287574Z   ---
test (20)	Coverage report (informational, not a gate)	2026-08-24T15:02:12.0288269Z   duration_ms: 128.67762
test (20)	Coverage report (informational, not a gate)	2026-08-24T15:02:12.0288660Z   ...
test (20)	Coverage report (informational, not a gate)	2026-08-24T15:02:12.0289506Z # Subtest: non-EPIPE stderr write failure: not silent, not the earned exit code, no stack trace
test (20)	Coverage report (informational, not a gate)	2026-08-24T15:02:12.0291171Z ok 67 - non-EPIPE stderr write failure: not silent, not the earned exit code, no stack trace
test (20)	Coverage report (informational, not a gate)	2026-08-24T15:02:12.0291955Z   ---
test (20)	Coverage report (informational, not a gate)	2026-08-24T15:02:12.0292302Z   duration_ms: 39.500923
test (20)	Coverage report (informational, not a gate)	2026-08-24T15:02:12.0292698Z   ...
test (20)	Coverage report (informational, not a gate)	2026-08-24T15:02:12.0293274Z # Subtest: control: --list | head -1 stays completely clean
test (20)	Coverage report (informational, not a gate)	2026-08-24T15:02:12.0294199Z ok 68 - control: --list | head -1 stays completely clean
test (20)	Coverage report (informational, not a gate)	2026-08-24T15:02:12.0294780Z   ---
test (20)	Coverage report (informational, not a gate)	2026-08-24T15:02:12.0295128Z   duration_ms: 39.546126
test (20)	Coverage report (informational, not a gate)	2026-08-24T15:02:12.0295505Z   ...
test (20)	Coverage report (informational, not a gate)	2026-08-24T15:02:12.0296064Z # Subtest: control: --list | head -5 stays completely clean
test (20)	Coverage report (informational, not a gate)	2026-08-24T15:02:12.0296817Z ok 69 - control: --list | head -5 stays completely clean
test (20)	Coverage report (informational, not a gate)	2026-08-24T15:02:12.0297325Z   ---
test (20)	Coverage report (informational, not a gate)	2026-08-24T15:02:12.0297644Z   duration_ms: 37.491632
test (20)	Coverage report (informational, not a gate)	2026-08-24T15:02:12.0298026Z   ...
test (20)	Coverage report (informational, not a gate)	2026-08-24T15:02:12.0298564Z # Subtest: control: --list | sed 1q stays completely clean
test (20)	Coverage report (informational, not a gate)	2026-08-24T15:02:12.0299329Z ok 70 - control: --list | sed 1q stays completely clean
test (20)	Coverage report (informational, not a gate)	2026-08-24T15:02:12.0299677Z   ---
test (20)	Coverage report (informational, not a gate)	2026-08-24T15:02:12.0299879Z   duration_ms: 37.910117
test (20)	Coverage report (informational, not a gate)	2026-08-24T15:02:12.0300098Z   ...
test (20)	Coverage report (informational, not a gate)	2026-08-24T15:02:12.0300771Z # Subtest: control: --list | grep -q . stays completely clean
test (20)	Coverage report (informational, not a gate)	2026-08-24T15:02:12.0301254Z ok 71 - control: --list | grep -q . stays completely clean
test (20)	Coverage report (informational, not a gate)	2026-08-24T15:02:12.0301581Z   ---
test (20)	Coverage report (informational, not a gate)	2026-08-24T15:02:12.0301777Z   duration_ms: 39.917923
test (20)	Coverage report (informational, not a gate)	2026-08-24T15:02:12.0301993Z   ...
test (20)	Coverage report (informational, not a gate)	2026-08-24T15:02:12.0302275Z # Subtest: control: | wc -l stays completely clean
test (20)	Coverage report (informational, not a gate)	2026-08-24T15:02:12.0302680Z ok 72 - control: | wc -l stays completely clean
test (20)	Coverage report (informational, not a gate)	2026-08-24T15:02:12.0302963Z   ---
test (20)	Coverage report (informational, not a gate)	2026-08-24T15:02:12.0303156Z   duration_ms: 37.872184
test (20)	Coverage report (informational, not a gate)	2026-08-24T15:02:12.0303374Z   ...
test (20)	Coverage report (informational, not a gate)	2026-08-24T15:02:12.0303721Z # Subtest: control: --list --json | head -2 stays completely clean
test (20)	Coverage report (informational, not a gate)	2026-08-24T15:02:12.0304214Z ok 73 - control: --list --json | head -2 stays completely clean
test (20)	Coverage report (informational, not a gate)	2026-08-24T15:02:12.0304553Z   ---
test (20)	Coverage report (informational, not a gate)	2026-08-24T15:02:12.0304742Z   duration_ms: 39.432265
test (20)	Coverage report (informational, not a gate)	2026-08-24T15:02:12.0304954Z   ...
test (20)	Coverage report (informational, not a gate)	2026-08-24T15:02:12.0305332Z # Subtest: control: exit 1 / exit 2 stderr messages and codes are unchanged
test (20)	Coverage report (informational, not a gate)	2026-08-24T15:02:12.0305886Z ok 74 - control: exit 1 / exit 2 stderr messages and codes are unchanged
test (20)	Coverage report (informational, not a gate)	2026-08-24T15:02:12.0306242Z   ---
test (20)	Coverage report (informational, not a gate)	2026-08-24T15:02:12.0306440Z   duration_ms: 73.596937
test (20)	Coverage report (informational, not a gate)	2026-08-24T15:02:12.0306883Z   ...
test (20)	Coverage report (informational, not a gate)	2026-08-24T15:02:12.0307300Z # Subtest: control: a normal (non-full) stdout target still exits 0 with empty stderr
test (20)	Coverage report (informational, not a gate)	2026-08-24T15:02:12.0307914Z ok 75 - control: a normal (non-full) stdout target still exits 0 with empty stderr
test (20)	Coverage report (informational, not a gate)	2026-08-24T15:02:12.0308298Z   ---
test (20)	Coverage report (informational, not a gate)	2026-08-24T15:02:12.0308485Z   duration_ms: 75.794646
test (20)	Coverage report (informational, not a gate)	2026-08-24T15:02:12.0308702Z   ...
test (20)	Coverage report (informational, not a gate)	2026-08-24T15:02:12.0309074Z # Subtest: README Node support matrix: table must be present and non-empty
test (20)	Coverage report (informational, not a gate)	2026-08-24T15:02:12.0309623Z ok 76 - README Node support matrix: table must be present and non-empty
test (20)	Coverage report (informational, not a gate)	2026-08-24T15:02:12.0311897Z   ---
test (20)	Coverage report (informational, not a gate)	2026-08-24T15:02:12.0312300Z   duration_ms: 2.879394
test (20)	Coverage report (informational, not a gate)	2026-08-24T15:02:12.0312687Z   ...
test (20)	Coverage report (informational, not a gate)	2026-08-24T15:02:12.0313557Z # Subtest: README Node support matrix: each row's own arithmetic must hold (tests = pass + fail + skipped)
test (20)	Coverage report (informational, not a gate)	2026-08-24T15:02:12.0314928Z ok 77 - README Node support matrix: each row's own arithmetic must hold (tests = pass + fail + skipped)
test (20)	Coverage report (informational, not a gate)	2026-08-24T15:02:12.0315727Z   ---
test (20)	Coverage report (informational, not a gate)	2026-08-24T15:02:12.0316066Z   duration_ms: 0.502039
test (20)	Coverage report (informational, not a gate)	2026-08-24T15:02:12.0316429Z   ...
test (20)	Coverage report (informational, not a gate)	2026-08-24T15:02:12.0317084Z # Subtest: README Node support matrix: all rows must agree with each other
test (20)	Coverage report (informational, not a gate)	2026-08-24T15:02:12.0318079Z ok 78 - README Node support matrix: all rows must agree with each other
test (20)	Coverage report (informational, not a gate)	2026-08-24T15:02:12.0318689Z   ---
test (20)	Coverage report (informational, not a gate)	2026-08-24T15:02:12.0319012Z   duration_ms: 0.439171
test (20)	Coverage report (informational, not a gate)	2026-08-24T15:02:12.0319375Z   ...
test (20)	Coverage report (informational, not a gate)	2026-08-24T15:02:12.0320505Z # Subtest: README Node support matrix: cited Actions run id must match between the link text and the link URL
test (20)	Coverage report (informational, not a gate)	2026-08-24T15:02:12.0322040Z ok 79 - README Node support matrix: cited Actions run id must match between the link text and the link URL
test (20)	Coverage report (informational, not a gate)	2026-08-24T15:02:12.0322742Z   ---
test (20)	Coverage report (informational, not a gate)	2026-08-24T15:02:12.0322940Z   duration_ms: 0.491249
test (20)	Coverage report (informational, not a gate)	2026-08-24T15:02:12.0323154Z   ...
test (20)	Coverage report (informational, not a gate)	2026-08-24T15:02:12.0323741Z # Subtest: README Node support matrix: cited commit must match between the prose and the falsification-condition command
test (20)	Coverage report (informational, not a gate)	2026-08-24T15:02:12.0324666Z ok 80 - README Node support matrix: cited commit must match between the prose and the falsification-condition command
test (20)	Coverage report (informational, not a gate)	2026-08-24T15:02:12.0325195Z   ---
test (20)	Coverage report (informational, not a gate)	2026-08-24T15:02:12.0325388Z   duration_ms: 1.595885
test (20)	Coverage report (informational, not a gate)	2026-08-24T15:02:12.0325599Z   ...
test (20)	Coverage report (informational, not a gate)	2026-08-24T15:02:12.0325863Z # Subtest: README tags must exist in corpus
test (20)	Coverage report (informational, not a gate)	2026-08-24T15:02:12.0326208Z ok 81 - README tags must exist in corpus
test (20)	Coverage report (informational, not a gate)	2026-08-24T15:02:12.0326478Z   ---
test (20)	Coverage report (informational, not a gate)	2026-08-24T15:02:12.0326671Z   duration_ms: 2.692326
test (20)	Coverage report (informational, not a gate)	2026-08-24T15:02:12.0326888Z   ...
test (20)	Coverage report (informational, not a gate)	2026-08-24T15:02:12.0327154Z # Subtest: README tag counts must match corpus
test (20)	Coverage report (informational, not a gate)	2026-08-24T15:02:12.0327522Z ok 82 - README tag counts must match corpus
test (20)	Coverage report (informational, not a gate)	2026-08-24T15:02:12.0327796Z   ---
test (20)	Coverage report (informational, not a gate)	2026-08-24T15:02:12.0327987Z   duration_ms: 0.49238
test (20)	Coverage report (informational, not a gate)	2026-08-24T15:02:12.0328200Z   ...
test (20)	Coverage report (informational, not a gate)	2026-08-24T15:02:12.0328507Z # Subtest: README must state total unique tags correctly
test (20)	Coverage report (informational, not a gate)	2026-08-24T15:02:12.0328928Z ok 83 - README must state total unique tags correctly
test (20)	Coverage report (informational, not a gate)	2026-08-24T15:02:12.0329220Z   ---
test (20)	Coverage report (informational, not a gate)	2026-08-24T15:02:12.0329413Z   duration_ms: 1.065853
test (20)	Coverage report (informational, not a gate)	2026-08-24T15:02:12.0329635Z   ...
test (20)	Coverage report (informational, not a gate)	2026-08-24T15:02:12.0329909Z # Subtest: README must list all single-entry tags
test (20)	Coverage report (informational, not a gate)	2026-08-24T15:02:12.0330628Z ok 84 - README must list all single-entry tags
test (20)	Coverage report (informational, not a gate)	2026-08-24T15:02:12.0331143Z   ---
test (20)	Coverage report (informational, not a gate)	2026-08-24T15:02:12.0331500Z   duration_ms: 0.445733
test (20)	Coverage report (informational, not a gate)	2026-08-24T15:02:12.0331857Z   ...
test (20)	Coverage report (informational, not a gate)	2026-08-24T15:02:12.0332989Z # Subtest: assertTagVocabCountsTableWellFormed fails loud on a DUPLICATED row label, whichever order the rows appear in (Q-4)
test (20)	Coverage report (informational, not a gate)	2026-08-24T15:02:12.0334822Z ok 85 - assertTagVocabCountsTableWellFormed fails loud on a DUPLICATED row label, whichever order the rows appear in (Q-4)
test (20)	Coverage report (informational, not a gate)	2026-08-24T15:02:12.0335842Z   ---
test (20)	Coverage report (informational, not a gate)	2026-08-24T15:02:12.0336207Z   duration_ms: 1.990421
test (20)	Coverage report (informational, not a gate)	2026-08-24T15:02:12.0336678Z   ...
test (20)	Coverage report (informational, not a gate)	2026-08-24T15:02:12.0337648Z # Subtest: assertTagVocabCountsTableWellFormed fails loud on a row label no guard in this file reads (Q-4)
test (20)	Coverage report (informational, not a gate)	2026-08-24T15:02:12.0338531Z ok 86 - assertTagVocabCountsTableWellFormed fails loud on a row label no guard in this file reads (Q-4)
test (20)	Coverage report (informational, not a gate)	2026-08-24T15:02:12.0339023Z   ---
test (20)	Coverage report (informational, not a gate)	2026-08-24T15:02:12.0339484Z   duration_ms: 1.958592
test (20)	Coverage report (informational, not a gate)	2026-08-24T15:02:12.0339702Z   ...
test (20)	Coverage report (informational, not a gate)	2026-08-24T15:02:12.0340712Z # Subtest: parseTagVocabCountsTable returns null when the counts table is missing or malformed, and both readers fail loud on that null (Q-4)
test (20)	Coverage report (informational, not a gate)	2026-08-24T15:02:12.0341820Z ok 87 - parseTagVocabCountsTable returns null when the counts table is missing or malformed, and both readers fail loud on that null (Q-4)
test (20)	Coverage report (informational, not a gate)	2026-08-24T15:02:12.0342415Z   ---
test (20)	Coverage report (informational, not a gate)	2026-08-24T15:02:12.0342621Z   duration_ms: 0.664292
test (20)	Coverage report (informational, not a gate)	2026-08-24T15:02:12.0342833Z   ...
test (20)	Coverage report (informational, not a gate)	2026-08-24T15:02:12.0343387Z # Subtest: readTagVocabCount fails loud when a row value is not a plain integer, or when its row is absent (Q-4)
test (20)	Coverage report (informational, not a gate)	2026-08-24T15:02:12.0344225Z ok 88 - readTagVocabCount fails loud when a row value is not a plain integer, or when its row is absent (Q-4)
test (20)	Coverage report (informational, not a gate)	2026-08-24T15:02:12.0344723Z   ---
test (20)	Coverage report (informational, not a gate)	2026-08-24T15:02:12.0344925Z   duration_ms: 2.394357
test (20)	Coverage report (informational, not a gate)	2026-08-24T15:02:12.0345143Z   ...
test (20)	Coverage report (informational, not a gate)	2026-08-24T15:02:12.0346135Z # Subtest: extractBandTablesFromReadme tolerates a prose sentence between a band heading and its table (T-025), without mis-attaching a table when the real one is missing
test (20)	Coverage report (informational, not a gate)	2026-08-24T15:02:12.0347507Z ok 89 - extractBandTablesFromReadme tolerates a prose sentence between a band heading and its table (T-025), without mis-attaching a table when the real one is missing
test (20)	Coverage report (informational, not a gate)	2026-08-24T15:02:12.0348242Z   ---
test (20)	Coverage report (informational, not a gate)	2026-08-24T15:02:12.0348436Z   duration_ms: 1.384609
test (20)	Coverage report (informational, not a gate)	2026-08-24T15:02:12.0348665Z   ...
test (20)	Coverage report (informational, not a gate)	2026-08-24T15:02:12.0349262Z # Subtest: extractBandTablesFromReadme does not let a band-shaped PROSE line steal a real heading's table (T-039)
test (20)	Coverage report (informational, not a gate)	2026-08-24T15:02:12.0350707Z ok 90 - extractBandTablesFromReadme does not let a band-shaped PROSE line steal a real heading's table (T-039)
test (20)	Coverage report (informational, not a gate)	2026-08-24T15:02:12.0351261Z   ---
test (20)	Coverage report (informational, not a gate)	2026-08-24T15:02:12.0351474Z   duration_ms: 0.335637
test (20)	Coverage report (informational, not a gate)	2026-08-24T15:02:12.0351700Z   ...
test (20)	Coverage report (informational, not a gate)	2026-08-24T15:02:12.0352232Z # Subtest: extractBandTablesFromReadme does not read a fenced example block as a second, real band table
test (20)	Coverage report (informational, not a gate)	2026-08-24T15:02:12.0353077Z ok 91 - extractBandTablesFromReadme does not read a fenced example block as a second, real band table
test (20)	Coverage report (informational, not a gate)	2026-08-24T15:02:12.0353594Z   ---
test (20)	Coverage report (informational, not a gate)	2026-08-24T15:02:12.0353802Z   duration_ms: 0.285794
test (20)	Coverage report (informational, not a gate)	2026-08-24T15:02:12.0354035Z   ...
test (20)	Coverage report (informational, not a gate)	2026-08-24T15:02:12.0355005Z # Subtest: extractBandTablesFromReadme's recognised bands account for every structural `| Tag | Count |` table -- a table under an unrecognised heading shape is a loud mismatch, not a silent miss
test (20)	Coverage report (informational, not a gate)	2026-08-24T15:02:12.0356600Z ok 92 - extractBandTablesFromReadme's recognised bands account for every structural `| Tag | Count |` table -- a table under an unrecognised heading shape is a loud mismatch, not a silent miss
test (20)	Coverage report (informational, not a gate)	2026-08-24T15:02:12.0357439Z   ---
test (20)	Coverage report (informational, not a gate)	2026-08-24T15:02:12.0357647Z   duration_ms: 0.582149
test (20)	Coverage report (informational, not a gate)	2026-08-24T15:02:12.0357893Z   ...
test (20)	Coverage report (informational, not a gate)	2026-08-24T15:02:12.0358731Z # Subtest: every `| Tag | Count |` table in the real README Tag vocabulary section is a recognised band table (no table may hide under an unrecognised heading shape)
test (20)	Coverage report (informational, not a gate)	2026-08-24T15:02:12.0360097Z ok 93 - every `| Tag | Count |` table in the real README Tag vocabulary section is a recognised band table (no table may hide under an unrecognised heading shape)
test (20)	Coverage report (informational, not a gate)	2026-08-24T15:02:12.0361048Z   ---
test (20)	Coverage report (informational, not a gate)	2026-08-24T15:02:12.0361278Z   duration_ms: 0.725677
test (20)	Coverage report (informational, not a gate)	2026-08-24T15:02:12.0361527Z   ...
test (20)	Coverage report (informational, not a gate)	2026-08-24T15:02:12.0362129Z # Subtest: every band table in README Tag vocabulary contains exactly the corpus tags whose count fits that band
test (20)	Coverage report (informational, not a gate)	2026-08-24T15:02:12.0363069Z ok 94 - every band table in README Tag vocabulary contains exactly the corpus tags whose count fits that band
test (20)	Coverage report (informational, not a gate)	2026-08-24T15:02:12.0363633Z   ---
test (20)	Coverage report (informational, not a gate)	2026-08-24T15:02:12.0363855Z   duration_ms: 0.613297
test (20)	Coverage report (informational, not a gate)	2026-08-24T15:02:12.0364103Z   ...
test (20)	Coverage report (informational, not a gate)	2026-08-24T15:02:12.0364791Z # Subtest: every corpus tag appearing on 2+ entries must have a row in some band table (no band table may be deleted wholesale) (T-019)
test (20)	Coverage report (informational, not a gate)	2026-08-24T15:02:12.0365856Z ok 95 - every corpus tag appearing on 2+ entries must have a row in some band table (no band table may be deleted wholesale) (T-019)
test (20)	Coverage report (informational, not a gate)	2026-08-24T15:02:12.0366744Z   ---
test (20)	Coverage report (informational, not a gate)	2026-08-24T15:02:12.0366987Z   duration_ms: 0.566679
test (20)	Coverage report (informational, not a gate)	2026-08-24T15:02:12.0367275Z   ...
test (20)	Coverage report (informational, not a gate)	2026-08-24T15:02:12.0368191Z # Subtest: extractBandTablesFromReadme derives a band's row count purely from its table, ignoring decoy "N tags" phrases in the heading line (T-024b)
test (20)	Coverage report (informational, not a gate)	2026-08-24T15:02:12.0369518Z ok 96 - extractBandTablesFromReadme derives a band's row count purely from its table, ignoring decoy "N tags" phrases in the heading line (T-024b)
test (20)	Coverage report (informational, not a gate)	2026-08-24T15:02:12.0370137Z   ---
test (20)	Coverage report (informational, not a gate)	2026-08-24T15:02:12.0370718Z   duration_ms: 0.33702
test (20)	Coverage report (informational, not a gate)	2026-08-24T15:02:12.0371153Z   ...
test (20)	Coverage report (informational, not a gate)	2026-08-24T15:02:12.0371899Z # Subtest: README must state correct multi-entry and single-entry tag counts
test (20)	Coverage report (informational, not a gate)	2026-08-24T15:02:12.0372645Z ok 97 - README must state correct multi-entry and single-entry tag counts
test (20)	Coverage report (informational, not a gate)	2026-08-24T15:02:12.0373021Z   ---
test (20)	Coverage report (informational, not a gate)	2026-08-24T15:02:12.0373208Z   duration_ms: 0.544639
test (20)	Coverage report (informational, not a gate)	2026-08-24T15:02:12.0373419Z   ...
test (20)	Coverage report (informational, not a gate)	2026-08-24T15:02:12.0373885Z # Subtest: README Tag vocabulary section must contain no unrecognised count-claim digits (J-5)
test (20)	Coverage report (informational, not a gate)	2026-08-24T15:02:12.0374599Z ok 98 - README Tag vocabulary section must contain no unrecognised count-claim digits (J-5)
test (20)	Coverage report (informational, not a gate)	2026-08-24T15:02:12.0375018Z   ---
test (20)	Coverage report (informational, not a gate)	2026-08-24T15:02:12.0375207Z   duration_ms: 0.560027
test (20)	Coverage report (informational, not a gate)	2026-08-24T15:02:12.0375411Z   ...
test (20)	Coverage report (informational, not a gate)	2026-08-24T15:02:12.0375924Z # Subtest: README Attribution table "Entries ranked" count must match corpus.length and the triage doc (C1)
test (20)	Coverage report (informational, not a gate)	2026-08-24T15:02:12.0376720Z ok 99 - README Attribution table "Entries ranked" count must match corpus.length and the triage doc (C1)
test (20)	Coverage report (informational, not a gate)	2026-08-24T15:02:12.0377398Z   ---
test (20)	Coverage report (informational, not a gate)	2026-08-24T15:02:12.0377595Z   duration_ms: 1.730625
test (20)	Coverage report (informational, not a gate)	2026-08-24T15:02:12.0377802Z   ...
test (20)	Coverage report (informational, not a gate)	2026-08-24T15:02:12.0378264Z # Subtest: README Attribution table "Rated HIGH risk" count must match the triage doc table (C2)
test (20)	Coverage report (informational, not a gate)	2026-08-24T15:02:12.0378977Z ok 100 - README Attribution table "Rated HIGH risk" count must match the triage doc table (C2)
test (20)	Coverage report (informational, not a gate)	2026-08-24T15:02:12.0379401Z   ---
test (20)	Coverage report (informational, not a gate)	2026-08-24T15:02:12.0379586Z   duration_ms: 0.843918
test (20)	Coverage report (informational, not a gate)	2026-08-24T15:02:12.0379798Z   ...
test (20)	Coverage report (informational, not a gate)	2026-08-24T15:02:12.0380571Z # Subtest: README Attribution section must contain no digit runs outside the counts table (C7)
test (20)	Coverage report (informational, not a gate)	2026-08-24T15:02:12.0381335Z ok 101 - README Attribution section must contain no digit runs outside the counts table (C7)
test (20)	Coverage report (informational, not a gate)	2026-08-24T15:02:12.0381761Z   ---
test (20)	Coverage report (informational, not a gate)	2026-08-24T15:02:12.0381955Z   duration_ms: 0.630128
test (20)	Coverage report (informational, not a gate)	2026-08-24T15:02:12.0382166Z   ...
test (20)	Coverage report (informational, not a gate)	2026-08-24T15:02:12.0382502Z # Subtest: README Layout section paths must exist on disk (C6)
test (20)	Coverage report (informational, not a gate)	2026-08-24T15:02:12.0382963Z ok 102 - README Layout section paths must exist on disk (C6)
test (20)	Coverage report (informational, not a gate)	2026-08-24T15:02:12.0383279Z   ---
test (20)	Coverage report (informational, not a gate)	2026-08-24T15:02:12.0383463Z   duration_ms: 1.43884
test (20)	Coverage report (informational, not a gate)	2026-08-24T15:02:12.0383672Z   ...
test (20)	Coverage report (informational, not a gate)	2026-08-24T15:02:12.0384231Z # Subtest: getListBehaviourSection tolerates a reformatted "--list behaviour" heading with no backticks (T-021)
test (20)	Coverage report (informational, not a gate)	2026-08-24T15:02:12.0385135Z ok 103 - getListBehaviourSection tolerates a reformatted "--list behaviour" heading with no backticks (T-021)
test (20)	Coverage report (informational, not a gate)	2026-08-24T15:02:12.0385626Z   ---
test (20)	Coverage report (informational, not a gate)	2026-08-24T15:02:12.0385814Z   duration_ms: 0.73816
test (20)	Coverage report (informational, not a gate)	2026-08-24T15:02:12.0386030Z   ...
test (20)	Coverage report (informational, not a gate)	2026-08-24T15:02:12.0386753Z # Subtest: getListBehaviourSection still fails on a SEPARATOR MISMATCH (not a heading-parse error) when a reformatted heading's literal is mutated (T-021)
test (20)	Coverage report (informational, not a gate)	2026-08-24T15:02:12.0387921Z ok 104 - getListBehaviourSection still fails on a SEPARATOR MISMATCH (not a heading-parse error) when a reformatted heading's literal is mutated (T-021)
test (20)	Coverage report (informational, not a gate)	2026-08-24T15:02:12.0388549Z   ---
test (20)	Coverage report (informational, not a gate)	2026-08-24T15:02:12.0388737Z   duration_ms: 0.459589
test (20)	Coverage report (informational, not a gate)	2026-08-24T15:02:12.0389119Z   ...
test (20)	Coverage report (informational, not a gate)	2026-08-24T15:02:12.0390135Z # Subtest: getListBehaviourSection reports ambiguity loudly instead of taking the first of two qualifying headings (T-021)
test (20)	Coverage report (informational, not a gate)	2026-08-24T15:02:12.0392048Z ok 105 - getListBehaviourSection reports ambiguity loudly instead of taking the first of two qualifying headings (T-021)
test (20)	Coverage report (informational, not a gate)	2026-08-24T15:02:12.0393081Z   ---
test (20)	Coverage report (informational, not a gate)	2026-08-24T15:02:12.0393408Z   duration_ms: 0.494234
test (20)	Coverage report (informational, not a gate)	2026-08-24T15:02:12.0393768Z   ...
test (20)	Coverage report (informational, not a gate)	2026-08-24T15:02:12.0394401Z # Subtest: getListBehaviourSection does not let "--list-only" satisfy the standalone `--list` token (T-021)
test (20)	Coverage report (informational, not a gate)	2026-08-24T15:02:12.0395452Z ok 106 - getListBehaviourSection does not let "--list-only" satisfy the standalone `--list` token (T-021)
test (20)	Coverage report (informational, not a gate)	2026-08-24T15:02:12.0395927Z   ---
test (20)	Coverage report (informational, not a gate)	2026-08-24T15:02:12.0396119Z   duration_ms: 0.386833
test (20)	Coverage report (informational, not a gate)	2026-08-24T15:02:12.0396329Z   ...
test (20)	Coverage report (informational, not a gate)	2026-08-24T15:02:12.0396830Z # Subtest: getListBehaviourSection tolerates the American spelling "behavior" in the heading (T-027)
test (20)	Coverage report (informational, not a gate)	2026-08-24T15:02:12.0397600Z ok 107 - getListBehaviourSection tolerates the American spelling "behavior" in the heading (T-027)
test (20)	Coverage report (informational, not a gate)	2026-08-24T15:02:12.0398055Z   ---
test (20)	Coverage report (informational, not a gate)	2026-08-24T15:02:12.0398252Z   duration_ms: 0.232114
test (20)	Coverage report (informational, not a gate)	2026-08-24T15:02:12.0398466Z   ...
test (20)	Coverage report (informational, not a gate)	2026-08-24T15:02:12.0399133Z # Subtest: getListBehaviourSection still fails on a SEPARATOR MISMATCH (not a heading-parse error) under an American-spelled heading (T-027)
test (20)	Coverage report (informational, not a gate)	2026-08-24T15:02:12.0400475Z ok 108 - getListBehaviourSection still fails on a SEPARATOR MISMATCH (not a heading-parse error) under an American-spelled heading (T-027)
test (20)	Coverage report (informational, not a gate)	2026-08-24T15:02:12.0401113Z   ---
test (20)	Coverage report (informational, not a gate)	2026-08-24T15:02:12.0401308Z   duration_ms: 0.296445
test (20)	Coverage report (informational, not a gate)	2026-08-24T15:02:12.0401531Z   ...
test (20)	Coverage report (informational, not a gate)	2026-08-24T15:02:12.0402008Z # Subtest: README `--list` format literal matches the shipped binary's actual --list output (T-017)
test (20)	Coverage report (informational, not a gate)	2026-08-24T15:02:12.0402739Z ok 109 - README `--list` format literal matches the shipped binary's actual --list output (T-017)
test (20)	Coverage report (informational, not a gate)	2026-08-24T15:02:12.0403170Z   ---
test (20)	Coverage report (informational, not a gate)	2026-08-24T15:02:12.0403360Z   duration_ms: 68.080782
test (20)	Coverage report (informational, not a gate)	2026-08-24T15:02:12.0403577Z   ...
test (20)	Coverage report (informational, not a gate)	2026-08-24T15:02:12.0404258Z # Subtest: README `--author` matching section must state the correct count of distinct corpus authors (Q-8)
test (20)	Coverage report (informational, not a gate)	2026-08-24T15:02:12.0405052Z ok 110 - README `--author` matching section must state the correct count of distinct corpus authors (Q-8)
test (20)	Coverage report (informational, not a gate)	2026-08-24T15:02:12.0405509Z   ---
test (20)	Coverage report (informational, not a gate)	2026-08-24T15:02:12.0405696Z   duration_ms: 0.86108
test (20)	Coverage report (informational, not a gate)	2026-08-24T15:02:12.0405906Z   ...
test (20)	Coverage report (informational, not a gate)	2026-08-24T15:02:12.0406159Z # Subtest: corpus has at least 40 entries
test (20)	Coverage report (informational, not a gate)	2026-08-24T15:02:12.0406508Z ok 111 - corpus has at least 40 entries
test (20)	Coverage report (informational, not a gate)	2026-08-24T15:02:12.0406765Z   ---
test (20)	Coverage report (informational, not a gate)	2026-08-24T15:02:12.0406951Z   duration_ms: 2.565497
test (20)	Coverage report (informational, not a gate)	2026-08-24T15:02:12.0407159Z   ...
test (20)	Coverage report (informational, not a gate)	2026-08-24T15:02:12.0407581Z # Subtest: every corpus entry has non-empty text, non-empty author, and an array of tags
test (20)	Coverage report (informational, not a gate)	2026-08-24T15:02:12.0408227Z ok 112 - every corpus entry has non-empty text, non-empty author, and an array of tags
test (20)	Coverage report (informational, not a gate)	2026-08-24T15:02:12.0408628Z   ---
test (20)	Coverage report (informational, not a gate)	2026-08-24T15:02:12.0408813Z   duration_ms: 2.210544
test (20)	Coverage report (informational, not a gate)	2026-08-24T15:02:12.0409016Z   ...
test (20)	Coverage report (informational, not a gate)	2026-08-24T15:02:12.0409298Z # Subtest: filter: author match is case-insensitive
test (20)	Coverage report (informational, not a gate)	2026-08-24T15:02:12.0409690Z ok 113 - filter: author match is case-insensitive
test (20)	Coverage report (informational, not a gate)	2026-08-24T15:02:12.0409978Z   ---
test (20)	Coverage report (informational, not a gate)	2026-08-24T15:02:12.0410166Z   duration_ms: 1.481069
test (20)	Coverage report (informational, not a gate)	2026-08-24T15:02:12.0410678Z   ...
test (20)	Coverage report (informational, not a gate)	2026-08-24T15:02:12.0410960Z # Subtest: filter: tag match is case-insensitive
test (20)	Coverage report (informational, not a gate)	2026-08-24T15:02:12.0411345Z ok 114 - filter: tag match is case-insensitive
test (20)	Coverage report (informational, not a gate)	2026-08-24T15:02:12.0411622Z   ---
test (20)	Coverage report (informational, not a gate)	2026-08-24T15:02:12.0411806Z   duration_ms: 0.457215
test (20)	Coverage report (informational, not a gate)	2026-08-24T15:02:12.0412019Z   ...
test (20)	Coverage report (informational, not a gate)	2026-08-24T15:02:12.0412395Z # Subtest: filter: author and tag together narrow to the intersection (AND)
test (20)	Coverage report (informational, not a gate)	2026-08-24T15:02:12.0412954Z ok 115 - filter: author and tag together narrow to the intersection (AND)
test (20)	Coverage report (informational, not a gate)	2026-08-24T15:02:12.0413304Z   ---
test (20)	Coverage report (informational, not a gate)	2026-08-24T15:02:12.0413491Z   duration_ms: 0.537274
test (20)	Coverage report (informational, not a gate)	2026-08-24T15:02:12.0413695Z   ...
test (20)	Coverage report (informational, not a gate)	2026-08-24T15:02:12.0414009Z # Subtest: filter: undefined/absent options do not filter
test (20)	Coverage report (informational, not a gate)	2026-08-24T15:02:12.0414439Z ok 116 - filter: undefined/absent options do not filter
test (20)	Coverage report (informational, not a gate)	2026-08-24T15:02:12.0414739Z   ---
test (20)	Coverage report (informational, not a gate)	2026-08-24T15:02:12.0414925Z   duration_ms: 0.263282
test (20)	Coverage report (informational, not a gate)	2026-08-24T15:02:12.0415127Z   ...
test (20)	Coverage report (informational, not a gate)	2026-08-24T15:02:12.0415521Z # Subtest: pick: same seed over the same candidates always returns the same element
test (20)	Coverage report (informational, not a gate)	2026-08-24T15:02:12.0416124Z ok 117 - pick: same seed over the same candidates always returns the same element
test (20)	Coverage report (informational, not a gate)	2026-08-24T15:02:12.0416493Z   ---
test (20)	Coverage report (informational, not a gate)	2026-08-24T15:02:12.0416675Z   duration_ms: 0.557452
test (20)	Coverage report (informational, not a gate)	2026-08-24T15:02:12.0416876Z   ...
test (20)	Coverage report (informational, not a gate)	2026-08-24T15:02:12.0417367Z # Subtest: pick: different seeds generally produce different results
test (20)	Coverage report (informational, not a gate)	2026-08-24T15:02:12.0417871Z ok 118 - pick: different seeds generally produce different results
test (20)	Coverage report (informational, not a gate)	2026-08-24T15:02:12.0418204Z   ---
test (20)	Coverage report (informational, not a gate)	2026-08-24T15:02:12.0418388Z   duration_ms: 0.418663
test (20)	Coverage report (informational, not a gate)	2026-08-24T15:02:12.0418593Z   ...
test (20)	Coverage report (informational, not a gate)	2026-08-24T15:02:12.0418928Z # Subtest: pick: undefined seed picks a valid member (random mode)
test (20)	Coverage report (informational, not a gate)	2026-08-24T15:02:12.0419412Z ok 119 - pick: undefined seed picks a valid member (random mode)
test (20)	Coverage report (informational, not a gate)	2026-08-24T15:02:12.0419741Z   ---
test (20)	Coverage report (informational, not a gate)	2026-08-24T15:02:12.0419934Z   duration_ms: 0.23009
test (20)	Coverage report (informational, not a gate)	2026-08-24T15:02:12.0420136Z   ...
test (20)	Coverage report (informational, not a gate)	2026-08-24T15:02:12.0420859Z # Subtest: pick: null seed also triggers random mode and returns a valid member
test (20)	Coverage report (informational, not a gate)	2026-08-24T15:02:12.0421444Z ok 120 - pick: null seed also triggers random mode and returns a valid member
test (20)	Coverage report (informational, not a gate)	2026-08-24T15:02:12.0421811Z   ---
test (20)	Coverage report (informational, not a gate)	2026-08-24T15:02:12.0421999Z   duration_ms: 0.210424
test (20)	Coverage report (informational, not a gate)	2026-08-24T15:02:12.0422216Z   ...
test (20)	Coverage report (informational, not a gate)	2026-08-24T15:02:12.0422535Z # Subtest: pick: throws RangeError on empty candidates array
test (20)	Coverage report (informational, not a gate)	2026-08-24T15:02:12.0422990Z ok 121 - pick: throws RangeError on empty candidates array
test (20)	Coverage report (informational, not a gate)	2026-08-24T15:02:12.0423298Z   ---
test (20)	Coverage report (informational, not a gate)	2026-08-24T15:02:12.0423487Z   duration_ms: 0.745875
test (20)	Coverage report (informational, not a gate)	2026-08-24T15:02:12.0423689Z   ...
test (20)	Coverage report (informational, not a gate)	2026-08-24T15:02:12.0424064Z # Subtest: pick: Infinity seed is deterministic and returns a valid member
test (20)	Coverage report (informational, not a gate)	2026-08-24T15:02:12.0424618Z ok 122 - pick: Infinity seed is deterministic and returns a valid member
test (20)	Coverage report (informational, not a gate)	2026-08-24T15:02:12.0424967Z   ---
test (20)	Coverage report (informational, not a gate)	2026-08-24T15:02:12.0425154Z   duration_ms: 0.305541
test (20)	Coverage report (informational, not a gate)	2026-08-24T15:02:12.0425502Z   ...
test (20)	Coverage report (informational, not a gate)	2026-08-24T15:02:12.0425876Z # Subtest: pick: -Infinity seed is deterministic and returns a valid member
test (20)	Coverage report (informational, not a gate)	2026-08-24T15:02:12.0426428Z ok 123 - pick: -Infinity seed is deterministic and returns a valid member
test (20)	Coverage report (informational, not a gate)	2026-08-24T15:02:12.0426782Z   ---
test (20)	Coverage report (informational, not a gate)	2026-08-24T15:02:12.0426964Z   duration_ms: 0.327251
test (20)	Coverage report (informational, not a gate)	2026-08-24T15:02:12.0427166Z   ...
test (20)	Coverage report (informational, not a gate)	2026-08-24T15:02:12.0427559Z # Subtest: pick: NaN seed still uses the random branch and returns a valid member
test (20)	Coverage report (informational, not a gate)	2026-08-24T15:02:12.0428143Z ok 124 - pick: NaN seed still uses the random branch and returns a valid member
test (20)	Coverage report (informational, not a gate)	2026-08-24T15:02:12.0428514Z   ---
test (20)	Coverage report (informational, not a gate)	2026-08-24T15:02:12.0428695Z   duration_ms: 0.209261
test (20)	Coverage report (informational, not a gate)	2026-08-24T15:02:12.0428899Z   ...
test (20)	Coverage report (informational, not a gate)	2026-08-24T15:02:12.0429294Z # Subtest: pick: finite seed determinism is unchanged by the non-finite-seed fix
test (20)	Coverage report (informational, not a gate)	2026-08-24T15:02:12.0429880Z ok 125 - pick: finite seed determinism is unchanged by the non-finite-seed fix
test (20)	Coverage report (informational, not a gate)	2026-08-24T15:02:12.0430473Z   ---
test (20)	Coverage report (informational, not a gate)	2026-08-24T15:02:12.0430675Z   duration_ms: 0.285594
test (20)	Coverage report (informational, not a gate)	2026-08-24T15:02:12.0430886Z   ...
test (20)	Coverage report (informational, not a gate)	2026-08-24T15:02:12.0431223Z # Subtest: pick: every candidate is REACHABLE by an unseeded draw
test (20)	Coverage report (informational, not a gate)	2026-08-24T15:02:12.0431701Z ok 126 - pick: every candidate is REACHABLE by an unseeded draw
test (20)	Coverage report (informational, not a gate)	2026-08-24T15:02:12.0432024Z   ---
test (20)	Coverage report (informational, not a gate)	2026-08-24T15:02:12.0432207Z   duration_ms: 2.644395
test (20)	Coverage report (informational, not a gate)	2026-08-24T15:02:12.0432416Z   ...
test (20)	Coverage report (informational, not a gate)	2026-08-24T15:02:12.0432850Z # Subtest: pick: unseeded draws split the interval EQUALLY across candidates (uniform)
test (20)	Coverage report (informational, not a gate)	2026-08-24T15:02:12.0433487Z ok 127 - pick: unseeded draws split the interval EQUALLY across candidates (uniform)
test (20)	Coverage report (informational, not a gate)	2026-08-24T15:02:12.0433886Z   ---
test (20)	Coverage report (informational, not a gate)	2026-08-24T15:02:12.0434069Z   duration_ms: 3.375141
test (20)	Coverage report (informational, not a gate)	2026-08-24T15:02:12.0434278Z   ...
test (20)	Coverage report (informational, not a gate)	2026-08-24T15:02:12.0434714Z # Subtest: pick: single-element candidates always returns that element regardless of seed
test (20)	Coverage report (informational, not a gate)	2026-08-24T15:02:12.0435382Z ok 128 - pick: single-element candidates always returns that element regardless of seed
test (20)	Coverage report (informational, not a gate)	2026-08-24T15:02:12.0435787Z   ---
test (20)	Coverage report (informational, not a gate)	2026-08-24T15:02:12.0435978Z   duration_ms: 0.215904
test (20)	Coverage report (informational, not a gate)	2026-08-24T15:02:12.0436188Z   ...
test (20)	Coverage report (informational, not a gate)	2026-08-24T15:02:12.0436359Z 1..128
test (20)	Coverage report (informational, not a gate)	2026-08-24T15:02:12.0436579Z # tests 128
test (20)	Coverage report (informational, not a gate)	2026-08-24T15:02:12.0436763Z # suites 0
test (20)	Coverage report (informational, not a gate)	2026-08-24T15:02:12.0436944Z # pass 126
test (20)	Coverage report (informational, not a gate)	2026-08-24T15:02:12.0437123Z # fail 0
test (20)	Coverage report (informational, not a gate)	2026-08-24T15:02:12.0437312Z # cancelled 0
test (20)	Coverage report (informational, not a gate)	2026-08-24T15:02:12.0437505Z # skipped 2
test (20)	Coverage report (informational, not a gate)	2026-08-24T15:02:12.0437685Z # todo 0
test (20)	Coverage report (informational, not a gate)	2026-08-24T15:02:12.0437890Z # duration_ms 3901.402573
test (20)	Coverage report (informational, not a gate)	2026-08-24T15:02:12.0438141Z # start of coverage report
test (20)	Coverage report (informational, not a gate)	2026-08-24T15:02:12.0438915Z # ---------------------------------------------------------------------------------------------------------------------------------------------------
test (20)	Coverage report (informational, not a gate)	2026-08-24T15:02:12.0439594Z # file                                   | line % | branch % | funcs % | uncovered lines
test (20)	Coverage report (informational, not a gate)	2026-08-24T15:02:12.0440550Z # ---------------------------------------------------------------------------------------------------------------------------------------------------
test (20)	Coverage report (informational, not a gate)	2026-08-24T15:02:12.0441203Z # bin/aphorism.js                        | 100.00 |    85.71 |  100.00 | 
test (20)	Coverage report (informational, not a gate)	2026-08-24T15:02:12.0441795Z # src/args.js                            | 100.00 |   100.00 |  100.00 | 
test (20)	Coverage report (informational, not a gate)	2026-08-24T15:02:12.0442250Z # src/corpus.js                          | 100.00 |   100.00 |  100.00 | 
test (20)	Coverage report (informational, not a gate)	2026-08-24T15:02:12.0442706Z # src/select.js                          | 100.00 |   100.00 |  100.00 | 
test (20)	Coverage report (informational, not a gate)	2026-08-24T15:02:12.0443170Z # test/args.test.js                      | 100.00 |   100.00 |  100.00 | 
test (20)	Coverage report (informational, not a gate)	2026-08-24T15:02:12.0443628Z # test/cli.test.js                       | 100.00 |   100.00 |  100.00 | 
test (20)	Coverage report (informational, not a gate)	2026-08-24T15:02:12.0444339Z # test/node-support-citation.test.js     |  69.26 |    40.00 |  100.00 | 128-130 139-141 162-168 176-184 196-205 207-222 234-249 251-269
test (20)	Coverage report (informational, not a gate)	2026-08-24T15:02:12.0445042Z # test/pipe.test.js                      |  96.73 |    83.33 |  100.00 | 50-51 89-91 163-165
test (20)	Coverage report (informational, not a gate)	2026-08-24T15:02:12.0445597Z # test/readme-matrix-consistency.test.js | 100.00 |    91.67 |  100.00 | 
test (20)	Coverage report (informational, not a gate)	2026-08-24T15:02:12.0446362Z # test/readme-tags.test.js               |  99.05 |    89.57 |   96.97 | 189-190 199-200 1079-1080 1082-1083 1097-1100 1924-1925 2275-2276 2475-2485
test (20)	Coverage report (informational, not a gate)	2026-08-24T15:02:12.0447161Z # test/select.test.js                    | 100.00 |    97.92 |  100.00 | 
test (20)	Coverage report (informational, not a gate)	2026-08-24T15:02:12.0447876Z # ---------------------------------------------------------------------------------------------------------------------------------------------------
test (20)	Coverage report (informational, not a gate)	2026-08-24T15:02:12.0448497Z # all files                              |  97.76 |    91.74 |   98.80 |
test (20)	Coverage report (informational, not a gate)	2026-08-24T15:02:12.0449192Z # ---------------------------------------------------------------------------------------------------------------------------------------------------
test (20)	Coverage report (informational, not a gate)	2026-08-24T15:02:12.0449702Z # end of coverage report
test (20)	Post Run actions/setup-node@v7	﻿2026-08-24T15:02:12.0552968Z Post job cleanup.
test (20)	Post Run actions/checkout@v7	﻿2026-08-24T15:02:12.1862553Z Post job cleanup.
test (20)	Post Run actions/checkout@v7	2026-08-24T15:02:12.2991405Z [command]/usr/bin/git version
test (20)	Post Run actions/checkout@v7	2026-08-24T15:02:12.3021696Z git version 2.55.0
test (20)	Post Run actions/checkout@v7	2026-08-24T15:02:12.3067909Z Temporarily overriding HOME='/home/runner/work/_temp/c3ecf11d-2212-4877-a362-ca565799564a' before making global git config changes
test (20)	Post Run actions/checkout@v7	2026-08-24T15:02:12.3069595Z Adding repository directory to the temporary git global config as a safe directory
test (20)	Post Run actions/checkout@v7	2026-08-24T15:02:12.3073588Z [command]/usr/bin/git config --global --add safe.directory /home/runner/work/aphorism-cli/aphorism-cli
test (20)	Post Run actions/checkout@v7	2026-08-24T15:02:12.3263473Z Removing SSH command configuration
test (20)	Post Run actions/checkout@v7	2026-08-24T15:02:12.3268429Z [command]/usr/bin/git config --local --name-only --get-regexp core\.sshCommand
test (20)	Post Run actions/checkout@v7	2026-08-24T15:02:12.3311564Z [command]/usr/bin/git submodule foreach --recursive sh -c "git config --local --name-only --get-regexp 'core\.sshCommand' && git config --local --unset-all 'core.sshCommand' || :"
test (20)	Post Run actions/checkout@v7	2026-08-24T15:02:12.3707299Z Removing HTTP extra header
test (20)	Post Run actions/checkout@v7	2026-08-24T15:02:12.3708706Z [command]/usr/bin/git config --local --name-only --get-regexp http\.https\:\/\/github\.com\/\.extraheader
test (20)	Post Run actions/checkout@v7	2026-08-24T15:02:12.3769339Z [command]/usr/bin/git submodule foreach --recursive sh -c "git config --local --name-only --get-regexp 'http\.https\:\/\/github\.com\/\.extraheader' && git config --local --unset-all 'http.https://github.com/.extraheader' || :"
test (20)	Post Run actions/checkout@v7	2026-08-24T15:02:12.4087705Z Removing includeIf entries pointing to credentials config files
test (20)	Post Run actions/checkout@v7	2026-08-24T15:02:12.4097434Z [command]/usr/bin/git config --local --name-only --get-regexp ^includeIf\.gitdir:
test (20)	Post Run actions/checkout@v7	2026-08-24T15:02:12.4137543Z includeif.gitdir:/home/runner/work/aphorism-cli/aphorism-cli/.git.path
test (20)	Post Run actions/checkout@v7	2026-08-24T15:02:12.4138974Z includeif.gitdir:/home/runner/work/aphorism-cli/aphorism-cli/.git/worktrees/*.path
test (20)	Post Run actions/checkout@v7	2026-08-24T15:02:12.4140906Z includeif.gitdir:/github/workspace/.git.path
test (20)	Post Run actions/checkout@v7	2026-08-24T15:02:12.4141815Z includeif.gitdir:/github/workspace/.git/worktrees/*.path
test (20)	Post Run actions/checkout@v7	2026-08-24T15:02:12.4160655Z [command]/usr/bin/git config --local --get-all includeif.gitdir:/home/runner/work/aphorism-cli/aphorism-cli/.git.path
test (20)	Post Run actions/checkout@v7	2026-08-24T15:02:12.4194614Z /home/runner/work/_temp/git-credentials-dbd25c2b-5435-4fe6-a6f6-45f34e61fa7f.config
test (20)	Post Run actions/checkout@v7	2026-08-24T15:02:12.4216894Z [command]/usr/bin/git config --local --unset includeif.gitdir:/home/runner/work/aphorism-cli/aphorism-cli/.git.path \/home\/runner\/work\/_temp\/git\-credentials\-dbd25c2b\-5435\-4fe6\-a6f6\-45f34e61fa7f\.config
test (20)	Post Run actions/checkout@v7	2026-08-24T15:02:12.4581739Z [command]/usr/bin/git config --local --get-all includeif.gitdir:/home/runner/work/aphorism-cli/aphorism-cli/.git/worktrees/*.path
test (20)	Post Run actions/checkout@v7	2026-08-24T15:02:12.4607580Z /home/runner/work/_temp/git-credentials-dbd25c2b-5435-4fe6-a6f6-45f34e61fa7f.config
test (20)	Post Run actions/checkout@v7	2026-08-24T15:02:12.4626555Z [command]/usr/bin/git config --local --unset includeif.gitdir:/home/runner/work/aphorism-cli/aphorism-cli/.git/worktrees/*.path \/home\/runner\/work\/_temp\/git\-credentials\-dbd25c2b\-5435\-4fe6\-a6f6\-45f34e61fa7f\.config
test (20)	Post Run actions/checkout@v7	2026-08-24T15:02:12.4689492Z [command]/usr/bin/git config --local --get-all includeif.gitdir:/github/workspace/.git.path
test (20)	Post Run actions/checkout@v7	2026-08-24T15:02:12.4718970Z /github/runner_temp/git-credentials-dbd25c2b-5435-4fe6-a6f6-45f34e61fa7f.config
test (20)	Post Run actions/checkout@v7	2026-08-24T15:02:12.4728204Z [command]/usr/bin/git config --local --unset includeif.gitdir:/github/workspace/.git.path \/github\/runner_temp\/git\-credentials\-dbd25c2b\-5435\-4fe6\-a6f6\-45f34e61fa7f\.config
test (20)	Post Run actions/checkout@v7	2026-08-24T15:02:12.5072996Z [command]/usr/bin/git config --local --get-all includeif.gitdir:/github/workspace/.git/worktrees/*.path
test (20)	Post Run actions/checkout@v7	2026-08-24T15:02:12.5099869Z /github/runner_temp/git-credentials-dbd25c2b-5435-4fe6-a6f6-45f34e61fa7f.config
test (20)	Post Run actions/checkout@v7	2026-08-24T15:02:12.5110071Z [command]/usr/bin/git config --local --unset includeif.gitdir:/github/workspace/.git/worktrees/*.path \/github\/runner_temp\/git\-credentials\-dbd25c2b\-5435\-4fe6\-a6f6\-45f34e61fa7f\.config
test (20)	Post Run actions/checkout@v7	2026-08-24T15:02:12.5152293Z [command]/usr/bin/git submodule foreach --recursive git config --local --show-origin --name-only --get-regexp remote.origin.url
test (20)	Post Run actions/checkout@v7	2026-08-24T15:02:12.5387463Z Removing credentials config '/home/runner/work/_temp/git-credentials-dbd25c2b-5435-4fe6-a6f6-45f34e61fa7f.config'
test (20)	Complete job	﻿2026-08-24T15:02:12.5533808Z Cleaning up orphan processes
test (22)	Set up job	﻿2026-08-24T15:01:56.9599406Z Current runner version: '2.336.0'
test (22)	Set up job	2026-08-24T15:01:56.9648284Z ##[group]Runner Image Provisioner
test (22)	Set up job	2026-08-24T15:01:56.9649210Z Hosted Compute Agent
test (22)	Set up job	2026-08-24T15:01:56.9649840Z Version: 20260729.566
test (22)	Set up job	2026-08-24T15:01:56.9650450Z Commit: cf7153fe6e25b664e8693c24944bf2b00355d109
test (22)	Set up job	2026-08-24T15:01:56.9651165Z Build Date: 2026-07-29T19:17:02Z
test (22)	Set up job	2026-08-24T15:01:56.9651858Z Worker ID: {4982410d-518f-47cf-9244-70fbd51521cb}
test (22)	Set up job	2026-08-24T15:01:56.9652553Z Azure Region: westcentralus
test (22)	Set up job	2026-08-24T15:01:56.9653139Z ##[endgroup]
test (22)	Set up job	2026-08-24T15:01:56.9654395Z ##[group]Operating System
test (22)	Set up job	2026-08-24T15:01:56.9655089Z Ubuntu
test (22)	Set up job	2026-08-24T15:01:56.9655651Z 24.04.4
test (22)	Set up job	2026-08-24T15:01:56.9656332Z LTS
test (22)	Set up job	2026-08-24T15:01:56.9657023Z ##[endgroup]
test (22)	Set up job	2026-08-24T15:01:56.9657580Z ##[group]Runner Image
test (22)	Set up job	2026-08-24T15:01:56.9658190Z Image: ubuntu-24.04
test (22)	Set up job	2026-08-24T15:01:56.9658764Z Version: 20260816.277.1
test (22)	Set up job	2026-08-24T15:01:56.9659772Z Included Software: https://github.com/actions/runner-images/blob/ubuntu24/20260816.277/images/ubuntu/Ubuntu2404-Readme.md
test (22)	Set up job	2026-08-24T15:01:56.9661834Z Image Release: https://github.com/actions/runner-images/releases/tag/ubuntu24%2F20260816.277
test (22)	Set up job	2026-08-24T15:01:56.9662743Z ##[endgroup]
test (22)	Set up job	2026-08-24T15:01:56.9663941Z ##[group]GITHUB_TOKEN Permissions
test (22)	Set up job	2026-08-24T15:01:56.9666321Z Contents: read
test (22)	Set up job	2026-08-24T15:01:56.9666929Z Metadata: read
test (22)	Set up job	2026-08-24T15:01:56.9667497Z Packages: read
test (22)	Set up job	2026-08-24T15:01:56.9668054Z ##[endgroup]
test (22)	Set up job	2026-08-24T15:01:56.9670059Z Secret source: Actions
test (22)	Set up job	2026-08-24T15:01:56.9671064Z Prepare workflow directory
test (22)	Set up job	2026-08-24T15:01:57.0032968Z Prepare all required actions
test (22)	Set up job	2026-08-24T15:01:57.0080412Z Getting action download info
test (22)	Set up job	2026-08-24T15:01:57.3350926Z Download action repository 'actions/checkout@v7' (SHA:3d3c42e5aac5ba805825da76410c181273ba90b1)
test (22)	Set up job	2026-08-24T15:01:57.4805344Z Download action repository 'actions/setup-node@v7' (SHA:820762786026740c76f36085b0efc47a31fe5020)
test (22)	Set up job	2026-08-24T15:01:57.6635892Z Complete job name: test (22)
test (22)	Run actions/checkout@v7	﻿2026-08-24T15:01:57.7349084Z ##[group]Run actions/checkout@v7
test (22)	Run actions/checkout@v7	2026-08-24T15:01:57.7350008Z with:
test (22)	Run actions/checkout@v7	2026-08-24T15:01:57.7350510Z   repository: trmnmc/aphorism-cli
test (22)	Run actions/checkout@v7	2026-08-24T15:01:57.7354455Z   token: ***
test (22)	Run actions/checkout@v7	2026-08-24T15:01:57.7354980Z   ssh-strict: true
test (22)	Run actions/checkout@v7	2026-08-24T15:01:57.7355500Z   ssh-user: git
test (22)	Run actions/checkout@v7	2026-08-24T15:01:57.7356030Z   persist-credentials: true
test (22)	Run actions/checkout@v7	2026-08-24T15:01:57.7356799Z   clean: true
test (22)	Run actions/checkout@v7	2026-08-24T15:01:57.7357358Z   sparse-checkout-cone-mode: true
test (22)	Run actions/checkout@v7	2026-08-24T15:01:57.7357960Z   fetch-depth: 1
test (22)	Run actions/checkout@v7	2026-08-24T15:01:57.7358458Z   fetch-tags: false
test (22)	Run actions/checkout@v7	2026-08-24T15:01:57.7358978Z   show-progress: true
test (22)	Run actions/checkout@v7	2026-08-24T15:01:57.7359482Z   lfs: false
test (22)	Run actions/checkout@v7	2026-08-24T15:01:57.7359963Z   submodules: false
test (22)	Run actions/checkout@v7	2026-08-24T15:01:57.7360493Z   set-safe-directory: true
test (22)	Run actions/checkout@v7	2026-08-24T15:01:57.7361041Z   allow-unsafe-pr-checkout: false
test (22)	Run actions/checkout@v7	2026-08-24T15:01:57.7361802Z ##[endgroup]
test (22)	Run actions/checkout@v7	2026-08-24T15:01:57.8366596Z Syncing repository: trmnmc/aphorism-cli
test (22)	Run actions/checkout@v7	2026-08-24T15:01:57.8369898Z ##[group]Getting Git version info
test (22)	Run actions/checkout@v7	2026-08-24T15:01:57.8371261Z Working directory is '/home/runner/work/aphorism-cli/aphorism-cli'
test (22)	Run actions/checkout@v7	2026-08-24T15:01:57.8373206Z [command]/usr/bin/git version
test (22)	Run actions/checkout@v7	2026-08-24T15:01:57.8395951Z git version 2.55.0
test (22)	Run actions/checkout@v7	2026-08-24T15:01:57.8414506Z ##[endgroup]
test (22)	Run actions/checkout@v7	2026-08-24T15:01:57.8423340Z Temporarily overriding HOME='/home/runner/work/_temp/418b9291-ec24-46f8-8a04-745f53678730' before making global git config changes
test (22)	Run actions/checkout@v7	2026-08-24T15:01:57.8425364Z Adding repository directory to the temporary git global config as a safe directory
test (22)	Run actions/checkout@v7	2026-08-24T15:01:57.8431969Z [command]/usr/bin/git config --global --add safe.directory /home/runner/work/aphorism-cli/aphorism-cli
test (22)	Run actions/checkout@v7	2026-08-24T15:01:57.8681077Z Deleting the contents of '/home/runner/work/aphorism-cli/aphorism-cli'
test (22)	Run actions/checkout@v7	2026-08-24T15:01:57.8683809Z ##[group]Determining repository object format
test (22)	Run actions/checkout@v7	2026-08-24T15:01:57.8685339Z ##[endgroup]
test (22)	Run actions/checkout@v7	2026-08-24T15:01:57.8686598Z ##[group]Initializing the repository
test (22)	Run actions/checkout@v7	2026-08-24T15:01:57.8690484Z [command]/usr/bin/git init /home/runner/work/aphorism-cli/aphorism-cli
test (22)	Run actions/checkout@v7	2026-08-24T15:01:57.8777485Z hint: Using 'master' as the name for the initial branch. This default branch name
test (22)	Run actions/checkout@v7	2026-08-24T15:01:57.8779753Z hint: will change to "main" in Git 3.0. To configure the initial branch name
test (22)	Run actions/checkout@v7	2026-08-24T15:01:57.8781858Z hint: to use in all of your new repositories, which will suppress this warning,
test (22)	Run actions/checkout@v7	2026-08-24T15:01:57.8783255Z hint: call:
test (22)	Run actions/checkout@v7	2026-08-24T15:01:57.8784052Z hint:
test (22)	Run actions/checkout@v7	2026-08-24T15:01:57.8784992Z hint: 	git config --global init.defaultBranch <name>
test (22)	Run actions/checkout@v7	2026-08-24T15:01:57.8786059Z hint:
test (22)	Run actions/checkout@v7	2026-08-24T15:01:57.8787301Z hint: Names commonly chosen instead of 'master' are 'main', 'trunk' and
test (22)	Run actions/checkout@v7	2026-08-24T15:01:57.8789023Z hint: 'development'. The just-created branch can be renamed via this command:
test (22)	Run actions/checkout@v7	2026-08-24T15:01:57.8790388Z hint:
test (22)	Run actions/checkout@v7	2026-08-24T15:01:57.8791184Z hint: 	git branch -m <name>
test (22)	Run actions/checkout@v7	2026-08-24T15:01:57.8792030Z hint:
test (22)	Run actions/checkout@v7	2026-08-24T15:01:57.8793658Z hint: Disable this message with "git config set advice.defaultBranchName false"
test (22)	Run actions/checkout@v7	2026-08-24T15:01:57.8795833Z Initialized empty Git repository in /home/runner/work/aphorism-cli/aphorism-cli/.git/
test (22)	Run actions/checkout@v7	2026-08-24T15:01:57.8798855Z [command]/usr/bin/git remote add origin https://github.com/trmnmc/aphorism-cli
test (22)	Run actions/checkout@v7	2026-08-24T15:01:57.8830494Z ##[endgroup]
test (22)	Run actions/checkout@v7	2026-08-24T15:01:57.8831752Z ##[group]Disabling automatic garbage collection
test (22)	Run actions/checkout@v7	2026-08-24T15:01:57.8832867Z [command]/usr/bin/git config --local gc.auto 0
test (22)	Run actions/checkout@v7	2026-08-24T15:01:57.8866053Z ##[endgroup]
test (22)	Run actions/checkout@v7	2026-08-24T15:01:57.8868151Z ##[group]Setting up auth
test (22)	Run actions/checkout@v7	2026-08-24T15:01:57.8869467Z Removing SSH command configuration
test (22)	Run actions/checkout@v7	2026-08-24T15:01:57.8871379Z [command]/usr/bin/git config --local --name-only --get-regexp core\.sshCommand
test (22)	Run actions/checkout@v7	2026-08-24T15:01:57.8900670Z [command]/usr/bin/git submodule foreach --recursive sh -c "git config --local --name-only --get-regexp 'core\.sshCommand' && git config --local --unset-all 'core.sshCommand' || :"
test (22)	Run actions/checkout@v7	2026-08-24T15:01:57.9213036Z Removing HTTP extra header
test (22)	Run actions/checkout@v7	2026-08-24T15:01:57.9215584Z [command]/usr/bin/git config --local --name-only --get-regexp http\.https\:\/\/github\.com\/\.extraheader
test (22)	Run actions/checkout@v7	2026-08-24T15:01:57.9247378Z [command]/usr/bin/git submodule foreach --recursive sh -c "git config --local --name-only --get-regexp 'http\.https\:\/\/github\.com\/\.extraheader' && git config --local --unset-all 'http.https://github.com/.extraheader' || :"
test (22)	Run actions/checkout@v7	2026-08-24T15:01:57.9440359Z Removing includeIf entries pointing to credentials config files
test (22)	Run actions/checkout@v7	2026-08-24T15:01:57.9446138Z [command]/usr/bin/git config --local --name-only --get-regexp ^includeIf\.gitdir:
test (22)	Run actions/checkout@v7	2026-08-24T15:01:57.9477368Z [command]/usr/bin/git submodule foreach --recursive git config --local --show-origin --name-only --get-regexp remote.origin.url
test (22)	Run actions/checkout@v7	2026-08-24T15:01:57.9661187Z [command]/usr/bin/git config --file /home/runner/work/_temp/git-credentials-6aa2e9da-4925-409a-a11d-cd80fa8517af.config http.https://github.com/.extraheader AUTHORIZATION: basic ***
test (22)	Run actions/checkout@v7	2026-08-24T15:01:57.9694372Z [command]/usr/bin/git config --local includeIf.gitdir:/home/runner/work/aphorism-cli/aphorism-cli/.git.path /home/runner/work/_temp/git-credentials-6aa2e9da-4925-409a-a11d-cd80fa8517af.config
test (22)	Run actions/checkout@v7	2026-08-24T15:01:57.9719895Z [command]/usr/bin/git config --local includeIf.gitdir:/home/runner/work/aphorism-cli/aphorism-cli/.git/worktrees/*.path /home/runner/work/_temp/git-credentials-6aa2e9da-4925-409a-a11d-cd80fa8517af.config
test (22)	Run actions/checkout@v7	2026-08-24T15:01:57.9747694Z [command]/usr/bin/git config --local includeIf.gitdir:/github/workspace/.git.path /github/runner_temp/git-credentials-6aa2e9da-4925-409a-a11d-cd80fa8517af.config
test (22)	Run actions/checkout@v7	2026-08-24T15:01:57.9774754Z [command]/usr/bin/git config --local includeIf.gitdir:/github/workspace/.git/worktrees/*.path /github/runner_temp/git-credentials-6aa2e9da-4925-409a-a11d-cd80fa8517af.config
test (22)	Run actions/checkout@v7	2026-08-24T15:01:57.9802007Z ##[endgroup]
test (22)	Run actions/checkout@v7	2026-08-24T15:01:57.9802929Z ##[group]Fetching the repository
test (22)	Run actions/checkout@v7	2026-08-24T15:01:57.9808482Z [command]/usr/bin/git -c protocol.version=2 fetch --no-tags --prune --no-recurse-submodules --depth=1 origin +02f4668b70658d9d06ee562034e47bcd9ade55c5:refs/remotes/origin/master
test (22)	Run actions/checkout@v7	2026-08-24T15:01:59.1662671Z From https://github.com/trmnmc/aphorism-cli
test (22)	Run actions/checkout@v7	2026-08-24T15:01:59.1664485Z  * [new ref]         02f4668b70658d9d06ee562034e47bcd9ade55c5 -> origin/master
test (22)	Run actions/checkout@v7	2026-08-24T15:01:59.1672757Z [command]/usr/bin/git branch --list --remote origin/master
test (22)	Run actions/checkout@v7	2026-08-24T15:01:59.1698624Z   origin/master
test (22)	Run actions/checkout@v7	2026-08-24T15:01:59.1714822Z [command]/usr/bin/git rev-parse refs/remotes/origin/master
test (22)	Run actions/checkout@v7	2026-08-24T15:01:59.1728098Z 02f4668b70658d9d06ee562034e47bcd9ade55c5
test (22)	Run actions/checkout@v7	2026-08-24T15:01:59.1731772Z ##[endgroup]
test (22)	Run actions/checkout@v7	2026-08-24T15:01:59.1733128Z ##[group]Determining the checkout info
test (22)	Run actions/checkout@v7	2026-08-24T15:01:59.1737559Z ##[endgroup]
test (22)	Run actions/checkout@v7	2026-08-24T15:01:59.1738640Z [command]/usr/bin/git sparse-checkout disable
test (22)	Run actions/checkout@v7	2026-08-24T15:01:59.1785046Z [command]/usr/bin/git config --local --unset-all extensions.worktreeConfig
test (22)	Run actions/checkout@v7	2026-08-24T15:01:59.1814316Z ##[group]Checking out the ref
test (22)	Run actions/checkout@v7	2026-08-24T15:01:59.1818534Z [command]/usr/bin/git checkout --progress --force -B master refs/remotes/origin/master
test (22)	Run actions/checkout@v7	2026-08-24T15:01:59.2700892Z Reset branch 'master'
test (22)	Run actions/checkout@v7	2026-08-24T15:01:59.2703089Z branch 'master' set up to track 'origin/master'.
test (22)	Run actions/checkout@v7	2026-08-24T15:01:59.2712294Z ##[endgroup]
test (22)	Run actions/checkout@v7	2026-08-24T15:01:59.2751087Z [command]/usr/bin/git log -1 --format=%H
test (22)	Run actions/checkout@v7	2026-08-24T15:01:59.2775160Z 02f4668b70658d9d06ee562034e47bcd9ade55c5
test (22)	Run actions/setup-node@v7	﻿2026-08-24T15:01:59.3152529Z ##[group]Run actions/setup-node@v7
test (22)	Run actions/setup-node@v7	2026-08-24T15:01:59.3153942Z with:
test (22)	Run actions/setup-node@v7	2026-08-24T15:01:59.3155016Z   node-version: 22
test (22)	Run actions/setup-node@v7	2026-08-24T15:01:59.3156257Z   check-latest: false
test (22)	Run actions/setup-node@v7	2026-08-24T15:01:59.3167190Z   token: ***
test (22)	Run actions/setup-node@v7	2026-08-24T15:01:59.3168436Z   package-manager-cache: true
test (22)	Run actions/setup-node@v7	2026-08-24T15:01:59.3169797Z ##[endgroup]
test (22)	Run actions/setup-node@v7	2026-08-24T15:01:59.4433896Z Found in cache @ /opt/hostedtoolcache/node/22.23.2/x64
test (22)	Run actions/setup-node@v7	2026-08-24T15:01:59.4437195Z ##[group]Environment details
test (22)	Run actions/setup-node@v7	2026-08-24T15:01:59.8568559Z node: v22.23.2
test (22)	Run actions/setup-node@v7	2026-08-24T15:01:59.8569679Z npm: 10.9.8
test (22)	Run actions/setup-node@v7	2026-08-24T15:01:59.8570309Z yarn: 1.22.22
test (22)	Run actions/setup-node@v7	2026-08-24T15:01:59.8571408Z ##[endgroup]
test (22)	Assert the test glob matches at least one file	﻿2026-08-24T15:01:59.8685266Z ##[group]Run ls test/*.test.js
test (22)	Assert the test glob matches at least one file	2026-08-24T15:01:59.8685906Z [36;1mls test/*.test.js[0m
test (22)	Assert the test glob matches at least one file	2026-08-24T15:01:59.8724820Z shell: /usr/bin/bash -e {0}
test (22)	Assert the test glob matches at least one file	2026-08-24T15:01:59.8725375Z ##[endgroup]
test (22)	Assert the test glob matches at least one file	2026-08-24T15:01:59.8819418Z test/args.test.js
test (22)	Assert the test glob matches at least one file	2026-08-24T15:01:59.8820024Z test/cli.test.js
test (22)	Assert the test glob matches at least one file	2026-08-24T15:01:59.8820513Z test/node-support-citation.test.js
test (22)	Assert the test glob matches at least one file	2026-08-24T15:01:59.8821047Z test/pipe.test.js
test (22)	Assert the test glob matches at least one file	2026-08-24T15:01:59.8821633Z test/readme-matrix-consistency.test.js
test (22)	Assert the test glob matches at least one file	2026-08-24T15:01:59.8822137Z test/readme-tags.test.js
test (22)	Assert the test glob matches at least one file	2026-08-24T15:01:59.8822582Z test/select.test.js
test (22)	Run node --test test/*.test.js	﻿2026-08-24T15:01:59.8859008Z ##[group]Run node --test test/*.test.js
test (22)	Run node --test test/*.test.js	2026-08-24T15:01:59.8859504Z [36;1mnode --test test/*.test.js[0m
test (22)	Run node --test test/*.test.js	2026-08-24T15:01:59.8882257Z shell: /usr/bin/bash -e {0}
test (22)	Run node --test test/*.test.js	2026-08-24T15:01:59.8882729Z ##[endgroup]
test (22)	Run node --test test/*.test.js	2026-08-24T15:01:59.9434330Z TAP version 13
test (22)	Run node --test test/*.test.js	2026-08-24T15:01:59.9948035Z # Subtest: zero args: no error, no filters set
test (22)	Run node --test test/*.test.js	2026-08-24T15:01:59.9967424Z ok 1 - zero args: no error, no filters set
test (22)	Run node --test test/*.test.js	2026-08-24T15:01:59.9997579Z   ---
test (22)	Run node --test test/*.test.js	2026-08-24T15:01:59.9999233Z   duration_ms: 2.965233
test (22)	Run node --test test/*.test.js	2026-08-24T15:02:00.0000113Z   type: 'test'
test (22)	Run node --test test/*.test.js	2026-08-24T15:02:00.0000754Z   ...
test (22)	Run node --test test/*.test.js	2026-08-24T15:02:00.0001695Z # Subtest: --author <name> sets author string
test (22)	Run node --test test/*.test.js	2026-08-24T15:02:00.0002762Z ok 2 - --author <name> sets author string
test (22)	Run node --test test/*.test.js	2026-08-24T15:02:00.0003671Z   ---
test (22)	Run node --test test/*.test.js	2026-08-24T15:02:00.0004300Z   duration_ms: 0.282046
test (22)	Run node --test test/*.test.js	2026-08-24T15:02:00.0004947Z   type: 'test'
test (22)	Run node --test test/*.test.js	2026-08-24T15:02:00.0005442Z   ...
test (22)	Run node --test test/*.test.js	2026-08-24T15:02:00.0006067Z # Subtest: --author=<name> equals form sets author string
test (22)	Run node --test test/*.test.js	2026-08-24T15:02:00.0007665Z ok 3 - --author=<name> equals form sets author string
test (22)	Run node --test test/*.test.js	2026-08-24T15:02:00.0008841Z   ---
test (22)	Run node --test test/*.test.js	2026-08-24T15:02:00.0009801Z   duration_ms: 0.164229
test (22)	Run node --test test/*.test.js	2026-08-24T15:02:00.0010716Z   type: 'test'
test (22)	Run node --test test/*.test.js	2026-08-24T15:02:00.0011598Z   ...
test (22)	Run node --test test/*.test.js	2026-08-24T15:02:00.0012661Z # Subtest: --tag <tag> sets tag string
test (22)	Run node --test test/*.test.js	2026-08-24T15:02:00.0013590Z ok 4 - --tag <tag> sets tag string
test (22)	Run node --test test/*.test.js	2026-08-24T15:02:00.0016475Z   ---
test (22)	Run node --test test/*.test.js	2026-08-24T15:02:00.0017089Z   duration_ms: 0.15645
test (22)	Run node --test test/*.test.js	2026-08-24T15:02:00.0017761Z   type: 'test'
test (22)	Run node --test test/*.test.js	2026-08-24T15:02:00.0018433Z   ...
test (22)	Run node --test test/*.test.js	2026-08-24T15:02:00.0019112Z # Subtest: --tag=<tag> equals form sets tag string
test (22)	Run node --test test/*.test.js	2026-08-24T15:02:00.0019827Z ok 5 - --tag=<tag> equals form sets tag string
test (22)	Run node --test test/*.test.js	2026-08-24T15:02:00.0020385Z   ---
test (22)	Run node --test test/*.test.js	2026-08-24T15:02:00.0021181Z   duration_ms: 0.21536
test (22)	Run node --test test/*.test.js	2026-08-24T15:02:00.0021645Z   type: 'test'
test (22)	Run node --test test/*.test.js	2026-08-24T15:02:00.0022048Z   ...
test (22)	Run node --test test/*.test.js	2026-08-24T15:02:00.0022668Z # Subtest: combined --author X --tag Y sets both
test (22)	Run node --test test/*.test.js	2026-08-24T15:02:00.0023380Z ok 6 - combined --author X --tag Y sets both
test (22)	Run node --test test/*.test.js	2026-08-24T15:02:00.0023925Z   ---
test (22)	Run node --test test/*.test.js	2026-08-24T15:02:00.0024389Z   duration_ms: 0.105626
test (22)	Run node --test test/*.test.js	2026-08-24T15:02:00.0025246Z   type: 'test'
test (22)	Run node --test test/*.test.js	2026-08-24T15:02:00.0025784Z   ...
test (22)	Run node --test test/*.test.js	2026-08-24T15:02:00.0026686Z # Subtest: --seed <n> parses as a number
test (22)	Run node --test test/*.test.js	2026-08-24T15:02:00.0027350Z ok 7 - --seed <n> parses as a number
test (22)	Run node --test test/*.test.js	2026-08-24T15:02:00.0027844Z   ---
test (22)	Run node --test test/*.test.js	2026-08-24T15:02:00.0028325Z   duration_ms: 0.214482
test (22)	Run node --test test/*.test.js	2026-08-24T15:02:00.0028838Z   type: 'test'
test (22)	Run node --test test/*.test.js	2026-08-24T15:02:00.0029316Z   ...
test (22)	Run node --test test/*.test.js	2026-08-24T15:02:00.0029904Z # Subtest: --seed=<n> equals form parses as a number
test (22)	Run node --test test/*.test.js	2026-08-24T15:02:00.0030656Z ok 8 - --seed=<n> equals form parses as a number
test (22)	Run node --test test/*.test.js	2026-08-24T15:02:00.0031281Z   ---
test (22)	Run node --test test/*.test.js	2026-08-24T15:02:00.0031759Z   duration_ms: 0.091708
test (22)	Run node --test test/*.test.js	2026-08-24T15:02:00.0032253Z   type: 'test'
test (22)	Run node --test test/*.test.js	2026-08-24T15:02:00.0032785Z   ...
test (22)	Run node --test test/*.test.js	2026-08-24T15:02:00.0033417Z # Subtest: --seed <n> accepts a negative number
test (22)	Run node --test test/*.test.js	2026-08-24T15:02:00.0034165Z ok 9 - --seed <n> accepts a negative number
test (22)	Run node --test test/*.test.js	2026-08-24T15:02:00.0034865Z   ---
test (22)	Run node --test test/*.test.js	2026-08-24T15:02:00.0035728Z   duration_ms: 0.246119
test (22)	Run node --test test/*.test.js	2026-08-24T15:02:00.0036509Z   type: 'test'
test (22)	Run node --test test/*.test.js	2026-08-24T15:02:00.0037163Z   ...
test (22)	Run node --test test/*.test.js	2026-08-24T15:02:00.0037856Z # Subtest: --seed=<n> equals form accepts a negative number
test (22)	Run node --test test/*.test.js	2026-08-24T15:02:00.0038804Z ok 10 - --seed=<n> equals form accepts a negative number
test (22)	Run node --test test/*.test.js	2026-08-24T15:02:00.0039503Z   ---
test (22)	Run node --test test/*.test.js	2026-08-24T15:02:00.0040014Z   duration_ms: 0.418045
test (22)	Run node --test test/*.test.js	2026-08-24T15:02:00.0040553Z   type: 'test'
test (22)	Run node --test test/*.test.js	2026-08-24T15:02:00.0041050Z   ...
test (22)	Run node --test test/*.test.js	2026-08-24T15:02:00.0041693Z # Subtest: non-numeric --seed is a usage error
test (22)	Run node --test test/*.test.js	2026-08-24T15:02:00.0042464Z ok 11 - non-numeric --seed is a usage error
test (22)	Run node --test test/*.test.js	2026-08-24T15:02:00.0043077Z   ---
test (22)	Run node --test test/*.test.js	2026-08-24T15:02:00.0043558Z   duration_ms: 0.430442
test (22)	Run node --test test/*.test.js	2026-08-24T15:02:00.0044067Z   type: 'test'
test (22)	Run node --test test/*.test.js	2026-08-24T15:02:00.0044701Z   ...
test (22)	Run node --test test/*.test.js	2026-08-24T15:02:00.0045522Z # Subtest: non-numeric --seed= equals form is a usage error
test (22)	Run node --test test/*.test.js	2026-08-24T15:02:00.0046590Z ok 12 - non-numeric --seed= equals form is a usage error
test (22)	Run node --test test/*.test.js	2026-08-24T15:02:00.0047535Z   ---
test (22)	Run node --test test/*.test.js	2026-08-24T15:02:00.0057658Z   duration_ms: 0.18616
test (22)	Run node --test test/*.test.js	2026-08-24T15:02:00.0058705Z   type: 'test'
test (22)	Run node --test test/*.test.js	2026-08-24T15:02:00.0059326Z   ...
test (22)	Run node --test test/*.test.js	2026-08-24T15:02:00.0060454Z # Subtest: --list sets list: true
test (22)	Run node --test test/*.test.js	2026-08-24T15:02:00.0061324Z ok 13 - --list sets list: true
test (22)	Run node --test test/*.test.js	2026-08-24T15:02:00.0061958Z   ---
test (22)	Run node --test test/*.test.js	2026-08-24T15:02:00.0062637Z   duration_ms: 0.115962
test (22)	Run node --test test/*.test.js	2026-08-24T15:02:00.0063314Z   type: 'test'
test (22)	Run node --test test/*.test.js	2026-08-24T15:02:00.0063916Z   ...
test (22)	Run node --test test/*.test.js	2026-08-24T15:02:00.0064666Z # Subtest: --json sets json: true
test (22)	Run node --test test/*.test.js	2026-08-24T15:02:00.0065349Z ok 14 - --json sets json: true
test (22)	Run node --test test/*.test.js	2026-08-24T15:02:00.0066005Z   ---
test (22)	Run node --test test/*.test.js	2026-08-24T15:02:00.0067430Z   duration_ms: 0.088859
test (22)	Run node --test test/*.test.js	2026-08-24T15:02:00.0068213Z   type: 'test'
test (22)	Run node --test test/*.test.js	2026-08-24T15:02:00.0068693Z   ...
test (22)	Run node --test test/*.test.js	2026-08-24T15:02:00.0069280Z # Subtest: --help sets help: true
test (22)	Run node --test test/*.test.js	2026-08-24T15:02:00.0069976Z ok 15 - --help sets help: true
test (22)	Run node --test test/*.test.js	2026-08-24T15:02:00.0070553Z   ---
test (22)	Run node --test test/*.test.js	2026-08-24T15:02:00.0071027Z   duration_ms: 0.087858
test (22)	Run node --test test/*.test.js	2026-08-24T15:02:00.0071515Z   type: 'test'
test (22)	Run node --test test/*.test.js	2026-08-24T15:02:00.0071960Z   ...
test (22)	Run node --test test/*.test.js	2026-08-24T15:02:00.0072487Z # Subtest: -h sets help: true
test (22)	Run node --test test/*.test.js	2026-08-24T15:02:00.0073060Z ok 16 - -h sets help: true
test (22)	Run node --test test/*.test.js	2026-08-24T15:02:00.0073612Z   ---
test (22)	Run node --test test/*.test.js	2026-08-24T15:02:00.0074067Z   duration_ms: 0.118781
test (22)	Run node --test test/*.test.js	2026-08-24T15:02:00.0074551Z   type: 'test'
test (22)	Run node --test test/*.test.js	2026-08-24T15:02:00.0075186Z   ...
test (22)	Run node --test test/*.test.js	2026-08-24T15:02:00.0075725Z # Subtest: unknown flag is a usage error
test (22)	Run node --test test/*.test.js	2026-08-24T15:02:00.0087582Z ok 17 - unknown flag is a usage error
test (22)	Run node --test test/*.test.js	2026-08-24T15:02:00.0088415Z   ---
test (22)	Run node --test test/*.test.js	2026-08-24T15:02:00.0089021Z   duration_ms: 0.097975
test (22)	Run node --test test/*.test.js	2026-08-24T15:02:00.0089554Z   type: 'test'
test (22)	Run node --test test/*.test.js	2026-08-24T15:02:00.0090011Z   ...
test (22)	Run node --test test/*.test.js	2026-08-24T15:02:00.0090674Z # Subtest: unknown short flag is a usage error
test (22)	Run node --test test/*.test.js	2026-08-24T15:02:00.0091431Z ok 18 - unknown short flag is a usage error
test (22)	Run node --test test/*.test.js	2026-08-24T15:02:00.0092092Z   ---
test (22)	Run node --test test/*.test.js	2026-08-24T15:02:00.0092520Z   duration_ms: 0.048667
test (22)	Run node --test test/*.test.js	2026-08-24T15:02:00.0093214Z   type: 'test'
test (22)	Run node --test test/*.test.js	2026-08-24T15:02:00.0093639Z   ...
test (22)	Run node --test test/*.test.js	2026-08-24T15:02:00.0094150Z # Subtest: --author missing value at end of argv is a usage error
test (22)	Run node --test test/*.test.js	2026-08-24T15:02:00.0094811Z ok 19 - --author missing value at end of argv is a usage error
test (22)	Run node --test test/*.test.js	2026-08-24T15:02:00.0095318Z   ---
test (22)	Run node --test test/*.test.js	2026-08-24T15:02:00.0095686Z   duration_ms: 0.109226
test (22)	Run node --test test/*.test.js	2026-08-24T15:02:00.0096093Z   type: 'test'
test (22)	Run node --test test/*.test.js	2026-08-24T15:02:00.0096817Z   ...
test (22)	Run node --test test/*.test.js	2026-08-24T15:02:00.0097678Z # Subtest: --tag missing value because next token is another flag is a usage error
test (22)	Run node --test test/*.test.js	2026-08-24T15:02:00.0098892Z ok 20 - --tag missing value because next token is another flag is a usage error
test (22)	Run node --test test/*.test.js	2026-08-24T15:02:00.0099573Z   ---
test (22)	Run node --test test/*.test.js	2026-08-24T15:02:00.0100108Z   duration_ms: 0.075135
test (22)	Run node --test test/*.test.js	2026-08-24T15:02:00.0100571Z   type: 'test'
test (22)	Run node --test test/*.test.js	2026-08-24T15:02:00.0101142Z   ...
test (22)	Run node --test test/*.test.js	2026-08-24T15:02:00.0101919Z # Subtest: --seed missing value at end of argv is a usage error
test (22)	Run node --test test/*.test.js	2026-08-24T15:02:00.0102722Z ok 21 - --seed missing value at end of argv is a usage error
test (22)	Run node --test test/*.test.js	2026-08-24T15:02:00.0103719Z   ---
test (22)	Run node --test test/*.test.js	2026-08-24T15:02:00.0104201Z   duration_ms: 0.08646
test (22)	Run node --test test/*.test.js	2026-08-24T15:02:00.0104687Z   type: 'test'
test (22)	Run node --test test/*.test.js	2026-08-24T15:02:00.0105148Z   ...
test (22)	Run node --test test/*.test.js	2026-08-24T15:02:00.0105723Z # Subtest: --author= with empty value is a usage error
test (22)	Run node --test test/*.test.js	2026-08-24T15:02:00.0107187Z ok 22 - --author= with empty value is a usage error
test (22)	Run node --test test/*.test.js	2026-08-24T15:02:00.0107786Z   ---
test (22)	Run node --test test/*.test.js	2026-08-24T15:02:00.0108366Z   duration_ms: 0.065397
test (22)	Run node --test test/*.test.js	2026-08-24T15:02:00.0108873Z   type: 'test'
test (22)	Run node --test test/*.test.js	2026-08-24T15:02:00.0109350Z   ...
test (22)	Run node --test test/*.test.js	2026-08-24T15:02:00.0110148Z # Subtest: a bare positional argument (not a flag) is a usage error
test (22)	Run node --test test/*.test.js	2026-08-24T15:02:00.0111080Z ok 23 - a bare positional argument (not a flag) is a usage error
test (22)	Run node --test test/*.test.js	2026-08-24T15:02:00.0111732Z   ---
test (22)	Run node --test test/*.test.js	2026-08-24T15:02:00.0112170Z   duration_ms: 0.926464
test (22)	Run node --test test/*.test.js	2026-08-24T15:02:00.0112647Z   type: 'test'
test (22)	Run node --test test/*.test.js	2026-08-24T15:02:00.0113179Z   ...
test (22)	Run node --test test/*.test.js	2026-08-24T15:02:00.0113789Z # Subtest: parseArgs never throws on malformed input
test (22)	Run node --test test/*.test.js	2026-08-24T15:02:00.0114564Z ok 24 - parseArgs never throws on malformed input
test (22)	Run node --test test/*.test.js	2026-08-24T15:02:00.0115196Z   ---
test (22)	Run node --test test/*.test.js	2026-08-24T15:02:00.0115681Z   duration_ms: 0.32033
test (22)	Run node --test test/*.test.js	2026-08-24T15:02:00.0116396Z   type: 'test'
test (22)	Run node --test test/*.test.js	2026-08-24T15:02:00.0116928Z   ...
test (22)	Run node --test test/*.test.js	2026-08-24T15:02:00.0117578Z # Subtest: absent options are undefined/false, never null
test (22)	Run node --test test/*.test.js	2026-08-24T15:02:00.0118410Z ok 25 - absent options are undefined/false, never null
test (22)	Run node --test test/*.test.js	2026-08-24T15:02:00.0119016Z   ---
test (22)	Run node --test test/*.test.js	2026-08-24T15:02:00.0119780Z   duration_ms: 0.149671
test (22)	Run node --test test/*.test.js	2026-08-24T15:02:00.0120271Z   type: 'test'
test (22)	Run node --test test/*.test.js	2026-08-24T15:02:00.0120765Z   ...
test (22)	Run node --test test/*.test.js	2026-08-24T15:02:00.0121464Z # Subtest: HELP is a non-empty string mentioning every flag name
test (22)	Run node --test test/*.test.js	2026-08-24T15:02:00.0122399Z ok 26 - HELP is a non-empty string mentioning every flag name
test (22)	Run node --test test/*.test.js	2026-08-24T15:02:00.0123006Z   ---
test (22)	Run node --test test/*.test.js	2026-08-24T15:02:00.0123433Z   duration_ms: 0.253947
test (22)	Run node --test test/*.test.js	2026-08-24T15:02:00.0123953Z   type: 'test'
test (22)	Run node --test test/*.test.js	2026-08-24T15:02:00.0124383Z   ...
test (22)	Run node --test test/*.test.js	2026-08-24T15:02:00.0125050Z # Subtest: HELP fits comfortably on one 24-line terminal screen
test (22)	Run node --test test/*.test.js	2026-08-24T15:02:00.0125903Z ok 27 - HELP fits comfortably on one 24-line terminal screen
test (22)	Run node --test test/*.test.js	2026-08-24T15:02:00.0126890Z   ---
test (22)	Run node --test test/*.test.js	2026-08-24T15:02:00.0127339Z   duration_ms: 0.111808
test (22)	Run node --test test/*.test.js	2026-08-24T15:02:00.0127915Z   type: 'test'
test (22)	Run node --test test/*.test.js	2026-08-24T15:02:00.0128385Z   ...
test (22)	Run node --test test/*.test.js	2026-08-24T15:02:00.0129181Z # Subtest: --seed Infinity / --seed -Infinity parse to numbers, not a usage error
test (22)	Run node --test test/*.test.js	2026-08-24T15:02:00.0130213Z ok 28 - --seed Infinity / --seed -Infinity parse to numbers, not a usage error
test (22)	Run node --test test/*.test.js	2026-08-24T15:02:00.0130902Z   ---
test (22)	Run node --test test/*.test.js	2026-08-24T15:02:00.0131369Z   duration_ms: 0.144243
test (22)	Run node --test test/*.test.js	2026-08-24T15:02:00.0131911Z   type: 'test'
test (22)	Run node --test test/*.test.js	2026-08-24T15:02:00.0132332Z   ...
test (22)	Run node --test test/*.test.js	2026-08-24T15:02:02.6365118Z # Subtest: bare invocation prints one attributed aphorism and exits 0
test (22)	Run node --test test/*.test.js	2026-08-24T15:02:02.6366405Z ok 29 - bare invocation prints one attributed aphorism and exits 0
test (22)	Run node --test test/*.test.js	2026-08-24T15:02:02.6367641Z   ---
test (22)	Run node --test test/*.test.js	2026-08-24T15:02:02.6368193Z   duration_ms: 36.650974
test (22)	Run node --test test/*.test.js	2026-08-24T15:02:02.6368677Z   type: 'test'
test (22)	Run node --test test/*.test.js	2026-08-24T15:02:02.6369111Z   ...
test (22)	Run node --test test/*.test.js	2026-08-24T15:02:02.6408209Z # Subtest: --seed is deterministic across separate processes
test (22)	Run node --test test/*.test.js	2026-08-24T15:02:02.6411513Z ok 30 - --seed is deterministic across separate processes
test (22)	Run node --test test/*.test.js	2026-08-24T15:02:02.6413328Z   ---
test (22)	Run node --test test/*.test.js	2026-08-24T15:02:02.6414755Z   duration_ms: 71.4802
test (22)	Run node --test test/*.test.js	2026-08-24T15:02:02.6415447Z   type: 'test'
test (22)	Run node --test test/*.test.js	2026-08-24T15:02:02.6415914Z   ...
test (22)	Run node --test test/*.test.js	2026-08-24T15:02:02.6416936Z # Subtest: different seeds do not all collapse to one aphorism
test (22)	Run node --test test/*.test.js	2026-08-24T15:02:02.6417879Z ok 31 - different seeds do not all collapse to one aphorism
test (22)	Run node --test test/*.test.js	2026-08-24T15:02:02.6418656Z   ---
test (22)	Run node --test test/*.test.js	2026-08-24T15:02:02.6419150Z   duration_ms: 359.519164
test (22)	Run node --test test/*.test.js	2026-08-24T15:02:02.6419640Z   type: 'test'
test (22)	Run node --test test/*.test.js	2026-08-24T15:02:02.6420143Z   ...
test (22)	Run node --test test/*.test.js	2026-08-24T15:02:02.6420872Z # Subtest: --json emits a single-line JSON object with text/author/tags
test (22)	Run node --test test/*.test.js	2026-08-24T15:02:02.6421823Z ok 32 - --json emits a single-line JSON object with text/author/tags
test (22)	Run node --test test/*.test.js	2026-08-24T15:02:02.6422463Z   ---
test (22)	Run node --test test/*.test.js	2026-08-24T15:02:02.6422759Z   duration_ms: 24.976535
test (22)	Run node --test test/*.test.js	2026-08-24T15:02:02.6423085Z   type: 'test'
test (22)	Run node --test test/*.test.js	2026-08-24T15:02:02.6423411Z   ...
test (22)	Run node --test test/*.test.js	2026-08-24T15:02:02.6423787Z # Subtest: --list prints every entry in the filtered set
test (22)	Run node --test test/*.test.js	2026-08-24T15:02:02.6424410Z ok 33 - --list prints every entry in the filtered set
test (22)	Run node --test test/*.test.js	2026-08-24T15:02:02.6424881Z   ---
test (22)	Run node --test test/*.test.js	2026-08-24T15:02:02.6425317Z   duration_ms: 26.677645
test (22)	Run node --test test/*.test.js	2026-08-24T15:02:02.6425710Z   type: 'test'
test (22)	Run node --test test/*.test.js	2026-08-24T15:02:02.6426403Z   ...
test (22)	Run node --test test/*.test.js	2026-08-24T15:02:02.6426970Z # Subtest: --help prints usage to stdout and exits 0
test (22)	Run node --test test/*.test.js	2026-08-24T15:02:02.6427618Z ok 34 - --help prints usage to stdout and exits 0
test (22)	Run node --test test/*.test.js	2026-08-24T15:02:02.6428258Z   ---
test (22)	Run node --test test/*.test.js	2026-08-24T15:02:02.6428532Z   duration_ms: 25.305019
test (22)	Run node --test test/*.test.js	2026-08-24T15:02:02.6428864Z   type: 'test'
test (22)	Run node --test test/*.test.js	2026-08-24T15:02:02.6429145Z   ...
test (22)	Run node --test test/*.test.js	2026-08-24T15:02:02.6429554Z # Subtest: no match exits 1 with stderr only and zero bytes on stdout
test (22)	Run node --test test/*.test.js	2026-08-24T15:02:02.6430124Z ok 35 - no match exits 1 with stderr only and zero bytes on stdout
test (22)	Run node --test test/*.test.js	2026-08-24T15:02:02.6430498Z   ---
test (22)	Run node --test test/*.test.js	2026-08-24T15:02:02.6430745Z   duration_ms: 27.498949
test (22)	Run node --test test/*.test.js	2026-08-24T15:02:02.6431082Z   type: 'test'
test (22)	Run node --test test/*.test.js	2026-08-24T15:02:02.6431344Z   ...
test (22)	Run node --test test/*.test.js	2026-08-24T15:02:02.6431760Z # Subtest: unknown flag is a usage error, exit 2, stdout clean
test (22)	Run node --test test/*.test.js	2026-08-24T15:02:02.6432260Z ok 36 - unknown flag is a usage error, exit 2, stdout clean
test (22)	Run node --test test/*.test.js	2026-08-24T15:02:02.6432605Z   ---
test (22)	Run node --test test/*.test.js	2026-08-24T15:02:02.6432897Z   duration_ms: 27.438968
test (22)	Run node --test test/*.test.js	2026-08-24T15:02:02.6433210Z   type: 'test'
test (22)	Run node --test test/*.test.js	2026-08-24T15:02:02.6433509Z   ...
test (22)	Run node --test test/*.test.js	2026-08-24T15:02:02.6433855Z # Subtest: non-numeric seed is a usage error, exit 2
test (22)	Run node --test test/*.test.js	2026-08-24T15:02:02.6434532Z ok 37 - non-numeric seed is a usage error, exit 2
test (22)	Run node --test test/*.test.js	2026-08-24T15:02:02.6434911Z   ---
test (22)	Run node --test test/*.test.js	2026-08-24T15:02:02.6435186Z   duration_ms: 26.167515
test (22)	Run node --test test/*.test.js	2026-08-24T15:02:02.6435558Z   type: 'test'
test (22)	Run node --test test/*.test.js	2026-08-24T15:02:02.6435827Z   ...
test (22)	Run node --test test/*.test.js	2026-08-24T15:02:02.6436757Z # Subtest: author filter is case-insensitive and narrows the list
test (22)	Run node --test test/*.test.js	2026-08-24T15:02:02.6437467Z ok 38 - author filter is case-insensitive and narrows the list
test (22)	Run node --test test/*.test.js	2026-08-24T15:02:02.6437855Z   ---
test (22)	Run node --test test/*.test.js	2026-08-24T15:02:02.6438143Z   duration_ms: 69.446319
test (22)	Run node --test test/*.test.js	2026-08-24T15:02:02.6438520Z   type: 'test'
test (22)	Run node --test test/*.test.js	2026-08-24T15:02:02.6438780Z   ...
test (22)	Run node --test test/*.test.js	2026-08-24T15:02:02.6439480Z # Subtest: output is pipe-safe — no ANSI escapes when not a TTY
test (22)	Run node --test test/*.test.js	2026-08-24T15:02:02.6440113Z ok 39 - output is pipe-safe — no ANSI escapes when not a TTY
test (22)	Run node --test test/*.test.js	2026-08-24T15:02:02.6440488Z   ---
test (22)	Run node --test test/*.test.js	2026-08-24T15:02:02.6440846Z   duration_ms: 35.723885
test (22)	Run node --test test/*.test.js	2026-08-24T15:02:02.6441135Z   type: 'test'
test (22)	Run node --test test/*.test.js	2026-08-24T15:02:02.6441440Z   ...
test (22)	Run node --test test/*.test.js	2026-08-24T15:02:02.6441837Z # Subtest: --tag matches membership, not substring containment
test (22)	Run node --test test/*.test.js	2026-08-24T15:02:02.6442358Z ok 40 - --tag matches membership, not substring containment
test (22)	Run node --test test/*.test.js	2026-08-24T15:02:02.6442872Z   ---
test (22)	Run node --test test/*.test.js	2026-08-24T15:02:02.6443174Z   duration_ms: 64.354392
test (22)	Run node --test test/*.test.js	2026-08-24T15:02:02.6443514Z   type: 'test'
test (22)	Run node --test test/*.test.js	2026-08-24T15:02:02.6443831Z   ...
test (22)	Run node --test test/*.test.js	2026-08-24T15:02:02.6453075Z # Subtest: --list prints exactly one line per matching entry, no drops
test (22)	Run node --test test/*.test.js	2026-08-24T15:02:02.6454226Z ok 41 - --list prints exactly one line per matching entry, no drops
test (22)	Run node --test test/*.test.js	2026-08-24T15:02:02.6454821Z   ---
test (22)	Run node --test test/*.test.js	2026-08-24T15:02:02.6455389Z   duration_ms: 27.490568
test (22)	Run node --test test/*.test.js	2026-08-24T15:02:02.6455928Z   type: 'test'
test (22)	Run node --test test/*.test.js	2026-08-24T15:02:02.6456761Z   ...
test (22)	Run node --test test/*.test.js	2026-08-24T15:02:02.6457405Z # Subtest: --list preserves corpus order (first and last line match)
test (22)	Run node --test test/*.test.js	2026-08-24T15:02:02.6458472Z ok 42 - --list preserves corpus order (first and last line match)
test (22)	Run node --test test/*.test.js	2026-08-24T15:02:02.6459043Z   ---
test (22)	Run node --test test/*.test.js	2026-08-24T15:02:02.6459465Z   duration_ms: 36.262452
test (22)	Run node --test test/*.test.js	2026-08-24T15:02:02.6459949Z   type: 'test'
test (22)	Run node --test test/*.test.js	2026-08-24T15:02:02.6460387Z   ...
test (22)	Run node --test test/*.test.js	2026-08-24T15:02:02.6460973Z # Subtest: --json output is exactly one line, never pretty-printed
test (22)	Run node --test test/*.test.js	2026-08-24T15:02:02.6461660Z ok 43 - --json output is exactly one line, never pretty-printed
test (22)	Run node --test test/*.test.js	2026-08-24T15:02:02.6462178Z   ---
test (22)	Run node --test test/*.test.js	2026-08-24T15:02:02.6462539Z   duration_ms: 29.362515
test (22)	Run node --test test/*.test.js	2026-08-24T15:02:02.6462984Z   type: 'test'
test (22)	Run node --test test/*.test.js	2026-08-24T15:02:02.6463399Z   ...
test (22)	Run node --test test/*.test.js	2026-08-24T15:02:02.6464140Z # Subtest: --list --json emits newline-delimited JSON, one object per line, in corpus order
test (22)	Run node --test test/*.test.js	2026-08-24T15:02:02.6465205Z ok 44 - --list --json emits newline-delimited JSON, one object per line, in corpus order
test (22)	Run node --test test/*.test.js	2026-08-24T15:02:02.6465896Z   ---
test (22)	Run node --test test/*.test.js	2026-08-24T15:02:02.6466485Z   duration_ms: 32.251395
test (22)	Run node --test test/*.test.js	2026-08-24T15:02:02.6466993Z   type: 'test'
test (22)	Run node --test test/*.test.js	2026-08-24T15:02:02.6467364Z   ...
test (22)	Run node --test test/*.test.js	2026-08-24T15:02:02.6468283Z # Subtest: --json composes with --seed: the seeded JSON pick is reproducible AND is the same entry as the plain-text pick
test (22)	Run node --test test/*.test.js	2026-08-24T15:02:02.6469647Z ok 45 - --json composes with --seed: the seeded JSON pick is reproducible AND is the same entry as the plain-text pick
test (22)	Run node --test test/*.test.js	2026-08-24T15:02:02.6470464Z   ---
test (22)	Run node --test test/*.test.js	2026-08-24T15:02:02.6470798Z   duration_ms: 476.777173
test (22)	Run node --test test/*.test.js	2026-08-24T15:02:02.6471108Z   type: 'test'
test (22)	Run node --test test/*.test.js	2026-08-24T15:02:02.6471389Z   ...
test (22)	Run node --test test/*.test.js	2026-08-24T15:02:02.6471944Z # Subtest: --json composes with the filter flags: the JSON pick is always a member of the FILTERED set
test (22)	Run node --test test/*.test.js	2026-08-24T15:02:02.6499166Z ok 46 - --json composes with the filter flags: the JSON pick is always a member of the FILTERED set
test (22)	Run node --test test/*.test.js	2026-08-24T15:02:02.6500232Z   ---
test (22)	Run node --test test/*.test.js	2026-08-24T15:02:02.6500642Z   duration_ms: 632.341455
test (22)	Run node --test test/*.test.js	2026-08-24T15:02:02.6501125Z   type: 'test'
test (22)	Run node --test test/*.test.js	2026-08-24T15:02:02.6501493Z   ...
test (22)	Run node --test test/*.test.js	2026-08-24T15:02:02.6502279Z # Subtest: --list accepts a valid --seed and IGNORES it: output is byte-identical across seeds
test (22)	Run node --test test/*.test.js	2026-08-24T15:02:02.6503471Z ok 47 - --list accepts a valid --seed and IGNORES it: output is byte-identical across seeds
test (22)	Run node --test test/*.test.js	2026-08-24T15:02:02.6504128Z   ---
test (22)	Run node --test test/*.test.js	2026-08-24T15:02:02.6504548Z   duration_ms: 261.256059
test (22)	Run node --test test/*.test.js	2026-08-24T15:02:02.6504901Z   type: 'test'
test (22)	Run node --test test/*.test.js	2026-08-24T15:02:02.6505419Z   ...
test (22)	Run node --test test/*.test.js	2026-08-24T15:02:02.6505951Z # Subtest: --list --seed abc is a usage error, exit 2, stdout empty, stderr carries the diagnostic
test (22)	Run node --test test/*.test.js	2026-08-24T15:02:02.6506926Z ok 48 - --list --seed abc is a usage error, exit 2, stdout empty, stderr carries the diagnostic
test (22)	Run node --test test/*.test.js	2026-08-24T15:02:02.6507436Z   ---
test (22)	Run node --test test/*.test.js	2026-08-24T15:02:02.6507742Z   duration_ms: 26.319503
test (22)	Run node --test test/*.test.js	2026-08-24T15:02:02.6508085Z   type: 'test'
test (22)	Run node --test test/*.test.js	2026-08-24T15:02:02.6508406Z   ...
test (22)	Run node --test test/*.test.js	2026-08-24T15:02:02.6508930Z # Subtest: --seed abc --list (erroring flag BEFORE --list) is still a usage error, exit 2, stdout empty
test (22)	Run node --test test/*.test.js	2026-08-24T15:02:02.6509682Z ok 49 - --seed abc --list (erroring flag BEFORE --list) is still a usage error, exit 2, stdout empty
test (22)	Run node --test test/*.test.js	2026-08-24T15:02:02.6510172Z   ---
test (22)	Run node --test test/*.test.js	2026-08-24T15:02:02.6510474Z   duration_ms: 25.803591
test (22)	Run node --test test/*.test.js	2026-08-24T15:02:02.6510825Z   type: 'test'
test (22)	Run node --test test/*.test.js	2026-08-24T15:02:02.6511091Z   ...
test (22)	Run node --test test/*.test.js	2026-08-24T15:02:02.6511579Z # Subtest: --list --seed=  (empty seed value) is a usage error, exit 2, stdout empty
test (22)	Run node --test test/*.test.js	2026-08-24T15:02:02.6512215Z ok 50 - --list --seed=  (empty seed value) is a usage error, exit 2, stdout empty
test (22)	Run node --test test/*.test.js	2026-08-24T15:02:02.6512790Z   ---
test (22)	Run node --test test/*.test.js	2026-08-24T15:02:02.6513269Z   duration_ms: 26.864146
test (22)	Run node --test test/*.test.js	2026-08-24T15:02:02.6513726Z   type: 'test'
test (22)	Run node --test test/*.test.js	2026-08-24T15:02:02.6514202Z   ...
test (22)	Run node --test test/*.test.js	2026-08-24T15:02:02.6514975Z # Subtest: --list --seed "   " (whitespace-only seed value) is a usage error, exit 2, stdout empty
test (22)	Run node --test test/*.test.js	2026-08-24T15:02:02.6516129Z ok 51 - --list --seed "   " (whitespace-only seed value) is a usage error, exit 2, stdout empty
test (22)	Run node --test test/*.test.js	2026-08-24T15:02:02.6516976Z   ---
test (22)	Run node --test test/*.test.js	2026-08-24T15:02:02.6517349Z   duration_ms: 26.799775
test (22)	Run node --test test/*.test.js	2026-08-24T15:02:02.6517814Z   type: 'test'
test (22)	Run node --test test/*.test.js	2026-08-24T15:02:02.6518229Z   ...
test (22)	Run node --test test/*.test.js	2026-08-24T15:02:02.6519700Z # Subtest: --list --nosuchflag (unknown flag) is a usage error, exit 2, stdout empty — --list does not swallow it
test (22)	Run node --test test/*.test.js	2026-08-24T15:02:02.6521341Z ok 52 - --list --nosuchflag (unknown flag) is a usage error, exit 2, stdout empty — --list does not swallow it
test (22)	Run node --test test/*.test.js	2026-08-24T15:02:02.6522098Z   ---
test (22)	Run node --test test/*.test.js	2026-08-24T15:02:02.6522522Z   duration_ms: 24.696771
test (22)	Run node --test test/*.test.js	2026-08-24T15:02:02.6523007Z   type: 'test'
test (22)	Run node --test test/*.test.js	2026-08-24T15:02:02.6523368Z   ...
test (22)	Run node --test test/*.test.js	2026-08-24T15:02:02.6524169Z # Subtest: --nosuchflag --list (unknown flag BEFORE --list) is still a usage error, exit 2, stdout empty
test (22)	Run node --test test/*.test.js	2026-08-24T15:02:02.6525232Z ok 53 - --nosuchflag --list (unknown flag BEFORE --list) is still a usage error, exit 2, stdout empty
test (22)	Run node --test test/*.test.js	2026-08-24T15:02:02.6526013Z   ---
test (22)	Run node --test test/*.test.js	2026-08-24T15:02:02.6526570Z   duration_ms: 26.067851
test (22)	Run node --test test/*.test.js	2026-08-24T15:02:02.6527051Z   type: 'test'
test (22)	Run node --test test/*.test.js	2026-08-24T15:02:02.6527518Z   ...
test (22)	Run node --test test/*.test.js	2026-08-24T15:02:02.6528377Z # Subtest: plain single-pick output is TWO lines: text, newline, four-space indent, EM DASH, space, author
test (22)	Run node --test test/*.test.js	2026-08-24T15:02:02.6529686Z ok 54 - plain single-pick output is TWO lines: text, newline, four-space indent, EM DASH, space, author
test (22)	Run node --test test/*.test.js	2026-08-24T15:02:02.6530474Z   ---
test (22)	Run node --test test/*.test.js	2026-08-24T15:02:02.6530928Z   duration_ms: 24.887602
test (22)	Run node --test test/*.test.js	2026-08-24T15:02:02.6531488Z   type: 'test'
test (22)	Run node --test test/*.test.js	2026-08-24T15:02:02.6531902Z   ...
test (22)	Run node --test test/*.test.js	2026-08-24T15:02:02.6532873Z # Subtest: --seed Infinity and --seed -Infinity (typed as CLI strings) are accepted and deterministic
test (22)	Run node --test test/*.test.js	2026-08-24T15:02:02.6534082Z ok 55 - --seed Infinity and --seed -Infinity (typed as CLI strings) are accepted and deterministic
test (22)	Run node --test test/*.test.js	2026-08-24T15:02:02.6534843Z   ---
test (22)	Run node --test test/*.test.js	2026-08-24T15:02:02.6535257Z   duration_ms: 105.96676
test (22)	Run node --test test/*.test.js	2026-08-24T15:02:02.6535707Z   type: 'test'
test (22)	Run node --test test/*.test.js	2026-08-24T15:02:02.6536481Z   ...
test (22)	Run node --test test/*.test.js	2026-08-24T15:02:02.6537253Z # Subtest: --list with a filter that matches nothing is STILL exit 1, stderr only, stdout empty
test (22)	Run node --test test/*.test.js	2026-08-24T15:02:02.6538347Z ok 56 - --list with a filter that matches nothing is STILL exit 1, stderr only, stdout empty
test (22)	Run node --test test/*.test.js	2026-08-24T15:02:02.6539062Z   ---
test (22)	Run node --test test/*.test.js	2026-08-24T15:02:02.6539481Z   duration_ms: 54.640886
test (22)	Run node --test test/*.test.js	2026-08-24T15:02:02.6540025Z   type: 'test'
test (22)	Run node --test test/*.test.js	2026-08-24T15:02:02.6540426Z   ...
test (22)	Run node --test test/*.test.js	2026-08-24T15:02:02.6541418Z # Subtest: --tag "" (bare empty-string value) matches nothing: whole-tag equality against the literal "" is not a filter no-op
test (22)	Run node --test test/*.test.js	2026-08-24T15:02:02.6542914Z ok 57 - --tag "" (bare empty-string value) matches nothing: whole-tag equality against the literal "" is not a filter no-op
test (22)	Run node --test test/*.test.js	2026-08-24T15:02:02.6544114Z   ---
test (22)	Run node --test test/*.test.js	2026-08-24T15:02:02.6544591Z   duration_ms: 25.801056
test (22)	Run node --test test/*.test.js	2026-08-24T15:02:02.6545063Z   type: 'test'
test (22)	Run node --test test/*.test.js	2026-08-24T15:02:02.6545488Z   ...
test (22)	Run node --test test/*.test.js	2026-08-24T15:02:02.6600564Z # Subtest: README Node support citation: cited git diff must be empty (or the check must skip on a missing precondition)
test (22)	Run node --test test/*.test.js	2026-08-24T15:02:02.6602888Z ok 58 - README Node support citation: cited git diff must be empty (or the check must skip on a missing precondition) # SKIP cited base commit 7e50d6f is not reachable in this checkout (this is a shallow clone) -- cannot evaluate the README's Node support citation
test (22)	Run node --test test/*.test.js	2026-08-24T15:02:02.6604439Z   ---
test (22)	Run node --test test/*.test.js	2026-08-24T15:02:02.6604818Z   duration_ms: 16.962417
test (22)	Run node --test test/*.test.js	2026-08-24T15:02:02.6605251Z   type: 'test'
test (22)	Run node --test test/*.test.js	2026-08-24T15:02:02.6605625Z   ...
test (22)	Run node --test test/*.test.js	2026-08-24T15:02:02.6607079Z # Subtest: README Node support citation: base-to-working-tree diff must also be empty, so an uncommitted falsification is visible now (or the check must skip on a missing precondition)
test (22)	Run node --test test/*.test.js	2026-08-24T15:02:02.6609904Z ok 59 - README Node support citation: base-to-working-tree diff must also be empty, so an uncommitted falsification is visible now (or the check must skip on a missing precondition) # SKIP cited base commit 7e50d6f is not reachable in this checkout (this is a shallow clone) -- cannot evaluate the README's Node support citation
test (22)	Run node --test test/*.test.js	2026-08-24T15:02:02.6611544Z   ---
test (22)	Run node --test test/*.test.js	2026-08-24T15:02:02.6611945Z   duration_ms: 15.494686
test (22)	Run node --test test/*.test.js	2026-08-24T15:02:02.6612429Z   type: 'test'
test (22)	Run node --test test/*.test.js	2026-08-24T15:02:02.6612816Z   ...
test (22)	Run node --test test/*.test.js	2026-08-24T15:02:02.6613450Z # Subtest: --list | true: exits quietly, zero stderr, no crash banner
test (22)	Run node --test test/*.test.js	2026-08-24T15:02:02.6614226Z ok 60 - --list | true: exits quietly, zero stderr, no crash banner
test (22)	Run node --test test/*.test.js	2026-08-24T15:02:02.6615087Z   ---
test (22)	Run node --test test/*.test.js	2026-08-24T15:02:02.6615469Z   duration_ms: 43.642997
test (22)	Run node --test test/*.test.js	2026-08-24T15:02:02.6615794Z   type: 'test'
test (22)	Run node --test test/*.test.js	2026-08-24T15:02:02.6616079Z   ...
test (22)	Run node --test test/*.test.js	2026-08-24T15:02:02.6616899Z # Subtest: | true (no --list, single aphorism): exits quietly, zero stderr
test (22)	Run node --test test/*.test.js	2026-08-24T15:02:02.6617783Z ok 61 - | true (no --list, single aphorism): exits quietly, zero stderr
test (22)	Run node --test test/*.test.js	2026-08-24T15:02:02.6618421Z   ---
test (22)	Run node --test test/*.test.js	2026-08-24T15:02:02.6618809Z   duration_ms: 35.954356
test (22)	Run node --test test/*.test.js	2026-08-24T15:02:02.6619219Z   type: 'test'
test (22)	Run node --test test/*.test.js	2026-08-24T15:02:02.6619650Z   ...
test (22)	Run node --test test/*.test.js	2026-08-24T15:02:02.6620106Z # Subtest: --list | head -0: exits quietly, zero stderr, no crash banner
test (22)	Run node --test test/*.test.js	2026-08-24T15:02:02.6620675Z ok 62 - --list | head -0: exits quietly, zero stderr, no crash banner
test (22)	Run node --test test/*.test.js	2026-08-24T15:02:02.6621106Z   ---
test (22)	Run node --test test/*.test.js	2026-08-24T15:02:02.6621377Z   duration_ms: 39.85123
test (22)	Run node --test test/*.test.js	2026-08-24T15:02:02.6621665Z   type: 'test'
test (22)	Run node --test test/*.test.js	2026-08-24T15:02:02.6621998Z   ...
test (22)	Run node --test test/*.test.js	2026-08-24T15:02:02.6622634Z # Subtest: --list | /nonexistent-cmd-xyz: no crash banner from the CLI itself
test (22)	Run node --test test/*.test.js	2026-08-24T15:02:02.6623606Z ok 63 - --list | /nonexistent-cmd-xyz: no crash banner from the CLI itself
test (22)	Run node --test test/*.test.js	2026-08-24T15:02:02.6624201Z   ---
test (22)	Run node --test test/*.test.js	2026-08-24T15:02:02.6624555Z   duration_ms: 42.539435
test (22)	Run node --test test/*.test.js	2026-08-24T15:02:02.6625014Z   type: 'test'
test (22)	Run node --test test/*.test.js	2026-08-24T15:02:02.6625398Z   ...
test (22)	Run node --test test/*.test.js	2026-08-24T15:02:02.6626142Z # Subtest: non-EPIPE stdout write failure: reported, not silent, not exit 1, no stack trace
test (22)	Run node --test test/*.test.js	2026-08-24T15:02:02.6628037Z ok 64 - non-EPIPE stdout write failure: reported, not silent, not exit 1, no stack trace
test (22)	Run node --test test/*.test.js	2026-08-24T15:02:02.6628761Z   ---
test (22)	Run node --test test/*.test.js	2026-08-24T15:02:02.6629195Z   duration_ms: 36.290807
test (22)	Run node --test test/*.test.js	2026-08-24T15:02:02.6629622Z   type: 'test'
test (22)	Run node --test test/*.test.js	2026-08-24T15:02:02.6630026Z   ...
test (22)	Run node --test test/*.test.js	2026-08-24T15:02:02.6630766Z # Subtest: usage error survives a closed stderr reader: still exits 2, not clobbered to 1
test (22)	Run node --test test/*.test.js	2026-08-24T15:02:02.6631845Z ok 65 - usage error survives a closed stderr reader: still exits 2, not clobbered to 1
test (22)	Run node --test test/*.test.js	2026-08-24T15:02:02.6632545Z   ---
test (22)	Run node --test test/*.test.js	2026-08-24T15:02:02.6632945Z   duration_ms: 95.274897
test (22)	Run node --test test/*.test.js	2026-08-24T15:02:02.6633381Z   type: 'test'
test (22)	Run node --test test/*.test.js	2026-08-24T15:02:02.6633769Z   ...
test (22)	Run node --test test/*.test.js	2026-08-24T15:02:02.6634589Z # Subtest: no-match exit code survives a closed stderr reader: still exits 1, not misreported
test (22)	Run node --test test/*.test.js	2026-08-24T15:02:02.6635621Z ok 66 - no-match exit code survives a closed stderr reader: still exits 1, not misreported
test (22)	Run node --test test/*.test.js	2026-08-24T15:02:02.6636759Z   ---
test (22)	Run node --test test/*.test.js	2026-08-24T15:02:02.6637209Z   duration_ms: 99.063567
test (22)	Run node --test test/*.test.js	2026-08-24T15:02:02.6637630Z   type: 'test'
test (22)	Run node --test test/*.test.js	2026-08-24T15:02:02.6638032Z   ...
test (22)	Run node --test test/*.test.js	2026-08-24T15:02:02.6638892Z # Subtest: non-EPIPE stderr write failure: not silent, not the earned exit code, no stack trace
test (22)	Run node --test test/*.test.js	2026-08-24T15:02:02.6639931Z ok 67 - non-EPIPE stderr write failure: not silent, not the earned exit code, no stack trace
test (22)	Run node --test test/*.test.js	2026-08-24T15:02:02.6640681Z   ---
test (22)	Run node --test test/*.test.js	2026-08-24T15:02:02.6641050Z   duration_ms: 35.641242
test (22)	Run node --test test/*.test.js	2026-08-24T15:02:02.6641471Z   type: 'test'
test (22)	Run node --test test/*.test.js	2026-08-24T15:02:02.6642010Z   ...
test (22)	Run node --test test/*.test.js	2026-08-24T15:02:02.6642404Z # Subtest: control: --list | head -1 stays completely clean
test (22)	Run node --test test/*.test.js	2026-08-24T15:02:02.6642977Z ok 68 - control: --list | head -1 stays completely clean
test (22)	Run node --test test/*.test.js	2026-08-24T15:02:02.6643348Z   ---
test (22)	Run node --test test/*.test.js	2026-08-24T15:02:02.6643632Z   duration_ms: 36.193442
test (22)	Run node --test test/*.test.js	2026-08-24T15:02:02.6643977Z   type: 'test'
test (22)	Run node --test test/*.test.js	2026-08-24T15:02:02.6644300Z   ...
test (22)	Run node --test test/*.test.js	2026-08-24T15:02:02.6644724Z # Subtest: control: --list | head -5 stays completely clean
test (22)	Run node --test test/*.test.js	2026-08-24T15:02:02.6645222Z ok 69 - control: --list | head -5 stays completely clean
test (22)	Run node --test test/*.test.js	2026-08-24T15:02:02.6645583Z   ---
test (22)	Run node --test test/*.test.js	2026-08-24T15:02:02.6645888Z   duration_ms: 37.097179
test (22)	Run node --test test/*.test.js	2026-08-24T15:02:02.6646374Z   type: 'test'
test (22)	Run node --test test/*.test.js	2026-08-24T15:02:02.6646816Z   ...
test (22)	Run node --test test/*.test.js	2026-08-24T15:02:02.6647382Z # Subtest: control: --list | sed 1q stays completely clean
test (22)	Run node --test test/*.test.js	2026-08-24T15:02:02.6648130Z ok 70 - control: --list | sed 1q stays completely clean
test (22)	Run node --test test/*.test.js	2026-08-24T15:02:02.6648632Z   ---
test (22)	Run node --test test/*.test.js	2026-08-24T15:02:02.6649020Z   duration_ms: 38.535387
test (22)	Run node --test test/*.test.js	2026-08-24T15:02:02.6649470Z   type: 'test'
test (22)	Run node --test test/*.test.js	2026-08-24T15:02:02.6649847Z   ...
test (22)	Run node --test test/*.test.js	2026-08-24T15:02:02.6650552Z # Subtest: control: --list | grep -q . stays completely clean
test (22)	Run node --test test/*.test.js	2026-08-24T15:02:02.6651550Z ok 71 - control: --list | grep -q . stays completely clean
test (22)	Run node --test test/*.test.js	2026-08-24T15:02:02.6652110Z   ---
test (22)	Run node --test test/*.test.js	2026-08-24T15:02:02.6652481Z   duration_ms: 29.64141
test (22)	Run node --test test/*.test.js	2026-08-24T15:02:02.6652891Z   type: 'test'
test (22)	Run node --test test/*.test.js	2026-08-24T15:02:02.6653305Z   ...
test (22)	Run node --test test/*.test.js	2026-08-24T15:02:02.6653808Z # Subtest: control: | wc -l stays completely clean
test (22)	Run node --test test/*.test.js	2026-08-24T15:02:02.6654554Z ok 72 - control: | wc -l stays completely clean
test (22)	Run node --test test/*.test.js	2026-08-24T15:02:02.6655090Z   ---
test (22)	Run node --test test/*.test.js	2026-08-24T15:02:02.6655542Z   duration_ms: 36.302659
test (22)	Run node --test test/*.test.js	2026-08-24T15:02:02.6656002Z   type: 'test'
test (22)	Run node --test test/*.test.js	2026-08-24T15:02:02.6656525Z   ...
test (22)	Run node --test test/*.test.js	2026-08-24T15:02:02.6657157Z # Subtest: control: --list --json | head -2 stays completely clean
test (22)	Run node --test test/*.test.js	2026-08-24T15:02:02.6657970Z ok 73 - control: --list --json | head -2 stays completely clean
test (22)	Run node --test test/*.test.js	2026-08-24T15:02:02.6658562Z   ---
test (22)	Run node --test test/*.test.js	2026-08-24T15:02:02.6658926Z   duration_ms: 36.272103
test (22)	Run node --test test/*.test.js	2026-08-24T15:02:02.6659307Z   type: 'test'
test (22)	Run node --test test/*.test.js	2026-08-24T15:02:02.6659706Z   ...
test (22)	Run node --test test/*.test.js	2026-08-24T15:02:02.6660333Z # Subtest: control: exit 1 / exit 2 stderr messages and codes are unchanged
test (22)	Run node --test test/*.test.js	2026-08-24T15:02:02.6661275Z ok 74 - control: exit 1 / exit 2 stderr messages and codes are unchanged
test (22)	Run node --test test/*.test.js	2026-08-24T15:02:02.6661848Z   ---
test (22)	Run node --test test/*.test.js	2026-08-24T15:02:02.6662198Z   duration_ms: 57.782581
test (22)	Run node --test test/*.test.js	2026-08-24T15:02:02.6662643Z   type: 'test'
test (22)	Run node --test test/*.test.js	2026-08-24T15:02:02.6663010Z   ...
test (22)	Run node --test test/*.test.js	2026-08-24T15:02:02.6663779Z # Subtest: control: a normal (non-full) stdout target still exits 0 with empty stderr
test (22)	Run node --test test/*.test.js	2026-08-24T15:02:02.6664722Z ok 75 - control: a normal (non-full) stdout target still exits 0 with empty stderr
test (22)	Run node --test test/*.test.js	2026-08-24T15:02:02.6665316Z   ---
test (22)	Run node --test test/*.test.js	2026-08-24T15:02:02.6665711Z   duration_ms: 67.230226
test (22)	Run node --test test/*.test.js	2026-08-24T15:02:02.6666121Z   type: 'test'
test (22)	Run node --test test/*.test.js	2026-08-24T15:02:02.6666693Z   ...
test (22)	Run node --test test/*.test.js	2026-08-24T15:02:02.6667380Z # Subtest: README Node support matrix: table must be present and non-empty
test (22)	Run node --test test/*.test.js	2026-08-24T15:02:02.6668247Z ok 76 - README Node support matrix: table must be present and non-empty
test (22)	Run node --test test/*.test.js	2026-08-24T15:02:02.6668834Z   ---
test (22)	Run node --test test/*.test.js	2026-08-24T15:02:02.6669203Z   duration_ms: 1.064757
test (22)	Run node --test test/*.test.js	2026-08-24T15:02:02.6669654Z   type: 'test'
test (22)	Run node --test test/*.test.js	2026-08-24T15:02:02.6670065Z   ...
test (22)	Run node --test test/*.test.js	2026-08-24T15:02:02.6670851Z # Subtest: README Node support matrix: each row's own arithmetic must hold (tests = pass + fail + skipped)
test (22)	Run node --test test/*.test.js	2026-08-24T15:02:02.6672002Z ok 77 - README Node support matrix: each row's own arithmetic must hold (tests = pass + fail + skipped)
test (22)	Run node --test test/*.test.js	2026-08-24T15:02:02.6672706Z   ---
test (22)	Run node --test test/*.test.js	2026-08-24T15:02:02.6673264Z   duration_ms: 0.353561
test (22)	Run node --test test/*.test.js	2026-08-24T15:02:02.6673674Z   type: 'test'
test (22)	Run node --test test/*.test.js	2026-08-24T15:02:02.6674090Z   ...
test (22)	Run node --test test/*.test.js	2026-08-24T15:02:02.6674719Z # Subtest: README Node support matrix: all rows must agree with each other
test (22)	Run node --test test/*.test.js	2026-08-24T15:02:02.6675589Z ok 78 - README Node support matrix: all rows must agree with each other
test (22)	Run node --test test/*.test.js	2026-08-24T15:02:02.6676259Z   ---
test (22)	Run node --test test/*.test.js	2026-08-24T15:02:02.6676654Z   duration_ms: 0.259152
test (22)	Run node --test test/*.test.js	2026-08-24T15:02:02.6677111Z   type: 'test'
test (22)	Run node --test test/*.test.js	2026-08-24T15:02:02.6677496Z   ...
test (22)	Run node --test test/*.test.js	2026-08-24T15:02:02.6678320Z # Subtest: README Node support matrix: cited Actions run id must match between the link text and the link URL
test (22)	Run node --test test/*.test.js	2026-08-24T15:02:02.6679488Z ok 79 - README Node support matrix: cited Actions run id must match between the link text and the link URL
test (22)	Run node --test test/*.test.js	2026-08-24T15:02:02.6680198Z   ---
test (22)	Run node --test test/*.test.js	2026-08-24T15:02:02.6680636Z   duration_ms: 0.246658
test (22)	Run node --test test/*.test.js	2026-08-24T15:02:02.6681052Z   type: 'test'
test (22)	Run node --test test/*.test.js	2026-08-24T15:02:02.6681438Z   ...
test (22)	Run node --test test/*.test.js	2026-08-24T15:02:02.6682336Z # Subtest: README Node support matrix: cited commit must match between the prose and the falsification-condition command
test (22)	Run node --test test/*.test.js	2026-08-24T15:02:02.6683597Z ok 80 - README Node support matrix: cited commit must match between the prose and the falsification-condition command
test (22)	Run node --test test/*.test.js	2026-08-24T15:02:02.6684448Z   ---
test (22)	Run node --test test/*.test.js	2026-08-24T15:02:02.6684896Z   duration_ms: 0.482185
test (22)	Run node --test test/*.test.js	2026-08-24T15:02:02.6685340Z   type: 'test'
test (22)	Run node --test test/*.test.js	2026-08-24T15:02:02.6685801Z   ...
test (22)	Run node --test test/*.test.js	2026-08-24T15:02:02.6686615Z # Subtest: README tags must exist in corpus
test (22)	Run node --test test/*.test.js	2026-08-24T15:02:02.6687255Z ok 81 - README tags must exist in corpus
test (22)	Run node --test test/*.test.js	2026-08-24T15:02:02.6687744Z   ---
test (22)	Run node --test test/*.test.js	2026-08-24T15:02:02.6688158Z   duration_ms: 2.15629
test (22)	Run node --test test/*.test.js	2026-08-24T15:02:02.6688620Z   type: 'test'
test (22)	Run node --test test/*.test.js	2026-08-24T15:02:02.6689238Z   ...
test (22)	Run node --test test/*.test.js	2026-08-24T15:02:02.6689889Z # Subtest: README tag counts must match corpus
test (22)	Run node --test test/*.test.js	2026-08-24T15:02:02.6690584Z ok 82 - README tag counts must match corpus
test (22)	Run node --test test/*.test.js	2026-08-24T15:02:02.6691091Z   ---
test (22)	Run node --test test/*.test.js	2026-08-24T15:02:02.6691552Z   duration_ms: 0.469227
test (22)	Run node --test test/*.test.js	2026-08-24T15:02:02.6691987Z   type: 'test'
test (22)	Run node --test test/*.test.js	2026-08-24T15:02:02.6692378Z   ...
test (22)	Run node --test test/*.test.js	2026-08-24T15:02:02.6693001Z # Subtest: README must state total unique tags correctly
test (22)	Run node --test test/*.test.js	2026-08-24T15:02:02.6693719Z ok 83 - README must state total unique tags correctly
test (22)	Run node --test test/*.test.js	2026-08-24T15:02:02.6694320Z   ---
test (22)	Run node --test test/*.test.js	2026-08-24T15:02:02.6694713Z   duration_ms: 0.767551
test (22)	Run node --test test/*.test.js	2026-08-24T15:02:02.6695147Z   type: 'test'
test (22)	Run node --test test/*.test.js	2026-08-24T15:02:02.6695587Z   ...
test (22)	Run node --test test/*.test.js	2026-08-24T15:02:02.6696117Z # Subtest: README must list all single-entry tags
test (22)	Run node --test test/*.test.js	2026-08-24T15:02:02.6697012Z ok 84 - README must list all single-entry tags
test (22)	Run node --test test/*.test.js	2026-08-24T15:02:02.6697562Z   ---
test (22)	Run node --test test/*.test.js	2026-08-24T15:02:02.6697943Z   duration_ms: 0.323472
test (22)	Run node --test test/*.test.js	2026-08-24T15:02:02.6698404Z   type: 'test'
test (22)	Run node --test test/*.test.js	2026-08-24T15:02:02.6698781Z   ...
test (22)	Run node --test test/*.test.js	2026-08-24T15:02:02.6699796Z # Subtest: assertTagVocabCountsTableWellFormed fails loud on a DUPLICATED row label, whichever order the rows appear in (Q-4)
test (22)	Run node --test test/*.test.js	2026-08-24T15:02:02.6701299Z ok 85 - assertTagVocabCountsTableWellFormed fails loud on a DUPLICATED row label, whichever order the rows appear in (Q-4)
test (22)	Run node --test test/*.test.js	2026-08-24T15:02:02.6702183Z   ---
test (22)	Run node --test test/*.test.js	2026-08-24T15:02:02.6702640Z   duration_ms: 1.413227
test (22)	Run node --test test/*.test.js	2026-08-24T15:02:02.6703085Z   type: 'test'
test (22)	Run node --test test/*.test.js	2026-08-24T15:02:02.6703506Z   ...
test (22)	Run node --test test/*.test.js	2026-08-24T15:02:02.6704404Z # Subtest: assertTagVocabCountsTableWellFormed fails loud on a row label no guard in this file reads (Q-4)
test (22)	Run node --test test/*.test.js	2026-08-24T15:02:02.6705808Z ok 86 - assertTagVocabCountsTableWellFormed fails loud on a row label no guard in this file reads (Q-4)
test (22)	Run node --test test/*.test.js	2026-08-24T15:02:02.6706875Z   ---
test (22)	Run node --test test/*.test.js	2026-08-24T15:02:02.6707386Z   duration_ms: 1.584028
test (22)	Run node --test test/*.test.js	2026-08-24T15:02:02.6707874Z   type: 'test'
test (22)	Run node --test test/*.test.js	2026-08-24T15:02:02.6708268Z   ...
test (22)	Run node --test test/*.test.js	2026-08-24T15:02:02.6709326Z # Subtest: parseTagVocabCountsTable returns null when the counts table is missing or malformed, and both readers fail loud on that null (Q-4)
test (22)	Run node --test test/*.test.js	2026-08-24T15:02:02.6711098Z ok 87 - parseTagVocabCountsTable returns null when the counts table is missing or malformed, and both readers fail loud on that null (Q-4)
test (22)	Run node --test test/*.test.js	2026-08-24T15:02:02.6712045Z   ---
test (22)	Run node --test test/*.test.js	2026-08-24T15:02:02.6712478Z   duration_ms: 0.516024
test (22)	Run node --test test/*.test.js	2026-08-24T15:02:02.6712915Z   type: 'test'
test (22)	Run node --test test/*.test.js	2026-08-24T15:02:02.6713564Z   ...
test (22)	Run node --test test/*.test.js	2026-08-24T15:02:02.6714549Z # Subtest: readTagVocabCount fails loud when a row value is not a plain integer, or when its row is absent (Q-4)
test (22)	Run node --test test/*.test.js	2026-08-24T15:02:02.6715880Z ok 88 - readTagVocabCount fails loud when a row value is not a plain integer, or when its row is absent (Q-4)
test (22)	Run node --test test/*.test.js	2026-08-24T15:02:02.6716829Z   ---
test (22)	Run node --test test/*.test.js	2026-08-24T15:02:02.6717240Z   duration_ms: 1.424551
test (22)	Run node --test test/*.test.js	2026-08-24T15:02:02.6717686Z   type: 'test'
test (22)	Run node --test test/*.test.js	2026-08-24T15:02:02.6718161Z   ...
test (22)	Run node --test test/*.test.js	2026-08-24T15:02:02.6719479Z # Subtest: extractBandTablesFromReadme tolerates a prose sentence between a band heading and its table (T-025), without mis-attaching a table when the real one is missing
test (22)	Run node --test test/*.test.js	2026-08-24T15:02:02.6721613Z ok 89 - extractBandTablesFromReadme tolerates a prose sentence between a band heading and its table (T-025), without mis-attaching a table when the real one is missing
test (22)	Run node --test test/*.test.js	2026-08-24T15:02:02.6722795Z   ---
test (22)	Run node --test test/*.test.js	2026-08-24T15:02:02.6723212Z   duration_ms: 2.599139
test (22)	Run node --test test/*.test.js	2026-08-24T15:02:02.6723753Z   type: 'test'
test (22)	Run node --test test/*.test.js	2026-08-24T15:02:02.6724181Z   ...
test (22)	Run node --test test/*.test.js	2026-08-24T15:02:02.6725192Z # Subtest: extractBandTablesFromReadme does not let a band-shaped PROSE line steal a real heading's table (T-039)
test (22)	Run node --test test/*.test.js	2026-08-24T15:02:02.6726768Z ok 90 - extractBandTablesFromReadme does not let a band-shaped PROSE line steal a real heading's table (T-039)
test (22)	Run node --test test/*.test.js	2026-08-24T15:02:02.6727690Z   ---
test (22)	Run node --test test/*.test.js	2026-08-24T15:02:02.6728192Z   duration_ms: 0.541604
test (22)	Run node --test test/*.test.js	2026-08-24T15:02:02.6728654Z   type: 'test'
test (22)	Run node --test test/*.test.js	2026-08-24T15:02:02.6729093Z   ...
test (22)	Run node --test test/*.test.js	2026-08-24T15:02:02.6729982Z # Subtest: extractBandTablesFromReadme does not read a fenced example block as a second, real band table
test (22)	Run node --test test/*.test.js	2026-08-24T15:02:02.6731323Z ok 91 - extractBandTablesFromReadme does not read a fenced example block as a second, real band table
test (22)	Run node --test test/*.test.js	2026-08-24T15:02:02.6732420Z   ---
test (22)	Run node --test test/*.test.js	2026-08-24T15:02:02.6732875Z   duration_ms: 0.320867
test (22)	Run node --test test/*.test.js	2026-08-24T15:02:02.6733354Z   type: 'test'
test (22)	Run node --test test/*.test.js	2026-08-24T15:02:02.6733783Z   ...
test (22)	Run node --test test/*.test.js	2026-08-24T15:02:02.6735212Z # Subtest: extractBandTablesFromReadme's recognised bands account for every structural `| Tag | Count |` table -- a table under an unrecognised heading shape is a loud mismatch, not a silent miss
test (22)	Run node --test test/*.test.js	2026-08-24T15:02:02.6737738Z ok 92 - extractBandTablesFromReadme's recognised bands account for every structural `| Tag | Count |` table -- a table under an unrecognised heading shape is a loud mismatch, not a silent miss
test (22)	Run node --test test/*.test.js	2026-08-24T15:02:02.6738958Z   ---
test (22)	Run node --test test/*.test.js	2026-08-24T15:02:02.6739376Z   duration_ms: 0.38304
test (22)	Run node --test test/*.test.js	2026-08-24T15:02:02.6739849Z   type: 'test'
test (22)	Run node --test test/*.test.js	2026-08-24T15:02:02.6740223Z   ...
test (22)	Run node --test test/*.test.js	2026-08-24T15:02:02.6741487Z # Subtest: every `| Tag | Count |` table in the real README Tag vocabulary section is a recognised band table (no table may hide under an unrecognised heading shape)
test (22)	Run node --test test/*.test.js	2026-08-24T15:02:02.6743441Z ok 93 - every `| Tag | Count |` table in the real README Tag vocabulary section is a recognised band table (no table may hide under an unrecognised heading shape)
test (22)	Run node --test test/*.test.js	2026-08-24T15:02:02.6744560Z   ---
test (22)	Run node --test test/*.test.js	2026-08-24T15:02:02.6744948Z   duration_ms: 0.559674
test (22)	Run node --test test/*.test.js	2026-08-24T15:02:02.6745404Z   type: 'test'
test (22)	Run node --test test/*.test.js	2026-08-24T15:02:02.6745812Z   ...
test (22)	Run node --test test/*.test.js	2026-08-24T15:02:02.6746957Z # Subtest: every band table in README Tag vocabulary contains exactly the corpus tags whose count fits that band
test (22)	Run node --test test/*.test.js	2026-08-24T15:02:02.6748320Z ok 94 - every band table in README Tag vocabulary contains exactly the corpus tags whose count fits that band
test (22)	Run node --test test/*.test.js	2026-08-24T15:02:02.6749107Z   ---
test (22)	Run node --test test/*.test.js	2026-08-24T15:02:02.6749509Z   duration_ms: 0.42485
test (22)	Run node --test test/*.test.js	2026-08-24T15:02:02.6749942Z   type: 'test'
test (22)	Run node --test test/*.test.js	2026-08-24T15:02:02.6750348Z   ...
test (22)	Run node --test test/*.test.js	2026-08-24T15:02:02.6751446Z # Subtest: every corpus tag appearing on 2+ entries must have a row in some band table (no band table may be deleted wholesale) (T-019)
test (22)	Run node --test test/*.test.js	2026-08-24T15:02:02.6752940Z ok 95 - every corpus tag appearing on 2+ entries must have a row in some band table (no band table may be deleted wholesale) (T-019)
test (22)	Run node --test test/*.test.js	2026-08-24T15:02:02.6753831Z   ---
test (22)	Run node --test test/*.test.js	2026-08-24T15:02:02.6754248Z   duration_ms: 0.279515
test (22)	Run node --test test/*.test.js	2026-08-24T15:02:02.6754688Z   type: 'test'
test (22)	Run node --test test/*.test.js	2026-08-24T15:02:02.6755189Z   ...
test (22)	Run node --test test/*.test.js	2026-08-24T15:02:02.6756479Z # Subtest: extractBandTablesFromReadme derives a band's row count purely from its table, ignoring decoy "N tags" phrases in the heading line (T-024b)
test (22)	Run node --test test/*.test.js	2026-08-24T15:02:02.6758521Z ok 96 - extractBandTablesFromReadme derives a band's row count purely from its table, ignoring decoy "N tags" phrases in the heading line (T-024b)
test (22)	Run node --test test/*.test.js	2026-08-24T15:02:02.6759526Z   ---
test (22)	Run node --test test/*.test.js	2026-08-24T15:02:02.6759936Z   duration_ms: 0.148015
test (22)	Run node --test test/*.test.js	2026-08-24T15:02:02.6760482Z   type: 'test'
test (22)	Run node --test test/*.test.js	2026-08-24T15:02:02.6760879Z   ...
test (22)	Run node --test test/*.test.js	2026-08-24T15:02:02.6761583Z # Subtest: README must state correct multi-entry and single-entry tag counts
test (22)	Run node --test test/*.test.js	2026-08-24T15:02:02.6762544Z ok 97 - README must state correct multi-entry and single-entry tag counts
test (22)	Run node --test test/*.test.js	2026-08-24T15:02:02.6763177Z   ---
test (22)	Run node --test test/*.test.js	2026-08-24T15:02:02.6763657Z   duration_ms: 0.375956
test (22)	Run node --test test/*.test.js	2026-08-24T15:02:02.6764095Z   type: 'test'
test (22)	Run node --test test/*.test.js	2026-08-24T15:02:02.6764484Z   ...
test (22)	Run node --test test/*.test.js	2026-08-24T15:02:02.6765290Z # Subtest: README Tag vocabulary section must contain no unrecognised count-claim digits (J-5)
test (22)	Run node --test test/*.test.js	2026-08-24T15:02:02.6766599Z ok 98 - README Tag vocabulary section must contain no unrecognised count-claim digits (J-5)
test (22)	Run node --test test/*.test.js	2026-08-24T15:02:02.6767248Z   ---
test (22)	Run node --test test/*.test.js	2026-08-24T15:02:02.6767677Z   duration_ms: 0.335959
test (22)	Run node --test test/*.test.js	2026-08-24T15:02:02.6768045Z   type: 'test'
test (22)	Run node --test test/*.test.js	2026-08-24T15:02:02.6768343Z   ...
test (22)	Run node --test test/*.test.js	2026-08-24T15:02:02.6768934Z # Subtest: README Attribution table "Entries ranked" count must match corpus.length and the triage doc (C1)
test (22)	Run node --test test/*.test.js	2026-08-24T15:02:02.6769783Z ok 99 - README Attribution table "Entries ranked" count must match corpus.length and the triage doc (C1)
test (22)	Run node --test test/*.test.js	2026-08-24T15:02:02.6770396Z   ---
test (22)	Run node --test test/*.test.js	2026-08-24T15:02:02.6770702Z   duration_ms: 1.173777
test (22)	Run node --test test/*.test.js	2026-08-24T15:02:02.6771020Z   type: 'test'
test (22)	Run node --test test/*.test.js	2026-08-24T15:02:02.6771328Z   ...
test (22)	Run node --test test/*.test.js	2026-08-24T15:02:02.6771846Z # Subtest: README Attribution table "Rated HIGH risk" count must match the triage doc table (C2)
test (22)	Run node --test test/*.test.js	2026-08-24T15:02:02.6772824Z ok 100 - README Attribution table "Rated HIGH risk" count must match the triage doc table (C2)
test (22)	Run node --test test/*.test.js	2026-08-24T15:02:02.6773482Z   ---
test (22)	Run node --test test/*.test.js	2026-08-24T15:02:02.6773892Z   duration_ms: 0.4747
test (22)	Run node --test test/*.test.js	2026-08-24T15:02:02.6774344Z   type: 'test'
test (22)	Run node --test test/*.test.js	2026-08-24T15:02:02.6774764Z   ...
test (22)	Run node --test test/*.test.js	2026-08-24T15:02:02.6775414Z # Subtest: README Attribution section must contain no digit runs outside the counts table (C7)
test (22)	Run node --test test/*.test.js	2026-08-24T15:02:02.6776635Z ok 101 - README Attribution section must contain no digit runs outside the counts table (C7)
test (22)	Run node --test test/*.test.js	2026-08-24T15:02:02.6777241Z   ---
test (22)	Run node --test test/*.test.js	2026-08-24T15:02:02.6777653Z   duration_ms: 0.42145
test (22)	Run node --test test/*.test.js	2026-08-24T15:02:02.6778111Z   type: 'test'
test (22)	Run node --test test/*.test.js	2026-08-24T15:02:02.6778510Z   ...
test (22)	Run node --test test/*.test.js	2026-08-24T15:02:02.6779009Z # Subtest: README Layout section paths must exist on disk (C6)
test (22)	Run node --test test/*.test.js	2026-08-24T15:02:02.6779808Z ok 102 - README Layout section paths must exist on disk (C6)
test (22)	Run node --test test/*.test.js	2026-08-24T15:02:02.6780326Z   ---
test (22)	Run node --test test/*.test.js	2026-08-24T15:02:02.6780767Z   duration_ms: 0.453925
test (22)	Run node --test test/*.test.js	2026-08-24T15:02:02.6781178Z   type: 'test'
test (22)	Run node --test test/*.test.js	2026-08-24T15:02:02.6781554Z   ...
test (22)	Run node --test test/*.test.js	2026-08-24T15:02:02.6782292Z # Subtest: getListBehaviourSection tolerates a reformatted "--list behaviour" heading with no backticks (T-021)
test (22)	Run node --test test/*.test.js	2026-08-24T15:02:02.6783264Z ok 103 - getListBehaviourSection tolerates a reformatted "--list behaviour" heading with no backticks (T-021)
test (22)	Run node --test test/*.test.js	2026-08-24T15:02:02.6784126Z   ---
test (22)	Run node --test test/*.test.js	2026-08-24T15:02:02.6784585Z   duration_ms: 0.526534
test (22)	Run node --test test/*.test.js	2026-08-24T15:02:02.6785156Z   type: 'test'
test (22)	Run node --test test/*.test.js	2026-08-24T15:02:02.6785608Z   ...
test (22)	Run node --test test/*.test.js	2026-08-24T15:02:02.6786792Z # Subtest: getListBehaviourSection still fails on a SEPARATOR MISMATCH (not a heading-parse error) when a reformatted heading's literal is mutated (T-021)
test (22)	Run node --test test/*.test.js	2026-08-24T15:02:02.6787913Z ok 104 - getListBehaviourSection still fails on a SEPARATOR MISMATCH (not a heading-parse error) when a reformatted heading's literal is mutated (T-021)
test (22)	Run node --test test/*.test.js	2026-08-24T15:02:02.6788532Z   ---
test (22)	Run node --test test/*.test.js	2026-08-24T15:02:02.6788794Z   duration_ms: 0.30088
test (22)	Run node --test test/*.test.js	2026-08-24T15:02:02.6789171Z   type: 'test'
test (22)	Run node --test test/*.test.js	2026-08-24T15:02:02.6789484Z   ...
test (22)	Run node --test test/*.test.js	2026-08-24T15:02:02.6790117Z # Subtest: getListBehaviourSection reports ambiguity loudly instead of taking the first of two qualifying headings (T-021)
test (22)	Run node --test test/*.test.js	2026-08-24T15:02:02.6790990Z ok 105 - getListBehaviourSection reports ambiguity loudly instead of taking the first of two qualifying headings (T-021)
test (22)	Run node --test test/*.test.js	2026-08-24T15:02:02.6791628Z   ---
test (22)	Run node --test test/*.test.js	2026-08-24T15:02:02.6791957Z   duration_ms: 0.356123
test (22)	Run node --test test/*.test.js	2026-08-24T15:02:02.6792294Z   type: 'test'
test (22)	Run node --test test/*.test.js	2026-08-24T15:02:02.6792585Z   ...
test (22)	Run node --test test/*.test.js	2026-08-24T15:02:02.6793376Z # Subtest: getListBehaviourSection does not let "--list-only" satisfy the standalone `--list` token (T-021)
test (22)	Run node --test test/*.test.js	2026-08-24T15:02:02.6794233Z ok 106 - getListBehaviourSection does not let "--list-only" satisfy the standalone `--list` token (T-021)
test (22)	Run node --test test/*.test.js	2026-08-24T15:02:02.6794754Z   ---
test (22)	Run node --test test/*.test.js	2026-08-24T15:02:02.6795036Z   duration_ms: 0.213655
test (22)	Run node --test test/*.test.js	2026-08-24T15:02:02.6795346Z   type: 'test'
test (22)	Run node --test test/*.test.js	2026-08-24T15:02:02.6795619Z   ...
test (22)	Run node --test test/*.test.js	2026-08-24T15:02:02.6796400Z # Subtest: getListBehaviourSection tolerates the American spelling "behavior" in the heading (T-027)
test (22)	Run node --test test/*.test.js	2026-08-24T15:02:02.6797272Z ok 107 - getListBehaviourSection tolerates the American spelling "behavior" in the heading (T-027)
test (22)	Run node --test test/*.test.js	2026-08-24T15:02:02.6797775Z   ---
test (22)	Run node --test test/*.test.js	2026-08-24T15:02:02.6798074Z   duration_ms: 0.196498
test (22)	Run node --test test/*.test.js	2026-08-24T15:02:02.6798372Z   type: 'test'
test (22)	Run node --test test/*.test.js	2026-08-24T15:02:02.6798674Z   ...
test (22)	Run node --test test/*.test.js	2026-08-24T15:02:02.6799468Z # Subtest: getListBehaviourSection still fails on a SEPARATOR MISMATCH (not a heading-parse error) under an American-spelled heading (T-027)
test (22)	Run node --test test/*.test.js	2026-08-24T15:02:02.6800575Z ok 108 - getListBehaviourSection still fails on a SEPARATOR MISMATCH (not a heading-parse error) under an American-spelled heading (T-027)
test (22)	Run node --test test/*.test.js	2026-08-24T15:02:02.6801320Z   ---
test (22)	Run node --test test/*.test.js	2026-08-24T15:02:02.6801602Z   duration_ms: 0.226965
test (22)	Run node --test test/*.test.js	2026-08-24T15:02:02.6801998Z   type: 'test'
test (22)	Run node --test test/*.test.js	2026-08-24T15:02:02.6802337Z   ...
test (22)	Run node --test test/*.test.js	2026-08-24T15:02:02.6802968Z # Subtest: README `--list` format literal matches the shipped binary's actual --list output (T-017)
test (22)	Run node --test test/*.test.js	2026-08-24T15:02:02.6804686Z ok 109 - README `--list` format literal matches the shipped binary's actual --list output (T-017)
test (22)	Run node --test test/*.test.js	2026-08-24T15:02:02.6805169Z   ---
test (22)	Run node --test test/*.test.js	2026-08-24T15:02:02.6805526Z   duration_ms: 39.475379
test (22)	Run node --test test/*.test.js	2026-08-24T15:02:02.6805865Z   type: 'test'
test (22)	Run node --test test/*.test.js	2026-08-24T15:02:02.6806335Z   ...
test (22)	Run node --test test/*.test.js	2026-08-24T15:02:02.6806915Z # Subtest: README `--author` matching section must state the correct count of distinct corpus authors (Q-8)
test (22)	Run node --test test/*.test.js	2026-08-24T15:02:02.6807708Z ok 110 - README `--author` matching section must state the correct count of distinct corpus authors (Q-8)
test (22)	Run node --test test/*.test.js	2026-08-24T15:02:02.6808218Z   ---
test (22)	Run node --test test/*.test.js	2026-08-24T15:02:02.6808496Z   duration_ms: 0.475749
test (22)	Run node --test test/*.test.js	2026-08-24T15:02:02.6808848Z   type: 'test'
test (22)	Run node --test test/*.test.js	2026-08-24T15:02:02.6809127Z   ...
test (22)	Run node --test test/*.test.js	2026-08-24T15:02:02.6809465Z # Subtest: corpus has at least 40 entries
test (22)	Run node --test test/*.test.js	2026-08-24T15:02:02.6809893Z ok 111 - corpus has at least 40 entries
test (22)	Run node --test test/*.test.js	2026-08-24T15:02:02.6810224Z   ---
test (22)	Run node --test test/*.test.js	2026-08-24T15:02:02.6810544Z   duration_ms: 1.267519
test (22)	Run node --test test/*.test.js	2026-08-24T15:02:02.6810846Z   type: 'test'
test (22)	Run node --test test/*.test.js	2026-08-24T15:02:02.6811132Z   ...
test (22)	Run node --test test/*.test.js	2026-08-24T15:02:02.6811648Z # Subtest: every corpus entry has non-empty text, non-empty author, and an array of tags
test (22)	Run node --test test/*.test.js	2026-08-24T15:02:02.6812375Z ok 112 - every corpus entry has non-empty text, non-empty author, and an array of tags
test (22)	Run node --test test/*.test.js	2026-08-24T15:02:02.6812851Z   ---
test (22)	Run node --test test/*.test.js	2026-08-24T15:02:02.6813214Z   duration_ms: 1.181732
test (22)	Run node --test test/*.test.js	2026-08-24T15:02:02.6813568Z   type: 'test'
test (22)	Run node --test test/*.test.js	2026-08-24T15:02:02.6813897Z   ...
test (22)	Run node --test test/*.test.js	2026-08-24T15:02:02.6814299Z # Subtest: filter: author match is case-insensitive
test (22)	Run node --test test/*.test.js	2026-08-24T15:02:02.6814790Z ok 113 - filter: author match is case-insensitive
test (22)	Run node --test test/*.test.js	2026-08-24T15:02:02.6815188Z   ---
test (22)	Run node --test test/*.test.js	2026-08-24T15:02:02.6815529Z   duration_ms: 0.763708
test (22)	Run node --test test/*.test.js	2026-08-24T15:02:02.6815886Z   type: 'test'
test (22)	Run node --test test/*.test.js	2026-08-24T15:02:02.6816460Z   ...
test (22)	Run node --test test/*.test.js	2026-08-24T15:02:02.6816844Z # Subtest: filter: tag match is case-insensitive
test (22)	Run node --test test/*.test.js	2026-08-24T15:02:02.6817288Z ok 114 - filter: tag match is case-insensitive
test (22)	Run node --test test/*.test.js	2026-08-24T15:02:02.6817664Z   ---
test (22)	Run node --test test/*.test.js	2026-08-24T15:02:02.6817990Z   duration_ms: 0.318022
test (22)	Run node --test test/*.test.js	2026-08-24T15:02:02.6818291Z   type: 'test'
test (22)	Run node --test test/*.test.js	2026-08-24T15:02:02.6818575Z   ...
test (22)	Run node --test test/*.test.js	2026-08-24T15:02:02.6819035Z # Subtest: filter: author and tag together narrow to the intersection (AND)
test (22)	Run node --test test/*.test.js	2026-08-24T15:02:02.6819636Z ok 115 - filter: author and tag together narrow to the intersection (AND)
test (22)	Run node --test test/*.test.js	2026-08-24T15:02:02.6820099Z   ---
test (22)	Run node --test test/*.test.js	2026-08-24T15:02:02.6820375Z   duration_ms: 0.30894
test (22)	Run node --test test/*.test.js	2026-08-24T15:02:02.6820786Z   type: 'test'
test (22)	Run node --test test/*.test.js	2026-08-24T15:02:02.6821108Z   ...
test (22)	Run node --test test/*.test.js	2026-08-24T15:02:02.6821492Z # Subtest: filter: undefined/absent options do not filter
test (22)	Run node --test test/*.test.js	2026-08-24T15:02:02.6821996Z ok 116 - filter: undefined/absent options do not filter
test (22)	Run node --test test/*.test.js	2026-08-24T15:02:02.6822395Z   ---
test (22)	Run node --test test/*.test.js	2026-08-24T15:02:02.6822670Z   duration_ms: 0.195896
test (22)	Run node --test test/*.test.js	2026-08-24T15:02:02.6823005Z   type: 'test'
test (22)	Run node --test test/*.test.js	2026-08-24T15:02:02.6823287Z   ...
test (22)	Run node --test test/*.test.js	2026-08-24T15:02:02.6823758Z # Subtest: pick: same seed over the same candidates always returns the same element
test (22)	Run node --test test/*.test.js	2026-08-24T15:02:02.6824374Z ok 117 - pick: same seed over the same candidates always returns the same element
test (22)	Run node --test test/*.test.js	2026-08-24T15:02:02.6824829Z   ---
test (22)	Run node --test test/*.test.js	2026-08-24T15:02:02.6825143Z   duration_ms: 0.422252
test (22)	Run node --test test/*.test.js	2026-08-24T15:02:02.6825445Z   type: 'test'
test (22)	Run node --test test/*.test.js	2026-08-24T15:02:02.6825737Z   ...
test (22)	Run node --test test/*.test.js	2026-08-24T15:02:02.6826153Z # Subtest: pick: different seeds generally produce different results
test (22)	Run node --test test/*.test.js	2026-08-24T15:02:02.6827019Z ok 118 - pick: different seeds generally produce different results
test (22)	Run node --test test/*.test.js	2026-08-24T15:02:02.6827505Z   ---
test (22)	Run node --test test/*.test.js	2026-08-24T15:02:02.6827800Z   duration_ms: 0.262578
test (22)	Run node --test test/*.test.js	2026-08-24T15:02:02.6828108Z   type: 'test'
test (22)	Run node --test test/*.test.js	2026-08-24T15:02:02.6828387Z   ...
test (22)	Run node --test test/*.test.js	2026-08-24T15:02:02.6828781Z # Subtest: pick: undefined seed picks a valid member (random mode)
test (22)	Run node --test test/*.test.js	2026-08-24T15:02:02.6829391Z ok 119 - pick: undefined seed picks a valid member (random mode)
test (22)	Run node --test test/*.test.js	2026-08-24T15:02:02.6829773Z   ---
test (22)	Run node --test test/*.test.js	2026-08-24T15:02:02.6830061Z   duration_ms: 0.426739
test (22)	Run node --test test/*.test.js	2026-08-24T15:02:02.6830358Z   type: 'test'
test (22)	Run node --test test/*.test.js	2026-08-24T15:02:02.6830616Z   ...
test (22)	Run node --test test/*.test.js	2026-08-24T15:02:02.6831116Z # Subtest: pick: null seed also triggers random mode and returns a valid member
test (22)	Run node --test test/*.test.js	2026-08-24T15:02:02.6831743Z ok 120 - pick: null seed also triggers random mode and returns a valid member
test (22)	Run node --test test/*.test.js	2026-08-24T15:02:02.6832243Z   ---
test (22)	Run node --test test/*.test.js	2026-08-24T15:02:02.6832521Z   duration_ms: 0.487161
test (22)	Run node --test test/*.test.js	2026-08-24T15:02:02.6832826Z   type: 'test'
test (22)	Run node --test test/*.test.js	2026-08-24T15:02:02.6833133Z   ...
test (22)	Run node --test test/*.test.js	2026-08-24T15:02:02.6833532Z # Subtest: pick: throws RangeError on empty candidates array
test (22)	Run node --test test/*.test.js	2026-08-24T15:02:02.6834076Z ok 121 - pick: throws RangeError on empty candidates array
test (22)	Run node --test test/*.test.js	2026-08-24T15:02:02.6834455Z   ---
test (22)	Run node --test test/*.test.js	2026-08-24T15:02:02.6834734Z   duration_ms: 0.627386
test (22)	Run node --test test/*.test.js	2026-08-24T15:02:02.6835065Z   type: 'test'
test (22)	Run node --test test/*.test.js	2026-08-24T15:02:02.6835343Z   ...
test (22)	Run node --test test/*.test.js	2026-08-24T15:02:02.6835784Z # Subtest: pick: Infinity seed is deterministic and returns a valid member
test (22)	Run node --test test/*.test.js	2026-08-24T15:02:02.6836645Z ok 122 - pick: Infinity seed is deterministic and returns a valid member
test (22)	Run node --test test/*.test.js	2026-08-24T15:02:02.6837082Z   ---
test (22)	Run node --test test/*.test.js	2026-08-24T15:02:02.6837391Z   duration_ms: 0.215342
test (22)	Run node --test test/*.test.js	2026-08-24T15:02:02.6837691Z   type: 'test'
test (22)	Run node --test test/*.test.js	2026-08-24T15:02:02.6837974Z   ...
test (22)	Run node --test test/*.test.js	2026-08-24T15:02:02.6838469Z # Subtest: pick: -Infinity seed is deterministic and returns a valid member
test (22)	Run node --test test/*.test.js	2026-08-24T15:02:02.6839066Z ok 123 - pick: -Infinity seed is deterministic and returns a valid member
test (22)	Run node --test test/*.test.js	2026-08-24T15:02:02.6839506Z   ---
test (22)	Run node --test test/*.test.js	2026-08-24T15:02:02.6839790Z   duration_ms: 0.166398
test (22)	Run node --test test/*.test.js	2026-08-24T15:02:02.6840088Z   type: 'test'
test (22)	Run node --test test/*.test.js	2026-08-24T15:02:02.6840374Z   ...
test (22)	Run node --test test/*.test.js	2026-08-24T15:02:02.6840865Z # Subtest: pick: NaN seed still uses the random branch and returns a valid member
test (22)	Run node --test test/*.test.js	2026-08-24T15:02:02.6841503Z ok 124 - pick: NaN seed still uses the random branch and returns a valid member
test (22)	Run node --test test/*.test.js	2026-08-24T15:02:02.6841920Z   ---
test (22)	Run node --test test/*.test.js	2026-08-24T15:02:02.6842188Z   duration_ms: 0.091615
test (22)	Run node --test test/*.test.js	2026-08-24T15:02:02.6842497Z   type: 'test'
test (22)	Run node --test test/*.test.js	2026-08-24T15:02:02.6842798Z   ...
test (22)	Run node --test test/*.test.js	2026-08-24T15:02:02.6843301Z # Subtest: pick: finite seed determinism is unchanged by the non-finite-seed fix
test (22)	Run node --test test/*.test.js	2026-08-24T15:02:02.6843905Z ok 125 - pick: finite seed determinism is unchanged by the non-finite-seed fix
test (22)	Run node --test test/*.test.js	2026-08-24T15:02:02.6844327Z   ---
test (22)	Run node --test test/*.test.js	2026-08-24T15:02:02.6844635Z   duration_ms: 0.138214
test (22)	Run node --test test/*.test.js	2026-08-24T15:02:02.6844932Z   type: 'test'
test (22)	Run node --test test/*.test.js	2026-08-24T15:02:02.6845249Z   ...
test (22)	Run node --test test/*.test.js	2026-08-24T15:02:02.6845661Z # Subtest: pick: every candidate is REACHABLE by an unseeded draw
test (22)	Run node --test test/*.test.js	2026-08-24T15:02:02.6846419Z ok 126 - pick: every candidate is REACHABLE by an unseeded draw
test (22)	Run node --test test/*.test.js	2026-08-24T15:02:02.6847075Z   ---
test (22)	Run node --test test/*.test.js	2026-08-24T15:02:02.6847365Z   duration_ms: 1.882147
test (22)	Run node --test test/*.test.js	2026-08-24T15:02:02.6847684Z   type: 'test'
test (22)	Run node --test test/*.test.js	2026-08-24T15:02:02.6848087Z   ...
test (22)	Run node --test test/*.test.js	2026-08-24T15:02:02.6848559Z # Subtest: pick: unseeded draws split the interval EQUALLY across candidates (uniform)
test (22)	Run node --test test/*.test.js	2026-08-24T15:02:02.6849240Z ok 127 - pick: unseeded draws split the interval EQUALLY across candidates (uniform)
test (22)	Run node --test test/*.test.js	2026-08-24T15:02:02.6849680Z   ---
test (22)	Run node --test test/*.test.js	2026-08-24T15:02:02.6849967Z   duration_ms: 0.775849
test (22)	Run node --test test/*.test.js	2026-08-24T15:02:02.6850300Z   type: 'test'
test (22)	Run node --test test/*.test.js	2026-08-24T15:02:02.6850576Z   ...
test (22)	Run node --test test/*.test.js	2026-08-24T15:02:02.6851104Z # Subtest: pick: single-element candidates always returns that element regardless of seed
test (22)	Run node --test test/*.test.js	2026-08-24T15:02:02.6851777Z ok 128 - pick: single-element candidates always returns that element regardless of seed
test (22)	Run node --test test/*.test.js	2026-08-24T15:02:02.6852238Z   ---
test (22)	Run node --test test/*.test.js	2026-08-24T15:02:02.6852516Z   duration_ms: 0.089276
test (22)	Run node --test test/*.test.js	2026-08-24T15:02:02.6852843Z   type: 'test'
test (22)	Run node --test test/*.test.js	2026-08-24T15:02:02.6853153Z   ...
test (22)	Run node --test test/*.test.js	2026-08-24T15:02:02.6853424Z 1..128
test (22)	Run node --test test/*.test.js	2026-08-24T15:02:02.6853718Z # tests 128
test (22)	Run node --test test/*.test.js	2026-08-24T15:02:02.6853995Z # suites 0
test (22)	Run node --test test/*.test.js	2026-08-24T15:02:02.6854260Z # pass 126
test (22)	Run node --test test/*.test.js	2026-08-24T15:02:02.6854619Z # fail 0
test (22)	Run node --test test/*.test.js	2026-08-24T15:02:02.6854903Z # cancelled 0
test (22)	Run node --test test/*.test.js	2026-08-24T15:02:02.6855204Z # skipped 2
test (22)	Run node --test test/*.test.js	2026-08-24T15:02:02.6855479Z # todo 0
test (22)	Run node --test test/*.test.js	2026-08-24T15:02:02.6855764Z # duration_ms 2738.272943
test (22)	Coverage report (informational, not a gate)	﻿2026-08-24T15:02:02.6911964Z ##[group]Run node --test --experimental-test-coverage test/*.test.js \
test (22)	Coverage report (informational, not a gate)	2026-08-24T15:02:02.6912611Z [36;1mnode --test --experimental-test-coverage test/*.test.js \[0m
test (22)	Coverage report (informational, not a gate)	2026-08-24T15:02:02.6913398Z [36;1m  || echo "NOTE: --experimental-test-coverage exited non-zero on Node 22 (see output above). This step is informational only and does not affect job status."[0m
test (22)	Coverage report (informational, not a gate)	2026-08-24T15:02:02.6940218Z shell: /usr/bin/bash -e {0}
test (22)	Coverage report (informational, not a gate)	2026-08-24T15:02:02.6940643Z ##[endgroup]
test (22)	Coverage report (informational, not a gate)	2026-08-24T15:02:02.7457714Z TAP version 13
test (22)	Coverage report (informational, not a gate)	2026-08-24T15:02:02.8068145Z # Subtest: zero args: no error, no filters set
test (22)	Coverage report (informational, not a gate)	2026-08-24T15:02:02.8117659Z ok 1 - zero args: no error, no filters set
test (22)	Coverage report (informational, not a gate)	2026-08-24T15:02:02.8137947Z   ---
test (22)	Coverage report (informational, not a gate)	2026-08-24T15:02:02.8177462Z   duration_ms: 1.767409
test (22)	Coverage report (informational, not a gate)	2026-08-24T15:02:02.8207303Z   type: 'test'
test (22)	Coverage report (informational, not a gate)	2026-08-24T15:02:02.8227376Z   ...
test (22)	Coverage report (informational, not a gate)	2026-08-24T15:02:02.8228291Z # Subtest: --author <name> sets author string
test (22)	Coverage report (informational, not a gate)	2026-08-24T15:02:02.8229100Z ok 2 - --author <name> sets author string
test (22)	Coverage report (informational, not a gate)	2026-08-24T15:02:02.8229932Z   ---
test (22)	Coverage report (informational, not a gate)	2026-08-24T15:02:02.8230749Z   duration_ms: 0.328292
test (22)	Coverage report (informational, not a gate)	2026-08-24T15:02:02.8231356Z   type: 'test'
test (22)	Coverage report (informational, not a gate)	2026-08-24T15:02:02.8231867Z   ...
test (22)	Coverage report (informational, not a gate)	2026-08-24T15:02:02.8232592Z # Subtest: --author=<name> equals form sets author string
test (22)	Coverage report (informational, not a gate)	2026-08-24T15:02:02.8233529Z ok 3 - --author=<name> equals form sets author string
test (22)	Coverage report (informational, not a gate)	2026-08-24T15:02:02.8234182Z   ---
test (22)	Coverage report (informational, not a gate)	2026-08-24T15:02:02.8234757Z   duration_ms: 0.173163
test (22)	Coverage report (informational, not a gate)	2026-08-24T15:02:02.8235381Z   type: 'test'
test (22)	Coverage report (informational, not a gate)	2026-08-24T15:02:02.8237533Z   ...
test (22)	Coverage report (informational, not a gate)	2026-08-24T15:02:02.8238366Z # Subtest: --tag <tag> sets tag string
test (22)	Coverage report (informational, not a gate)	2026-08-24T15:02:02.8239246Z ok 4 - --tag <tag> sets tag string
test (22)	Coverage report (informational, not a gate)	2026-08-24T15:02:02.8239924Z   ---
test (22)	Coverage report (informational, not a gate)	2026-08-24T15:02:02.8240515Z   duration_ms: 0.144983
test (22)	Coverage report (informational, not a gate)	2026-08-24T15:02:02.8241175Z   type: 'test'
test (22)	Coverage report (informational, not a gate)	2026-08-24T15:02:02.8241733Z   ...
test (22)	Coverage report (informational, not a gate)	2026-08-24T15:02:02.8242556Z # Subtest: --tag=<tag> equals form sets tag string
test (22)	Coverage report (informational, not a gate)	2026-08-24T15:02:02.8243569Z ok 5 - --tag=<tag> equals form sets tag string
test (22)	Coverage report (informational, not a gate)	2026-08-24T15:02:02.8244312Z   ---
test (22)	Coverage report (informational, not a gate)	2026-08-24T15:02:02.8245000Z   duration_ms: 0.151274
test (22)	Coverage report (informational, not a gate)	2026-08-24T15:02:02.8245585Z   type: 'test'
test (22)	Coverage report (informational, not a gate)	2026-08-24T15:02:02.8246137Z   ...
test (22)	Coverage report (informational, not a gate)	2026-08-24T15:02:02.8256764Z # Subtest: combined --author X --tag Y sets both
test (22)	Coverage report (informational, not a gate)	2026-08-24T15:02:02.8257723Z ok 6 - combined --author X --tag Y sets both
test (22)	Coverage report (informational, not a gate)	2026-08-24T15:02:02.8258398Z   ---
test (22)	Coverage report (informational, not a gate)	2026-08-24T15:02:02.8258834Z   duration_ms: 0.155545
test (22)	Coverage report (informational, not a gate)	2026-08-24T15:02:02.8259337Z   type: 'test'
test (22)	Coverage report (informational, not a gate)	2026-08-24T15:02:02.8259753Z   ...
test (22)	Coverage report (informational, not a gate)	2026-08-24T15:02:02.8260229Z # Subtest: --seed <n> parses as a number
test (22)	Coverage report (informational, not a gate)	2026-08-24T15:02:02.8260864Z ok 7 - --seed <n> parses as a number
test (22)	Coverage report (informational, not a gate)	2026-08-24T15:02:02.8261384Z   ---
test (22)	Coverage report (informational, not a gate)	2026-08-24T15:02:02.8261853Z   duration_ms: 0.188786
test (22)	Coverage report (informational, not a gate)	2026-08-24T15:02:02.8262313Z   type: 'test'
test (22)	Coverage report (informational, not a gate)	2026-08-24T15:02:02.8262680Z   ...
test (22)	Coverage report (informational, not a gate)	2026-08-24T15:02:02.8263261Z # Subtest: --seed=<n> equals form parses as a number
test (22)	Coverage report (informational, not a gate)	2026-08-24T15:02:02.8263954Z ok 8 - --seed=<n> equals form parses as a number
test (22)	Coverage report (informational, not a gate)	2026-08-24T15:02:02.8264585Z   ---
test (22)	Coverage report (informational, not a gate)	2026-08-24T15:02:02.8265078Z   duration_ms: 0.137275
test (22)	Coverage report (informational, not a gate)	2026-08-24T15:02:02.8265477Z   type: 'test'
test (22)	Coverage report (informational, not a gate)	2026-08-24T15:02:02.8265892Z   ...
test (22)	Coverage report (informational, not a gate)	2026-08-24T15:02:02.8266648Z # Subtest: --seed <n> accepts a negative number
test (22)	Coverage report (informational, not a gate)	2026-08-24T15:02:02.8267387Z ok 9 - --seed <n> accepts a negative number
test (22)	Coverage report (informational, not a gate)	2026-08-24T15:02:02.8267953Z   ---
test (22)	Coverage report (informational, not a gate)	2026-08-24T15:02:02.8268347Z   duration_ms: 0.151083
test (22)	Coverage report (informational, not a gate)	2026-08-24T15:02:02.8268820Z   type: 'test'
test (22)	Coverage report (informational, not a gate)	2026-08-24T15:02:02.8269292Z   ...
test (22)	Coverage report (informational, not a gate)	2026-08-24T15:02:02.8269934Z # Subtest: --seed=<n> equals form accepts a negative number
test (22)	Coverage report (informational, not a gate)	2026-08-24T15:02:02.8270744Z ok 10 - --seed=<n> equals form accepts a negative number
test (22)	Coverage report (informational, not a gate)	2026-08-24T15:02:02.8271352Z   ---
test (22)	Coverage report (informational, not a gate)	2026-08-24T15:02:02.8271797Z   duration_ms: 0.241714
test (22)	Coverage report (informational, not a gate)	2026-08-24T15:02:02.8272235Z   type: 'test'
test (22)	Coverage report (informational, not a gate)	2026-08-24T15:02:02.8272640Z   ...
test (22)	Coverage report (informational, not a gate)	2026-08-24T15:02:02.8273200Z # Subtest: non-numeric --seed is a usage error
test (22)	Coverage report (informational, not a gate)	2026-08-24T15:02:02.8273844Z ok 11 - non-numeric --seed is a usage error
test (22)	Coverage report (informational, not a gate)	2026-08-24T15:02:02.8274419Z   ---
test (22)	Coverage report (informational, not a gate)	2026-08-24T15:02:02.8274823Z   duration_ms: 0.360685
test (22)	Coverage report (informational, not a gate)	2026-08-24T15:02:02.8275259Z   type: 'test'
test (22)	Coverage report (informational, not a gate)	2026-08-24T15:02:02.8275685Z   ...
test (22)	Coverage report (informational, not a gate)	2026-08-24T15:02:02.8276332Z # Subtest: non-numeric --seed= equals form is a usage error
test (22)	Coverage report (informational, not a gate)	2026-08-24T15:02:02.8277410Z ok 12 - non-numeric --seed= equals form is a usage error
test (22)	Coverage report (informational, not a gate)	2026-08-24T15:02:02.8277972Z   ---
test (22)	Coverage report (informational, not a gate)	2026-08-24T15:02:02.8278412Z   duration_ms: 0.204248
test (22)	Coverage report (informational, not a gate)	2026-08-24T15:02:02.8278936Z   type: 'test'
test (22)	Coverage report (informational, not a gate)	2026-08-24T15:02:02.8279311Z   ...
test (22)	Coverage report (informational, not a gate)	2026-08-24T15:02:02.8279838Z # Subtest: --list sets list: true
test (22)	Coverage report (informational, not a gate)	2026-08-24T15:02:02.8280386Z ok 13 - --list sets list: true
test (22)	Coverage report (informational, not a gate)	2026-08-24T15:02:02.8280840Z   ---
test (22)	Coverage report (informational, not a gate)	2026-08-24T15:02:02.8281217Z   duration_ms: 0.141093
test (22)	Coverage report (informational, not a gate)	2026-08-24T15:02:02.8281851Z   type: 'test'
test (22)	Coverage report (informational, not a gate)	2026-08-24T15:02:02.8282256Z   ...
test (22)	Coverage report (informational, not a gate)	2026-08-24T15:02:02.8282704Z # Subtest: --json sets json: true
test (22)	Coverage report (informational, not a gate)	2026-08-24T15:02:02.8283300Z ok 14 - --json sets json: true
test (22)	Coverage report (informational, not a gate)	2026-08-24T15:02:02.8283761Z   ---
test (22)	Coverage report (informational, not a gate)	2026-08-24T15:02:02.8284140Z   duration_ms: 0.167635
test (22)	Coverage report (informational, not a gate)	2026-08-24T15:02:02.8284600Z   type: 'test'
test (22)	Coverage report (informational, not a gate)	2026-08-24T15:02:02.8284954Z   ...
test (22)	Coverage report (informational, not a gate)	2026-08-24T15:02:02.8285478Z # Subtest: --help sets help: true
test (22)	Coverage report (informational, not a gate)	2026-08-24T15:02:02.8286041Z ok 15 - --help sets help: true
test (22)	Coverage report (informational, not a gate)	2026-08-24T15:02:02.8286785Z   ---
test (22)	Coverage report (informational, not a gate)	2026-08-24T15:02:02.8287717Z   duration_ms: 0.130951
test (22)	Coverage report (informational, not a gate)	2026-08-24T15:02:02.8288180Z   type: 'test'
test (22)	Coverage report (informational, not a gate)	2026-08-24T15:02:02.8288543Z   ...
test (22)	Coverage report (informational, not a gate)	2026-08-24T15:02:02.8289037Z # Subtest: -h sets help: true
test (22)	Coverage report (informational, not a gate)	2026-08-24T15:02:02.8289506Z ok 16 - -h sets help: true
test (22)	Coverage report (informational, not a gate)	2026-08-24T15:02:02.8289951Z   ---
test (22)	Coverage report (informational, not a gate)	2026-08-24T15:02:02.8290357Z   duration_ms: 0.124483
test (22)	Coverage report (informational, not a gate)	2026-08-24T15:02:02.8290774Z   type: 'test'
test (22)	Coverage report (informational, not a gate)	2026-08-24T15:02:02.8291177Z   ...
test (22)	Coverage report (informational, not a gate)	2026-08-24T15:02:02.8291650Z # Subtest: unknown flag is a usage error
test (22)	Coverage report (informational, not a gate)	2026-08-24T15:02:02.8292314Z ok 17 - unknown flag is a usage error
test (22)	Coverage report (informational, not a gate)	2026-08-24T15:02:02.8292846Z   ---
test (22)	Coverage report (informational, not a gate)	2026-08-24T15:02:02.8293206Z   duration_ms: 0.187633
test (22)	Coverage report (informational, not a gate)	2026-08-24T15:02:02.8293677Z   type: 'test'
test (22)	Coverage report (informational, not a gate)	2026-08-24T15:02:02.8294063Z   ...
test (22)	Coverage report (informational, not a gate)	2026-08-24T15:02:02.8294611Z # Subtest: unknown short flag is a usage error
test (22)	Coverage report (informational, not a gate)	2026-08-24T15:02:02.8295284Z ok 18 - unknown short flag is a usage error
test (22)	Coverage report (informational, not a gate)	2026-08-24T15:02:02.8295775Z   ---
test (22)	Coverage report (informational, not a gate)	2026-08-24T15:02:02.8297291Z   duration_ms: 1.634629
test (22)	Coverage report (informational, not a gate)	2026-08-24T15:02:02.8297771Z   type: 'test'
test (22)	Coverage report (informational, not a gate)	2026-08-24T15:02:02.8298186Z   ...
test (22)	Coverage report (informational, not a gate)	2026-08-24T15:02:02.8298904Z # Subtest: --author missing value at end of argv is a usage error
test (22)	Coverage report (informational, not a gate)	2026-08-24T15:02:02.8299655Z ok 19 - --author missing value at end of argv is a usage error
test (22)	Coverage report (informational, not a gate)	2026-08-24T15:02:02.8300259Z   ---
test (22)	Coverage report (informational, not a gate)	2026-08-24T15:02:02.8300646Z   duration_ms: 0.218326
test (22)	Coverage report (informational, not a gate)	2026-08-24T15:02:02.8301085Z   type: 'test'
test (22)	Coverage report (informational, not a gate)	2026-08-24T15:02:02.8301508Z   ...
test (22)	Coverage report (informational, not a gate)	2026-08-24T15:02:02.8302216Z # Subtest: --tag missing value because next token is another flag is a usage error
test (22)	Coverage report (informational, not a gate)	2026-08-24T15:02:02.8305699Z ok 20 - --tag missing value because next token is another flag is a usage error
test (22)	Coverage report (informational, not a gate)	2026-08-24T15:02:02.8306673Z   ---
test (22)	Coverage report (informational, not a gate)	2026-08-24T15:02:02.8307132Z   duration_ms: 0.170809
test (22)	Coverage report (informational, not a gate)	2026-08-24T15:02:02.8307648Z   type: 'test'
test (22)	Coverage report (informational, not a gate)	2026-08-24T15:02:02.8308054Z   ...
test (22)	Coverage report (informational, not a gate)	2026-08-24T15:02:02.8308777Z # Subtest: --seed missing value at end of argv is a usage error
test (22)	Coverage report (informational, not a gate)	2026-08-24T15:02:02.8309605Z ok 21 - --seed missing value at end of argv is a usage error
test (22)	Coverage report (informational, not a gate)	2026-08-24T15:02:02.8310191Z   ---
test (22)	Coverage report (informational, not a gate)	2026-08-24T15:02:02.8310600Z   duration_ms: 0.123693
test (22)	Coverage report (informational, not a gate)	2026-08-24T15:02:02.8311058Z   type: 'test'
test (22)	Coverage report (informational, not a gate)	2026-08-24T15:02:02.8311539Z   ...
test (22)	Coverage report (informational, not a gate)	2026-08-24T15:02:02.8312105Z # Subtest: --author= with empty value is a usage error
test (22)	Coverage report (informational, not a gate)	2026-08-24T15:02:02.8312835Z ok 22 - --author= with empty value is a usage error
test (22)	Coverage report (informational, not a gate)	2026-08-24T15:02:02.8313362Z   ---
test (22)	Coverage report (informational, not a gate)	2026-08-24T15:02:02.8313718Z   duration_ms: 0.127347
test (22)	Coverage report (informational, not a gate)	2026-08-24T15:02:02.8314187Z   type: 'test'
test (22)	Coverage report (informational, not a gate)	2026-08-24T15:02:02.8314578Z   ...
test (22)	Coverage report (informational, not a gate)	2026-08-24T15:02:02.8315224Z # Subtest: a bare positional argument (not a flag) is a usage error
test (22)	Coverage report (informational, not a gate)	2026-08-24T15:02:02.8316090Z ok 23 - a bare positional argument (not a flag) is a usage error
test (22)	Coverage report (informational, not a gate)	2026-08-24T15:02:02.8316943Z   ---
test (22)	Coverage report (informational, not a gate)	2026-08-24T15:02:02.8317413Z   duration_ms: 0.107658
test (22)	Coverage report (informational, not a gate)	2026-08-24T15:02:02.8317836Z   type: 'test'
test (22)	Coverage report (informational, not a gate)	2026-08-24T15:02:02.8318276Z   ...
test (22)	Coverage report (informational, not a gate)	2026-08-24T15:02:02.8318816Z # Subtest: parseArgs never throws on malformed input
test (22)	Coverage report (informational, not a gate)	2026-08-24T15:02:02.8319538Z ok 24 - parseArgs never throws on malformed input
test (22)	Coverage report (informational, not a gate)	2026-08-24T15:02:02.8320083Z   ---
test (22)	Coverage report (informational, not a gate)	2026-08-24T15:02:02.8320453Z   duration_ms: 0.308848
test (22)	Coverage report (informational, not a gate)	2026-08-24T15:02:02.8321107Z   type: 'test'
test (22)	Coverage report (informational, not a gate)	2026-08-24T15:02:02.8321563Z   ...
test (22)	Coverage report (informational, not a gate)	2026-08-24T15:02:02.8322143Z # Subtest: absent options are undefined/false, never null
test (22)	Coverage report (informational, not a gate)	2026-08-24T15:02:02.8322902Z ok 25 - absent options are undefined/false, never null
test (22)	Coverage report (informational, not a gate)	2026-08-24T15:02:02.8323441Z   ---
test (22)	Coverage report (informational, not a gate)	2026-08-24T15:02:02.8323809Z   duration_ms: 0.177554
test (22)	Coverage report (informational, not a gate)	2026-08-24T15:02:02.8324258Z   type: 'test'
test (22)	Coverage report (informational, not a gate)	2026-08-24T15:02:02.8324709Z   ...
test (22)	Coverage report (informational, not a gate)	2026-08-24T15:02:02.8325330Z # Subtest: HELP is a non-empty string mentioning every flag name
test (22)	Coverage report (informational, not a gate)	2026-08-24T15:02:02.8326526Z ok 26 - HELP is a non-empty string mentioning every flag name
test (22)	Coverage report (informational, not a gate)	2026-08-24T15:02:02.8327080Z   ---
test (22)	Coverage report (informational, not a gate)	2026-08-24T15:02:02.8327509Z   duration_ms: 0.265431
test (22)	Coverage report (informational, not a gate)	2026-08-24T15:02:02.8328116Z   type: 'test'
test (22)	Coverage report (informational, not a gate)	2026-08-24T15:02:02.8328545Z   ...
test (22)	Coverage report (informational, not a gate)	2026-08-24T15:02:02.8329137Z # Subtest: HELP fits comfortably on one 24-line terminal screen
test (22)	Coverage report (informational, not a gate)	2026-08-24T15:02:02.8329957Z ok 27 - HELP fits comfortably on one 24-line terminal screen
test (22)	Coverage report (informational, not a gate)	2026-08-24T15:02:02.8330618Z   ---
test (22)	Coverage report (informational, not a gate)	2026-08-24T15:02:02.8331000Z   duration_ms: 0.13707
test (22)	Coverage report (informational, not a gate)	2026-08-24T15:02:02.8331503Z   type: 'test'
test (22)	Coverage report (informational, not a gate)	2026-08-24T15:02:02.8331882Z   ...
test (22)	Coverage report (informational, not a gate)	2026-08-24T15:02:02.8332563Z # Subtest: --seed Infinity / --seed -Infinity parse to numbers, not a usage error
test (22)	Coverage report (informational, not a gate)	2026-08-24T15:02:02.8333594Z ok 28 - --seed Infinity / --seed -Infinity parse to numbers, not a usage error
test (22)	Coverage report (informational, not a gate)	2026-08-24T15:02:02.8334233Z   ---
test (22)	Coverage report (informational, not a gate)	2026-08-24T15:02:02.8334687Z   duration_ms: 0.141405
test (22)	Coverage report (informational, not a gate)	2026-08-24T15:02:02.8335280Z   type: 'test'
test (22)	Coverage report (informational, not a gate)	2026-08-24T15:02:02.8335628Z   ...
test (22)	Coverage report (informational, not a gate)	2026-08-24T15:02:06.0348312Z # Subtest: bare invocation prints one attributed aphorism and exits 0
test (22)	Coverage report (informational, not a gate)	2026-08-24T15:02:06.0349757Z ok 29 - bare invocation prints one attributed aphorism and exits 0
test (22)	Coverage report (informational, not a gate)	2026-08-24T15:02:06.0350507Z   ---
test (22)	Coverage report (informational, not a gate)	2026-08-24T15:02:06.0351032Z   duration_ms: 46.990828
test (22)	Coverage report (informational, not a gate)	2026-08-24T15:02:06.0351714Z   type: 'test'
test (22)	Coverage report (informational, not a gate)	2026-08-24T15:02:06.0352192Z   ...
test (22)	Coverage report (informational, not a gate)	2026-08-24T15:02:06.0352985Z # Subtest: --seed is deterministic across separate processes
test (22)	Coverage report (informational, not a gate)	2026-08-24T15:02:06.0353899Z ok 30 - --seed is deterministic across separate processes
test (22)	Coverage report (informational, not a gate)	2026-08-24T15:02:06.0354623Z   ---
test (22)	Coverage report (informational, not a gate)	2026-08-24T15:02:06.0355200Z   duration_ms: 97.600099
test (22)	Coverage report (informational, not a gate)	2026-08-24T15:02:06.0355760Z   type: 'test'
test (22)	Coverage report (informational, not a gate)	2026-08-24T15:02:06.0356376Z   ...
test (22)	Coverage report (informational, not a gate)	2026-08-24T15:02:06.0356970Z # Subtest: different seeds do not all collapse to one aphorism
test (22)	Coverage report (informational, not a gate)	2026-08-24T15:02:06.0357751Z ok 31 - different seeds do not all collapse to one aphorism
test (22)	Coverage report (informational, not a gate)	2026-08-24T15:02:06.0358316Z   ---
test (22)	Coverage report (informational, not a gate)	2026-08-24T15:02:06.0358664Z   duration_ms: 459.174806
test (22)	Coverage report (informational, not a gate)	2026-08-24T15:02:06.0359188Z   type: 'test'
test (22)	Coverage report (informational, not a gate)	2026-08-24T15:02:06.0359554Z   ...
test (22)	Coverage report (informational, not a gate)	2026-08-24T15:02:06.0360215Z # Subtest: --json emits a single-line JSON object with text/author/tags
test (22)	Coverage report (informational, not a gate)	2026-08-24T15:02:06.0361090Z ok 32 - --json emits a single-line JSON object with text/author/tags
test (22)	Coverage report (informational, not a gate)	2026-08-24T15:02:06.0361656Z   ---
test (22)	Coverage report (informational, not a gate)	2026-08-24T15:02:06.0362071Z   duration_ms: 44.019581
test (22)	Coverage report (informational, not a gate)	2026-08-24T15:02:06.0362452Z   type: 'test'
test (22)	Coverage report (informational, not a gate)	2026-08-24T15:02:06.0362827Z   ...
test (22)	Coverage report (informational, not a gate)	2026-08-24T15:02:06.0363358Z # Subtest: --list prints every entry in the filtered set
test (22)	Coverage report (informational, not a gate)	2026-08-24T15:02:06.0364012Z ok 33 - --list prints every entry in the filtered set
test (22)	Coverage report (informational, not a gate)	2026-08-24T15:02:06.0364564Z   ---
test (22)	Coverage report (informational, not a gate)	2026-08-24T15:02:06.0364963Z   duration_ms: 34.899739
test (22)	Coverage report (informational, not a gate)	2026-08-24T15:02:06.0365389Z   type: 'test'
test (22)	Coverage report (informational, not a gate)	2026-08-24T15:02:06.0365879Z   ...
test (22)	Coverage report (informational, not a gate)	2026-08-24T15:02:06.0366518Z # Subtest: --help prints usage to stdout and exits 0
test (22)	Coverage report (informational, not a gate)	2026-08-24T15:02:06.0367162Z ok 34 - --help prints usage to stdout and exits 0
test (22)	Coverage report (informational, not a gate)	2026-08-24T15:02:06.0367613Z   ---
test (22)	Coverage report (informational, not a gate)	2026-08-24T15:02:06.0368048Z   duration_ms: 33.469664
test (22)	Coverage report (informational, not a gate)	2026-08-24T15:02:06.0368499Z   type: 'test'
test (22)	Coverage report (informational, not a gate)	2026-08-24T15:02:06.0368886Z   ...
test (22)	Coverage report (informational, not a gate)	2026-08-24T15:02:06.0369496Z # Subtest: no match exits 1 with stderr only and zero bytes on stdout
test (22)	Coverage report (informational, not a gate)	2026-08-24T15:02:06.0370304Z ok 35 - no match exits 1 with stderr only and zero bytes on stdout
test (22)	Coverage report (informational, not a gate)	2026-08-24T15:02:06.0370898Z   ---
test (22)	Coverage report (informational, not a gate)	2026-08-24T15:02:06.0371430Z   duration_ms: 34.403857
test (22)	Coverage report (informational, not a gate)	2026-08-24T15:02:06.0371870Z   type: 'test'
test (22)	Coverage report (informational, not a gate)	2026-08-24T15:02:06.0372285Z   ...
test (22)	Coverage report (informational, not a gate)	2026-08-24T15:02:06.0372927Z # Subtest: unknown flag is a usage error, exit 2, stdout clean
test (22)	Coverage report (informational, not a gate)	2026-08-24T15:02:06.0373754Z ok 36 - unknown flag is a usage error, exit 2, stdout clean
test (22)	Coverage report (informational, not a gate)	2026-08-24T15:02:06.0374759Z   ---
test (22)	Coverage report (informational, not a gate)	2026-08-24T15:02:06.0375177Z   duration_ms: 33.623065
test (22)	Coverage report (informational, not a gate)	2026-08-24T15:02:06.0375673Z   type: 'test'
test (22)	Coverage report (informational, not a gate)	2026-08-24T15:02:06.0376084Z   ...
test (22)	Coverage report (informational, not a gate)	2026-08-24T15:02:06.0409454Z # Subtest: non-numeric seed is a usage error, exit 2
test (22)	Coverage report (informational, not a gate)	2026-08-24T15:02:06.0410256Z ok 37 - non-numeric seed is a usage error, exit 2
test (22)	Coverage report (informational, not a gate)	2026-08-24T15:02:06.0410646Z   ---
test (22)	Coverage report (informational, not a gate)	2026-08-24T15:02:06.0411016Z   duration_ms: 32.63343
test (22)	Coverage report (informational, not a gate)	2026-08-24T15:02:06.0411376Z   type: 'test'
test (22)	Coverage report (informational, not a gate)	2026-08-24T15:02:06.0411957Z   ...
test (22)	Coverage report (informational, not a gate)	2026-08-24T15:02:06.0412496Z # Subtest: author filter is case-insensitive and narrows the list
test (22)	Coverage report (informational, not a gate)	2026-08-24T15:02:06.0413173Z ok 38 - author filter is case-insensitive and narrows the list
test (22)	Coverage report (informational, not a gate)	2026-08-24T15:02:06.0413653Z   ---
test (22)	Coverage report (informational, not a gate)	2026-08-24T15:02:06.0413976Z   duration_ms: 63.138695
test (22)	Coverage report (informational, not a gate)	2026-08-24T15:02:06.0414278Z   type: 'test'
test (22)	Coverage report (informational, not a gate)	2026-08-24T15:02:06.0414579Z   ...
test (22)	Coverage report (informational, not a gate)	2026-08-24T15:02:06.0415330Z # Subtest: output is pipe-safe — no ANSI escapes when not a TTY
test (22)	Coverage report (informational, not a gate)	2026-08-24T15:02:06.0415938Z ok 39 - output is pipe-safe — no ANSI escapes when not a TTY
test (22)	Coverage report (informational, not a gate)	2026-08-24T15:02:06.0416465Z   ---
test (22)	Coverage report (informational, not a gate)	2026-08-24T15:02:06.0416753Z   duration_ms: 31.429534
test (22)	Coverage report (informational, not a gate)	2026-08-24T15:02:06.0417080Z   type: 'test'
test (22)	Coverage report (informational, not a gate)	2026-08-24T15:02:06.0417352Z   ...
test (22)	Coverage report (informational, not a gate)	2026-08-24T15:02:06.0417831Z # Subtest: --tag matches membership, not substring containment
test (22)	Coverage report (informational, not a gate)	2026-08-24T15:02:06.0418627Z ok 40 - --tag matches membership, not substring containment
test (22)	Coverage report (informational, not a gate)	2026-08-24T15:02:06.0419005Z   ---
test (22)	Coverage report (informational, not a gate)	2026-08-24T15:02:06.0419305Z   duration_ms: 72.14759
test (22)	Coverage report (informational, not a gate)	2026-08-24T15:02:06.0419594Z   type: 'test'
test (22)	Coverage report (informational, not a gate)	2026-08-24T15:02:06.0419893Z   ...
test (22)	Coverage report (informational, not a gate)	2026-08-24T15:02:06.0420332Z # Subtest: --list prints exactly one line per matching entry, no drops
test (22)	Coverage report (informational, not a gate)	2026-08-24T15:02:06.0420872Z ok 41 - --list prints exactly one line per matching entry, no drops
test (22)	Coverage report (informational, not a gate)	2026-08-24T15:02:06.0421283Z   ---
test (22)	Coverage report (informational, not a gate)	2026-08-24T15:02:06.0421552Z   duration_ms: 35.119356
test (22)	Coverage report (informational, not a gate)	2026-08-24T15:02:06.0421853Z   type: 'test'
test (22)	Coverage report (informational, not a gate)	2026-08-24T15:02:06.0422114Z   ...
test (22)	Coverage report (informational, not a gate)	2026-08-24T15:02:06.0422572Z # Subtest: --list preserves corpus order (first and last line match)
test (22)	Coverage report (informational, not a gate)	2026-08-24T15:02:06.0423119Z ok 42 - --list preserves corpus order (first and last line match)
test (22)	Coverage report (informational, not a gate)	2026-08-24T15:02:06.0423495Z   ---
test (22)	Coverage report (informational, not a gate)	2026-08-24T15:02:06.0423764Z   duration_ms: 30.441082
test (22)	Coverage report (informational, not a gate)	2026-08-24T15:02:06.0424052Z   type: 'test'
test (22)	Coverage report (informational, not a gate)	2026-08-24T15:02:06.0424373Z   ...
test (22)	Coverage report (informational, not a gate)	2026-08-24T15:02:06.0424779Z # Subtest: --json output is exactly one line, never pretty-printed
test (22)	Coverage report (informational, not a gate)	2026-08-24T15:02:06.0425290Z ok 43 - --json output is exactly one line, never pretty-printed
test (22)	Coverage report (informational, not a gate)	2026-08-24T15:02:06.0426131Z   ---
test (22)	Coverage report (informational, not a gate)	2026-08-24T15:02:06.0426551Z   duration_ms: 35.262739
test (22)	Coverage report (informational, not a gate)	2026-08-24T15:02:06.0426940Z   type: 'test'
test (22)	Coverage report (informational, not a gate)	2026-08-24T15:02:06.0427307Z   ...
test (22)	Coverage report (informational, not a gate)	2026-08-24T15:02:06.0427870Z # Subtest: --list --json emits newline-delimited JSON, one object per line, in corpus order
test (22)	Coverage report (informational, not a gate)	2026-08-24T15:02:06.0428828Z ok 44 - --list --json emits newline-delimited JSON, one object per line, in corpus order
test (22)	Coverage report (informational, not a gate)	2026-08-24T15:02:06.0429399Z   ---
test (22)	Coverage report (informational, not a gate)	2026-08-24T15:02:06.0429679Z   duration_ms: 32.068545
test (22)	Coverage report (informational, not a gate)	2026-08-24T15:02:06.0430024Z   type: 'test'
test (22)	Coverage report (informational, not a gate)	2026-08-24T15:02:06.0430287Z   ...
test (22)	Coverage report (informational, not a gate)	2026-08-24T15:02:06.0430914Z # Subtest: --json composes with --seed: the seeded JSON pick is reproducible AND is the same entry as the plain-text pick
test (22)	Coverage report (informational, not a gate)	2026-08-24T15:02:06.0431741Z ok 45 - --json composes with --seed: the seeded JSON pick is reproducible AND is the same entry as the plain-text pick
test (22)	Coverage report (informational, not a gate)	2026-08-24T15:02:06.0432255Z   ---
test (22)	Coverage report (informational, not a gate)	2026-08-24T15:02:06.0432559Z   duration_ms: 582.966439
test (22)	Coverage report (informational, not a gate)	2026-08-24T15:02:06.0432886Z   type: 'test'
test (22)	Coverage report (informational, not a gate)	2026-08-24T15:02:06.0433167Z   ...
test (22)	Coverage report (informational, not a gate)	2026-08-24T15:02:06.0433674Z # Subtest: --json composes with the filter flags: the JSON pick is always a member of the FILTERED set
test (22)	Coverage report (informational, not a gate)	2026-08-24T15:02:06.0434408Z ok 46 - --json composes with the filter flags: the JSON pick is always a member of the FILTERED set
test (22)	Coverage report (informational, not a gate)	2026-08-24T15:02:06.0434893Z   ---
test (22)	Coverage report (informational, not a gate)	2026-08-24T15:02:06.0435189Z   duration_ms: 778.840397
test (22)	Coverage report (informational, not a gate)	2026-08-24T15:02:06.0435494Z   type: 'test'
test (22)	Coverage report (informational, not a gate)	2026-08-24T15:02:06.0435846Z   ...
test (22)	Coverage report (informational, not a gate)	2026-08-24T15:02:06.0437339Z # Subtest: --list accepts a valid --seed and IGNORES it: output is byte-identical across seeds
test (22)	Coverage report (informational, not a gate)	2026-08-24T15:02:06.0438616Z ok 47 - --list accepts a valid --seed and IGNORES it: output is byte-identical across seeds
test (22)	Coverage report (informational, not a gate)	2026-08-24T15:02:06.0439251Z   ---
test (22)	Coverage report (informational, not a gate)	2026-08-24T15:02:06.0439669Z   duration_ms: 311.748673
test (22)	Coverage report (informational, not a gate)	2026-08-24T15:02:06.0440115Z   type: 'test'
test (22)	Coverage report (informational, not a gate)	2026-08-24T15:02:06.0440469Z   ...
test (22)	Coverage report (informational, not a gate)	2026-08-24T15:02:06.0441103Z # Subtest: --list --seed abc is a usage error, exit 2, stdout empty, stderr carries the diagnostic
test (22)	Coverage report (informational, not a gate)	2026-08-24T15:02:06.0441784Z ok 48 - --list --seed abc is a usage error, exit 2, stdout empty, stderr carries the diagnostic
test (22)	Coverage report (informational, not a gate)	2026-08-24T15:02:06.0442633Z   ---
test (22)	Coverage report (informational, not a gate)	2026-08-24T15:02:06.0442924Z   duration_ms: 33.339105
test (22)	Coverage report (informational, not a gate)	2026-08-24T15:02:06.0443236Z   type: 'test'
test (22)	Coverage report (informational, not a gate)	2026-08-24T15:02:06.0443516Z   ...
test (22)	Coverage report (informational, not a gate)	2026-08-24T15:02:06.0444090Z # Subtest: --seed abc --list (erroring flag BEFORE --list) is still a usage error, exit 2, stdout empty
test (22)	Coverage report (informational, not a gate)	2026-08-24T15:02:06.0444873Z ok 49 - --seed abc --list (erroring flag BEFORE --list) is still a usage error, exit 2, stdout empty
test (22)	Coverage report (informational, not a gate)	2026-08-24T15:02:06.0445331Z   ---
test (22)	Coverage report (informational, not a gate)	2026-08-24T15:02:06.0445606Z   duration_ms: 34.168197
test (22)	Coverage report (informational, not a gate)	2026-08-24T15:02:06.0445920Z   type: 'test'
test (22)	Coverage report (informational, not a gate)	2026-08-24T15:02:06.0446408Z   ...
test (22)	Coverage report (informational, not a gate)	2026-08-24T15:02:06.0447017Z # Subtest: --list --seed=  (empty seed value) is a usage error, exit 2, stdout empty
test (22)	Coverage report (informational, not a gate)	2026-08-24T15:02:06.0447611Z ok 50 - --list --seed=  (empty seed value) is a usage error, exit 2, stdout empty
test (22)	Coverage report (informational, not a gate)	2026-08-24T15:02:06.0448022Z   ---
test (22)	Coverage report (informational, not a gate)	2026-08-24T15:02:06.0448309Z   duration_ms: 34.463439
test (22)	Coverage report (informational, not a gate)	2026-08-24T15:02:06.0448602Z   type: 'test'
test (22)	Coverage report (informational, not a gate)	2026-08-24T15:02:06.0448907Z   ...
test (22)	Coverage report (informational, not a gate)	2026-08-24T15:02:06.0449442Z # Subtest: --list --seed "   " (whitespace-only seed value) is a usage error, exit 2, stdout empty
test (22)	Coverage report (informational, not a gate)	2026-08-24T15:02:06.0450111Z ok 51 - --list --seed "   " (whitespace-only seed value) is a usage error, exit 2, stdout empty
test (22)	Coverage report (informational, not a gate)	2026-08-24T15:02:06.0450565Z   ---
test (22)	Coverage report (informational, not a gate)	2026-08-24T15:02:06.0450835Z   duration_ms: 30.688058
test (22)	Coverage report (informational, not a gate)	2026-08-24T15:02:06.0451172Z   type: 'test'
test (22)	Coverage report (informational, not a gate)	2026-08-24T15:02:06.0451479Z   ...
test (22)	Coverage report (informational, not a gate)	2026-08-24T15:02:06.0452498Z # Subtest: --list --nosuchflag (unknown flag) is a usage error, exit 2, stdout empty — --list does not swallow it
test (22)	Coverage report (informational, not a gate)	2026-08-24T15:02:06.0453911Z ok 52 - --list --nosuchflag (unknown flag) is a usage error, exit 2, stdout empty — --list does not swallow it
test (22)	Coverage report (informational, not a gate)	2026-08-24T15:02:06.0454678Z   ---
test (22)	Coverage report (informational, not a gate)	2026-08-24T15:02:06.0455091Z   duration_ms: 31.514861
test (22)	Coverage report (informational, not a gate)	2026-08-24T15:02:06.0455509Z   type: 'test'
test (22)	Coverage report (informational, not a gate)	2026-08-24T15:02:06.0455950Z   ...
test (22)	Coverage report (informational, not a gate)	2026-08-24T15:02:06.0456960Z # Subtest: --nosuchflag --list (unknown flag BEFORE --list) is still a usage error, exit 2, stdout empty
test (22)	Coverage report (informational, not a gate)	2026-08-24T15:02:06.0457778Z ok 53 - --nosuchflag --list (unknown flag BEFORE --list) is still a usage error, exit 2, stdout empty
test (22)	Coverage report (informational, not a gate)	2026-08-24T15:02:06.0458282Z   ---
test (22)	Coverage report (informational, not a gate)	2026-08-24T15:02:06.0458562Z   duration_ms: 33.208134
test (22)	Coverage report (informational, not a gate)	2026-08-24T15:02:06.0458918Z   type: 'test'
test (22)	Coverage report (informational, not a gate)	2026-08-24T15:02:06.0459208Z   ...
test (22)	Coverage report (informational, not a gate)	2026-08-24T15:02:06.0459789Z # Subtest: plain single-pick output is TWO lines: text, newline, four-space indent, EM DASH, space, author
test (22)	Coverage report (informational, not a gate)	2026-08-24T15:02:06.0460565Z ok 54 - plain single-pick output is TWO lines: text, newline, four-space indent, EM DASH, space, author
test (22)	Coverage report (informational, not a gate)	2026-08-24T15:02:06.0461054Z   ---
test (22)	Coverage report (informational, not a gate)	2026-08-24T15:02:06.0461369Z   duration_ms: 32.585015
test (22)	Coverage report (informational, not a gate)	2026-08-24T15:02:06.0461684Z   type: 'test'
test (22)	Coverage report (informational, not a gate)	2026-08-24T15:02:06.0461984Z   ...
test (22)	Coverage report (informational, not a gate)	2026-08-24T15:02:06.0462523Z # Subtest: --seed Infinity and --seed -Infinity (typed as CLI strings) are accepted and deterministic
test (22)	Coverage report (informational, not a gate)	2026-08-24T15:02:06.0463236Z ok 55 - --seed Infinity and --seed -Infinity (typed as CLI strings) are accepted and deterministic
test (22)	Coverage report (informational, not a gate)	2026-08-24T15:02:06.0463686Z   ---
test (22)	Coverage report (informational, not a gate)	2026-08-24T15:02:06.0464099Z   duration_ms: 122.52762
test (22)	Coverage report (informational, not a gate)	2026-08-24T15:02:06.0464520Z   type: 'test'
test (22)	Coverage report (informational, not a gate)	2026-08-24T15:02:06.0464895Z   ...
test (22)	Coverage report (informational, not a gate)	2026-08-24T15:02:06.0465661Z # Subtest: --list with a filter that matches nothing is STILL exit 1, stderr only, stdout empty
test (22)	Coverage report (informational, not a gate)	2026-08-24T15:02:06.0467910Z ok 56 - --list with a filter that matches nothing is STILL exit 1, stderr only, stdout empty
test (22)	Coverage report (informational, not a gate)	2026-08-24T15:02:06.0468723Z   ---
test (22)	Coverage report (informational, not a gate)	2026-08-24T15:02:06.0469141Z   duration_ms: 66.03125
test (22)	Coverage report (informational, not a gate)	2026-08-24T15:02:06.0469607Z   type: 'test'
test (22)	Coverage report (informational, not a gate)	2026-08-24T15:02:06.0469991Z   ...
test (22)	Coverage report (informational, not a gate)	2026-08-24T15:02:06.0471162Z # Subtest: --tag "" (bare empty-string value) matches nothing: whole-tag equality against the literal "" is not a filter no-op
test (22)	Coverage report (informational, not a gate)	2026-08-24T15:02:06.0472661Z ok 57 - --tag "" (bare empty-string value) matches nothing: whole-tag equality against the literal "" is not a filter no-op
test (22)	Coverage report (informational, not a gate)	2026-08-24T15:02:06.0473527Z   ---
test (22)	Coverage report (informational, not a gate)	2026-08-24T15:02:06.0473929Z   duration_ms: 32.614297
test (22)	Coverage report (informational, not a gate)	2026-08-24T15:02:06.0474329Z   type: 'test'
test (22)	Coverage report (informational, not a gate)	2026-08-24T15:02:06.0474675Z   ...
test (22)	Coverage report (informational, not a gate)	2026-08-24T15:02:06.1614023Z # Subtest: README Node support citation: cited git diff must be empty (or the check must skip on a missing precondition)
test (22)	Coverage report (informational, not a gate)	2026-08-24T15:02:06.1616769Z ok 58 - README Node support citation: cited git diff must be empty (or the check must skip on a missing precondition) # SKIP cited base commit 7e50d6f is not reachable in this checkout (this is a shallow clone) -- cannot evaluate the README's Node support citation
test (22)	Coverage report (informational, not a gate)	2026-08-24T15:02:06.1618582Z   ---
test (22)	Coverage report (informational, not a gate)	2026-08-24T15:02:06.1619031Z   duration_ms: 15.705978
test (22)	Coverage report (informational, not a gate)	2026-08-24T15:02:06.1619624Z   type: 'test'
test (22)	Coverage report (informational, not a gate)	2026-08-24T15:02:06.1620043Z   ...
test (22)	Coverage report (informational, not a gate)	2026-08-24T15:02:06.1621527Z # Subtest: README Node support citation: base-to-working-tree diff must also be empty, so an uncommitted falsification is visible now (or the check must skip on a missing precondition)
test (22)	Coverage report (informational, not a gate)	2026-08-24T15:02:06.1624765Z ok 59 - README Node support citation: base-to-working-tree diff must also be empty, so an uncommitted falsification is visible now (or the check must skip on a missing precondition) # SKIP cited base commit 7e50d6f is not reachable in this checkout (this is a shallow clone) -- cannot evaluate the README's Node support citation
test (22)	Coverage report (informational, not a gate)	2026-08-24T15:02:06.1626787Z   ---
test (22)	Coverage report (informational, not a gate)	2026-08-24T15:02:06.1627279Z   duration_ms: 13.635585
test (22)	Coverage report (informational, not a gate)	2026-08-24T15:02:06.1627761Z   type: 'test'
test (22)	Coverage report (informational, not a gate)	2026-08-24T15:02:06.1628224Z   ...
test (22)	Coverage report (informational, not a gate)	2026-08-24T15:02:06.1629003Z # Subtest: --list | true: exits quietly, zero stderr, no crash banner
test (22)	Coverage report (informational, not a gate)	2026-08-24T15:02:06.1629888Z ok 60 - --list | true: exits quietly, zero stderr, no crash banner
test (22)	Coverage report (informational, not a gate)	2026-08-24T15:02:06.1630572Z   ---
test (22)	Coverage report (informational, not a gate)	2026-08-24T15:02:06.1631051Z   duration_ms: 51.952137
test (22)	Coverage report (informational, not a gate)	2026-08-24T15:02:06.1631562Z   type: 'test'
test (22)	Coverage report (informational, not a gate)	2026-08-24T15:02:06.1631995Z   ...
test (22)	Coverage report (informational, not a gate)	2026-08-24T15:02:06.1632749Z # Subtest: | true (no --list, single aphorism): exits quietly, zero stderr
test (22)	Coverage report (informational, not a gate)	2026-08-24T15:02:06.1633732Z ok 61 - | true (no --list, single aphorism): exits quietly, zero stderr
test (22)	Coverage report (informational, not a gate)	2026-08-24T15:02:06.1634439Z   ---
test (22)	Coverage report (informational, not a gate)	2026-08-24T15:02:06.1634892Z   duration_ms: 50.333443
test (22)	Coverage report (informational, not a gate)	2026-08-24T15:02:06.1635377Z   type: 'test'
test (22)	Coverage report (informational, not a gate)	2026-08-24T15:02:06.1635856Z   ...
test (22)	Coverage report (informational, not a gate)	2026-08-24T15:02:06.1636670Z # Subtest: --list | head -0: exits quietly, zero stderr, no crash banner
test (22)	Coverage report (informational, not a gate)	2026-08-24T15:02:06.1637703Z ok 62 - --list | head -0: exits quietly, zero stderr, no crash banner
test (22)	Coverage report (informational, not a gate)	2026-08-24T15:02:06.1638310Z   ---
test (22)	Coverage report (informational, not a gate)	2026-08-24T15:02:06.1638728Z   duration_ms: 47.498258
test (22)	Coverage report (informational, not a gate)	2026-08-24T15:02:06.1639144Z   type: 'test'
test (22)	Coverage report (informational, not a gate)	2026-08-24T15:02:06.1639644Z   ...
test (22)	Coverage report (informational, not a gate)	2026-08-24T15:02:06.1640440Z # Subtest: --list | /nonexistent-cmd-xyz: no crash banner from the CLI itself
test (22)	Coverage report (informational, not a gate)	2026-08-24T15:02:06.1641476Z ok 63 - --list | /nonexistent-cmd-xyz: no crash banner from the CLI itself
test (22)	Coverage report (informational, not a gate)	2026-08-24T15:02:06.1642179Z   ---
test (22)	Coverage report (informational, not a gate)	2026-08-24T15:02:06.1642581Z   duration_ms: 50.46351
test (22)	Coverage report (informational, not a gate)	2026-08-24T15:02:06.1643106Z   type: 'test'
test (22)	Coverage report (informational, not a gate)	2026-08-24T15:02:06.1643585Z   ...
test (22)	Coverage report (informational, not a gate)	2026-08-24T15:02:06.1644424Z # Subtest: non-EPIPE stdout write failure: reported, not silent, not exit 1, no stack trace
test (22)	Coverage report (informational, not a gate)	2026-08-24T15:02:06.1645652Z ok 64 - non-EPIPE stdout write failure: reported, not silent, not exit 1, no stack trace
test (22)	Coverage report (informational, not a gate)	2026-08-24T15:02:06.1653742Z   ---
test (22)	Coverage report (informational, not a gate)	2026-08-24T15:02:06.1654416Z   duration_ms: 48.992109
test (22)	Coverage report (informational, not a gate)	2026-08-24T15:02:06.1655010Z   type: 'test'
test (22)	Coverage report (informational, not a gate)	2026-08-24T15:02:06.1655464Z   ...
test (22)	Coverage report (informational, not a gate)	2026-08-24T15:02:06.1656485Z # Subtest: usage error survives a closed stderr reader: still exits 2, not clobbered to 1
test (22)	Coverage report (informational, not a gate)	2026-08-24T15:02:06.1657613Z ok 65 - usage error survives a closed stderr reader: still exits 2, not clobbered to 1
test (22)	Coverage report (informational, not a gate)	2026-08-24T15:02:06.1658371Z   ---
test (22)	Coverage report (informational, not a gate)	2026-08-24T15:02:06.1658836Z   duration_ms: 125.36312
test (22)	Coverage report (informational, not a gate)	2026-08-24T15:02:06.1659381Z   type: 'test'
test (22)	Coverage report (informational, not a gate)	2026-08-24T15:02:06.1660057Z   ...
test (22)	Coverage report (informational, not a gate)	2026-08-24T15:02:06.1660969Z # Subtest: no-match exit code survives a closed stderr reader: still exits 1, not misreported
test (22)	Coverage report (informational, not a gate)	2026-08-24T15:02:06.1662232Z ok 66 - no-match exit code survives a closed stderr reader: still exits 1, not misreported
test (22)	Coverage report (informational, not a gate)	2026-08-24T15:02:06.1663014Z   ---
test (22)	Coverage report (informational, not a gate)	2026-08-24T15:02:06.1663498Z   duration_ms: 104.442548
test (22)	Coverage report (informational, not a gate)	2026-08-24T15:02:06.1663948Z   type: 'test'
test (22)	Coverage report (informational, not a gate)	2026-08-24T15:02:06.1664412Z   ...
test (22)	Coverage report (informational, not a gate)	2026-08-24T15:02:06.1665305Z # Subtest: non-EPIPE stderr write failure: not silent, not the earned exit code, no stack trace
test (22)	Coverage report (informational, not a gate)	2026-08-24T15:02:06.1666865Z ok 67 - non-EPIPE stderr write failure: not silent, not the earned exit code, no stack trace
test (22)	Coverage report (informational, not a gate)	2026-08-24T15:02:06.1667681Z   ---
test (22)	Coverage report (informational, not a gate)	2026-08-24T15:02:06.1668130Z   duration_ms: 36.022888
test (22)	Coverage report (informational, not a gate)	2026-08-24T15:02:06.1668679Z   type: 'test'
test (22)	Coverage report (informational, not a gate)	2026-08-24T15:02:06.1669101Z   ...
test (22)	Coverage report (informational, not a gate)	2026-08-24T15:02:06.1669743Z # Subtest: control: --list | head -1 stays completely clean
test (22)	Coverage report (informational, not a gate)	2026-08-24T15:02:06.1670581Z ok 68 - control: --list | head -1 stays completely clean
test (22)	Coverage report (informational, not a gate)	2026-08-24T15:02:06.1671216Z   ---
test (22)	Coverage report (informational, not a gate)	2026-08-24T15:02:06.1671708Z   duration_ms: 41.264906
test (22)	Coverage report (informational, not a gate)	2026-08-24T15:02:06.1672168Z   type: 'test'
test (22)	Coverage report (informational, not a gate)	2026-08-24T15:02:06.1672581Z   ...
test (22)	Coverage report (informational, not a gate)	2026-08-24T15:02:06.1673212Z # Subtest: control: --list | head -5 stays completely clean
test (22)	Coverage report (informational, not a gate)	2026-08-24T15:02:06.1674027Z ok 69 - control: --list | head -5 stays completely clean
test (22)	Coverage report (informational, not a gate)	2026-08-24T15:02:06.1674714Z   ---
test (22)	Coverage report (informational, not a gate)	2026-08-24T15:02:06.1675097Z   duration_ms: 32.441781
test (22)	Coverage report (informational, not a gate)	2026-08-24T15:02:06.1675685Z   type: 'test'
test (22)	Coverage report (informational, not a gate)	2026-08-24T15:02:06.1676126Z   ...
test (22)	Coverage report (informational, not a gate)	2026-08-24T15:02:06.1676885Z # Subtest: control: --list | sed 1q stays completely clean
test (22)	Coverage report (informational, not a gate)	2026-08-24T15:02:06.1677751Z ok 70 - control: --list | sed 1q stays completely clean
test (22)	Coverage report (informational, not a gate)	2026-08-24T15:02:06.1678369Z   ---
test (22)	Coverage report (informational, not a gate)	2026-08-24T15:02:06.1678771Z   duration_ms: 32.591767
test (22)	Coverage report (informational, not a gate)	2026-08-24T15:02:06.1679244Z   type: 'test'
test (22)	Coverage report (informational, not a gate)	2026-08-24T15:02:06.1679658Z   ...
test (22)	Coverage report (informational, not a gate)	2026-08-24T15:02:06.1680348Z # Subtest: control: --list | grep -q . stays completely clean
test (22)	Coverage report (informational, not a gate)	2026-08-24T15:02:06.1681187Z ok 71 - control: --list | grep -q . stays completely clean
test (22)	Coverage report (informational, not a gate)	2026-08-24T15:02:06.1681877Z   ---
test (22)	Coverage report (informational, not a gate)	2026-08-24T15:02:06.1682331Z   duration_ms: 33.288258
test (22)	Coverage report (informational, not a gate)	2026-08-24T15:02:06.1682807Z   type: 'test'
test (22)	Coverage report (informational, not a gate)	2026-08-24T15:02:06.1683291Z   ...
test (22)	Coverage report (informational, not a gate)	2026-08-24T15:02:06.1683873Z # Subtest: control: | wc -l stays completely clean
test (22)	Coverage report (informational, not a gate)	2026-08-24T15:02:06.1684772Z ok 72 - control: | wc -l stays completely clean
test (22)	Coverage report (informational, not a gate)	2026-08-24T15:02:06.1685362Z   ---
test (22)	Coverage report (informational, not a gate)	2026-08-24T15:02:06.1685775Z   duration_ms: 31.958249
test (22)	Coverage report (informational, not a gate)	2026-08-24T15:02:06.1686474Z   type: 'test'
test (22)	Coverage report (informational, not a gate)	2026-08-24T15:02:06.1686906Z   ...
test (22)	Coverage report (informational, not a gate)	2026-08-24T15:02:06.1687439Z # Subtest: control: --list --json | head -2 stays completely clean
test (22)	Coverage report (informational, not a gate)	2026-08-24T15:02:06.1688113Z ok 73 - control: --list --json | head -2 stays completely clean
test (22)	Coverage report (informational, not a gate)	2026-08-24T15:02:06.1688681Z   ---
test (22)	Coverage report (informational, not a gate)	2026-08-24T15:02:06.1689151Z   duration_ms: 34.094524
test (22)	Coverage report (informational, not a gate)	2026-08-24T15:02:06.1689652Z   type: 'test'
test (22)	Coverage report (informational, not a gate)	2026-08-24T15:02:06.1690016Z   ...
test (22)	Coverage report (informational, not a gate)	2026-08-24T15:02:06.1690735Z # Subtest: control: exit 1 / exit 2 stderr messages and codes are unchanged
test (22)	Coverage report (informational, not a gate)	2026-08-24T15:02:06.1691718Z ok 74 - control: exit 1 / exit 2 stderr messages and codes are unchanged
test (22)	Coverage report (informational, not a gate)	2026-08-24T15:02:06.1692417Z   ---
test (22)	Coverage report (informational, not a gate)	2026-08-24T15:02:06.1692828Z   duration_ms: 64.316463
test (22)	Coverage report (informational, not a gate)	2026-08-24T15:02:06.1693330Z   type: 'test'
test (22)	Coverage report (informational, not a gate)	2026-08-24T15:02:06.1693755Z   ...
test (22)	Coverage report (informational, not a gate)	2026-08-24T15:02:06.1694513Z # Subtest: control: a normal (non-full) stdout target still exits 0 with empty stderr
test (22)	Coverage report (informational, not a gate)	2026-08-24T15:02:06.1695534Z ok 75 - control: a normal (non-full) stdout target still exits 0 with empty stderr
test (22)	Coverage report (informational, not a gate)	2026-08-24T15:02:06.1696360Z   ---
test (22)	Coverage report (informational, not a gate)	2026-08-24T15:02:06.1696859Z   duration_ms: 78.095384
test (22)	Coverage report (informational, not a gate)	2026-08-24T15:02:06.1697276Z   type: 'test'
test (22)	Coverage report (informational, not a gate)	2026-08-24T15:02:06.1697697Z   ...
test (22)	Coverage report (informational, not a gate)	2026-08-24T15:02:06.1698434Z # Subtest: README Node support matrix: table must be present and non-empty
test (22)	Coverage report (informational, not a gate)	2026-08-24T15:02:06.1699422Z ok 76 - README Node support matrix: table must be present and non-empty
test (22)	Coverage report (informational, not a gate)	2026-08-24T15:02:06.1700058Z   ---
test (22)	Coverage report (informational, not a gate)	2026-08-24T15:02:06.1700548Z   duration_ms: 1.65609
test (22)	Coverage report (informational, not a gate)	2026-08-24T15:02:06.1701029Z   type: 'test'
test (22)	Coverage report (informational, not a gate)	2026-08-24T15:02:06.1701453Z   ...
test (22)	Coverage report (informational, not a gate)	2026-08-24T15:02:06.1702367Z # Subtest: README Node support matrix: each row's own arithmetic must hold (tests = pass + fail + skipped)
test (22)	Coverage report (informational, not a gate)	2026-08-24T15:02:06.1703803Z ok 77 - README Node support matrix: each row's own arithmetic must hold (tests = pass + fail + skipped)
test (22)	Coverage report (informational, not a gate)	2026-08-24T15:02:06.1704720Z   ---
test (22)	Coverage report (informational, not a gate)	2026-08-24T15:02:06.1705127Z   duration_ms: 0.507295
test (22)	Coverage report (informational, not a gate)	2026-08-24T15:02:06.1705613Z   type: 'test'
test (22)	Coverage report (informational, not a gate)	2026-08-24T15:02:06.1706020Z   ...
test (22)	Coverage report (informational, not a gate)	2026-08-24T15:02:06.1706947Z # Subtest: README Node support matrix: all rows must agree with each other
test (22)	Coverage report (informational, not a gate)	2026-08-24T15:02:06.1708189Z ok 78 - README Node support matrix: all rows must agree with each other
test (22)	Coverage report (informational, not a gate)	2026-08-24T15:02:06.1708881Z   ---
test (22)	Coverage report (informational, not a gate)	2026-08-24T15:02:06.1709332Z   duration_ms: 1.755983
test (22)	Coverage report (informational, not a gate)	2026-08-24T15:02:06.1709779Z   type: 'test'
test (22)	Coverage report (informational, not a gate)	2026-08-24T15:02:06.1710153Z   ...
test (22)	Coverage report (informational, not a gate)	2026-08-24T15:02:06.1711121Z # Subtest: README Node support matrix: cited Actions run id must match between the link text and the link URL
test (22)	Coverage report (informational, not a gate)	2026-08-24T15:02:06.1712349Z ok 79 - README Node support matrix: cited Actions run id must match between the link text and the link URL
test (22)	Coverage report (informational, not a gate)	2026-08-24T15:02:06.1713203Z   ---
test (22)	Coverage report (informational, not a gate)	2026-08-24T15:02:06.1713668Z   duration_ms: 0.372998
test (22)	Coverage report (informational, not a gate)	2026-08-24T15:02:06.1714117Z   type: 'test'
test (22)	Coverage report (informational, not a gate)	2026-08-24T15:02:06.1714571Z   ...
test (22)	Coverage report (informational, not a gate)	2026-08-24T15:02:06.1715561Z # Subtest: README Node support matrix: cited commit must match between the prose and the falsification-condition command
test (22)	Coverage report (informational, not a gate)	2026-08-24T15:02:06.1717198Z ok 80 - README Node support matrix: cited commit must match between the prose and the falsification-condition command
test (22)	Coverage report (informational, not a gate)	2026-08-24T15:02:06.1718085Z   ---
test (22)	Coverage report (informational, not a gate)	2026-08-24T15:02:06.1718454Z   duration_ms: 0.364391
test (22)	Coverage report (informational, not a gate)	2026-08-24T15:02:06.1718898Z   type: 'test'
test (22)	Coverage report (informational, not a gate)	2026-08-24T15:02:06.1719327Z   ...
test (22)	Coverage report (informational, not a gate)	2026-08-24T15:02:06.1719797Z # Subtest: README tags must exist in corpus
test (22)	Coverage report (informational, not a gate)	2026-08-24T15:02:06.1720469Z ok 81 - README tags must exist in corpus
test (22)	Coverage report (informational, not a gate)	2026-08-24T15:02:06.1720988Z   ---
test (22)	Coverage report (informational, not a gate)	2026-08-24T15:02:06.1721385Z   duration_ms: 2.069225
test (22)	Coverage report (informational, not a gate)	2026-08-24T15:02:06.1721855Z   type: 'test'
test (22)	Coverage report (informational, not a gate)	2026-08-24T15:02:06.1722240Z   ...
test (22)	Coverage report (informational, not a gate)	2026-08-24T15:02:06.1722785Z # Subtest: README tag counts must match corpus
test (22)	Coverage report (informational, not a gate)	2026-08-24T15:02:06.1723431Z ok 82 - README tag counts must match corpus
test (22)	Coverage report (informational, not a gate)	2026-08-24T15:02:06.1723909Z   ---
test (22)	Coverage report (informational, not a gate)	2026-08-24T15:02:06.1724344Z   duration_ms: 0.670503
test (22)	Coverage report (informational, not a gate)	2026-08-24T15:02:06.1724784Z   type: 'test'
test (22)	Coverage report (informational, not a gate)	2026-08-24T15:02:06.1725216Z   ...
test (22)	Coverage report (informational, not a gate)	2026-08-24T15:02:06.1725866Z # Subtest: README must state total unique tags correctly
test (22)	Coverage report (informational, not a gate)	2026-08-24T15:02:06.1726748Z ok 83 - README must state total unique tags correctly
test (22)	Coverage report (informational, not a gate)	2026-08-24T15:02:06.1727319Z   ---
test (22)	Coverage report (informational, not a gate)	2026-08-24T15:02:06.1727695Z   duration_ms: 1.229007
test (22)	Coverage report (informational, not a gate)	2026-08-24T15:02:06.1728148Z   type: 'test'
test (22)	Coverage report (informational, not a gate)	2026-08-24T15:02:06.1728567Z   ...
test (22)	Coverage report (informational, not a gate)	2026-08-24T15:02:06.1729085Z # Subtest: README must list all single-entry tags
test (22)	Coverage report (informational, not a gate)	2026-08-24T15:02:06.1729785Z ok 84 - README must list all single-entry tags
test (22)	Coverage report (informational, not a gate)	2026-08-24T15:02:06.1730304Z   ---
test (22)	Coverage report (informational, not a gate)	2026-08-24T15:02:06.1730706Z   duration_ms: 0.506005
test (22)	Coverage report (informational, not a gate)	2026-08-24T15:02:06.1731171Z   type: 'test'
test (22)	Coverage report (informational, not a gate)	2026-08-24T15:02:06.1731563Z   ...
test (22)	Coverage report (informational, not a gate)	2026-08-24T15:02:06.1732655Z # Subtest: assertTagVocabCountsTableWellFormed fails loud on a DUPLICATED row label, whichever order the rows appear in (Q-4)
test (22)	Coverage report (informational, not a gate)	2026-08-24T15:02:06.1734176Z ok 85 - assertTagVocabCountsTableWellFormed fails loud on a DUPLICATED row label, whichever order the rows appear in (Q-4)
test (22)	Coverage report (informational, not a gate)	2026-08-24T15:02:06.1735069Z   ---
test (22)	Coverage report (informational, not a gate)	2026-08-24T15:02:06.1735511Z   duration_ms: 1.811048
test (22)	Coverage report (informational, not a gate)	2026-08-24T15:02:06.1735946Z   type: 'test'
test (22)	Coverage report (informational, not a gate)	2026-08-24T15:02:06.1736563Z   ...
test (22)	Coverage report (informational, not a gate)	2026-08-24T15:02:06.1737444Z # Subtest: assertTagVocabCountsTableWellFormed fails loud on a row label no guard in this file reads (Q-4)
test (22)	Coverage report (informational, not a gate)	2026-08-24T15:02:06.1738760Z ok 86 - assertTagVocabCountsTableWellFormed fails loud on a row label no guard in this file reads (Q-4)
test (22)	Coverage report (informational, not a gate)	2026-08-24T15:02:06.1739609Z   ---
test (22)	Coverage report (informational, not a gate)	2026-08-24T15:02:06.1740007Z   duration_ms: 1.594747
test (22)	Coverage report (informational, not a gate)	2026-08-24T15:02:06.1740472Z   type: 'test'
test (22)	Coverage report (informational, not a gate)	2026-08-24T15:02:06.1740926Z   ...
test (22)	Coverage report (informational, not a gate)	2026-08-24T15:02:06.1741992Z # Subtest: parseTagVocabCountsTable returns null when the counts table is missing or malformed, and both readers fail loud on that null (Q-4)
test (22)	Coverage report (informational, not a gate)	2026-08-24T15:02:06.1743658Z ok 87 - parseTagVocabCountsTable returns null when the counts table is missing or malformed, and both readers fail loud on that null (Q-4)
test (22)	Coverage report (informational, not a gate)	2026-08-24T15:02:06.1744806Z   ---
test (22)	Coverage report (informational, not a gate)	2026-08-24T15:02:06.1745196Z   duration_ms: 2.221429
test (22)	Coverage report (informational, not a gate)	2026-08-24T15:02:06.1745645Z   type: 'test'
test (22)	Coverage report (informational, not a gate)	2026-08-24T15:02:06.1746050Z   ...
test (22)	Coverage report (informational, not a gate)	2026-08-24T15:02:06.1747192Z # Subtest: readTagVocabCount fails loud when a row value is not a plain integer, or when its row is absent (Q-4)
test (22)	Coverage report (informational, not a gate)	2026-08-24T15:02:06.1748395Z ok 88 - readTagVocabCount fails loud when a row value is not a plain integer, or when its row is absent (Q-4)
test (22)	Coverage report (informational, not a gate)	2026-08-24T15:02:06.1749440Z   ---
test (22)	Coverage report (informational, not a gate)	2026-08-24T15:02:06.1749879Z   duration_ms: 0.797383
test (22)	Coverage report (informational, not a gate)	2026-08-24T15:02:06.1750369Z   type: 'test'
test (22)	Coverage report (informational, not a gate)	2026-08-24T15:02:06.1750772Z   ...
test (22)	Coverage report (informational, not a gate)	2026-08-24T15:02:06.1752030Z # Subtest: extractBandTablesFromReadme tolerates a prose sentence between a band heading and its table (T-025), without mis-attaching a table when the real one is missing
test (22)	Coverage report (informational, not a gate)	2026-08-24T15:02:06.1753981Z ok 89 - extractBandTablesFromReadme tolerates a prose sentence between a band heading and its table (T-025), without mis-attaching a table when the real one is missing
test (22)	Coverage report (informational, not a gate)	2026-08-24T15:02:06.1755188Z   ---
test (22)	Coverage report (informational, not a gate)	2026-08-24T15:02:06.1755611Z   duration_ms: 1.149554
test (22)	Coverage report (informational, not a gate)	2026-08-24T15:02:06.1756042Z   type: 'test'
test (22)	Coverage report (informational, not a gate)	2026-08-24T15:02:06.1756612Z   ...
test (22)	Coverage report (informational, not a gate)	2026-08-24T15:02:06.1757516Z # Subtest: extractBandTablesFromReadme does not let a band-shaped PROSE line steal a real heading's table (T-039)
test (22)	Coverage report (informational, not a gate)	2026-08-24T15:02:06.1758846Z ok 90 - extractBandTablesFromReadme does not let a band-shaped PROSE line steal a real heading's table (T-039)
test (22)	Coverage report (informational, not a gate)	2026-08-24T15:02:06.1759837Z   ---
test (22)	Coverage report (informational, not a gate)	2026-08-24T15:02:06.1760226Z   duration_ms: 0.246789
test (22)	Coverage report (informational, not a gate)	2026-08-24T15:02:06.1760633Z   type: 'test'
test (22)	Coverage report (informational, not a gate)	2026-08-24T15:02:06.1761076Z   ...
test (22)	Coverage report (informational, not a gate)	2026-08-24T15:02:06.1762012Z # Subtest: extractBandTablesFromReadme does not read a fenced example block as a second, real band table
test (22)	Coverage report (informational, not a gate)	2026-08-24T15:02:06.1763368Z ok 91 - extractBandTablesFromReadme does not read a fenced example block as a second, real band table
test (22)	Coverage report (informational, not a gate)	2026-08-24T15:02:06.1764190Z   ---
test (22)	Coverage report (informational, not a gate)	2026-08-24T15:02:06.1764561Z   duration_ms: 0.179884
test (22)	Coverage report (informational, not a gate)	2026-08-24T15:02:06.1765026Z   type: 'test'
test (22)	Coverage report (informational, not a gate)	2026-08-24T15:02:06.1765401Z   ...
test (22)	Coverage report (informational, not a gate)	2026-08-24T15:02:06.1767056Z # Subtest: extractBandTablesFromReadme's recognised bands account for every structural `| Tag | Count |` table -- a table under an unrecognised heading shape is a loud mismatch, not a silent miss
test (22)	Coverage report (informational, not a gate)	2026-08-24T15:02:06.1769249Z ok 92 - extractBandTablesFromReadme's recognised bands account for every structural `| Tag | Count |` table -- a table under an unrecognised heading shape is a loud mismatch, not a silent miss
test (22)	Coverage report (informational, not a gate)	2026-08-24T15:02:06.1770379Z   ---
test (22)	Coverage report (informational, not a gate)	2026-08-24T15:02:06.1770793Z   duration_ms: 0.425732
test (22)	Coverage report (informational, not a gate)	2026-08-24T15:02:06.1771173Z   type: 'test'
test (22)	Coverage report (informational, not a gate)	2026-08-24T15:02:06.1771513Z   ...
test (22)	Coverage report (informational, not a gate)	2026-08-24T15:02:06.1772238Z # Subtest: every `| Tag | Count |` table in the real README Tag vocabulary section is a recognised band table (no table may hide under an unrecognised heading shape)
test (22)	Coverage report (informational, not a gate)	2026-08-24T15:02:06.1773291Z ok 93 - every `| Tag | Count |` table in the real README Tag vocabulary section is a recognised band table (no table may hide under an unrecognised heading shape)
test (22)	Coverage report (informational, not a gate)	2026-08-24T15:02:06.1773941Z   ---
test (22)	Coverage report (informational, not a gate)	2026-08-24T15:02:06.1774243Z   duration_ms: 0.572725
test (22)	Coverage report (informational, not a gate)	2026-08-24T15:02:06.1774599Z   type: 'test'
test (22)	Coverage report (informational, not a gate)	2026-08-24T15:02:06.1774877Z   ...
test (22)	Coverage report (informational, not a gate)	2026-08-24T15:02:06.1775418Z # Subtest: every band table in README Tag vocabulary contains exactly the corpus tags whose count fits that band
test (22)	Coverage report (informational, not a gate)	2026-08-24T15:02:06.1776449Z ok 94 - every band table in README Tag vocabulary contains exactly the corpus tags whose count fits that band
test (22)	Coverage report (informational, not a gate)	2026-08-24T15:02:06.1777349Z   ---
test (22)	Coverage report (informational, not a gate)	2026-08-24T15:02:06.1777753Z   duration_ms: 0.831122
test (22)	Coverage report (informational, not a gate)	2026-08-24T15:02:06.1778163Z   type: 'test'
test (22)	Coverage report (informational, not a gate)	2026-08-24T15:02:06.1778505Z   ...
test (22)	Coverage report (informational, not a gate)	2026-08-24T15:02:06.1779553Z # Subtest: every corpus tag appearing on 2+ entries must have a row in some band table (no band table may be deleted wholesale) (T-019)
test (22)	Coverage report (informational, not a gate)	2026-08-24T15:02:06.1780546Z ok 95 - every corpus tag appearing on 2+ entries must have a row in some band table (no band table may be deleted wholesale) (T-019)
test (22)	Coverage report (informational, not a gate)	2026-08-24T15:02:06.1781304Z   ---
test (22)	Coverage report (informational, not a gate)	2026-08-24T15:02:06.1781583Z   duration_ms: 0.648103
test (22)	Coverage report (informational, not a gate)	2026-08-24T15:02:06.1781873Z   type: 'test'
test (22)	Coverage report (informational, not a gate)	2026-08-24T15:02:06.1782248Z   ...
test (22)	Coverage report (informational, not a gate)	2026-08-24T15:02:06.1782955Z # Subtest: extractBandTablesFromReadme derives a band's row count purely from its table, ignoring decoy "N tags" phrases in the heading line (T-024b)
test (22)	Coverage report (informational, not a gate)	2026-08-24T15:02:06.1784131Z ok 96 - extractBandTablesFromReadme derives a band's row count purely from its table, ignoring decoy "N tags" phrases in the heading line (T-024b)
test (22)	Coverage report (informational, not a gate)	2026-08-24T15:02:06.1784814Z   ---
test (22)	Coverage report (informational, not a gate)	2026-08-24T15:02:06.1785077Z   duration_ms: 0.230805
test (22)	Coverage report (informational, not a gate)	2026-08-24T15:02:06.1785463Z   type: 'test'
test (22)	Coverage report (informational, not a gate)	2026-08-24T15:02:06.1785740Z   ...
test (22)	Coverage report (informational, not a gate)	2026-08-24T15:02:06.1786379Z # Subtest: README must state correct multi-entry and single-entry tag counts
test (22)	Coverage report (informational, not a gate)	2026-08-24T15:02:06.1787172Z ok 97 - README must state correct multi-entry and single-entry tag counts
test (22)	Coverage report (informational, not a gate)	2026-08-24T15:02:06.1787693Z   ---
test (22)	Coverage report (informational, not a gate)	2026-08-24T15:02:06.1788002Z   duration_ms: 0.438272
test (22)	Coverage report (informational, not a gate)	2026-08-24T15:02:06.1788345Z   type: 'test'
test (22)	Coverage report (informational, not a gate)	2026-08-24T15:02:06.1788644Z   ...
test (22)	Coverage report (informational, not a gate)	2026-08-24T15:02:06.1789159Z # Subtest: README Tag vocabulary section must contain no unrecognised count-claim digits (J-5)
test (22)	Coverage report (informational, not a gate)	2026-08-24T15:02:06.1789864Z ok 98 - README Tag vocabulary section must contain no unrecognised count-claim digits (J-5)
test (22)	Coverage report (informational, not a gate)	2026-08-24T15:02:06.1790348Z   ---
test (22)	Coverage report (informational, not a gate)	2026-08-24T15:02:06.1790656Z   duration_ms: 0.500081
test (22)	Coverage report (informational, not a gate)	2026-08-24T15:02:06.1790979Z   type: 'test'
test (22)	Coverage report (informational, not a gate)	2026-08-24T15:02:06.1791257Z   ...
test (22)	Coverage report (informational, not a gate)	2026-08-24T15:02:06.1791819Z # Subtest: README Attribution table "Entries ranked" count must match corpus.length and the triage doc (C1)
test (22)	Coverage report (informational, not a gate)	2026-08-24T15:02:06.1792619Z ok 99 - README Attribution table "Entries ranked" count must match corpus.length and the triage doc (C1)
test (22)	Coverage report (informational, not a gate)	2026-08-24T15:02:06.1793103Z   ---
test (22)	Coverage report (informational, not a gate)	2026-08-24T15:02:06.1793417Z   duration_ms: 1.36304
test (22)	Coverage report (informational, not a gate)	2026-08-24T15:02:06.1793713Z   type: 'test'
test (22)	Coverage report (informational, not a gate)	2026-08-24T15:02:06.1793998Z   ...
test (22)	Coverage report (informational, not a gate)	2026-08-24T15:02:06.1794526Z # Subtest: README Attribution table "Rated HIGH risk" count must match the triage doc table (C2)
test (22)	Coverage report (informational, not a gate)	2026-08-24T15:02:06.1795231Z ok 100 - README Attribution table "Rated HIGH risk" count must match the triage doc table (C2)
test (22)	Coverage report (informational, not a gate)	2026-08-24T15:02:06.1795738Z   ---
test (22)	Coverage report (informational, not a gate)	2026-08-24T15:02:06.1796005Z   duration_ms: 0.630134
test (22)	Coverage report (informational, not a gate)	2026-08-24T15:02:06.1796456Z   type: 'test'
test (22)	Coverage report (informational, not a gate)	2026-08-24T15:02:06.1796786Z   ...
test (22)	Coverage report (informational, not a gate)	2026-08-24T15:02:06.1797280Z # Subtest: README Attribution section must contain no digit runs outside the counts table (C7)
test (22)	Coverage report (informational, not a gate)	2026-08-24T15:02:06.1797969Z ok 101 - README Attribution section must contain no digit runs outside the counts table (C7)
test (22)	Coverage report (informational, not a gate)	2026-08-24T15:02:06.1798504Z   ---
test (22)	Coverage report (informational, not a gate)	2026-08-24T15:02:06.1798762Z   duration_ms: 0.552112
test (22)	Coverage report (informational, not a gate)	2026-08-24T15:02:06.1799085Z   type: 'test'
test (22)	Coverage report (informational, not a gate)	2026-08-24T15:02:06.1799362Z   ...
test (22)	Coverage report (informational, not a gate)	2026-08-24T15:02:06.1799760Z # Subtest: README Layout section paths must exist on disk (C6)
test (22)	Coverage report (informational, not a gate)	2026-08-24T15:02:06.1800331Z ok 102 - README Layout section paths must exist on disk (C6)
test (22)	Coverage report (informational, not a gate)	2026-08-24T15:02:06.1800688Z   ---
test (22)	Coverage report (informational, not a gate)	2026-08-24T15:02:06.1800985Z   duration_ms: 1.312701
test (22)	Coverage report (informational, not a gate)	2026-08-24T15:02:06.1801285Z   type: 'test'
test (22)	Coverage report (informational, not a gate)	2026-08-24T15:02:06.1801564Z   ...
test (22)	Coverage report (informational, not a gate)	2026-08-24T15:02:06.1802184Z # Subtest: getListBehaviourSection tolerates a reformatted "--list behaviour" heading with no backticks (T-021)
test (22)	Coverage report (informational, not a gate)	2026-08-24T15:02:06.1803020Z ok 103 - getListBehaviourSection tolerates a reformatted "--list behaviour" heading with no backticks (T-021)
test (22)	Coverage report (informational, not a gate)	2026-08-24T15:02:06.1803569Z   ---
test (22)	Coverage report (informational, not a gate)	2026-08-24T15:02:06.1803843Z   duration_ms: 0.68664
test (22)	Coverage report (informational, not a gate)	2026-08-24T15:02:06.1804146Z   type: 'test'
test (22)	Coverage report (informational, not a gate)	2026-08-24T15:02:06.1804455Z   ...
test (22)	Coverage report (informational, not a gate)	2026-08-24T15:02:06.1805173Z # Subtest: getListBehaviourSection still fails on a SEPARATOR MISMATCH (not a heading-parse error) when a reformatted heading's literal is mutated (T-021)
test (22)	Coverage report (informational, not a gate)	2026-08-24T15:02:06.1806547Z ok 104 - getListBehaviourSection still fails on a SEPARATOR MISMATCH (not a heading-parse error) when a reformatted heading's literal is mutated (T-021)
test (22)	Coverage report (informational, not a gate)	2026-08-24T15:02:06.1807180Z   ---
test (22)	Coverage report (informational, not a gate)	2026-08-24T15:02:06.1807459Z   duration_ms: 0.367262
test (22)	Coverage report (informational, not a gate)	2026-08-24T15:02:06.1807791Z   type: 'test'
test (22)	Coverage report (informational, not a gate)	2026-08-24T15:02:06.1808064Z   ...
test (22)	Coverage report (informational, not a gate)	2026-08-24T15:02:06.1808836Z # Subtest: getListBehaviourSection reports ambiguity loudly instead of taking the first of two qualifying headings (T-021)
test (22)	Coverage report (informational, not a gate)	2026-08-24T15:02:06.1809723Z ok 105 - getListBehaviourSection reports ambiguity loudly instead of taking the first of two qualifying headings (T-021)
test (22)	Coverage report (informational, not a gate)	2026-08-24T15:02:06.1810257Z   ---
test (22)	Coverage report (informational, not a gate)	2026-08-24T15:02:06.1810563Z   duration_ms: 0.426971
test (22)	Coverage report (informational, not a gate)	2026-08-24T15:02:06.1810857Z   type: 'test'
test (22)	Coverage report (informational, not a gate)	2026-08-24T15:02:06.1811181Z   ...
test (22)	Coverage report (informational, not a gate)	2026-08-24T15:02:06.1811733Z # Subtest: getListBehaviourSection does not let "--list-only" satisfy the standalone `--list` token (T-021)
test (22)	Coverage report (informational, not a gate)	2026-08-24T15:02:06.1812606Z ok 106 - getListBehaviourSection does not let "--list-only" satisfy the standalone `--list` token (T-021)
test (22)	Coverage report (informational, not a gate)	2026-08-24T15:02:06.1813105Z   ---
test (22)	Coverage report (informational, not a gate)	2026-08-24T15:02:06.1813378Z   duration_ms: 0.236101
test (22)	Coverage report (informational, not a gate)	2026-08-24T15:02:06.1813717Z   type: 'test'
test (22)	Coverage report (informational, not a gate)	2026-08-24T15:02:06.1814003Z   ...
test (22)	Coverage report (informational, not a gate)	2026-08-24T15:02:06.1814559Z # Subtest: getListBehaviourSection tolerates the American spelling "behavior" in the heading (T-027)
test (22)	Coverage report (informational, not a gate)	2026-08-24T15:02:06.1815322Z ok 107 - getListBehaviourSection tolerates the American spelling "behavior" in the heading (T-027)
test (22)	Coverage report (informational, not a gate)	2026-08-24T15:02:06.1815803Z   ---
test (22)	Coverage report (informational, not a gate)	2026-08-24T15:02:06.1816084Z   duration_ms: 0.1547
test (22)	Coverage report (informational, not a gate)	2026-08-24T15:02:06.1816601Z   type: 'test'
test (22)	Coverage report (informational, not a gate)	2026-08-24T15:02:06.1816907Z   ...
test (22)	Coverage report (informational, not a gate)	2026-08-24T15:02:06.1817627Z # Subtest: getListBehaviourSection still fails on a SEPARATOR MISMATCH (not a heading-parse error) under an American-spelled heading (T-027)
test (22)	Coverage report (informational, not a gate)	2026-08-24T15:02:06.1819126Z ok 108 - getListBehaviourSection still fails on a SEPARATOR MISMATCH (not a heading-parse error) under an American-spelled heading (T-027)
test (22)	Coverage report (informational, not a gate)	2026-08-24T15:02:06.1820043Z   ---
test (22)	Coverage report (informational, not a gate)	2026-08-24T15:02:06.1820443Z   duration_ms: 0.235997
test (22)	Coverage report (informational, not a gate)	2026-08-24T15:02:06.1820885Z   type: 'test'
test (22)	Coverage report (informational, not a gate)	2026-08-24T15:02:06.1821263Z   ...
test (22)	Coverage report (informational, not a gate)	2026-08-24T15:02:06.1821982Z # Subtest: README `--list` format literal matches the shipped binary's actual --list output (T-017)
test (22)	Coverage report (informational, not a gate)	2026-08-24T15:02:06.1822974Z ok 109 - README `--list` format literal matches the shipped binary's actual --list output (T-017)
test (22)	Coverage report (informational, not a gate)	2026-08-24T15:02:06.1823517Z   ---
test (22)	Coverage report (informational, not a gate)	2026-08-24T15:02:06.1823810Z   duration_ms: 51.085705
test (22)	Coverage report (informational, not a gate)	2026-08-24T15:02:06.1824127Z   type: 'test'
test (22)	Coverage report (informational, not a gate)	2026-08-24T15:02:06.1824441Z   ...
test (22)	Coverage report (informational, not a gate)	2026-08-24T15:02:06.1825206Z # Subtest: README `--author` matching section must state the correct count of distinct corpus authors (Q-8)
test (22)	Coverage report (informational, not a gate)	2026-08-24T15:02:06.1826597Z ok 110 - README `--author` matching section must state the correct count of distinct corpus authors (Q-8)
test (22)	Coverage report (informational, not a gate)	2026-08-24T15:02:06.1827194Z   ---
test (22)	Coverage report (informational, not a gate)	2026-08-24T15:02:06.1827493Z   duration_ms: 0.383071
test (22)	Coverage report (informational, not a gate)	2026-08-24T15:02:06.1827804Z   type: 'test'
test (22)	Coverage report (informational, not a gate)	2026-08-24T15:02:06.1828178Z   ...
test (22)	Coverage report (informational, not a gate)	2026-08-24T15:02:06.1828665Z # Subtest: corpus has at least 40 entries
test (22)	Coverage report (informational, not a gate)	2026-08-24T15:02:06.1829281Z ok 111 - corpus has at least 40 entries
test (22)	Coverage report (informational, not a gate)	2026-08-24T15:02:06.1829766Z   ---
test (22)	Coverage report (informational, not a gate)	2026-08-24T15:02:06.1830142Z   duration_ms: 1.876331
test (22)	Coverage report (informational, not a gate)	2026-08-24T15:02:06.1830606Z   type: 'test'
test (22)	Coverage report (informational, not a gate)	2026-08-24T15:02:06.1831002Z   ...
test (22)	Coverage report (informational, not a gate)	2026-08-24T15:02:06.1831693Z # Subtest: every corpus entry has non-empty text, non-empty author, and an array of tags
test (22)	Coverage report (informational, not a gate)	2026-08-24T15:02:06.1832763Z ok 112 - every corpus entry has non-empty text, non-empty author, and an array of tags
test (22)	Coverage report (informational, not a gate)	2026-08-24T15:02:06.1833419Z   ---
test (22)	Coverage report (informational, not a gate)	2026-08-24T15:02:06.1833824Z   duration_ms: 0.348897
test (22)	Coverage report (informational, not a gate)	2026-08-24T15:02:06.1834266Z   type: 'test'
test (22)	Coverage report (informational, not a gate)	2026-08-24T15:02:06.1834629Z   ...
test (22)	Coverage report (informational, not a gate)	2026-08-24T15:02:06.1835207Z # Subtest: filter: author match is case-insensitive
test (22)	Coverage report (informational, not a gate)	2026-08-24T15:02:06.1835908Z ok 113 - filter: author match is case-insensitive
test (22)	Coverage report (informational, not a gate)	2026-08-24T15:02:06.1836583Z   ---
test (22)	Coverage report (informational, not a gate)	2026-08-24T15:02:06.1836987Z   duration_ms: 0.907463
test (22)	Coverage report (informational, not a gate)	2026-08-24T15:02:06.1837376Z   type: 'test'
test (22)	Coverage report (informational, not a gate)	2026-08-24T15:02:06.1837798Z   ...
test (22)	Coverage report (informational, not a gate)	2026-08-24T15:02:06.1838294Z # Subtest: filter: tag match is case-insensitive
test (22)	Coverage report (informational, not a gate)	2026-08-24T15:02:06.1838984Z ok 114 - filter: tag match is case-insensitive
test (22)	Coverage report (informational, not a gate)	2026-08-24T15:02:06.1839476Z   ---
test (22)	Coverage report (informational, not a gate)	2026-08-24T15:02:06.1840047Z   duration_ms: 0.212981
test (22)	Coverage report (informational, not a gate)	2026-08-24T15:02:06.1840453Z   type: 'test'
test (22)	Coverage report (informational, not a gate)	2026-08-24T15:02:06.1840810Z   ...
test (22)	Coverage report (informational, not a gate)	2026-08-24T15:02:06.1841503Z # Subtest: filter: author and tag together narrow to the intersection (AND)
test (22)	Coverage report (informational, not a gate)	2026-08-24T15:02:06.1842642Z ok 115 - filter: author and tag together narrow to the intersection (AND)
test (22)	Coverage report (informational, not a gate)	2026-08-24T15:02:06.1843278Z   ---
test (22)	Coverage report (informational, not a gate)	2026-08-24T15:02:06.1843643Z   duration_ms: 0.275997
test (22)	Coverage report (informational, not a gate)	2026-08-24T15:02:06.1844029Z   type: 'test'
test (22)	Coverage report (informational, not a gate)	2026-08-24T15:02:06.1844476Z   ...
test (22)	Coverage report (informational, not a gate)	2026-08-24T15:02:06.1845036Z # Subtest: filter: undefined/absent options do not filter
test (22)	Coverage report (informational, not a gate)	2026-08-24T15:02:06.1845759Z ok 116 - filter: undefined/absent options do not filter
test (22)	Coverage report (informational, not a gate)	2026-08-24T15:02:06.1846544Z   ---
test (22)	Coverage report (informational, not a gate)	2026-08-24T15:02:06.1846912Z   duration_ms: 0.110046
test (22)	Coverage report (informational, not a gate)	2026-08-24T15:02:06.1847356Z   type: 'test'
test (22)	Coverage report (informational, not a gate)	2026-08-24T15:02:06.1847714Z   ...
test (22)	Coverage report (informational, not a gate)	2026-08-24T15:02:06.1848416Z # Subtest: pick: same seed over the same candidates always returns the same element
test (22)	Coverage report (informational, not a gate)	2026-08-24T15:02:06.1849322Z ok 117 - pick: same seed over the same candidates always returns the same element
test (22)	Coverage report (informational, not a gate)	2026-08-24T15:02:06.1849939Z   ---
test (22)	Coverage report (informational, not a gate)	2026-08-24T15:02:06.1850332Z   duration_ms: 0.286904
test (22)	Coverage report (informational, not a gate)	2026-08-24T15:02:06.1850718Z   type: 'test'
test (22)	Coverage report (informational, not a gate)	2026-08-24T15:02:06.1851137Z   ...
test (22)	Coverage report (informational, not a gate)	2026-08-24T15:02:06.1851670Z # Subtest: pick: different seeds generally produce different results
test (22)	Coverage report (informational, not a gate)	2026-08-24T15:02:06.1852431Z ok 118 - pick: different seeds generally produce different results
test (22)	Coverage report (informational, not a gate)	2026-08-24T15:02:06.1852993Z   ---
test (22)	Coverage report (informational, not a gate)	2026-08-24T15:02:06.1853343Z   duration_ms: 0.157828
test (22)	Coverage report (informational, not a gate)	2026-08-24T15:02:06.1853757Z   type: 'test'
test (22)	Coverage report (informational, not a gate)	2026-08-24T15:02:06.1854176Z   ...
test (22)	Coverage report (informational, not a gate)	2026-08-24T15:02:06.1854751Z # Subtest: pick: undefined seed picks a valid member (random mode)
test (22)	Coverage report (informational, not a gate)	2026-08-24T15:02:06.1855544Z ok 119 - pick: undefined seed picks a valid member (random mode)
test (22)	Coverage report (informational, not a gate)	2026-08-24T15:02:06.1856065Z   ---
test (22)	Coverage report (informational, not a gate)	2026-08-24T15:02:06.1856546Z   duration_ms: 0.17786
test (22)	Coverage report (informational, not a gate)	2026-08-24T15:02:06.1856956Z   type: 'test'
test (22)	Coverage report (informational, not a gate)	2026-08-24T15:02:06.1857372Z   ...
test (22)	Coverage report (informational, not a gate)	2026-08-24T15:02:06.1858037Z # Subtest: pick: null seed also triggers random mode and returns a valid member
test (22)	Coverage report (informational, not a gate)	2026-08-24T15:02:06.1858883Z ok 120 - pick: null seed also triggers random mode and returns a valid member
test (22)	Coverage report (informational, not a gate)	2026-08-24T15:02:06.1859360Z   ---
test (22)	Coverage report (informational, not a gate)	2026-08-24T15:02:06.1859662Z   duration_ms: 0.088213
test (22)	Coverage report (informational, not a gate)	2026-08-24T15:02:06.1859991Z   type: 'test'
test (22)	Coverage report (informational, not a gate)	2026-08-24T15:02:06.1860326Z   ...
test (22)	Coverage report (informational, not a gate)	2026-08-24T15:02:06.1860727Z # Subtest: pick: throws RangeError on empty candidates array
test (22)	Coverage report (informational, not a gate)	2026-08-24T15:02:06.1861244Z ok 121 - pick: throws RangeError on empty candidates array
test (22)	Coverage report (informational, not a gate)	2026-08-24T15:02:06.1861625Z   ---
test (22)	Coverage report (informational, not a gate)	2026-08-24T15:02:06.1861921Z   duration_ms: 0.407166
test (22)	Coverage report (informational, not a gate)	2026-08-24T15:02:06.1862270Z   type: 'test'
test (22)	Coverage report (informational, not a gate)	2026-08-24T15:02:06.1862542Z   ...
test (22)	Coverage report (informational, not a gate)	2026-08-24T15:02:06.1862987Z # Subtest: pick: Infinity seed is deterministic and returns a valid member
test (22)	Coverage report (informational, not a gate)	2026-08-24T15:02:06.1863684Z ok 122 - pick: Infinity seed is deterministic and returns a valid member
test (22)	Coverage report (informational, not a gate)	2026-08-24T15:02:06.1864384Z   ---
test (22)	Coverage report (informational, not a gate)	2026-08-24T15:02:06.1864809Z   duration_ms: 0.946459
test (22)	Coverage report (informational, not a gate)	2026-08-24T15:02:06.1865277Z   type: 'test'
test (22)	Coverage report (informational, not a gate)	2026-08-24T15:02:06.1865758Z   ...
test (22)	Coverage report (informational, not a gate)	2026-08-24T15:02:06.1866683Z # Subtest: pick: -Infinity seed is deterministic and returns a valid member
test (22)	Coverage report (informational, not a gate)	2026-08-24T15:02:06.1867281Z ok 123 - pick: -Infinity seed is deterministic and returns a valid member
test (22)	Coverage report (informational, not a gate)	2026-08-24T15:02:06.1867720Z   ---
test (22)	Coverage report (informational, not a gate)	2026-08-24T15:02:06.1867994Z   duration_ms: 0.197793
test (22)	Coverage report (informational, not a gate)	2026-08-24T15:02:06.1868332Z   type: 'test'
test (22)	Coverage report (informational, not a gate)	2026-08-24T15:02:06.1868641Z   ...
test (22)	Coverage report (informational, not a gate)	2026-08-24T15:02:06.1869093Z # Subtest: pick: NaN seed still uses the random branch and returns a valid member
test (22)	Coverage report (informational, not a gate)	2026-08-24T15:02:06.1869710Z ok 124 - pick: NaN seed still uses the random branch and returns a valid member
test (22)	Coverage report (informational, not a gate)	2026-08-24T15:02:06.1870128Z   ---
test (22)	Coverage report (informational, not a gate)	2026-08-24T15:02:06.1870440Z   duration_ms: 0.08934
test (22)	Coverage report (informational, not a gate)	2026-08-24T15:02:06.1870783Z   type: 'test'
test (22)	Coverage report (informational, not a gate)	2026-08-24T15:02:06.1871054Z   ...
test (22)	Coverage report (informational, not a gate)	2026-08-24T15:02:06.1871525Z # Subtest: pick: finite seed determinism is unchanged by the non-finite-seed fix
test (22)	Coverage report (informational, not a gate)	2026-08-24T15:02:06.1872134Z ok 125 - pick: finite seed determinism is unchanged by the non-finite-seed fix
test (22)	Coverage report (informational, not a gate)	2026-08-24T15:02:06.1872538Z   ---
test (22)	Coverage report (informational, not a gate)	2026-08-24T15:02:06.1872900Z   duration_ms: 0.142473
test (22)	Coverage report (informational, not a gate)	2026-08-24T15:02:06.1873196Z   type: 'test'
test (22)	Coverage report (informational, not a gate)	2026-08-24T15:02:06.1873486Z   ...
test (22)	Coverage report (informational, not a gate)	2026-08-24T15:02:06.1873885Z # Subtest: pick: every candidate is REACHABLE by an unseeded draw
test (22)	Coverage report (informational, not a gate)	2026-08-24T15:02:06.1874538Z ok 126 - pick: every candidate is REACHABLE by an unseeded draw
test (22)	Coverage report (informational, not a gate)	2026-08-24T15:02:06.1875008Z   ---
test (22)	Coverage report (informational, not a gate)	2026-08-24T15:02:06.1875281Z   duration_ms: 1.191256
test (22)	Coverage report (informational, not a gate)	2026-08-24T15:02:06.1875586Z   type: 'test'
test (22)	Coverage report (informational, not a gate)	2026-08-24T15:02:06.1875860Z   ...
test (22)	Coverage report (informational, not a gate)	2026-08-24T15:02:06.1876441Z # Subtest: pick: unseeded draws split the interval EQUALLY across candidates (uniform)
test (22)	Coverage report (informational, not a gate)	2026-08-24T15:02:06.1877147Z ok 127 - pick: unseeded draws split the interval EQUALLY across candidates (uniform)
test (22)	Coverage report (informational, not a gate)	2026-08-24T15:02:06.1877800Z   ---
test (22)	Coverage report (informational, not a gate)	2026-08-24T15:02:06.1878201Z   duration_ms: 0.914506
test (22)	Coverage report (informational, not a gate)	2026-08-24T15:02:06.1878555Z   type: 'test'
test (22)	Coverage report (informational, not a gate)	2026-08-24T15:02:06.1878881Z   ...
test (22)	Coverage report (informational, not a gate)	2026-08-24T15:02:06.1879767Z # Subtest: pick: single-element candidates always returns that element regardless of seed
test (22)	Coverage report (informational, not a gate)	2026-08-24T15:02:06.1880871Z ok 128 - pick: single-element candidates always returns that element regardless of seed
test (22)	Coverage report (informational, not a gate)	2026-08-24T15:02:06.1881634Z   ---
test (22)	Coverage report (informational, not a gate)	2026-08-24T15:02:06.1882002Z   duration_ms: 0.115235
test (22)	Coverage report (informational, not a gate)	2026-08-24T15:02:06.1882449Z   type: 'test'
test (22)	Coverage report (informational, not a gate)	2026-08-24T15:02:06.1882862Z   ...
test (22)	Coverage report (informational, not a gate)	2026-08-24T15:02:06.1883213Z 1..128
test (22)	Coverage report (informational, not a gate)	2026-08-24T15:02:06.1883573Z # tests 128
test (22)	Coverage report (informational, not a gate)	2026-08-24T15:02:06.1884001Z # suites 0
test (22)	Coverage report (informational, not a gate)	2026-08-24T15:02:06.1884381Z # pass 126
test (22)	Coverage report (informational, not a gate)	2026-08-24T15:02:06.1884785Z # fail 0
test (22)	Coverage report (informational, not a gate)	2026-08-24T15:02:06.1885378Z # cancelled 0
test (22)	Coverage report (informational, not a gate)	2026-08-24T15:02:06.1885790Z # skipped 2
test (22)	Coverage report (informational, not a gate)	2026-08-24T15:02:06.1886290Z # todo 0
test (22)	Coverage report (informational, not a gate)	2026-08-24T15:02:06.1886830Z # duration_ms 3335.087288
test (22)	Coverage report (informational, not a gate)	2026-08-24T15:02:06.1887342Z # start of coverage report
test (22)	Coverage report (informational, not a gate)	2026-08-24T15:02:06.1888172Z # -----------------------------------------------------------------------------------------------------------------------------------------------
test (22)	Coverage report (informational, not a gate)	2026-08-24T15:02:06.1889270Z # file                               | line % | branch % | funcs % | uncovered lines
test (22)	Coverage report (informational, not a gate)	2026-08-24T15:02:06.1890442Z # -----------------------------------------------------------------------------------------------------------------------------------------------
test (22)	Coverage report (informational, not a gate)	2026-08-24T15:02:06.1891365Z # bin                                |        |          |         | 
test (22)	Coverage report (informational, not a gate)	2026-08-24T15:02:06.1892054Z #  aphorism.js                       | 100.00 |    85.71 |  100.00 | 
test (22)	Coverage report (informational, not a gate)	2026-08-24T15:02:06.1892679Z # src                                |        |          |         | 
test (22)	Coverage report (informational, not a gate)	2026-08-24T15:02:06.1893428Z #  args.js                           | 100.00 |   100.00 |  100.00 | 
test (22)	Coverage report (informational, not a gate)	2026-08-24T15:02:06.1894286Z #  corpus.js                         | 100.00 |   100.00 |  100.00 | 
test (22)	Coverage report (informational, not a gate)	2026-08-24T15:02:06.1895135Z #  select.js                         | 100.00 |   100.00 |  100.00 | 
test (22)	Coverage report (informational, not a gate)	2026-08-24T15:02:06.1895926Z # test                               |        |          |         | 
test (22)	Coverage report (informational, not a gate)	2026-08-24T15:02:06.1896976Z #  args.test.js                      | 100.00 |   100.00 |  100.00 | 
test (22)	Coverage report (informational, not a gate)	2026-08-24T15:02:06.1897778Z #  cli.test.js                       | 100.00 |   100.00 |  100.00 | 
test (22)	Coverage report (informational, not a gate)	2026-08-24T15:02:06.1898986Z #  node-support-citation.test.js     |  69.26 |    40.00 |  100.00 | 128-130 139-141 162-168 176-184 196-205 207-222 234-249 251-269
test (22)	Coverage report (informational, not a gate)	2026-08-24T15:02:06.1900281Z #  pipe.test.js                      |  96.73 |    83.33 |  100.00 | 50-51 89-91 163-165
test (22)	Coverage report (informational, not a gate)	2026-08-24T15:02:06.1901306Z #  readme-matrix-consistency.test.js | 100.00 |    91.67 |  100.00 | 
test (22)	Coverage report (informational, not a gate)	2026-08-24T15:02:06.1902547Z #  readme-tags.test.js               |  99.05 |    89.57 |   96.97 | 189-190 199-200 1079-1080 1082-1083 1097-1100 1924-1925 2275-2276 2475-2485
test (22)	Coverage report (informational, not a gate)	2026-08-24T15:02:06.1903617Z #  select.test.js                    | 100.00 |    97.92 |  100.00 | 
test (22)	Coverage report (informational, not a gate)	2026-08-24T15:02:06.1904926Z # -----------------------------------------------------------------------------------------------------------------------------------------------
test (22)	Coverage report (informational, not a gate)	2026-08-24T15:02:06.1906113Z # all files                          |  97.76 |    91.74 |   98.80 | 
test (22)	Coverage report (informational, not a gate)	2026-08-24T15:02:06.1907551Z # -----------------------------------------------------------------------------------------------------------------------------------------------
test (22)	Coverage report (informational, not a gate)	2026-08-24T15:02:06.1908471Z # end of coverage report
test (22)	Post Run actions/setup-node@v7	﻿2026-08-24T15:02:06.2043157Z Post job cleanup.
test (22)	Post Run actions/checkout@v7	﻿2026-08-24T15:02:06.3363274Z Post job cleanup.
test (22)	Post Run actions/checkout@v7	2026-08-24T15:02:06.4176949Z [command]/usr/bin/git version
test (22)	Post Run actions/checkout@v7	2026-08-24T15:02:06.4220210Z git version 2.55.0
test (22)	Post Run actions/checkout@v7	2026-08-24T15:02:06.4267393Z Temporarily overriding HOME='/home/runner/work/_temp/803c325c-0cc5-4a17-9cf6-bce1e8a95218' before making global git config changes
test (22)	Post Run actions/checkout@v7	2026-08-24T15:02:06.4268380Z Adding repository directory to the temporary git global config as a safe directory
test (22)	Post Run actions/checkout@v7	2026-08-24T15:02:06.4273016Z [command]/usr/bin/git config --global --add safe.directory /home/runner/work/aphorism-cli/aphorism-cli
test (22)	Post Run actions/checkout@v7	2026-08-24T15:02:06.4304739Z Removing SSH command configuration
test (22)	Post Run actions/checkout@v7	2026-08-24T15:02:06.4311324Z [command]/usr/bin/git config --local --name-only --get-regexp core\.sshCommand
test (22)	Post Run actions/checkout@v7	2026-08-24T15:02:06.4343896Z [command]/usr/bin/git submodule foreach --recursive sh -c "git config --local --name-only --get-regexp 'core\.sshCommand' && git config --local --unset-all 'core.sshCommand' || :"
test (22)	Post Run actions/checkout@v7	2026-08-24T15:02:06.4544606Z Removing HTTP extra header
test (22)	Post Run actions/checkout@v7	2026-08-24T15:02:06.4549688Z [command]/usr/bin/git config --local --name-only --get-regexp http\.https\:\/\/github\.com\/\.extraheader
test (22)	Post Run actions/checkout@v7	2026-08-24T15:02:06.4579006Z [command]/usr/bin/git submodule foreach --recursive sh -c "git config --local --name-only --get-regexp 'http\.https\:\/\/github\.com\/\.extraheader' && git config --local --unset-all 'http.https://github.com/.extraheader' || :"
test (22)	Post Run actions/checkout@v7	2026-08-24T15:02:06.4779604Z Removing includeIf entries pointing to credentials config files
test (22)	Post Run actions/checkout@v7	2026-08-24T15:02:06.4807332Z [command]/usr/bin/git config --local --name-only --get-regexp ^includeIf\.gitdir:
test (22)	Post Run actions/checkout@v7	2026-08-24T15:02:06.4808338Z includeif.gitdir:/home/runner/work/aphorism-cli/aphorism-cli/.git.path
test (22)	Post Run actions/checkout@v7	2026-08-24T15:02:06.4809293Z includeif.gitdir:/home/runner/work/aphorism-cli/aphorism-cli/.git/worktrees/*.path
test (22)	Post Run actions/checkout@v7	2026-08-24T15:02:06.4810049Z includeif.gitdir:/github/workspace/.git.path
test (22)	Post Run actions/checkout@v7	2026-08-24T15:02:06.4810683Z includeif.gitdir:/github/workspace/.git/worktrees/*.path
test (22)	Post Run actions/checkout@v7	2026-08-24T15:02:06.4837695Z [command]/usr/bin/git config --local --get-all includeif.gitdir:/home/runner/work/aphorism-cli/aphorism-cli/.git.path
test (22)	Post Run actions/checkout@v7	2026-08-24T15:02:06.4839222Z /home/runner/work/_temp/git-credentials-6aa2e9da-4925-409a-a11d-cd80fa8517af.config
test (22)	Post Run actions/checkout@v7	2026-08-24T15:02:06.4844271Z [command]/usr/bin/git config --local --unset includeif.gitdir:/home/runner/work/aphorism-cli/aphorism-cli/.git.path \/home\/runner\/work\/_temp\/git\-credentials\-6aa2e9da\-4925\-409a\-a11d\-cd80fa8517af\.config
test (22)	Post Run actions/checkout@v7	2026-08-24T15:02:06.4880518Z [command]/usr/bin/git config --local --get-all includeif.gitdir:/home/runner/work/aphorism-cli/aphorism-cli/.git/worktrees/*.path
test (22)	Post Run actions/checkout@v7	2026-08-24T15:02:06.4901318Z /home/runner/work/_temp/git-credentials-6aa2e9da-4925-409a-a11d-cd80fa8517af.config
test (22)	Post Run actions/checkout@v7	2026-08-24T15:02:06.4916920Z [command]/usr/bin/git config --local --unset includeif.gitdir:/home/runner/work/aphorism-cli/aphorism-cli/.git/worktrees/*.path \/home\/runner\/work\/_temp\/git\-credentials\-6aa2e9da\-4925\-409a\-a11d\-cd80fa8517af\.config
test (22)	Post Run actions/checkout@v7	2026-08-24T15:02:06.4944328Z [command]/usr/bin/git config --local --get-all includeif.gitdir:/github/workspace/.git.path
test (22)	Post Run actions/checkout@v7	2026-08-24T15:02:06.4963502Z /github/runner_temp/git-credentials-6aa2e9da-4925-409a-a11d-cd80fa8517af.config
test (22)	Post Run actions/checkout@v7	2026-08-24T15:02:06.4970394Z [command]/usr/bin/git config --local --unset includeif.gitdir:/github/workspace/.git.path \/github\/runner_temp\/git\-credentials\-6aa2e9da\-4925\-409a\-a11d\-cd80fa8517af\.config
test (22)	Post Run actions/checkout@v7	2026-08-24T15:02:06.4998912Z [command]/usr/bin/git config --local --get-all includeif.gitdir:/github/workspace/.git/worktrees/*.path
test (22)	Post Run actions/checkout@v7	2026-08-24T15:02:06.5028034Z /github/runner_temp/git-credentials-6aa2e9da-4925-409a-a11d-cd80fa8517af.config
test (22)	Post Run actions/checkout@v7	2026-08-24T15:02:06.5038132Z [command]/usr/bin/git config --local --unset includeif.gitdir:/github/workspace/.git/worktrees/*.path \/github\/runner_temp\/git\-credentials\-6aa2e9da\-4925\-409a\-a11d\-cd80fa8517af\.config
test (22)	Post Run actions/checkout@v7	2026-08-24T15:02:06.5073707Z [command]/usr/bin/git submodule foreach --recursive git config --local --show-origin --name-only --get-regexp remote.origin.url
test (22)	Post Run actions/checkout@v7	2026-08-24T15:02:06.5263285Z Removing credentials config '/home/runner/work/_temp/git-credentials-6aa2e9da-4925-409a-a11d-cd80fa8517af.config'
test (22)	Complete job	﻿2026-08-24T15:02:06.5386821Z Cleaning up orphan processes
test (18)	Set up job	﻿2026-08-24T15:01:56.7582475Z Current runner version: '2.336.0'
test (18)	Set up job	2026-08-24T15:01:56.7630444Z ##[group]Runner Image Provisioner
test (18)	Set up job	2026-08-24T15:01:56.7631356Z Hosted Compute Agent
test (18)	Set up job	2026-08-24T15:01:56.7631902Z Version: 20260729.566
test (18)	Set up job	2026-08-24T15:01:56.7632565Z Commit: cf7153fe6e25b664e8693c24944bf2b00355d109
test (18)	Set up job	2026-08-24T15:01:56.7633299Z Build Date: 2026-07-29T19:17:02Z
test (18)	Set up job	2026-08-24T15:01:56.7633944Z Worker ID: {0eb1a7eb-2943-4d0f-b016-63b1c32a85dd}
test (18)	Set up job	2026-08-24T15:01:56.7634638Z Azure Region: westcentralus
test (18)	Set up job	2026-08-24T15:01:56.7635185Z ##[endgroup]
test (18)	Set up job	2026-08-24T15:01:56.7636939Z ##[group]Operating System
test (18)	Set up job	2026-08-24T15:01:56.7637696Z Ubuntu
test (18)	Set up job	2026-08-24T15:01:56.7638181Z 24.04.4
test (18)	Set up job	2026-08-24T15:01:56.7638676Z LTS
test (18)	Set up job	2026-08-24T15:01:56.7639158Z ##[endgroup]
test (18)	Set up job	2026-08-24T15:01:56.7639681Z ##[group]Runner Image
test (18)	Set up job	2026-08-24T15:01:56.7640271Z Image: ubuntu-24.04
test (18)	Set up job	2026-08-24T15:01:56.7640791Z Version: 20260816.277.1
test (18)	Set up job	2026-08-24T15:01:56.7642087Z Included Software: https://github.com/actions/runner-images/blob/ubuntu24/20260816.277/images/ubuntu/Ubuntu2404-Readme.md
test (18)	Set up job	2026-08-24T15:01:56.7643766Z Image Release: https://github.com/actions/runner-images/releases/tag/ubuntu24%2F20260816.277
test (18)	Set up job	2026-08-24T15:01:56.7644690Z ##[endgroup]
test (18)	Set up job	2026-08-24T15:01:56.7645780Z ##[group]GITHUB_TOKEN Permissions
test (18)	Set up job	2026-08-24T15:01:56.7648172Z Contents: read
test (18)	Set up job	2026-08-24T15:01:56.7648760Z Metadata: read
test (18)	Set up job	2026-08-24T15:01:56.7649348Z Packages: read
test (18)	Set up job	2026-08-24T15:01:56.7649891Z ##[endgroup]
test (18)	Set up job	2026-08-24T15:01:56.7651893Z Secret source: Actions
test (18)	Set up job	2026-08-24T15:01:56.7652935Z Prepare workflow directory
test (18)	Set up job	2026-08-24T15:01:56.7968688Z Prepare all required actions
test (18)	Set up job	2026-08-24T15:01:56.8017912Z Getting action download info
test (18)	Set up job	2026-08-24T15:01:57.1159566Z Download action repository 'actions/checkout@v7' (SHA:3d3c42e5aac5ba805825da76410c181273ba90b1)
test (18)	Set up job	2026-08-24T15:01:57.2301854Z Download action repository 'actions/setup-node@v7' (SHA:820762786026740c76f36085b0efc47a31fe5020)
test (18)	Set up job	2026-08-24T15:01:57.4467597Z Complete job name: test (18)
test (18)	Run actions/checkout@v7	﻿2026-08-24T15:01:57.5170869Z ##[group]Run actions/checkout@v7
test (18)	Run actions/checkout@v7	2026-08-24T15:01:57.5171838Z with:
test (18)	Run actions/checkout@v7	2026-08-24T15:01:57.5172361Z   repository: trmnmc/aphorism-cli
test (18)	Run actions/checkout@v7	2026-08-24T15:01:57.5175821Z   token: ***
test (18)	Run actions/checkout@v7	2026-08-24T15:01:57.5176537Z   ssh-strict: true
test (18)	Run actions/checkout@v7	2026-08-24T15:01:57.5177018Z   ssh-user: git
test (18)	Run actions/checkout@v7	2026-08-24T15:01:57.5177528Z   persist-credentials: true
test (18)	Run actions/checkout@v7	2026-08-24T15:01:57.5178070Z   clean: true
test (18)	Run actions/checkout@v7	2026-08-24T15:01:57.5178563Z   sparse-checkout-cone-mode: true
test (18)	Run actions/checkout@v7	2026-08-24T15:01:57.5179145Z   fetch-depth: 1
test (18)	Run actions/checkout@v7	2026-08-24T15:01:57.5179634Z   fetch-tags: false
test (18)	Run actions/checkout@v7	2026-08-24T15:01:57.5180142Z   show-progress: true
test (18)	Run actions/checkout@v7	2026-08-24T15:01:57.5180653Z   lfs: false
test (18)	Run actions/checkout@v7	2026-08-24T15:01:57.5181121Z   submodules: false
test (18)	Run actions/checkout@v7	2026-08-24T15:01:57.5181705Z   set-safe-directory: true
test (18)	Run actions/checkout@v7	2026-08-24T15:01:57.5182244Z   allow-unsafe-pr-checkout: false
test (18)	Run actions/checkout@v7	2026-08-24T15:01:57.5183101Z ##[endgroup]
test (18)	Run actions/checkout@v7	2026-08-24T15:01:57.6156578Z Syncing repository: trmnmc/aphorism-cli
test (18)	Run actions/checkout@v7	2026-08-24T15:01:57.6159295Z ##[group]Getting Git version info
test (18)	Run actions/checkout@v7	2026-08-24T15:01:57.6160607Z Working directory is '/home/runner/work/aphorism-cli/aphorism-cli'
test (18)	Run actions/checkout@v7	2026-08-24T15:01:57.6162535Z [command]/usr/bin/git version
test (18)	Run actions/checkout@v7	2026-08-24T15:01:57.6241343Z git version 2.55.0
test (18)	Run actions/checkout@v7	2026-08-24T15:01:57.6260489Z ##[endgroup]
test (18)	Run actions/checkout@v7	2026-08-24T15:01:57.6270713Z Temporarily overriding HOME='/home/runner/work/_temp/587225b5-c9a1-4874-b96e-5215e6664027' before making global git config changes
test (18)	Run actions/checkout@v7	2026-08-24T15:01:57.6273224Z Adding repository directory to the temporary git global config as a safe directory
test (18)	Run actions/checkout@v7	2026-08-24T15:01:57.6275829Z [command]/usr/bin/git config --global --add safe.directory /home/runner/work/aphorism-cli/aphorism-cli
test (18)	Run actions/checkout@v7	2026-08-24T15:01:57.6325735Z Deleting the contents of '/home/runner/work/aphorism-cli/aphorism-cli'
test (18)	Run actions/checkout@v7	2026-08-24T15:01:57.6329085Z ##[group]Determining repository object format
test (18)	Run actions/checkout@v7	2026-08-24T15:01:57.6330683Z ##[endgroup]
test (18)	Run actions/checkout@v7	2026-08-24T15:01:57.6332021Z ##[group]Initializing the repository
test (18)	Run actions/checkout@v7	2026-08-24T15:01:57.6334284Z [command]/usr/bin/git init /home/runner/work/aphorism-cli/aphorism-cli
test (18)	Run actions/checkout@v7	2026-08-24T15:01:57.6451652Z hint: Using 'master' as the name for the initial branch. This default branch name
test (18)	Run actions/checkout@v7	2026-08-24T15:01:57.6454219Z hint: will change to "main" in Git 3.0. To configure the initial branch name
test (18)	Run actions/checkout@v7	2026-08-24T15:01:57.6456031Z hint: to use in all of your new repositories, which will suppress this warning,
test (18)	Run actions/checkout@v7	2026-08-24T15:01:57.6457539Z hint: call:
test (18)	Run actions/checkout@v7	2026-08-24T15:01:57.6458344Z hint:
test (18)	Run actions/checkout@v7	2026-08-24T15:01:57.6459241Z hint: 	git config --global init.defaultBranch <name>
test (18)	Run actions/checkout@v7	2026-08-24T15:01:57.6460424Z hint:
test (18)	Run actions/checkout@v7	2026-08-24T15:01:57.6462014Z hint: Names commonly chosen instead of 'master' are 'main', 'trunk' and
test (18)	Run actions/checkout@v7	2026-08-24T15:01:57.6463821Z hint: 'development'. The just-created branch can be renamed via this command:
test (18)	Run actions/checkout@v7	2026-08-24T15:01:57.6465459Z hint:
test (18)	Run actions/checkout@v7	2026-08-24T15:01:57.6466492Z hint: 	git branch -m <name>
test (18)	Run actions/checkout@v7	2026-08-24T15:01:57.6467558Z hint:
test (18)	Run actions/checkout@v7	2026-08-24T15:01:57.6468796Z hint: Disable this message with "git config set advice.defaultBranchName false"
test (18)	Run actions/checkout@v7	2026-08-24T15:01:57.6471258Z Initialized empty Git repository in /home/runner/work/aphorism-cli/aphorism-cli/.git/
test (18)	Run actions/checkout@v7	2026-08-24T15:01:57.6474928Z [command]/usr/bin/git remote add origin https://github.com/trmnmc/aphorism-cli
test (18)	Run actions/checkout@v7	2026-08-24T15:01:57.6514378Z ##[endgroup]
test (18)	Run actions/checkout@v7	2026-08-24T15:01:57.6515907Z ##[group]Disabling automatic garbage collection
test (18)	Run actions/checkout@v7	2026-08-24T15:01:57.6517439Z [command]/usr/bin/git config --local gc.auto 0
test (18)	Run actions/checkout@v7	2026-08-24T15:01:57.6544907Z ##[endgroup]
test (18)	Run actions/checkout@v7	2026-08-24T15:01:57.6547603Z ##[group]Setting up auth
test (18)	Run actions/checkout@v7	2026-08-24T15:01:57.6548774Z Removing SSH command configuration
test (18)	Run actions/checkout@v7	2026-08-24T15:01:57.6550327Z [command]/usr/bin/git config --local --name-only --get-regexp core\.sshCommand
test (18)	Run actions/checkout@v7	2026-08-24T15:01:57.6584338Z [command]/usr/bin/git submodule foreach --recursive sh -c "git config --local --name-only --get-regexp 'core\.sshCommand' && git config --local --unset-all 'core.sshCommand' || :"
test (18)	Run actions/checkout@v7	2026-08-24T15:01:57.6926925Z Removing HTTP extra header
test (18)	Run actions/checkout@v7	2026-08-24T15:01:57.6934894Z [command]/usr/bin/git config --local --name-only --get-regexp http\.https\:\/\/github\.com\/\.extraheader
test (18)	Run actions/checkout@v7	2026-08-24T15:01:57.6970203Z [command]/usr/bin/git submodule foreach --recursive sh -c "git config --local --name-only --get-regexp 'http\.https\:\/\/github\.com\/\.extraheader' && git config --local --unset-all 'http.https://github.com/.extraheader' || :"
test (18)	Run actions/checkout@v7	2026-08-24T15:01:57.7152477Z Removing includeIf entries pointing to credentials config files
test (18)	Run actions/checkout@v7	2026-08-24T15:01:57.7158165Z [command]/usr/bin/git config --local --name-only --get-regexp ^includeIf\.gitdir:
test (18)	Run actions/checkout@v7	2026-08-24T15:01:57.7187187Z [command]/usr/bin/git submodule foreach --recursive git config --local --show-origin --name-only --get-regexp remote.origin.url
test (18)	Run actions/checkout@v7	2026-08-24T15:01:57.7364695Z [command]/usr/bin/git config --file /home/runner/work/_temp/git-credentials-48bf6110-51d6-41f4-b345-9c1831dcbf59.config http.https://github.com/.extraheader AUTHORIZATION: basic ***
test (18)	Run actions/checkout@v7	2026-08-24T15:01:57.7396014Z [command]/usr/bin/git config --local includeIf.gitdir:/home/runner/work/aphorism-cli/aphorism-cli/.git.path /home/runner/work/_temp/git-credentials-48bf6110-51d6-41f4-b345-9c1831dcbf59.config
test (18)	Run actions/checkout@v7	2026-08-24T15:01:57.7420616Z [command]/usr/bin/git config --local includeIf.gitdir:/home/runner/work/aphorism-cli/aphorism-cli/.git/worktrees/*.path /home/runner/work/_temp/git-credentials-48bf6110-51d6-41f4-b345-9c1831dcbf59.config
test (18)	Run actions/checkout@v7	2026-08-24T15:01:57.7450411Z [command]/usr/bin/git config --local includeIf.gitdir:/github/workspace/.git.path /github/runner_temp/git-credentials-48bf6110-51d6-41f4-b345-9c1831dcbf59.config
test (18)	Run actions/checkout@v7	2026-08-24T15:01:57.7476894Z [command]/usr/bin/git config --local includeIf.gitdir:/github/workspace/.git/worktrees/*.path /github/runner_temp/git-credentials-48bf6110-51d6-41f4-b345-9c1831dcbf59.config
test (18)	Run actions/checkout@v7	2026-08-24T15:01:57.7499936Z ##[endgroup]
test (18)	Run actions/checkout@v7	2026-08-24T15:01:57.7501145Z ##[group]Fetching the repository
test (18)	Run actions/checkout@v7	2026-08-24T15:01:57.7507515Z [command]/usr/bin/git -c protocol.version=2 fetch --no-tags --prune --no-recurse-submodules --depth=1 origin +02f4668b70658d9d06ee562034e47bcd9ade55c5:refs/remotes/origin/master
test (18)	Run actions/checkout@v7	2026-08-24T15:01:59.1145735Z From https://github.com/trmnmc/aphorism-cli
test (18)	Run actions/checkout@v7	2026-08-24T15:01:59.1147940Z  * [new ref]         02f4668b70658d9d06ee562034e47bcd9ade55c5 -> origin/master
test (18)	Run actions/checkout@v7	2026-08-24T15:01:59.1160089Z [command]/usr/bin/git branch --list --remote origin/master
test (18)	Run actions/checkout@v7	2026-08-24T15:01:59.1180620Z   origin/master
test (18)	Run actions/checkout@v7	2026-08-24T15:01:59.1189423Z [command]/usr/bin/git rev-parse refs/remotes/origin/master
test (18)	Run actions/checkout@v7	2026-08-24T15:01:59.1211437Z 02f4668b70658d9d06ee562034e47bcd9ade55c5
test (18)	Run actions/checkout@v7	2026-08-24T15:01:59.1220131Z ##[endgroup]
test (18)	Run actions/checkout@v7	2026-08-24T15:01:59.1221871Z ##[group]Determining the checkout info
test (18)	Run actions/checkout@v7	2026-08-24T15:01:59.1223807Z ##[endgroup]
test (18)	Run actions/checkout@v7	2026-08-24T15:01:59.1225235Z [command]/usr/bin/git sparse-checkout disable
test (18)	Run actions/checkout@v7	2026-08-24T15:01:59.1270326Z [command]/usr/bin/git config --local --unset-all extensions.worktreeConfig
test (18)	Run actions/checkout@v7	2026-08-24T15:01:59.1296621Z ##[group]Checking out the ref
test (18)	Run actions/checkout@v7	2026-08-24T15:01:59.1299633Z [command]/usr/bin/git checkout --progress --force -B master refs/remotes/origin/master
test (18)	Run actions/checkout@v7	2026-08-24T15:01:59.2112888Z Reset branch 'master'
test (18)	Run actions/checkout@v7	2026-08-24T15:01:59.2115260Z branch 'master' set up to track 'origin/master'.
test (18)	Run actions/checkout@v7	2026-08-24T15:01:59.2126030Z ##[endgroup]
test (18)	Run actions/checkout@v7	2026-08-24T15:01:59.2166364Z [command]/usr/bin/git log -1 --format=%H
test (18)	Run actions/checkout@v7	2026-08-24T15:01:59.2190039Z 02f4668b70658d9d06ee562034e47bcd9ade55c5
test (18)	Run actions/setup-node@v7	﻿2026-08-24T15:01:59.2543090Z ##[group]Run actions/setup-node@v7
test (18)	Run actions/setup-node@v7	2026-08-24T15:01:59.2544301Z with:
test (18)	Run actions/setup-node@v7	2026-08-24T15:01:59.2545214Z   node-version: 18
test (18)	Run actions/setup-node@v7	2026-08-24T15:01:59.2546413Z   check-latest: false
test (18)	Run actions/setup-node@v7	2026-08-24T15:01:59.2554236Z   token: ***
test (18)	Run actions/setup-node@v7	2026-08-24T15:01:59.2555224Z   package-manager-cache: true
test (18)	Run actions/setup-node@v7	2026-08-24T15:01:59.2556440Z ##[endgroup]
test (18)	Run actions/setup-node@v7	2026-08-24T15:01:59.3803801Z Attempting to download 18...
test (18)	Run actions/setup-node@v7	2026-08-24T15:02:00.3254586Z Acquiring 18.20.8 - x64 from https://github.com/actions/node-versions/releases/download/18.20.8-14110393767/node-18.20.8-linux-x64.tar.gz
test (18)	Run actions/setup-node@v7	2026-08-24T15:02:01.0088339Z Extracting ...
test (18)	Run actions/setup-node@v7	2026-08-24T15:02:01.0187997Z [command]/usr/bin/tar xz --strip 1 --warning=no-unknown-keyword --overwrite -C /home/runner/work/_temp/c62fc83a-8274-4cbf-b364-409f8e10d74a -f /home/runner/work/_temp/9db40f53-8b1e-45c3-8b40-5dfe4d1f5657
test (18)	Run actions/setup-node@v7	2026-08-24T15:02:01.9301873Z Adding to the cache ...
test (18)	Run actions/setup-node@v7	2026-08-24T15:02:03.1330416Z ##[group]Environment details
test (18)	Run actions/setup-node@v7	2026-08-24T15:02:03.3544536Z node: v18.20.8
test (18)	Run actions/setup-node@v7	2026-08-24T15:02:03.3545078Z npm: 10.8.2
test (18)	Run actions/setup-node@v7	2026-08-24T15:02:03.3545499Z yarn: 1.22.22
test (18)	Run actions/setup-node@v7	2026-08-24T15:02:03.3546346Z ##[endgroup]
test (18)	Assert the test glob matches at least one file	﻿2026-08-24T15:02:03.3690394Z ##[group]Run ls test/*.test.js
test (18)	Assert the test glob matches at least one file	2026-08-24T15:02:03.3690845Z [36;1mls test/*.test.js[0m
test (18)	Assert the test glob matches at least one file	2026-08-24T15:02:03.3719594Z shell: /usr/bin/bash -e {0}
test (18)	Assert the test glob matches at least one file	2026-08-24T15:02:03.3719921Z ##[endgroup]
test (18)	Assert the test glob matches at least one file	2026-08-24T15:02:03.3804417Z test/args.test.js
test (18)	Assert the test glob matches at least one file	2026-08-24T15:02:03.3804803Z test/cli.test.js
test (18)	Assert the test glob matches at least one file	2026-08-24T15:02:03.3805161Z test/node-support-citation.test.js
test (18)	Assert the test glob matches at least one file	2026-08-24T15:02:03.3805466Z test/pipe.test.js
test (18)	Assert the test glob matches at least one file	2026-08-24T15:02:03.3805763Z test/readme-matrix-consistency.test.js
test (18)	Assert the test glob matches at least one file	2026-08-24T15:02:03.3806089Z test/readme-tags.test.js
test (18)	Assert the test glob matches at least one file	2026-08-24T15:02:03.3806565Z test/select.test.js
test (18)	Run node --test test/*.test.js	﻿2026-08-24T15:02:03.3887709Z ##[group]Run node --test test/*.test.js
test (18)	Run node --test test/*.test.js	2026-08-24T15:02:03.3888062Z [36;1mnode --test test/*.test.js[0m
test (18)	Run node --test test/*.test.js	2026-08-24T15:02:03.3909688Z shell: /usr/bin/bash -e {0}
test (18)	Run node --test test/*.test.js	2026-08-24T15:02:03.3909974Z ##[endgroup]
test (18)	Run node --test test/*.test.js	2026-08-24T15:02:03.4358136Z TAP version 13
test (18)	Run node --test test/*.test.js	2026-08-24T15:02:03.4967289Z # Subtest: zero args: no error, no filters set
test (18)	Run node --test test/*.test.js	2026-08-24T15:02:03.4993240Z ok 1 - zero args: no error, no filters set
test (18)	Run node --test test/*.test.js	2026-08-24T15:02:03.5027540Z   ---
test (18)	Run node --test test/*.test.js	2026-08-24T15:02:03.5061425Z   duration_ms: 1.873979
test (18)	Run node --test test/*.test.js	2026-08-24T15:02:03.5086824Z   ...
test (18)	Run node --test test/*.test.js	2026-08-24T15:02:03.5097806Z # Subtest: --author <name> sets author string
test (18)	Run node --test test/*.test.js	2026-08-24T15:02:03.5117039Z ok 2 - --author <name> sets author string
test (18)	Run node --test test/*.test.js	2026-08-24T15:02:03.5130764Z   ---
test (18)	Run node --test test/*.test.js	2026-08-24T15:02:03.5151402Z   duration_ms: 0.313891
test (18)	Run node --test test/*.test.js	2026-08-24T15:02:03.5152213Z   ...
test (18)	Run node --test test/*.test.js	2026-08-24T15:02:03.5153122Z # Subtest: --author=<name> equals form sets author string
test (18)	Run node --test test/*.test.js	2026-08-24T15:02:03.5154111Z ok 3 - --author=<name> equals form sets author string
test (18)	Run node --test test/*.test.js	2026-08-24T15:02:03.5154840Z   ---
test (18)	Run node --test test/*.test.js	2026-08-24T15:02:03.5155371Z   duration_ms: 0.160443
test (18)	Run node --test test/*.test.js	2026-08-24T15:02:03.5156034Z   ...
test (18)	Run node --test test/*.test.js	2026-08-24T15:02:03.5156768Z # Subtest: --tag <tag> sets tag string
test (18)	Run node --test test/*.test.js	2026-08-24T15:02:03.5157483Z ok 4 - --tag <tag> sets tag string
test (18)	Run node --test test/*.test.js	2026-08-24T15:02:03.5158605Z   ---
test (18)	Run node --test test/*.test.js	2026-08-24T15:02:03.5159195Z   duration_ms: 1.48499
test (18)	Run node --test test/*.test.js	2026-08-24T15:02:03.5159761Z   ...
test (18)	Run node --test test/*.test.js	2026-08-24T15:02:03.5160433Z # Subtest: --tag=<tag> equals form sets tag string
test (18)	Run node --test test/*.test.js	2026-08-24T15:02:03.5161270Z ok 5 - --tag=<tag> equals form sets tag string
test (18)	Run node --test test/*.test.js	2026-08-24T15:02:03.5161915Z   ---
test (18)	Run node --test test/*.test.js	2026-08-24T15:02:03.5162396Z   duration_ms: 0.173987
test (18)	Run node --test test/*.test.js	2026-08-24T15:02:03.5162992Z   ...
test (18)	Run node --test test/*.test.js	2026-08-24T15:02:03.5163730Z # Subtest: combined --author X --tag Y sets both
test (18)	Run node --test test/*.test.js	2026-08-24T15:02:03.5164582Z ok 6 - combined --author X --tag Y sets both
test (18)	Run node --test test/*.test.js	2026-08-24T15:02:03.5165217Z   ---
test (18)	Run node --test test/*.test.js	2026-08-24T15:02:03.5165764Z   duration_ms: 0.151305
test (18)	Run node --test test/*.test.js	2026-08-24T15:02:03.5166443Z   ...
test (18)	Run node --test test/*.test.js	2026-08-24T15:02:03.5167055Z # Subtest: --seed <n> parses as a number
test (18)	Run node --test test/*.test.js	2026-08-24T15:02:03.5167789Z ok 7 - --seed <n> parses as a number
test (18)	Run node --test test/*.test.js	2026-08-24T15:02:03.5168596Z   ---
test (18)	Run node --test test/*.test.js	2026-08-24T15:02:03.5169087Z   duration_ms: 0.193442
test (18)	Run node --test test/*.test.js	2026-08-24T15:02:03.5169598Z   ...
test (18)	Run node --test test/*.test.js	2026-08-24T15:02:03.5170239Z # Subtest: --seed=<n> equals form parses as a number
test (18)	Run node --test test/*.test.js	2026-08-24T15:02:03.5171076Z ok 8 - --seed=<n> equals form parses as a number
test (18)	Run node --test test/*.test.js	2026-08-24T15:02:03.5171805Z   ---
test (18)	Run node --test test/*.test.js	2026-08-24T15:02:03.5172312Z   duration_ms: 0.196019
test (18)	Run node --test test/*.test.js	2026-08-24T15:02:03.5172816Z   ...
test (18)	Run node --test test/*.test.js	2026-08-24T15:02:03.5173477Z # Subtest: --seed <n> accepts a negative number
test (18)	Run node --test test/*.test.js	2026-08-24T15:02:03.5174327Z ok 9 - --seed <n> accepts a negative number
test (18)	Run node --test test/*.test.js	2026-08-24T15:02:03.5174999Z   ---
test (18)	Run node --test test/*.test.js	2026-08-24T15:02:03.5175505Z   duration_ms: 0.287
test (18)	Run node --test test/*.test.js	2026-08-24T15:02:03.5176050Z   ...
test (18)	Run node --test test/*.test.js	2026-08-24T15:02:03.5176993Z # Subtest: --seed=<n> equals form accepts a negative number
test (18)	Run node --test test/*.test.js	2026-08-24T15:02:03.5178070Z ok 10 - --seed=<n> equals form accepts a negative number
test (18)	Run node --test test/*.test.js	2026-08-24T15:02:03.5178767Z   ---
test (18)	Run node --test test/*.test.js	2026-08-24T15:02:03.5179264Z   duration_ms: 0.299547
test (18)	Run node --test test/*.test.js	2026-08-24T15:02:03.5179778Z   ...
test (18)	Run node --test test/*.test.js	2026-08-24T15:02:03.5180416Z # Subtest: non-numeric --seed is a usage error
test (18)	Run node --test test/*.test.js	2026-08-24T15:02:03.5181266Z ok 11 - non-numeric --seed is a usage error
test (18)	Run node --test test/*.test.js	2026-08-24T15:02:03.5181917Z   ---
test (18)	Run node --test test/*.test.js	2026-08-24T15:02:03.5182395Z   duration_ms: 0.301005
test (18)	Run node --test test/*.test.js	2026-08-24T15:02:03.5182911Z   ...
test (18)	Run node --test test/*.test.js	2026-08-24T15:02:03.5183683Z # Subtest: non-numeric --seed= equals form is a usage error
test (18)	Run node --test test/*.test.js	2026-08-24T15:02:03.5184815Z ok 12 - non-numeric --seed= equals form is a usage error
test (18)	Run node --test test/*.test.js	2026-08-24T15:02:03.5185537Z   ---
test (18)	Run node --test test/*.test.js	2026-08-24T15:02:03.5186019Z   duration_ms: 0.215436
test (18)	Run node --test test/*.test.js	2026-08-24T15:02:03.5186780Z   ...
test (18)	Run node --test test/*.test.js	2026-08-24T15:02:03.5187406Z # Subtest: --list sets list: true
test (18)	Run node --test test/*.test.js	2026-08-24T15:02:03.5188099Z ok 13 - --list sets list: true
test (18)	Run node --test test/*.test.js	2026-08-24T15:02:03.5188682Z   ---
test (18)	Run node --test test/*.test.js	2026-08-24T15:02:03.5189163Z   duration_ms: 0.152437
test (18)	Run node --test test/*.test.js	2026-08-24T15:02:03.5189721Z   ...
test (18)	Run node --test test/*.test.js	2026-08-24T15:02:03.5190305Z # Subtest: --json sets json: true
test (18)	Run node --test test/*.test.js	2026-08-24T15:02:03.5190950Z ok 14 - --json sets json: true
test (18)	Run node --test test/*.test.js	2026-08-24T15:02:03.5191519Z   ---
test (18)	Run node --test test/*.test.js	2026-08-24T15:02:03.5192004Z   duration_ms: 0.243687
test (18)	Run node --test test/*.test.js	2026-08-24T15:02:03.5192528Z   ...
test (18)	Run node --test test/*.test.js	2026-08-24T15:02:03.5193101Z # Subtest: --help sets help: true
test (18)	Run node --test test/*.test.js	2026-08-24T15:02:03.5194461Z ok 15 - --help sets help: true
test (18)	Run node --test test/*.test.js	2026-08-24T15:02:03.5195176Z   ---
test (18)	Run node --test test/*.test.js	2026-08-24T15:02:03.5195813Z   duration_ms: 0.133685
test (18)	Run node --test test/*.test.js	2026-08-24T15:02:03.5196590Z   ...
test (18)	Run node --test test/*.test.js	2026-08-24T15:02:03.5197285Z # Subtest: -h sets help: true
test (18)	Run node --test test/*.test.js	2026-08-24T15:02:03.5198159Z ok 16 - -h sets help: true
test (18)	Run node --test test/*.test.js	2026-08-24T15:02:03.5198911Z   ---
test (18)	Run node --test test/*.test.js	2026-08-24T15:02:03.5199564Z   duration_ms: 0.141081
test (18)	Run node --test test/*.test.js	2026-08-24T15:02:03.5200277Z   ...
test (18)	Run node --test test/*.test.js	2026-08-24T15:02:03.5201128Z # Subtest: unknown flag is a usage error
test (18)	Run node --test test/*.test.js	2026-08-24T15:02:03.5201940Z ok 17 - unknown flag is a usage error
test (18)	Run node --test test/*.test.js	2026-08-24T15:02:03.5202695Z   ---
test (18)	Run node --test test/*.test.js	2026-08-24T15:02:03.5203186Z   duration_ms: 0.295765
test (18)	Run node --test test/*.test.js	2026-08-24T15:02:03.5203720Z   ...
test (18)	Run node --test test/*.test.js	2026-08-24T15:02:03.5204421Z # Subtest: unknown short flag is a usage error
test (18)	Run node --test test/*.test.js	2026-08-24T15:02:03.5205226Z ok 18 - unknown short flag is a usage error
test (18)	Run node --test test/*.test.js	2026-08-24T15:02:03.5205845Z   ---
test (18)	Run node --test test/*.test.js	2026-08-24T15:02:03.5206527Z   duration_ms: 0.189071
test (18)	Run node --test test/*.test.js	2026-08-24T15:02:03.5207001Z   ...
test (18)	Run node --test test/*.test.js	2026-08-24T15:02:03.5207626Z # Subtest: --author missing value at end of argv is a usage error
test (18)	Run node --test test/*.test.js	2026-08-24T15:02:03.5208522Z ok 19 - --author missing value at end of argv is a usage error
test (18)	Run node --test test/*.test.js	2026-08-24T15:02:03.5209156Z   ---
test (18)	Run node --test test/*.test.js	2026-08-24T15:02:03.5209715Z   duration_ms: 0.131395
test (18)	Run node --test test/*.test.js	2026-08-24T15:02:03.5210610Z   ...
test (18)	Run node --test test/*.test.js	2026-08-24T15:02:03.5211599Z # Subtest: --tag missing value because next token is another flag is a usage error
test (18)	Run node --test test/*.test.js	2026-08-24T15:02:03.5212929Z ok 20 - --tag missing value because next token is another flag is a usage error
test (18)	Run node --test test/*.test.js	2026-08-24T15:02:03.5213849Z   ---
test (18)	Run node --test test/*.test.js	2026-08-24T15:02:03.5214411Z   duration_ms: 0.204416
test (18)	Run node --test test/*.test.js	2026-08-24T15:02:03.5215132Z   ...
test (18)	Run node --test test/*.test.js	2026-08-24T15:02:03.5216046Z # Subtest: --seed missing value at end of argv is a usage error
test (18)	Run node --test test/*.test.js	2026-08-24T15:02:03.5217410Z ok 21 - --seed missing value at end of argv is a usage error
test (18)	Run node --test test/*.test.js	2026-08-24T15:02:03.5218310Z   ---
test (18)	Run node --test test/*.test.js	2026-08-24T15:02:03.5218924Z   duration_ms: 0.115117
test (18)	Run node --test test/*.test.js	2026-08-24T15:02:03.5219456Z   ...
test (18)	Run node --test test/*.test.js	2026-08-24T15:02:03.5220164Z # Subtest: --author= with empty value is a usage error
test (18)	Run node --test test/*.test.js	2026-08-24T15:02:03.5222105Z ok 22 - --author= with empty value is a usage error
test (18)	Run node --test test/*.test.js	2026-08-24T15:02:03.5222771Z   ---
test (18)	Run node --test test/*.test.js	2026-08-24T15:02:03.5223245Z   duration_ms: 0.070869
test (18)	Run node --test test/*.test.js	2026-08-24T15:02:03.5223702Z   ...
test (18)	Run node --test test/*.test.js	2026-08-24T15:02:03.5224491Z # Subtest: a bare positional argument (not a flag) is a usage error
test (18)	Run node --test test/*.test.js	2026-08-24T15:02:03.5225410Z ok 23 - a bare positional argument (not a flag) is a usage error
test (18)	Run node --test test/*.test.js	2026-08-24T15:02:03.5226244Z   ---
test (18)	Run node --test test/*.test.js	2026-08-24T15:02:03.5226679Z   duration_ms: 0.063636
test (18)	Run node --test test/*.test.js	2026-08-24T15:02:03.5227110Z   ...
test (18)	Run node --test test/*.test.js	2026-08-24T15:02:03.5227686Z # Subtest: parseArgs never throws on malformed input
test (18)	Run node --test test/*.test.js	2026-08-24T15:02:03.5228508Z ok 24 - parseArgs never throws on malformed input
test (18)	Run node --test test/*.test.js	2026-08-24T15:02:03.5229139Z   ---
test (18)	Run node --test test/*.test.js	2026-08-24T15:02:03.5229579Z   duration_ms: 0.256475
test (18)	Run node --test test/*.test.js	2026-08-24T15:02:03.5230054Z   ...
test (18)	Run node --test test/*.test.js	2026-08-24T15:02:03.5230724Z # Subtest: absent options are undefined/false, never null
test (18)	Run node --test test/*.test.js	2026-08-24T15:02:03.5231598Z ok 25 - absent options are undefined/false, never null
test (18)	Run node --test test/*.test.js	2026-08-24T15:02:03.5232267Z   ---
test (18)	Run node --test test/*.test.js	2026-08-24T15:02:03.5232718Z   duration_ms: 0.122131
test (18)	Run node --test test/*.test.js	2026-08-24T15:02:03.5233312Z   ...
test (18)	Run node --test test/*.test.js	2026-08-24T15:02:03.5234093Z # Subtest: HELP is a non-empty string mentioning every flag name
test (18)	Run node --test test/*.test.js	2026-08-24T15:02:03.5235098Z ok 26 - HELP is a non-empty string mentioning every flag name
test (18)	Run node --test test/*.test.js	2026-08-24T15:02:03.5235770Z   ---
test (18)	Run node --test test/*.test.js	2026-08-24T15:02:03.5236368Z   duration_ms: 1.541923
test (18)	Run node --test test/*.test.js	2026-08-24T15:02:03.5236995Z   ...
test (18)	Run node --test test/*.test.js	2026-08-24T15:02:03.5237623Z # Subtest: HELP fits comfortably on one 24-line terminal screen
test (18)	Run node --test test/*.test.js	2026-08-24T15:02:03.5238462Z ok 27 - HELP fits comfortably on one 24-line terminal screen
test (18)	Run node --test test/*.test.js	2026-08-24T15:02:03.5238991Z   ---
test (18)	Run node --test test/*.test.js	2026-08-24T15:02:03.5239292Z   duration_ms: 0.090119
test (18)	Run node --test test/*.test.js	2026-08-24T15:02:03.5239604Z   ...
test (18)	Run node --test test/*.test.js	2026-08-24T15:02:03.5240030Z # Subtest: --seed Infinity / --seed -Infinity parse to numbers, not a usage error
test (18)	Run node --test test/*.test.js	2026-08-24T15:02:03.5240606Z ok 28 - --seed Infinity / --seed -Infinity parse to numbers, not a usage error
test (18)	Run node --test test/*.test.js	2026-08-24T15:02:03.5240972Z   ---
test (18)	Run node --test test/*.test.js	2026-08-24T15:02:03.5241171Z   duration_ms: 0.106627
test (18)	Run node --test test/*.test.js	2026-08-24T15:02:03.5241387Z   ...
test (18)	Run node --test test/*.test.js	2026-08-24T15:02:06.3037998Z # Subtest: bare invocation prints one attributed aphorism and exits 0
test (18)	Run node --test test/*.test.js	2026-08-24T15:02:06.3041880Z ok 29 - bare invocation prints one attributed aphorism and exits 0
test (18)	Run node --test test/*.test.js	2026-08-24T15:02:06.3042582Z   ---
test (18)	Run node --test test/*.test.js	2026-08-24T15:02:06.3043484Z   duration_ms: 35.89941
test (18)	Run node --test test/*.test.js	2026-08-24T15:02:06.3043897Z   ...
test (18)	Run node --test test/*.test.js	2026-08-24T15:02:06.3044409Z # Subtest: --seed is deterministic across separate processes
test (18)	Run node --test test/*.test.js	2026-08-24T15:02:06.3045137Z ok 30 - --seed is deterministic across separate processes
test (18)	Run node --test test/*.test.js	2026-08-24T15:02:06.3045635Z   ---
test (18)	Run node --test test/*.test.js	2026-08-24T15:02:06.3045928Z   duration_ms: 77.703323
test (18)	Run node --test test/*.test.js	2026-08-24T15:02:06.3046467Z   ...
test (18)	Run node --test test/*.test.js	2026-08-24T15:02:06.3047163Z # Subtest: different seeds do not all collapse to one aphorism
test (18)	Run node --test test/*.test.js	2026-08-24T15:02:06.3067512Z ok 31 - different seeds do not all collapse to one aphorism
test (18)	Run node --test test/*.test.js	2026-08-24T15:02:06.3107078Z   ---
test (18)	Run node --test test/*.test.js	2026-08-24T15:02:06.3116807Z   duration_ms: 420.131744
test (18)	Run node --test test/*.test.js	2026-08-24T15:02:06.3136379Z   ...
test (18)	Run node --test test/*.test.js	2026-08-24T15:02:06.3140050Z # Subtest: --json emits a single-line JSON object with text/author/tags
test (18)	Run node --test test/*.test.js	2026-08-24T15:02:06.3147247Z ok 32 - --json emits a single-line JSON object with text/author/tags
test (18)	Run node --test test/*.test.js	2026-08-24T15:02:06.3147979Z   ---
test (18)	Run node --test test/*.test.js	2026-08-24T15:02:06.3148473Z   duration_ms: 42.693822
test (18)	Run node --test test/*.test.js	2026-08-24T15:02:06.3148958Z   ...
test (18)	Run node --test test/*.test.js	2026-08-24T15:02:06.3149976Z # Subtest: --list prints every entry in the filtered set
test (18)	Run node --test test/*.test.js	2026-08-24T15:02:06.3150868Z ok 33 - --list prints every entry in the filtered set
test (18)	Run node --test test/*.test.js	2026-08-24T15:02:06.3151480Z   ---
test (18)	Run node --test test/*.test.js	2026-08-24T15:02:06.3151902Z   duration_ms: 40.086153
test (18)	Run node --test test/*.test.js	2026-08-24T15:02:06.3152343Z   ...
test (18)	Run node --test test/*.test.js	2026-08-24T15:02:06.3152942Z # Subtest: --help prints usage to stdout and exits 0
test (18)	Run node --test test/*.test.js	2026-08-24T15:02:06.3153737Z ok 34 - --help prints usage to stdout and exits 0
test (18)	Run node --test test/*.test.js	2026-08-24T15:02:06.3154346Z   ---
test (18)	Run node --test test/*.test.js	2026-08-24T15:02:06.3154758Z   duration_ms: 40.662432
test (18)	Run node --test test/*.test.js	2026-08-24T15:02:06.3155309Z   ...
test (18)	Run node --test test/*.test.js	2026-08-24T15:02:06.3156021Z # Subtest: no match exits 1 with stderr only and zero bytes on stdout
test (18)	Run node --test test/*.test.js	2026-08-24T15:02:06.3157155Z ok 35 - no match exits 1 with stderr only and zero bytes on stdout
test (18)	Run node --test test/*.test.js	2026-08-24T15:02:06.3157679Z   ---
test (18)	Run node --test test/*.test.js	2026-08-24T15:02:06.3158017Z   duration_ms: 43.107526
test (18)	Run node --test test/*.test.js	2026-08-24T15:02:06.3158385Z   ...
test (18)	Run node --test test/*.test.js	2026-08-24T15:02:06.3158913Z # Subtest: unknown flag is a usage error, exit 2, stdout clean
test (18)	Run node --test test/*.test.js	2026-08-24T15:02:06.3159678Z ok 36 - unknown flag is a usage error, exit 2, stdout clean
test (18)	Run node --test test/*.test.js	2026-08-24T15:02:06.3160248Z   ---
test (18)	Run node --test test/*.test.js	2026-08-24T15:02:06.3160573Z   duration_ms: 39.394504
test (18)	Run node --test test/*.test.js	2026-08-24T15:02:06.3160956Z   ...
test (18)	Run node --test test/*.test.js	2026-08-24T15:02:06.3161485Z # Subtest: non-numeric seed is a usage error, exit 2
test (18)	Run node --test test/*.test.js	2026-08-24T15:02:06.3162178Z ok 37 - non-numeric seed is a usage error, exit 2
test (18)	Run node --test test/*.test.js	2026-08-24T15:02:06.3162693Z   ---
test (18)	Run node --test test/*.test.js	2026-08-24T15:02:06.3163043Z   duration_ms: 34.886946
test (18)	Run node --test test/*.test.js	2026-08-24T15:02:06.3163421Z   ...
test (18)	Run node --test test/*.test.js	2026-08-24T15:02:06.3164040Z # Subtest: author filter is case-insensitive and narrows the list
test (18)	Run node --test test/*.test.js	2026-08-24T15:02:06.3164935Z ok 38 - author filter is case-insensitive and narrows the list
test (18)	Run node --test test/*.test.js	2026-08-24T15:02:06.3165498Z   ---
test (18)	Run node --test test/*.test.js	2026-08-24T15:02:06.3165815Z   duration_ms: 55.864444
test (18)	Run node --test test/*.test.js	2026-08-24T15:02:06.3166373Z   ...
test (18)	Run node --test test/*.test.js	2026-08-24T15:02:06.3167257Z # Subtest: output is pipe-safe — no ANSI escapes when not a TTY
test (18)	Run node --test test/*.test.js	2026-08-24T15:02:06.3167997Z ok 39 - output is pipe-safe — no ANSI escapes when not a TTY
test (18)	Run node --test test/*.test.js	2026-08-24T15:02:06.3168381Z   ---
test (18)	Run node --test test/*.test.js	2026-08-24T15:02:06.3168584Z   duration_ms: 28.723921
test (18)	Run node --test test/*.test.js	2026-08-24T15:02:06.3168864Z   ...
test (18)	Run node --test test/*.test.js	2026-08-24T15:02:06.3169225Z # Subtest: --tag matches membership, not substring containment
test (18)	Run node --test test/*.test.js	2026-08-24T15:02:06.3169697Z ok 40 - --tag matches membership, not substring containment
test (18)	Run node --test test/*.test.js	2026-08-24T15:02:06.3170010Z   ---
test (18)	Run node --test test/*.test.js	2026-08-24T15:02:06.3170206Z   duration_ms: 55.178413
test (18)	Run node --test test/*.test.js	2026-08-24T15:02:06.3170420Z   ...
test (18)	Run node --test test/*.test.js	2026-08-24T15:02:06.3170773Z # Subtest: --list prints exactly one line per matching entry, no drops
test (18)	Run node --test test/*.test.js	2026-08-24T15:02:06.3171275Z ok 41 - --list prints exactly one line per matching entry, no drops
test (18)	Run node --test test/*.test.js	2026-08-24T15:02:06.3171613Z   ---
test (18)	Run node --test test/*.test.js	2026-08-24T15:02:06.3171852Z   duration_ms: 26.760275
test (18)	Run node --test test/*.test.js	2026-08-24T15:02:06.3172064Z   ...
test (18)	Run node --test test/*.test.js	2026-08-24T15:02:06.3172401Z # Subtest: --list preserves corpus order (first and last line match)
test (18)	Run node --test test/*.test.js	2026-08-24T15:02:06.3172878Z ok 42 - --list preserves corpus order (first and last line match)
test (18)	Run node --test test/*.test.js	2026-08-24T15:02:06.3173473Z   ---
test (18)	Run node --test test/*.test.js	2026-08-24T15:02:06.3173666Z   duration_ms: 27.175832
test (18)	Run node --test test/*.test.js	2026-08-24T15:02:06.3173880Z   ...
test (18)	Run node --test test/*.test.js	2026-08-24T15:02:06.3174209Z # Subtest: --json output is exactly one line, never pretty-printed
test (18)	Run node --test test/*.test.js	2026-08-24T15:02:06.3174727Z ok 43 - --json output is exactly one line, never pretty-printed
test (18)	Run node --test test/*.test.js	2026-08-24T15:02:06.3175045Z   ---
test (18)	Run node --test test/*.test.js	2026-08-24T15:02:06.3175236Z   duration_ms: 27.45059
test (18)	Run node --test test/*.test.js	2026-08-24T15:02:06.3175453Z   ...
test (18)	Run node --test test/*.test.js	2026-08-24T15:02:06.3175881Z # Subtest: --list --json emits newline-delimited JSON, one object per line, in corpus order
test (18)	Run node --test test/*.test.js	2026-08-24T15:02:06.3177081Z ok 44 - --list --json emits newline-delimited JSON, one object per line, in corpus order
test (18)	Run node --test test/*.test.js	2026-08-24T15:02:06.3192602Z   ---
test (18)	Run node --test test/*.test.js	2026-08-24T15:02:06.3192877Z   duration_ms: 29.115901
test (18)	Run node --test test/*.test.js	2026-08-24T15:02:06.3193133Z   ...
test (18)	Run node --test test/*.test.js	2026-08-24T15:02:06.3193790Z # Subtest: --json composes with --seed: the seeded JSON pick is reproducible AND is the same entry as the plain-text pick
test (18)	Run node --test test/*.test.js	2026-08-24T15:02:06.3194812Z ok 45 - --json composes with --seed: the seeded JSON pick is reproducible AND is the same entry as the plain-text pick
test (18)	Run node --test test/*.test.js	2026-08-24T15:02:06.3195334Z   ---
test (18)	Run node --test test/*.test.js	2026-08-24T15:02:06.3195538Z   duration_ms: 488.68088
test (18)	Run node --test test/*.test.js	2026-08-24T15:02:06.3195970Z   ...
test (18)	Run node --test test/*.test.js	2026-08-24T15:02:06.3196757Z # Subtest: --json composes with the filter flags: the JSON pick is always a member of the FILTERED set
test (18)	Run node --test test/*.test.js	2026-08-24T15:02:06.3197474Z ok 46 - --json composes with the filter flags: the JSON pick is always a member of the FILTERED set
test (18)	Run node --test test/*.test.js	2026-08-24T15:02:06.3197900Z   ---
test (18)	Run node --test test/*.test.js	2026-08-24T15:02:06.3198110Z   duration_ms: 653.744985
test (18)	Run node --test test/*.test.js	2026-08-24T15:02:06.3198345Z   ...
test (18)	Run node --test test/*.test.js	2026-08-24T15:02:06.3198786Z # Subtest: --list accepts a valid --seed and IGNORES it: output is byte-identical across seeds
test (18)	Run node --test test/*.test.js	2026-08-24T15:02:06.3199425Z ok 47 - --list accepts a valid --seed and IGNORES it: output is byte-identical across seeds
test (18)	Run node --test test/*.test.js	2026-08-24T15:02:06.3199819Z   ---
test (18)	Run node --test test/*.test.js	2026-08-24T15:02:06.3200013Z   duration_ms: 272.183986
test (18)	Run node --test test/*.test.js	2026-08-24T15:02:06.3200227Z   ...
test (18)	Run node --test test/*.test.js	2026-08-24T15:02:06.3200671Z # Subtest: --list --seed abc is a usage error, exit 2, stdout empty, stderr carries the diagnostic
test (18)	Run node --test test/*.test.js	2026-08-24T15:02:06.3201305Z ok 48 - --list --seed abc is a usage error, exit 2, stdout empty, stderr carries the diagnostic
test (18)	Run node --test test/*.test.js	2026-08-24T15:02:06.3201703Z   ---
test (18)	Run node --test test/*.test.js	2026-08-24T15:02:06.3201896Z   duration_ms: 27.046267
test (18)	Run node --test test/*.test.js	2026-08-24T15:02:06.3202111Z   ...
test (18)	Run node --test test/*.test.js	2026-08-24T15:02:06.3202572Z # Subtest: --seed abc --list (erroring flag BEFORE --list) is still a usage error, exit 2, stdout empty
test (18)	Run node --test test/*.test.js	2026-08-24T15:02:06.3203257Z ok 49 - --seed abc --list (erroring flag BEFORE --list) is still a usage error, exit 2, stdout empty
test (18)	Run node --test test/*.test.js	2026-08-24T15:02:06.3203659Z   ---
test (18)	Run node --test test/*.test.js	2026-08-24T15:02:06.3203852Z   duration_ms: 27.302007
test (18)	Run node --test test/*.test.js	2026-08-24T15:02:06.3204064Z   ...
test (18)	Run node --test test/*.test.js	2026-08-24T15:02:06.3204443Z # Subtest: --list --seed=  (empty seed value) is a usage error, exit 2, stdout empty
test (18)	Run node --test test/*.test.js	2026-08-24T15:02:06.3205374Z ok 50 - --list --seed=  (empty seed value) is a usage error, exit 2, stdout empty
test (18)	Run node --test test/*.test.js	2026-08-24T15:02:06.3206099Z   ---
test (18)	Run node --test test/*.test.js	2026-08-24T15:02:06.3206438Z   duration_ms: 26.669149
test (18)	Run node --test test/*.test.js	2026-08-24T15:02:06.3206661Z   ...
test (18)	Run node --test test/*.test.js	2026-08-24T15:02:06.3207104Z # Subtest: --list --seed "   " (whitespace-only seed value) is a usage error, exit 2, stdout empty
test (18)	Run node --test test/*.test.js	2026-08-24T15:02:06.3207752Z ok 51 - --list --seed "   " (whitespace-only seed value) is a usage error, exit 2, stdout empty
test (18)	Run node --test test/*.test.js	2026-08-24T15:02:06.3208161Z   ---
test (18)	Run node --test test/*.test.js	2026-08-24T15:02:06.3208368Z   duration_ms: 27.077311
test (18)	Run node --test test/*.test.js	2026-08-24T15:02:06.3208581Z   ...
test (18)	Run node --test test/*.test.js	2026-08-24T15:02:06.3209469Z # Subtest: --list --nosuchflag (unknown flag) is a usage error, exit 2, stdout empty — --list does not swallow it
test (18)	Run node --test test/*.test.js	2026-08-24T15:02:06.3210486Z ok 52 - --list --nosuchflag (unknown flag) is a usage error, exit 2, stdout empty — --list does not swallow it
test (18)	Run node --test test/*.test.js	2026-08-24T15:02:06.3211001Z   ---
test (18)	Run node --test test/*.test.js	2026-08-24T15:02:06.3211225Z   duration_ms: 27.169519
test (18)	Run node --test test/*.test.js	2026-08-24T15:02:06.3211489Z   ...
test (18)	Run node --test test/*.test.js	2026-08-24T15:02:06.3212010Z # Subtest: --nosuchflag --list (unknown flag BEFORE --list) is still a usage error, exit 2, stdout empty
test (18)	Run node --test test/*.test.js	2026-08-24T15:02:06.3213001Z ok 53 - --nosuchflag --list (unknown flag BEFORE --list) is still a usage error, exit 2, stdout empty
test (18)	Run node --test test/*.test.js	2026-08-24T15:02:06.3213515Z   ---
test (18)	Run node --test test/*.test.js	2026-08-24T15:02:06.3213786Z   duration_ms: 27.736491
test (18)	Run node --test test/*.test.js	2026-08-24T15:02:06.3214055Z   ...
test (18)	Run node --test test/*.test.js	2026-08-24T15:02:06.3214653Z # Subtest: plain single-pick output is TWO lines: text, newline, four-space indent, EM DASH, space, author
test (18)	Run node --test test/*.test.js	2026-08-24T15:02:06.3215549Z ok 54 - plain single-pick output is TWO lines: text, newline, four-space indent, EM DASH, space, author
test (18)	Run node --test test/*.test.js	2026-08-24T15:02:06.3216065Z   ---
test (18)	Run node --test test/*.test.js	2026-08-24T15:02:06.3216436Z   duration_ms: 27.929025
test (18)	Run node --test test/*.test.js	2026-08-24T15:02:06.3216698Z   ...
test (18)	Run node --test test/*.test.js	2026-08-24T15:02:06.3217274Z # Subtest: --seed Infinity and --seed -Infinity (typed as CLI strings) are accepted and deterministic
test (18)	Run node --test test/*.test.js	2026-08-24T15:02:06.3218235Z ok 55 - --seed Infinity and --seed -Infinity (typed as CLI strings) are accepted and deterministic
test (18)	Run node --test test/*.test.js	2026-08-24T15:02:06.3218694Z   ---
test (18)	Run node --test test/*.test.js	2026-08-24T15:02:06.3218920Z   duration_ms: 109.700407
test (18)	Run node --test test/*.test.js	2026-08-24T15:02:06.3219148Z   ...
test (18)	Run node --test test/*.test.js	2026-08-24T15:02:06.3219655Z # Subtest: --list with a filter that matches nothing is STILL exit 1, stderr only, stdout empty
test (18)	Run node --test test/*.test.js	2026-08-24T15:02:06.3220697Z ok 56 - --list with a filter that matches nothing is STILL exit 1, stderr only, stdout empty
test (18)	Run node --test test/*.test.js	2026-08-24T15:02:06.3221331Z   ---
test (18)	Run node --test test/*.test.js	2026-08-24T15:02:06.3221597Z   duration_ms: 55.087461
test (18)	Run node --test test/*.test.js	2026-08-24T15:02:06.3221833Z   ...
test (18)	Run node --test test/*.test.js	2026-08-24T15:02:06.3222390Z # Subtest: --tag "" (bare empty-string value) matches nothing: whole-tag equality against the literal "" is not a filter no-op
test (18)	Run node --test test/*.test.js	2026-08-24T15:02:06.3223242Z ok 57 - --tag "" (bare empty-string value) matches nothing: whole-tag equality against the literal "" is not a filter no-op
test (18)	Run node --test test/*.test.js	2026-08-24T15:02:06.3223728Z   ---
test (18)	Run node --test test/*.test.js	2026-08-24T15:02:06.3223922Z   duration_ms: 27.081821
test (18)	Run node --test test/*.test.js	2026-08-24T15:02:06.3224150Z   ...
test (18)	Run node --test test/*.test.js	2026-08-24T15:02:06.3245110Z # Subtest: README Node support citation: cited git diff must be empty (or the check must skip on a missing precondition)
test (18)	Run node --test test/*.test.js	2026-08-24T15:02:06.3246823Z ok 58 - README Node support citation: cited git diff must be empty (or the check must skip on a missing precondition) # SKIP cited base commit 7e50d6f is not reachable in this checkout (this is a shallow clone) -- cannot evaluate the README's Node support citation
test (18)	Run node --test test/*.test.js	2026-08-24T15:02:06.3247770Z   ---
test (18)	Run node --test test/*.test.js	2026-08-24T15:02:06.3247998Z   duration_ms: 15.06088
test (18)	Run node --test test/*.test.js	2026-08-24T15:02:06.3248234Z   ...
test (18)	Run node --test test/*.test.js	2026-08-24T15:02:06.3249985Z # Subtest: README Node support citation: base-to-working-tree diff must also be empty, so an uncommitted falsification is visible now (or the check must skip on a missing precondition)
test (18)	Run node --test test/*.test.js	2026-08-24T15:02:06.3252504Z ok 59 - README Node support citation: base-to-working-tree diff must also be empty, so an uncommitted falsification is visible now (or the check must skip on a missing precondition) # SKIP cited base commit 7e50d6f is not reachable in this checkout (this is a shallow clone) -- cannot evaluate the README's Node support citation
test (18)	Run node --test test/*.test.js	2026-08-24T15:02:06.3254580Z   ---
test (18)	Run node --test test/*.test.js	2026-08-24T15:02:06.3254946Z   duration_ms: 10.755988
test (18)	Run node --test test/*.test.js	2026-08-24T15:02:06.3255343Z   ...
test (18)	Run node --test test/*.test.js	2026-08-24T15:02:06.3256003Z # Subtest: --list | true: exits quietly, zero stderr, no crash banner
test (18)	Run node --test test/*.test.js	2026-08-24T15:02:06.3257088Z ok 60 - --list | true: exits quietly, zero stderr, no crash banner
test (18)	Run node --test test/*.test.js	2026-08-24T15:02:06.3257690Z   ---
test (18)	Run node --test test/*.test.js	2026-08-24T15:02:06.3258021Z   duration_ms: 34.646697
test (18)	Run node --test test/*.test.js	2026-08-24T15:02:06.3258397Z   ...
test (18)	Run node --test test/*.test.js	2026-08-24T15:02:06.3259015Z # Subtest: | true (no --list, single aphorism): exits quietly, zero stderr
test (18)	Run node --test test/*.test.js	2026-08-24T15:02:06.3259952Z ok 61 - | true (no --list, single aphorism): exits quietly, zero stderr
test (18)	Run node --test test/*.test.js	2026-08-24T15:02:06.3260757Z   ---
test (18)	Run node --test test/*.test.js	2026-08-24T15:02:06.3261398Z   duration_ms: 42.277987
test (18)	Run node --test test/*.test.js	2026-08-24T15:02:06.3261974Z   ...
test (18)	Run node --test test/*.test.js	2026-08-24T15:02:06.3263124Z # Subtest: --list | head -0: exits quietly, zero stderr, no crash banner
test (18)	Run node --test test/*.test.js	2026-08-24T15:02:06.3264194Z ok 62 - --list | head -0: exits quietly, zero stderr, no crash banner
test (18)	Run node --test test/*.test.js	2026-08-24T15:02:06.3264954Z   ---
test (18)	Run node --test test/*.test.js	2026-08-24T15:02:06.3265425Z   duration_ms: 45.148471
test (18)	Run node --test test/*.test.js	2026-08-24T15:02:06.3265935Z   ...
test (18)	Run node --test test/*.test.js	2026-08-24T15:02:06.3266895Z # Subtest: --list | /nonexistent-cmd-xyz: no crash banner from the CLI itself
test (18)	Run node --test test/*.test.js	2026-08-24T15:02:06.3268331Z ok 63 - --list | /nonexistent-cmd-xyz: no crash banner from the CLI itself
test (18)	Run node --test test/*.test.js	2026-08-24T15:02:06.3269133Z   ---
test (18)	Run node --test test/*.test.js	2026-08-24T15:02:06.3269627Z   duration_ms: 36.058823
test (18)	Run node --test test/*.test.js	2026-08-24T15:02:06.3270158Z   ...
test (18)	Run node --test test/*.test.js	2026-08-24T15:02:06.3271164Z # Subtest: non-EPIPE stdout write failure: reported, not silent, not exit 1, no stack trace
test (18)	Run node --test test/*.test.js	2026-08-24T15:02:06.3272580Z ok 64 - non-EPIPE stdout write failure: reported, not silent, not exit 1, no stack trace
test (18)	Run node --test test/*.test.js	2026-08-24T15:02:06.3273476Z   ---
test (18)	Run node --test test/*.test.js	2026-08-24T15:02:06.3273943Z   duration_ms: 42.406658
test (18)	Run node --test test/*.test.js	2026-08-24T15:02:06.3274459Z   ...
test (18)	Run node --test test/*.test.js	2026-08-24T15:02:06.3275347Z # Subtest: usage error survives a closed stderr reader: still exits 2, not clobbered to 1
test (18)	Run node --test test/*.test.js	2026-08-24T15:02:06.3276810Z ok 65 - usage error survives a closed stderr reader: still exits 2, not clobbered to 1
test (18)	Run node --test test/*.test.js	2026-08-24T15:02:06.3277739Z   ---
test (18)	Run node --test test/*.test.js	2026-08-24T15:02:06.3278239Z   duration_ms: 105.001488
test (18)	Run node --test test/*.test.js	2026-08-24T15:02:06.3278774Z   ...
test (18)	Run node --test test/*.test.js	2026-08-24T15:02:06.3279702Z # Subtest: no-match exit code survives a closed stderr reader: still exits 1, not misreported
test (18)	Run node --test test/*.test.js	2026-08-24T15:02:06.3281239Z ok 66 - no-match exit code survives a closed stderr reader: still exits 1, not misreported
test (18)	Run node --test test/*.test.js	2026-08-24T15:02:06.3282380Z   ---
test (18)	Run node --test test/*.test.js	2026-08-24T15:02:06.3282878Z   duration_ms: 133.181307
test (18)	Run node --test test/*.test.js	2026-08-24T15:02:06.3283413Z   ...
test (18)	Run node --test test/*.test.js	2026-08-24T15:02:06.3284405Z # Subtest: non-EPIPE stderr write failure: not silent, not the earned exit code, no stack trace
test (18)	Run node --test test/*.test.js	2026-08-24T15:02:06.3285830Z ok 67 - non-EPIPE stderr write failure: not silent, not the earned exit code, no stack trace
test (18)	Run node --test test/*.test.js	2026-08-24T15:02:06.3287040Z   ---
test (18)	Run node --test test/*.test.js	2026-08-24T15:02:06.3287527Z   duration_ms: 28.085627
test (18)	Run node --test test/*.test.js	2026-08-24T15:02:06.3288058Z   ...
test (18)	Run node --test test/*.test.js	2026-08-24T15:02:06.3288776Z # Subtest: control: --list | head -1 stays completely clean
test (18)	Run node --test test/*.test.js	2026-08-24T15:02:06.3289729Z ok 68 - control: --list | head -1 stays completely clean
test (18)	Run node --test test/*.test.js	2026-08-24T15:02:06.3290411Z   ---
test (18)	Run node --test test/*.test.js	2026-08-24T15:02:06.3290890Z   duration_ms: 41.57079
test (18)	Run node --test test/*.test.js	2026-08-24T15:02:06.3291411Z   ...
test (18)	Run node --test test/*.test.js	2026-08-24T15:02:06.3292165Z # Subtest: control: --list | head -5 stays completely clean
test (18)	Run node --test test/*.test.js	2026-08-24T15:02:06.3293114Z ok 69 - control: --list | head -5 stays completely clean
test (18)	Run node --test test/*.test.js	2026-08-24T15:02:06.3293818Z   ---
test (18)	Run node --test test/*.test.js	2026-08-24T15:02:06.3294297Z   duration_ms: 42.14847
test (18)	Run node --test test/*.test.js	2026-08-24T15:02:06.3294808Z   ...
test (18)	Run node --test test/*.test.js	2026-08-24T15:02:06.3295543Z # Subtest: control: --list | sed 1q stays completely clean
test (18)	Run node --test test/*.test.js	2026-08-24T15:02:06.3296611Z ok 70 - control: --list | sed 1q stays completely clean
test (18)	Run node --test test/*.test.js	2026-08-24T15:02:06.3297321Z   ---
test (18)	Run node --test test/*.test.js	2026-08-24T15:02:06.3297780Z   duration_ms: 30.628766
test (18)	Run node --test test/*.test.js	2026-08-24T15:02:06.3298295Z   ...
test (18)	Run node --test test/*.test.js	2026-08-24T15:02:06.3299001Z # Subtest: control: --list | grep -q . stays completely clean
test (18)	Run node --test test/*.test.js	2026-08-24T15:02:06.3299955Z ok 71 - control: --list | grep -q . stays completely clean
test (18)	Run node --test test/*.test.js	2026-08-24T15:02:06.3300652Z   ---
test (18)	Run node --test test/*.test.js	2026-08-24T15:02:06.3301135Z   duration_ms: 39.003014
test (18)	Run node --test test/*.test.js	2026-08-24T15:02:06.3301679Z   ...
test (18)	Run node --test test/*.test.js	2026-08-24T15:02:06.3302332Z # Subtest: control: | wc -l stays completely clean
test (18)	Run node --test test/*.test.js	2026-08-24T15:02:06.3303155Z ok 72 - control: | wc -l stays completely clean
test (18)	Run node --test test/*.test.js	2026-08-24T15:02:06.3303918Z   ---
test (18)	Run node --test test/*.test.js	2026-08-24T15:02:06.3304365Z   duration_ms: 33.219375
test (18)	Run node --test test/*.test.js	2026-08-24T15:02:06.3304889Z   ...
test (18)	Run node --test test/*.test.js	2026-08-24T15:02:06.3305656Z # Subtest: control: --list --json | head -2 stays completely clean
test (18)	Run node --test test/*.test.js	2026-08-24T15:02:06.3306885Z ok 73 - control: --list --json | head -2 stays completely clean
test (18)	Run node --test test/*.test.js	2026-08-24T15:02:06.3307623Z   ---
test (18)	Run node --test test/*.test.js	2026-08-24T15:02:06.3308118Z   duration_ms: 28.775797
test (18)	Run node --test test/*.test.js	2026-08-24T15:02:06.3308651Z   ...
test (18)	Run node --test test/*.test.js	2026-08-24T15:02:06.3309455Z # Subtest: control: exit 1 / exit 2 stderr messages and codes are unchanged
test (18)	Run node --test test/*.test.js	2026-08-24T15:02:06.3310585Z ok 74 - control: exit 1 / exit 2 stderr messages and codes are unchanged
test (18)	Run node --test test/*.test.js	2026-08-24T15:02:06.3311350Z   ---
test (18)	Run node --test test/*.test.js	2026-08-24T15:02:06.3311836Z   duration_ms: 54.705734
test (18)	Run node --test test/*.test.js	2026-08-24T15:02:06.3312362Z   ...
test (18)	Run node --test test/*.test.js	2026-08-24T15:02:06.3313369Z # Subtest: control: a normal (non-full) stdout target still exits 0 with empty stderr
test (18)	Run node --test test/*.test.js	2026-08-24T15:02:06.3314702Z ok 75 - control: a normal (non-full) stdout target still exits 0 with empty stderr
test (18)	Run node --test test/*.test.js	2026-08-24T15:02:06.3315763Z   ---
test (18)	Run node --test test/*.test.js	2026-08-24T15:02:06.3316440Z   duration_ms: 54.489784
test (18)	Run node --test test/*.test.js	2026-08-24T15:02:06.3316988Z   ...
test (18)	Run node --test test/*.test.js	2026-08-24T15:02:06.3317883Z # Subtest: README Node support matrix: table must be present and non-empty
test (18)	Run node --test test/*.test.js	2026-08-24T15:02:06.3319091Z ok 76 - README Node support matrix: table must be present and non-empty
test (18)	Run node --test test/*.test.js	2026-08-24T15:02:06.3319876Z   ---
test (18)	Run node --test test/*.test.js	2026-08-24T15:02:06.3320359Z   duration_ms: 1.220637
test (18)	Run node --test test/*.test.js	2026-08-24T15:02:06.3320863Z   ...
test (18)	Run node --test test/*.test.js	2026-08-24T15:02:06.3321906Z # Subtest: README Node support matrix: each row's own arithmetic must hold (tests = pass + fail + skipped)
test (18)	Run node --test test/*.test.js	2026-08-24T15:02:06.3323457Z ok 77 - README Node support matrix: each row's own arithmetic must hold (tests = pass + fail + skipped)
test (18)	Run node --test test/*.test.js	2026-08-24T15:02:06.3324391Z   ---
test (18)	Run node --test test/*.test.js	2026-08-24T15:02:06.3324885Z   duration_ms: 0.336344
test (18)	Run node --test test/*.test.js	2026-08-24T15:02:06.3325402Z   ...
test (18)	Run node --test test/*.test.js	2026-08-24T15:02:06.3326380Z # Subtest: README Node support matrix: all rows must agree with each other
test (18)	Run node --test test/*.test.js	2026-08-24T15:02:06.3327537Z ok 78 - README Node support matrix: all rows must agree with each other
test (18)	Run node --test test/*.test.js	2026-08-24T15:02:06.3328326Z   ---
test (18)	Run node --test test/*.test.js	2026-08-24T15:02:06.3328803Z   duration_ms: 0.302668
test (18)	Run node --test test/*.test.js	2026-08-24T15:02:06.3329368Z   ...
test (18)	Run node --test test/*.test.js	2026-08-24T15:02:06.3330581Z # Subtest: README Node support matrix: cited Actions run id must match between the link text and the link URL
test (18)	Run node --test test/*.test.js	2026-08-24T15:02:06.3332379Z ok 79 - README Node support matrix: cited Actions run id must match between the link text and the link URL
test (18)	Run node --test test/*.test.js	2026-08-24T15:02:06.3333429Z   ---
test (18)	Run node --test test/*.test.js	2026-08-24T15:02:06.3333926Z   duration_ms: 0.370612
test (18)	Run node --test test/*.test.js	2026-08-24T15:02:06.3334472Z   ...
test (18)	Run node --test test/*.test.js	2026-08-24T15:02:06.3335630Z # Subtest: README Node support matrix: cited commit must match between the prose and the falsification-condition command
test (18)	Run node --test test/*.test.js	2026-08-24T15:02:06.3337562Z ok 80 - README Node support matrix: cited commit must match between the prose and the falsification-condition command
test (18)	Run node --test test/*.test.js	2026-08-24T15:02:06.3338571Z   ---
test (18)	Run node --test test/*.test.js	2026-08-24T15:02:06.3339169Z   duration_ms: 1.08434
test (18)	Run node --test test/*.test.js	2026-08-24T15:02:06.3339720Z   ...
test (18)	Run node --test test/*.test.js	2026-08-24T15:02:06.3340376Z # Subtest: README tags must exist in corpus
test (18)	Run node --test test/*.test.js	2026-08-24T15:02:06.3341173Z ok 81 - README tags must exist in corpus
test (18)	Run node --test test/*.test.js	2026-08-24T15:02:06.3341782Z   ---
test (18)	Run node --test test/*.test.js	2026-08-24T15:02:06.3342253Z   duration_ms: 2.497722
test (18)	Run node --test test/*.test.js	2026-08-24T15:02:06.3342778Z   ...
test (18)	Run node --test test/*.test.js	2026-08-24T15:02:06.3343410Z # Subtest: README tag counts must match corpus
test (18)	Run node --test test/*.test.js	2026-08-24T15:02:06.3344210Z ok 82 - README tag counts must match corpus
test (18)	Run node --test test/*.test.js	2026-08-24T15:02:06.3344834Z   ---
test (18)	Run node --test test/*.test.js	2026-08-24T15:02:06.3345305Z   duration_ms: 0.449744
test (18)	Run node --test test/*.test.js	2026-08-24T15:02:06.3345818Z   ...
test (18)	Run node --test test/*.test.js	2026-08-24T15:02:06.3346607Z # Subtest: README must state total unique tags correctly
test (18)	Run node --test test/*.test.js	2026-08-24T15:02:06.3347527Z ok 83 - README must state total unique tags correctly
test (18)	Run node --test test/*.test.js	2026-08-24T15:02:06.3436411Z   ---
test (18)	Run node --test test/*.test.js	2026-08-24T15:02:06.3437011Z   duration_ms: 0.86879
test (18)	Run node --test test/*.test.js	2026-08-24T15:02:06.3437408Z   ...
test (18)	Run node --test test/*.test.js	2026-08-24T15:02:06.3437970Z # Subtest: README must list all single-entry tags
test (18)	Run node --test test/*.test.js	2026-08-24T15:02:06.3438661Z ok 84 - README must list all single-entry tags
test (18)	Run node --test test/*.test.js	2026-08-24T15:02:06.3439163Z   ---
test (18)	Run node --test test/*.test.js	2026-08-24T15:02:06.3439501Z   duration_ms: 0.280174
test (18)	Run node --test test/*.test.js	2026-08-24T15:02:06.3439935Z   ...
test (18)	Run node --test test/*.test.js	2026-08-24T15:02:06.3440842Z # Subtest: assertTagVocabCountsTableWellFormed fails loud on a DUPLICATED row label, whichever order the rows appear in (Q-4)
test (18)	Run node --test test/*.test.js	2026-08-24T15:02:06.3441983Z ok 85 - assertTagVocabCountsTableWellFormed fails loud on a DUPLICATED row label, whichever order the rows appear in (Q-4)
test (18)	Run node --test test/*.test.js	2026-08-24T15:02:06.3442609Z   ---
test (18)	Run node --test test/*.test.js	2026-08-24T15:02:06.3442873Z   duration_ms: 1.187218
test (18)	Run node --test test/*.test.js	2026-08-24T15:02:06.3443132Z   ...
test (18)	Run node --test test/*.test.js	2026-08-24T15:02:06.3443855Z # Subtest: assertTagVocabCountsTableWellFormed fails loud on a row label no guard in this file reads (Q-4)
test (18)	Run node --test test/*.test.js	2026-08-24T15:02:06.3444774Z ok 86 - assertTagVocabCountsTableWellFormed fails loud on a row label no guard in this file reads (Q-4)
test (18)	Run node --test test/*.test.js	2026-08-24T15:02:06.3445234Z   ---
test (18)	Run node --test test/*.test.js	2026-08-24T15:02:06.3445478Z   duration_ms: 1.093812
test (18)	Run node --test test/*.test.js	2026-08-24T15:02:06.3445782Z   ...
test (18)	Run node --test test/*.test.js	2026-08-24T15:02:06.3447095Z # Subtest: parseTagVocabCountsTable returns null when the counts table is missing or malformed, and both readers fail loud on that null (Q-4)
test (18)	Run node --test test/*.test.js	2026-08-24T15:02:06.3449165Z ok 87 - parseTagVocabCountsTable returns null when the counts table is missing or malformed, and both readers fail loud on that null (Q-4)
test (18)	Run node --test test/*.test.js	2026-08-24T15:02:06.3450128Z   ---
test (18)	Run node --test test/*.test.js	2026-08-24T15:02:06.3450455Z   duration_ms: 0.388545
test (18)	Run node --test test/*.test.js	2026-08-24T15:02:06.3450818Z   ...
test (18)	Run node --test test/*.test.js	2026-08-24T15:02:06.3451757Z # Subtest: readTagVocabCount fails loud when a row value is not a plain integer, or when its row is absent (Q-4)
test (18)	Run node --test test/*.test.js	2026-08-24T15:02:06.3453229Z ok 88 - readTagVocabCount fails loud when a row value is not a plain integer, or when its row is absent (Q-4)
test (18)	Run node --test test/*.test.js	2026-08-24T15:02:06.3453882Z   ---
test (18)	Run node --test test/*.test.js	2026-08-24T15:02:06.3454078Z   duration_ms: 1.68949
test (18)	Run node --test test/*.test.js	2026-08-24T15:02:06.3454291Z   ...
test (18)	Run node --test test/*.test.js	2026-08-24T15:02:06.3455030Z # Subtest: extractBandTablesFromReadme tolerates a prose sentence between a band heading and its table (T-025), without mis-attaching a table when the real one is missing
test (18)	Run node --test test/*.test.js	2026-08-24T15:02:06.3456385Z ok 89 - extractBandTablesFromReadme tolerates a prose sentence between a band heading and its table (T-025), without mis-attaching a table when the real one is missing
test (18)	Run node --test test/*.test.js	2026-08-24T15:02:06.3457023Z   ---
test (18)	Run node --test test/*.test.js	2026-08-24T15:02:06.3457220Z   duration_ms: 0.740107
test (18)	Run node --test test/*.test.js	2026-08-24T15:02:06.3457435Z   ...
test (18)	Run node --test test/*.test.js	2026-08-24T15:02:06.3457955Z # Subtest: extractBandTablesFromReadme does not let a band-shaped PROSE line steal a real heading's table (T-039)
test (18)	Run node --test test/*.test.js	2026-08-24T15:02:06.3458953Z ok 90 - extractBandTablesFromReadme does not let a band-shaped PROSE line steal a real heading's table (T-039)
test (18)	Run node --test test/*.test.js	2026-08-24T15:02:06.3459779Z   ---
test (18)	Run node --test test/*.test.js	2026-08-24T15:02:06.3460100Z   duration_ms: 0.251856
test (18)	Run node --test test/*.test.js	2026-08-24T15:02:06.3460445Z   ...
test (18)	Run node --test test/*.test.js	2026-08-24T15:02:06.3461293Z # Subtest: extractBandTablesFromReadme does not read a fenced example block as a second, real band table
test (18)	Run node --test test/*.test.js	2026-08-24T15:02:06.3462680Z ok 91 - extractBandTablesFromReadme does not read a fenced example block as a second, real band table
test (18)	Run node --test test/*.test.js	2026-08-24T15:02:06.3463461Z   ---
test (18)	Run node --test test/*.test.js	2026-08-24T15:02:06.3463749Z   duration_ms: 0.153169
test (18)	Run node --test test/*.test.js	2026-08-24T15:02:06.3464109Z   ...
test (18)	Run node --test test/*.test.js	2026-08-24T15:02:06.3465766Z # Subtest: extractBandTablesFromReadme's recognised bands account for every structural `| Tag | Count |` table -- a table under an unrecognised heading shape is a loud mismatch, not a silent miss
test (18)	Run node --test test/*.test.js	2026-08-24T15:02:06.3468383Z ok 92 - extractBandTablesFromReadme's recognised bands account for every structural `| Tag | Count |` table -- a table under an unrecognised heading shape is a loud mismatch, not a silent miss
test (18)	Run node --test test/*.test.js	2026-08-24T15:02:06.3469599Z   ---
test (18)	Run node --test test/*.test.js	2026-08-24T15:02:06.3469915Z   duration_ms: 0.233455
test (18)	Run node --test test/*.test.js	2026-08-24T15:02:06.3470265Z   ...
test (18)	Run node --test test/*.test.js	2026-08-24T15:02:06.3471274Z # Subtest: every `| Tag | Count |` table in the real README Tag vocabulary section is a recognised band table (no table may hide under an unrecognised heading shape)
test (18)	Run node --test test/*.test.js	2026-08-24T15:02:06.3472548Z ok 93 - every `| Tag | Count |` table in the real README Tag vocabulary section is a recognised band table (no table may hide under an unrecognised heading shape)
test (18)	Run node --test test/*.test.js	2026-08-24T15:02:06.3473135Z   ---
test (18)	Run node --test test/*.test.js	2026-08-24T15:02:06.3473335Z   duration_ms: 0.578206
test (18)	Run node --test test/*.test.js	2026-08-24T15:02:06.3473558Z   ...
test (18)	Run node --test test/*.test.js	2026-08-24T15:02:06.3474073Z # Subtest: every band table in README Tag vocabulary contains exactly the corpus tags whose count fits that band
test (18)	Run node --test test/*.test.js	2026-08-24T15:02:06.3474840Z ok 94 - every band table in README Tag vocabulary contains exactly the corpus tags whose count fits that band
test (18)	Run node --test test/*.test.js	2026-08-24T15:02:06.3475297Z   ---
test (18)	Run node --test test/*.test.js	2026-08-24T15:02:06.3475496Z   duration_ms: 0.430644
test (18)	Run node --test test/*.test.js	2026-08-24T15:02:06.3475710Z   ...
test (18)	Run node --test test/*.test.js	2026-08-24T15:02:06.3476475Z # Subtest: every corpus tag appearing on 2+ entries must have a row in some band table (no band table may be deleted wholesale) (T-019)
test (18)	Run node --test test/*.test.js	2026-08-24T15:02:06.3477369Z ok 95 - every corpus tag appearing on 2+ entries must have a row in some band table (no band table may be deleted wholesale) (T-019)
test (18)	Run node --test test/*.test.js	2026-08-24T15:02:06.3477882Z   ---
test (18)	Run node --test test/*.test.js	2026-08-24T15:02:06.3478096Z   duration_ms: 0.290232
test (18)	Run node --test test/*.test.js	2026-08-24T15:02:06.3478335Z   ...
test (18)	Run node --test test/*.test.js	2026-08-24T15:02:06.3479000Z # Subtest: extractBandTablesFromReadme derives a band's row count purely from its table, ignoring decoy "N tags" phrases in the heading line (T-024b)
test (18)	Run node --test test/*.test.js	2026-08-24T15:02:06.3480248Z ok 96 - extractBandTablesFromReadme derives a band's row count purely from its table, ignoring decoy "N tags" phrases in the heading line (T-024b)
test (18)	Run node --test test/*.test.js	2026-08-24T15:02:06.3480828Z   ---
test (18)	Run node --test test/*.test.js	2026-08-24T15:02:06.3481026Z   duration_ms: 0.142469
test (18)	Run node --test test/*.test.js	2026-08-24T15:02:06.3481257Z   ...
test (18)	Run node --test test/*.test.js	2026-08-24T15:02:06.3481636Z # Subtest: README must state correct multi-entry and single-entry tag counts
test (18)	Run node --test test/*.test.js	2026-08-24T15:02:06.3482172Z ok 97 - README must state correct multi-entry and single-entry tag counts
test (18)	Run node --test test/*.test.js	2026-08-24T15:02:06.3482516Z   ---
test (18)	Run node --test test/*.test.js	2026-08-24T15:02:06.3482708Z   duration_ms: 0.451362
test (18)	Run node --test test/*.test.js	2026-08-24T15:02:06.3482919Z   ...
test (18)	Run node --test test/*.test.js	2026-08-24T15:02:06.3483368Z # Subtest: README Tag vocabulary section must contain no unrecognised count-claim digits (J-5)
test (18)	Run node --test test/*.test.js	2026-08-24T15:02:06.3484032Z ok 98 - README Tag vocabulary section must contain no unrecognised count-claim digits (J-5)
test (18)	Run node --test test/*.test.js	2026-08-24T15:02:06.3484436Z   ---
test (18)	Run node --test test/*.test.js	2026-08-24T15:02:06.3484630Z   duration_ms: 0.575307
test (18)	Run node --test test/*.test.js	2026-08-24T15:02:06.3484843Z   ...
test (18)	Run node --test test/*.test.js	2026-08-24T15:02:06.3485334Z # Subtest: README Attribution table "Entries ranked" count must match corpus.length and the triage doc (C1)
test (18)	Run node --test test/*.test.js	2026-08-24T15:02:06.3486088Z ok 99 - README Attribution table "Entries ranked" count must match corpus.length and the triage doc (C1)
test (18)	Run node --test test/*.test.js	2026-08-24T15:02:06.3486747Z   ---
test (18)	Run node --test test/*.test.js	2026-08-24T15:02:06.3486946Z   duration_ms: 1.125281
test (18)	Run node --test test/*.test.js	2026-08-24T15:02:06.3487159Z   ...
test (18)	Run node --test test/*.test.js	2026-08-24T15:02:06.3487598Z # Subtest: README Attribution table "Rated HIGH risk" count must match the triage doc table (C2)
test (18)	Run node --test test/*.test.js	2026-08-24T15:02:06.3488262Z ok 100 - README Attribution table "Rated HIGH risk" count must match the triage doc table (C2)
test (18)	Run node --test test/*.test.js	2026-08-24T15:02:06.3488676Z   ---
test (18)	Run node --test test/*.test.js	2026-08-24T15:02:06.3488870Z   duration_ms: 0.526089
test (18)	Run node --test test/*.test.js	2026-08-24T15:02:06.3489080Z   ...
test (18)	Run node --test test/*.test.js	2026-08-24T15:02:06.3489513Z # Subtest: README Attribution section must contain no digit runs outside the counts table (C7)
test (18)	Run node --test test/*.test.js	2026-08-24T15:02:06.3490163Z ok 101 - README Attribution section must contain no digit runs outside the counts table (C7)
test (18)	Run node --test test/*.test.js	2026-08-24T15:02:06.3490571Z   ---
test (18)	Run node --test test/*.test.js	2026-08-24T15:02:06.3490765Z   duration_ms: 0.510843
test (18)	Run node --test test/*.test.js	2026-08-24T15:02:06.3490976Z   ...
test (18)	Run node --test test/*.test.js	2026-08-24T15:02:06.3491297Z # Subtest: README Layout section paths must exist on disk (C6)
test (18)	Run node --test test/*.test.js	2026-08-24T15:02:06.3491747Z ok 102 - README Layout section paths must exist on disk (C6)
test (18)	Run node --test test/*.test.js	2026-08-24T15:02:06.3492044Z   ---
test (18)	Run node --test test/*.test.js	2026-08-24T15:02:06.3492247Z   duration_ms: 0.510601
test (18)	Run node --test test/*.test.js	2026-08-24T15:02:06.3492455Z   ...
test (18)	Run node --test test/*.test.js	2026-08-24T15:02:06.3492967Z # Subtest: getListBehaviourSection tolerates a reformatted "--list behaviour" heading with no backticks (T-021)
test (18)	Run node --test test/*.test.js	2026-08-24T15:02:06.3493756Z ok 103 - getListBehaviourSection tolerates a reformatted "--list behaviour" heading with no backticks (T-021)
test (18)	Run node --test test/*.test.js	2026-08-24T15:02:06.3494215Z   ---
test (18)	Run node --test test/*.test.js	2026-08-24T15:02:06.3494408Z   duration_ms: 0.504332
test (18)	Run node --test test/*.test.js	2026-08-24T15:02:06.3494629Z   ...
test (18)	Run node --test test/*.test.js	2026-08-24T15:02:06.3495296Z # Subtest: getListBehaviourSection still fails on a SEPARATOR MISMATCH (not a heading-parse error) when a reformatted heading's literal is mutated (T-021)
test (18)	Run node --test test/*.test.js	2026-08-24T15:02:06.3496635Z ok 104 - getListBehaviourSection still fails on a SEPARATOR MISMATCH (not a heading-parse error) when a reformatted heading's literal is mutated (T-021)
test (18)	Run node --test test/*.test.js	2026-08-24T15:02:06.3497235Z   ---
test (18)	Run node --test test/*.test.js	2026-08-24T15:02:06.3497439Z   duration_ms: 0.345319
test (18)	Run node --test test/*.test.js	2026-08-24T15:02:06.3497664Z   ...
test (18)	Run node --test test/*.test.js	2026-08-24T15:02:06.3498232Z # Subtest: getListBehaviourSection reports ambiguity loudly instead of taking the first of two qualifying headings (T-021)
test (18)	Run node --test test/*.test.js	2026-08-24T15:02:06.3499102Z ok 105 - getListBehaviourSection reports ambiguity loudly instead of taking the first of two qualifying headings (T-021)
test (18)	Run node --test test/*.test.js	2026-08-24T15:02:06.3499606Z   ---
test (18)	Run node --test test/*.test.js	2026-08-24T15:02:06.3499796Z   duration_ms: 0.418926
test (18)	Run node --test test/*.test.js	2026-08-24T15:02:06.3500006Z   ...
test (18)	Run node --test test/*.test.js	2026-08-24T15:02:06.3500503Z # Subtest: getListBehaviourSection does not let "--list-only" satisfy the standalone `--list` token (T-021)
test (18)	Run node --test test/*.test.js	2026-08-24T15:02:06.3501252Z ok 106 - getListBehaviourSection does not let "--list-only" satisfy the standalone `--list` token (T-021)
test (18)	Run node --test test/*.test.js	2026-08-24T15:02:06.3501692Z   ---
test (18)	Run node --test test/*.test.js	2026-08-24T15:02:06.3501969Z   duration_ms: 0.241601
test (18)	Run node --test test/*.test.js	2026-08-24T15:02:06.3502179Z   ...
test (18)	Run node --test test/*.test.js	2026-08-24T15:02:06.3502647Z # Subtest: getListBehaviourSection tolerates the American spelling "behavior" in the heading (T-027)
test (18)	Run node --test test/*.test.js	2026-08-24T15:02:06.3503370Z ok 107 - getListBehaviourSection tolerates the American spelling "behavior" in the heading (T-027)
test (18)	Run node --test test/*.test.js	2026-08-24T15:02:06.3503800Z   ---
test (18)	Run node --test test/*.test.js	2026-08-24T15:02:06.3503992Z   duration_ms: 0.104153
test (18)	Run node --test test/*.test.js	2026-08-24T15:02:06.3504206Z   ...
test (18)	Run node --test test/*.test.js	2026-08-24T15:02:06.3504826Z # Subtest: getListBehaviourSection still fails on a SEPARATOR MISMATCH (not a heading-parse error) under an American-spelled heading (T-027)
test (18)	Run node --test test/*.test.js	2026-08-24T15:02:06.3505806Z ok 108 - getListBehaviourSection still fails on a SEPARATOR MISMATCH (not a heading-parse error) under an American-spelled heading (T-027)
test (18)	Run node --test test/*.test.js	2026-08-24T15:02:06.3506545Z   ---
test (18)	Run node --test test/*.test.js	2026-08-24T15:02:06.3506739Z   duration_ms: 0.131452
test (18)	Run node --test test/*.test.js	2026-08-24T15:02:06.3506954Z   ...
test (18)	Run node --test test/*.test.js	2026-08-24T15:02:06.3507409Z # Subtest: README `--list` format literal matches the shipped binary's actual --list output (T-017)
test (18)	Run node --test test/*.test.js	2026-08-24T15:02:06.3508090Z ok 109 - README `--list` format literal matches the shipped binary's actual --list output (T-017)
test (18)	Run node --test test/*.test.js	2026-08-24T15:02:06.3508515Z   ---
test (18)	Run node --test test/*.test.js	2026-08-24T15:02:06.3508720Z   duration_ms: 30.683065
test (18)	Run node --test test/*.test.js	2026-08-24T15:02:06.3509030Z   ...
test (18)	Run node --test test/*.test.js	2026-08-24T15:02:06.3509512Z # Subtest: README `--author` matching section must state the correct count of distinct corpus authors (Q-8)
test (18)	Run node --test test/*.test.js	2026-08-24T15:02:06.3510238Z ok 110 - README `--author` matching section must state the correct count of distinct corpus authors (Q-8)
test (18)	Run node --test test/*.test.js	2026-08-24T15:02:06.3510681Z   ---
test (18)	Run node --test test/*.test.js	2026-08-24T15:02:06.3510875Z   duration_ms: 0.370239
test (18)	Run node --test test/*.test.js	2026-08-24T15:02:06.3511091Z   ...
test (18)	Run node --test test/*.test.js	2026-08-24T15:02:06.3511344Z # Subtest: corpus has at least 40 entries
test (18)	Run node --test test/*.test.js	2026-08-24T15:02:06.3511673Z ok 111 - corpus has at least 40 entries
test (18)	Run node --test test/*.test.js	2026-08-24T15:02:06.3511933Z   ---
test (18)	Run node --test test/*.test.js	2026-08-24T15:02:06.3512134Z   duration_ms: 1.061095
test (18)	Run node --test test/*.test.js	2026-08-24T15:02:06.3512359Z   ...
test (18)	Run node --test test/*.test.js	2026-08-24T15:02:06.3512763Z # Subtest: every corpus entry has non-empty text, non-empty author, and an array of tags
test (18)	Run node --test test/*.test.js	2026-08-24T15:02:06.3513378Z ok 112 - every corpus entry has non-empty text, non-empty author, and an array of tags
test (18)	Run node --test test/*.test.js	2026-08-24T15:02:06.3513764Z   ---
test (18)	Run node --test test/*.test.js	2026-08-24T15:02:06.3513958Z   duration_ms: 0.381669
test (18)	Run node --test test/*.test.js	2026-08-24T15:02:06.3514172Z   ...
test (18)	Run node --test test/*.test.js	2026-08-24T15:02:06.3514456Z # Subtest: filter: author match is case-insensitive
test (18)	Run node --test test/*.test.js	2026-08-24T15:02:06.3514830Z ok 113 - filter: author match is case-insensitive
test (18)	Run node --test test/*.test.js	2026-08-24T15:02:06.3515107Z   ---
test (18)	Run node --test test/*.test.js	2026-08-24T15:02:06.3515295Z   duration_ms: 0.653672
test (18)	Run node --test test/*.test.js	2026-08-24T15:02:06.3515503Z   ...
test (18)	Run node --test test/*.test.js	2026-08-24T15:02:06.3515767Z # Subtest: filter: tag match is case-insensitive
test (18)	Run node --test test/*.test.js	2026-08-24T15:02:06.3516253Z ok 114 - filter: tag match is case-insensitive
test (18)	Run node --test test/*.test.js	2026-08-24T15:02:06.3516683Z   ---
test (18)	Run node --test test/*.test.js	2026-08-24T15:02:06.3516898Z   duration_ms: 0.244395
test (18)	Run node --test test/*.test.js	2026-08-24T15:02:06.3517109Z   ...
test (18)	Run node --test test/*.test.js	2026-08-24T15:02:06.3517470Z # Subtest: filter: author and tag together narrow to the intersection (AND)
test (18)	Run node --test test/*.test.js	2026-08-24T15:02:06.3517993Z ok 115 - filter: author and tag together narrow to the intersection (AND)
test (18)	Run node --test test/*.test.js	2026-08-24T15:02:06.3518346Z   ---
test (18)	Run node --test test/*.test.js	2026-08-24T15:02:06.3518535Z   duration_ms: 0.251318
test (18)	Run node --test test/*.test.js	2026-08-24T15:02:06.3518743Z   ...
test (18)	Run node --test test/*.test.js	2026-08-24T15:02:06.3519041Z # Subtest: filter: undefined/absent options do not filter
test (18)	Run node --test test/*.test.js	2026-08-24T15:02:06.3519452Z ok 116 - filter: undefined/absent options do not filter
test (18)	Run node --test test/*.test.js	2026-08-24T15:02:06.3519745Z   ---
test (18)	Run node --test test/*.test.js	2026-08-24T15:02:06.3519941Z   duration_ms: 0.256313
test (18)	Run node --test test/*.test.js	2026-08-24T15:02:06.3520150Z   ...
test (18)	Run node --test test/*.test.js	2026-08-24T15:02:06.3520538Z # Subtest: pick: same seed over the same candidates always returns the same element
test (18)	Run node --test test/*.test.js	2026-08-24T15:02:06.3521111Z ok 117 - pick: same seed over the same candidates always returns the same element
test (18)	Run node --test test/*.test.js	2026-08-24T15:02:06.3521469Z   ---
test (18)	Run node --test test/*.test.js	2026-08-24T15:02:06.3521665Z   duration_ms: 0.375274
test (18)	Run node --test test/*.test.js	2026-08-24T15:02:06.3521885Z   ...
test (18)	Run node --test test/*.test.js	2026-08-24T15:02:06.3522225Z # Subtest: pick: different seeds generally produce different results
test (18)	Run node --test test/*.test.js	2026-08-24T15:02:06.3522705Z ok 118 - pick: different seeds generally produce different results
test (18)	Run node --test test/*.test.js	2026-08-24T15:02:06.3523034Z   ---
test (18)	Run node --test test/*.test.js	2026-08-24T15:02:06.3523334Z   duration_ms: 0.272468
test (18)	Run node --test test/*.test.js	2026-08-24T15:02:06.3523545Z   ...
test (18)	Run node --test test/*.test.js	2026-08-24T15:02:06.3523882Z # Subtest: pick: undefined seed picks a valid member (random mode)
test (18)	Run node --test test/*.test.js	2026-08-24T15:02:06.3524354Z ok 119 - pick: undefined seed picks a valid member (random mode)
test (18)	Run node --test test/*.test.js	2026-08-24T15:02:06.3524675Z   ---
test (18)	Run node --test test/*.test.js	2026-08-24T15:02:06.3524870Z   duration_ms: 0.122806
test (18)	Run node --test test/*.test.js	2026-08-24T15:02:06.3525086Z   ...
test (18)	Run node --test test/*.test.js	2026-08-24T15:02:06.3525456Z # Subtest: pick: null seed also triggers random mode and returns a valid member
test (18)	Run node --test test/*.test.js	2026-08-24T15:02:06.3525996Z ok 120 - pick: null seed also triggers random mode and returns a valid member
test (18)	Run node --test test/*.test.js	2026-08-24T15:02:06.3526546Z   ---
test (18)	Run node --test test/*.test.js	2026-08-24T15:02:06.3526747Z   duration_ms: 0.181715
test (18)	Run node --test test/*.test.js	2026-08-24T15:02:06.3526969Z   ...
test (18)	Run node --test test/*.test.js	2026-08-24T15:02:06.3527296Z # Subtest: pick: throws RangeError on empty candidates array
test (18)	Run node --test test/*.test.js	2026-08-24T15:02:06.3527774Z ok 121 - pick: throws RangeError on empty candidates array
test (18)	Run node --test test/*.test.js	2026-08-24T15:02:06.3528090Z   ---
test (18)	Run node --test test/*.test.js	2026-08-24T15:02:06.3528281Z   duration_ms: 0.386483
test (18)	Run node --test test/*.test.js	2026-08-24T15:02:06.3528495Z   ...
test (18)	Run node --test test/*.test.js	2026-08-24T15:02:06.3528854Z # Subtest: pick: Infinity seed is deterministic and returns a valid member
test (18)	Run node --test test/*.test.js	2026-08-24T15:02:06.3529366Z ok 122 - pick: Infinity seed is deterministic and returns a valid member
test (18)	Run node --test test/*.test.js	2026-08-24T15:02:06.3529778Z   ---
test (18)	Run node --test test/*.test.js	2026-08-24T15:02:06.3529980Z   duration_ms: 0.18573
test (18)	Run node --test test/*.test.js	2026-08-24T15:02:06.3530192Z   ...
test (18)	Run node --test test/*.test.js	2026-08-24T15:02:06.3530559Z # Subtest: pick: -Infinity seed is deterministic and returns a valid member
test (18)	Run node --test test/*.test.js	2026-08-24T15:02:06.3531081Z ok 123 - pick: -Infinity seed is deterministic and returns a valid member
test (18)	Run node --test test/*.test.js	2026-08-24T15:02:06.3531421Z   ---
test (18)	Run node --test test/*.test.js	2026-08-24T15:02:06.3531612Z   duration_ms: 0.127293
test (18)	Run node --test test/*.test.js	2026-08-24T15:02:06.3531833Z   ...
test (18)	Run node --test test/*.test.js	2026-08-24T15:02:06.3532208Z # Subtest: pick: NaN seed still uses the random branch and returns a valid member
test (18)	Run node --test test/*.test.js	2026-08-24T15:02:06.3532760Z ok 124 - pick: NaN seed still uses the random branch and returns a valid member
test (18)	Run node --test test/*.test.js	2026-08-24T15:02:06.3533111Z   ---
test (18)	Run node --test test/*.test.js	2026-08-24T15:02:06.3533306Z   duration_ms: 0.079792
test (18)	Run node --test test/*.test.js	2026-08-24T15:02:06.3533511Z   ...
test (18)	Run node --test test/*.test.js	2026-08-24T15:02:06.3533901Z # Subtest: pick: finite seed determinism is unchanged by the non-finite-seed fix
test (18)	Run node --test test/*.test.js	2026-08-24T15:02:06.3534451Z ok 125 - pick: finite seed determinism is unchanged by the non-finite-seed fix
test (18)	Run node --test test/*.test.js	2026-08-24T15:02:06.3534807Z   ---
test (18)	Run node --test test/*.test.js	2026-08-24T15:02:06.3534997Z   duration_ms: 0.187272
test (18)	Run node --test test/*.test.js	2026-08-24T15:02:06.3535212Z   ...
test (18)	Run node --test test/*.test.js	2026-08-24T15:02:06.3535536Z # Subtest: pick: every candidate is REACHABLE by an unseeded draw
test (18)	Run node --test test/*.test.js	2026-08-24T15:02:06.3536006Z ok 126 - pick: every candidate is REACHABLE by an unseeded draw
test (18)	Run node --test test/*.test.js	2026-08-24T15:02:06.3536536Z   ---
test (18)	Run node --test test/*.test.js	2026-08-24T15:02:06.3536755Z   duration_ms: 4.364023
test (18)	Run node --test test/*.test.js	2026-08-24T15:02:06.3536984Z   ...
test (18)	Run node --test test/*.test.js	2026-08-24T15:02:06.3537401Z # Subtest: pick: unseeded draws split the interval EQUALLY across candidates (uniform)
test (18)	Run node --test test/*.test.js	2026-08-24T15:02:06.3538017Z ok 127 - pick: unseeded draws split the interval EQUALLY across candidates (uniform)
test (18)	Run node --test test/*.test.js	2026-08-24T15:02:06.3538434Z   ---
test (18)	Run node --test test/*.test.js	2026-08-24T15:02:06.3538649Z   duration_ms: 1.019088
test (18)	Run node --test test/*.test.js	2026-08-24T15:02:06.3538864Z   ...
test (18)	Run node --test test/*.test.js	2026-08-24T15:02:06.3539292Z # Subtest: pick: single-element candidates always returns that element regardless of seed
test (18)	Run node --test test/*.test.js	2026-08-24T15:02:06.3539927Z ok 128 - pick: single-element candidates always returns that element regardless of seed
test (18)	Run node --test test/*.test.js	2026-08-24T15:02:06.3540317Z   ---
test (18)	Run node --test test/*.test.js	2026-08-24T15:02:06.3540526Z   duration_ms: 0.204855
test (18)	Run node --test test/*.test.js	2026-08-24T15:02:06.3540741Z   ...
test (18)	Run node --test test/*.test.js	2026-08-24T15:02:06.3540925Z 1..128
test (18)	Run node --test test/*.test.js	2026-08-24T15:02:06.3541118Z # tests 128
test (18)	Run node --test test/*.test.js	2026-08-24T15:02:06.3541315Z # suites 0
test (18)	Run node --test test/*.test.js	2026-08-24T15:02:06.3541507Z # pass 126
test (18)	Run node --test test/*.test.js	2026-08-24T15:02:06.3541697Z # fail 0
test (18)	Run node --test test/*.test.js	2026-08-24T15:02:06.3541898Z # cancelled 0
test (18)	Run node --test test/*.test.js	2026-08-24T15:02:06.3542102Z # skipped 2
test (18)	Run node --test test/*.test.js	2026-08-24T15:02:06.3542292Z # todo 0
test (18)	Run node --test test/*.test.js	2026-08-24T15:02:06.3542502Z # duration_ms 2904.617022
test (18)	Coverage report (informational, not a gate)	﻿2026-08-24T15:02:06.3587884Z ##[group]Run node --test --experimental-test-coverage test/*.test.js \
test (18)	Coverage report (informational, not a gate)	2026-08-24T15:02:06.3588403Z [36;1mnode --test --experimental-test-coverage test/*.test.js \[0m
test (18)	Coverage report (informational, not a gate)	2026-08-24T15:02:06.3589129Z [36;1m  || echo "NOTE: --experimental-test-coverage exited non-zero on Node 18 (see output above). This step is informational only and does not affect job status."[0m
test (18)	Coverage report (informational, not a gate)	2026-08-24T15:02:06.3612731Z shell: /usr/bin/bash -e {0}
test (18)	Coverage report (informational, not a gate)	2026-08-24T15:02:06.3613007Z ##[endgroup]
test (18)	Coverage report (informational, not a gate)	2026-08-24T15:02:06.4127341Z TAP version 13
test (18)	Coverage report (informational, not a gate)	2026-08-24T15:02:06.4775640Z # Subtest: zero args: no error, no filters set
test (18)	Coverage report (informational, not a gate)	2026-08-24T15:02:06.4803152Z ok 1 - zero args: no error, no filters set
test (18)	Coverage report (informational, not a gate)	2026-08-24T15:02:06.4826741Z   ---
test (18)	Coverage report (informational, not a gate)	2026-08-24T15:02:06.4847651Z   duration_ms: 2.830692
test (18)	Coverage report (informational, not a gate)	2026-08-24T15:02:06.4884260Z   ...
test (18)	Coverage report (informational, not a gate)	2026-08-24T15:02:06.4907002Z # Subtest: --author <name> sets author string
test (18)	Coverage report (informational, not a gate)	2026-08-24T15:02:06.4928014Z ok 2 - --author <name> sets author string
test (18)	Coverage report (informational, not a gate)	2026-08-24T15:02:06.4996908Z   ---
test (18)	Coverage report (informational, not a gate)	2026-08-24T15:02:06.5046786Z   duration_ms: 0.243046
test (18)	Coverage report (informational, not a gate)	2026-08-24T15:02:06.5059208Z   ...
test (18)	Coverage report (informational, not a gate)	2026-08-24T15:02:06.5087269Z # Subtest: --author=<name> equals form sets author string
test (18)	Coverage report (informational, not a gate)	2026-08-24T15:02:06.5096994Z ok 3 - --author=<name> equals form sets author string
test (18)	Coverage report (informational, not a gate)	2026-08-24T15:02:06.5136778Z   ---
test (18)	Coverage report (informational, not a gate)	2026-08-24T15:02:06.5166831Z   duration_ms: 0.1856
test (18)	Coverage report (informational, not a gate)	2026-08-24T15:02:06.5196653Z   ...
test (18)	Coverage report (informational, not a gate)	2026-08-24T15:02:06.5226891Z # Subtest: --tag <tag> sets tag string
test (18)	Coverage report (informational, not a gate)	2026-08-24T15:02:06.5247075Z ok 4 - --tag <tag> sets tag string
test (18)	Coverage report (informational, not a gate)	2026-08-24T15:02:06.5255628Z   ---
test (18)	Coverage report (informational, not a gate)	2026-08-24T15:02:06.5256362Z   duration_ms: 0.172298
test (18)	Coverage report (informational, not a gate)	2026-08-24T15:02:06.5257204Z   ...
test (18)	Coverage report (informational, not a gate)	2026-08-24T15:02:06.5257931Z # Subtest: --tag=<tag> equals form sets tag string
test (18)	Coverage report (informational, not a gate)	2026-08-24T15:02:06.5258693Z ok 5 - --tag=<tag> equals form sets tag string
test (18)	Coverage report (informational, not a gate)	2026-08-24T15:02:06.5259225Z   ---
test (18)	Coverage report (informational, not a gate)	2026-08-24T15:02:06.5259631Z   duration_ms: 0.168998
test (18)	Coverage report (informational, not a gate)	2026-08-24T15:02:06.5260069Z   ...
test (18)	Coverage report (informational, not a gate)	2026-08-24T15:02:06.5260672Z # Subtest: combined --author X --tag Y sets both
test (18)	Coverage report (informational, not a gate)	2026-08-24T15:02:06.5261459Z ok 6 - combined --author X --tag Y sets both
test (18)	Coverage report (informational, not a gate)	2026-08-24T15:02:06.5262096Z   ---
test (18)	Coverage report (informational, not a gate)	2026-08-24T15:02:06.5262533Z   duration_ms: 0.18407
test (18)	Coverage report (informational, not a gate)	2026-08-24T15:02:06.5262954Z   ...
test (18)	Coverage report (informational, not a gate)	2026-08-24T15:02:06.5263451Z # Subtest: --seed <n> parses as a number
test (18)	Coverage report (informational, not a gate)	2026-08-24T15:02:06.5264072Z ok 7 - --seed <n> parses as a number
test (18)	Coverage report (informational, not a gate)	2026-08-24T15:02:06.5264581Z   ---
test (18)	Coverage report (informational, not a gate)	2026-08-24T15:02:06.5264973Z   duration_ms: 0.222759
test (18)	Coverage report (informational, not a gate)	2026-08-24T15:02:06.5265398Z   ...
test (18)	Coverage report (informational, not a gate)	2026-08-24T15:02:06.5266056Z # Subtest: --seed=<n> equals form parses as a number
test (18)	Coverage report (informational, not a gate)	2026-08-24T15:02:06.5267099Z ok 8 - --seed=<n> equals form parses as a number
test (18)	Coverage report (informational, not a gate)	2026-08-24T15:02:06.5267788Z   ---
test (18)	Coverage report (informational, not a gate)	2026-08-24T15:02:06.5268276Z   duration_ms: 0.16844
test (18)	Coverage report (informational, not a gate)	2026-08-24T15:02:06.5268799Z   ...
test (18)	Coverage report (informational, not a gate)	2026-08-24T15:02:06.5269423Z # Subtest: --seed <n> accepts a negative number
test (18)	Coverage report (informational, not a gate)	2026-08-24T15:02:06.5270202Z ok 9 - --seed <n> accepts a negative number
test (18)	Coverage report (informational, not a gate)	2026-08-24T15:02:06.5270897Z   ---
test (18)	Coverage report (informational, not a gate)	2026-08-24T15:02:06.5271426Z   duration_ms: 0.154627
test (18)	Coverage report (informational, not a gate)	2026-08-24T15:02:06.5271988Z   ...
test (18)	Coverage report (informational, not a gate)	2026-08-24T15:02:06.5272704Z # Subtest: --seed=<n> equals form accepts a negative number
test (18)	Coverage report (informational, not a gate)	2026-08-24T15:02:06.5273800Z ok 10 - --seed=<n> equals form accepts a negative number
test (18)	Coverage report (informational, not a gate)	2026-08-24T15:02:06.5274596Z   ---
test (18)	Coverage report (informational, not a gate)	2026-08-24T15:02:06.5275183Z   duration_ms: 0.173455
test (18)	Coverage report (informational, not a gate)	2026-08-24T15:02:06.5275796Z   ...
test (18)	Coverage report (informational, not a gate)	2026-08-24T15:02:06.5276678Z # Subtest: non-numeric --seed is a usage error
test (18)	Coverage report (informational, not a gate)	2026-08-24T15:02:06.5277561Z ok 11 - non-numeric --seed is a usage error
test (18)	Coverage report (informational, not a gate)	2026-08-24T15:02:06.5278155Z   ---
test (18)	Coverage report (informational, not a gate)	2026-08-24T15:02:06.5278575Z   duration_ms: 0.339594
test (18)	Coverage report (informational, not a gate)	2026-08-24T15:02:06.5279102Z   ...
test (18)	Coverage report (informational, not a gate)	2026-08-24T15:02:06.5280134Z # Subtest: non-numeric --seed= equals form is a usage error
test (18)	Coverage report (informational, not a gate)	2026-08-24T15:02:06.5281076Z ok 12 - non-numeric --seed= equals form is a usage error
test (18)	Coverage report (informational, not a gate)	2026-08-24T15:02:06.5281710Z   ---
test (18)	Coverage report (informational, not a gate)	2026-08-24T15:02:06.5282101Z   duration_ms: 0.274424
test (18)	Coverage report (informational, not a gate)	2026-08-24T15:02:06.5282543Z   ...
test (18)	Coverage report (informational, not a gate)	2026-08-24T15:02:06.5283061Z # Subtest: --list sets list: true
test (18)	Coverage report (informational, not a gate)	2026-08-24T15:02:06.5283699Z ok 13 - --list sets list: true
test (18)	Coverage report (informational, not a gate)	2026-08-24T15:02:06.5284205Z   ---
test (18)	Coverage report (informational, not a gate)	2026-08-24T15:02:06.5284617Z   duration_ms: 0.181876
test (18)	Coverage report (informational, not a gate)	2026-08-24T15:02:06.5285010Z   ...
test (18)	Coverage report (informational, not a gate)	2026-08-24T15:02:06.5285761Z # Subtest: --json sets json: true
test (18)	Coverage report (informational, not a gate)	2026-08-24T15:02:06.5286485Z ok 14 - --json sets json: true
test (18)	Coverage report (informational, not a gate)	2026-08-24T15:02:06.5286964Z   ---
test (18)	Coverage report (informational, not a gate)	2026-08-24T15:02:06.5287384Z   duration_ms: 0.157628
test (18)	Coverage report (informational, not a gate)	2026-08-24T15:02:06.5287835Z   ...
test (18)	Coverage report (informational, not a gate)	2026-08-24T15:02:06.5288346Z # Subtest: --help sets help: true
test (18)	Coverage report (informational, not a gate)	2026-08-24T15:02:06.5289003Z ok 15 - --help sets help: true
test (18)	Coverage report (informational, not a gate)	2026-08-24T15:02:06.5289495Z   ---
test (18)	Coverage report (informational, not a gate)	2026-08-24T15:02:06.5289935Z   duration_ms: 0.156887
test (18)	Coverage report (informational, not a gate)	2026-08-24T15:02:06.5290420Z   ...
test (18)	Coverage report (informational, not a gate)	2026-08-24T15:02:06.5290894Z # Subtest: -h sets help: true
test (18)	Coverage report (informational, not a gate)	2026-08-24T15:02:06.5291507Z ok 16 - -h sets help: true
test (18)	Coverage report (informational, not a gate)	2026-08-24T15:02:06.5292021Z   ---
test (18)	Coverage report (informational, not a gate)	2026-08-24T15:02:06.5292453Z   duration_ms: 1.275522
test (18)	Coverage report (informational, not a gate)	2026-08-24T15:02:06.5292937Z   ...
test (18)	Coverage report (informational, not a gate)	2026-08-24T15:02:06.5293545Z # Subtest: unknown flag is a usage error
test (18)	Coverage report (informational, not a gate)	2026-08-24T15:02:06.5294208Z ok 17 - unknown flag is a usage error
test (18)	Coverage report (informational, not a gate)	2026-08-24T15:02:06.5294795Z   ---
test (18)	Coverage report (informational, not a gate)	2026-08-24T15:02:06.5295227Z   duration_ms: 0.190584
test (18)	Coverage report (informational, not a gate)	2026-08-24T15:02:06.5295710Z   ...
test (18)	Coverage report (informational, not a gate)	2026-08-24T15:02:06.5296419Z # Subtest: unknown short flag is a usage error
test (18)	Coverage report (informational, not a gate)	2026-08-24T15:02:06.5297198Z ok 18 - unknown short flag is a usage error
test (18)	Coverage report (informational, not a gate)	2026-08-24T15:02:06.5297772Z   ---
test (18)	Coverage report (informational, not a gate)	2026-08-24T15:02:06.5298197Z   duration_ms: 0.145647
test (18)	Coverage report (informational, not a gate)	2026-08-24T15:02:06.5298679Z   ...
test (18)	Coverage report (informational, not a gate)	2026-08-24T15:02:06.5299352Z # Subtest: --author missing value at end of argv is a usage error
test (18)	Coverage report (informational, not a gate)	2026-08-24T15:02:06.5300319Z ok 19 - --author missing value at end of argv is a usage error
test (18)	Coverage report (informational, not a gate)	2026-08-24T15:02:06.5301015Z   ---
test (18)	Coverage report (informational, not a gate)	2026-08-24T15:02:06.5301488Z   duration_ms: 0.184974
test (18)	Coverage report (informational, not a gate)	2026-08-24T15:02:06.5301965Z   ...
test (18)	Coverage report (informational, not a gate)	2026-08-24T15:02:06.5303017Z # Subtest: --tag missing value because next token is another flag is a usage error
test (18)	Coverage report (informational, not a gate)	2026-08-24T15:02:06.5304180Z ok 20 - --tag missing value because next token is another flag is a usage error
test (18)	Coverage report (informational, not a gate)	2026-08-24T15:02:06.5304959Z   ---
test (18)	Coverage report (informational, not a gate)	2026-08-24T15:02:06.5305416Z   duration_ms: 0.17359
test (18)	Coverage report (informational, not a gate)	2026-08-24T15:02:06.5305883Z   ...
test (18)	Coverage report (informational, not a gate)	2026-08-24T15:02:06.5308283Z # Subtest: --seed missing value at end of argv is a usage error
test (18)	Coverage report (informational, not a gate)	2026-08-24T15:02:06.5309240Z ok 21 - --seed missing value at end of argv is a usage error
test (18)	Coverage report (informational, not a gate)	2026-08-24T15:02:06.5309863Z   ---
test (18)	Coverage report (informational, not a gate)	2026-08-24T15:02:06.5310268Z   duration_ms: 0.176959
test (18)	Coverage report (informational, not a gate)	2026-08-24T15:02:06.5310707Z   ...
test (18)	Coverage report (informational, not a gate)	2026-08-24T15:02:06.5311263Z # Subtest: --author= with empty value is a usage error
test (18)	Coverage report (informational, not a gate)	2026-08-24T15:02:06.5311999Z ok 22 - --author= with empty value is a usage error
test (18)	Coverage report (informational, not a gate)	2026-08-24T15:02:06.5312557Z   ---
test (18)	Coverage report (informational, not a gate)	2026-08-24T15:02:06.5312956Z   duration_ms: 0.13801
test (18)	Coverage report (informational, not a gate)	2026-08-24T15:02:06.5313389Z   ...
test (18)	Coverage report (informational, not a gate)	2026-08-24T15:02:06.5314073Z # Subtest: a bare positional argument (not a flag) is a usage error
test (18)	Coverage report (informational, not a gate)	2026-08-24T15:02:06.5315052Z ok 23 - a bare positional argument (not a flag) is a usage error
test (18)	Coverage report (informational, not a gate)	2026-08-24T15:02:06.5315770Z   ---
test (18)	Coverage report (informational, not a gate)	2026-08-24T15:02:06.5316338Z   duration_ms: 0.135125
test (18)	Coverage report (informational, not a gate)	2026-08-24T15:02:06.5317088Z   ...
test (18)	Coverage report (informational, not a gate)	2026-08-24T15:02:06.5317680Z # Subtest: parseArgs never throws on malformed input
test (18)	Coverage report (informational, not a gate)	2026-08-24T15:02:06.5318417Z ok 24 - parseArgs never throws on malformed input
test (18)	Coverage report (informational, not a gate)	2026-08-24T15:02:06.5318914Z   ---
test (18)	Coverage report (informational, not a gate)	2026-08-24T15:02:06.5319255Z   duration_ms: 0.440819
test (18)	Coverage report (informational, not a gate)	2026-08-24T15:02:06.5319640Z   ...
test (18)	Coverage report (informational, not a gate)	2026-08-24T15:02:06.5320183Z # Subtest: absent options are undefined/false, never null
test (18)	Coverage report (informational, not a gate)	2026-08-24T15:02:06.5320919Z ok 25 - absent options are undefined/false, never null
test (18)	Coverage report (informational, not a gate)	2026-08-24T15:02:06.5321429Z   ---
test (18)	Coverage report (informational, not a gate)	2026-08-24T15:02:06.5321750Z   duration_ms: 0.13218
test (18)	Coverage report (informational, not a gate)	2026-08-24T15:02:06.5322110Z   ...
test (18)	Coverage report (informational, not a gate)	2026-08-24T15:02:06.5322687Z # Subtest: HELP is a non-empty string mentioning every flag name
test (18)	Coverage report (informational, not a gate)	2026-08-24T15:02:06.5323527Z ok 26 - HELP is a non-empty string mentioning every flag name
test (18)	Coverage report (informational, not a gate)	2026-08-24T15:02:06.5324096Z   ---
test (18)	Coverage report (informational, not a gate)	2026-08-24T15:02:06.5324438Z   duration_ms: 0.160451
test (18)	Coverage report (informational, not a gate)	2026-08-24T15:02:06.5324802Z   ...
test (18)	Coverage report (informational, not a gate)	2026-08-24T15:02:06.5325378Z # Subtest: HELP fits comfortably on one 24-line terminal screen
test (18)	Coverage report (informational, not a gate)	2026-08-24T15:02:06.5326361Z ok 27 - HELP fits comfortably on one 24-line terminal screen
test (18)	Coverage report (informational, not a gate)	2026-08-24T15:02:06.5326917Z   ---
test (18)	Coverage report (informational, not a gate)	2026-08-24T15:02:06.5327247Z   duration_ms: 0.09094
test (18)	Coverage report (informational, not a gate)	2026-08-24T15:02:06.5327606Z   ...
test (18)	Coverage report (informational, not a gate)	2026-08-24T15:02:06.5328278Z # Subtest: --seed Infinity / --seed -Infinity parse to numbers, not a usage error
test (18)	Coverage report (informational, not a gate)	2026-08-24T15:02:06.5329599Z ok 28 - --seed Infinity / --seed -Infinity parse to numbers, not a usage error
test (18)	Coverage report (informational, not a gate)	2026-08-24T15:02:06.5330202Z   ---
test (18)	Coverage report (informational, not a gate)	2026-08-24T15:02:06.5330524Z   duration_ms: 0.140315
test (18)	Coverage report (informational, not a gate)	2026-08-24T15:02:06.5330889Z   ...
test (18)	Coverage report (informational, not a gate)	2026-08-24T15:02:10.1525301Z # Subtest: bare invocation prints one attributed aphorism and exits 0
test (18)	Coverage report (informational, not a gate)	2026-08-24T15:02:10.1547658Z ok 29 - bare invocation prints one attributed aphorism and exits 0
test (18)	Coverage report (informational, not a gate)	2026-08-24T15:02:10.1554992Z   ---
test (18)	Coverage report (informational, not a gate)	2026-08-24T15:02:10.1555565Z   duration_ms: 51.925642
test (18)	Coverage report (informational, not a gate)	2026-08-24T15:02:10.1556324Z   ...
test (18)	Coverage report (informational, not a gate)	2026-08-24T15:02:10.1557094Z # Subtest: --seed is deterministic across separate processes
test (18)	Coverage report (informational, not a gate)	2026-08-24T15:02:10.1558087Z ok 30 - --seed is deterministic across separate processes
test (18)	Coverage report (informational, not a gate)	2026-08-24T15:02:10.1558793Z   ---
test (18)	Coverage report (informational, not a gate)	2026-08-24T15:02:10.1559275Z   duration_ms: 116.671877
test (18)	Coverage report (informational, not a gate)	2026-08-24T15:02:10.1559802Z   ...
test (18)	Coverage report (informational, not a gate)	2026-08-24T15:02:10.1560537Z # Subtest: different seeds do not all collapse to one aphorism
test (18)	Coverage report (informational, not a gate)	2026-08-24T15:02:10.1561524Z ok 31 - different seeds do not all collapse to one aphorism
test (18)	Coverage report (informational, not a gate)	2026-08-24T15:02:10.1562243Z   ---
test (18)	Coverage report (informational, not a gate)	2026-08-24T15:02:10.1562723Z   duration_ms: 566.758882
test (18)	Coverage report (informational, not a gate)	2026-08-24T15:02:10.1563243Z   ...
test (18)	Coverage report (informational, not a gate)	2026-08-24T15:02:10.1564064Z # Subtest: --json emits a single-line JSON object with text/author/tags
test (18)	Coverage report (informational, not a gate)	2026-08-24T15:02:10.1565168Z ok 32 - --json emits a single-line JSON object with text/author/tags
test (18)	Coverage report (informational, not a gate)	2026-08-24T15:02:10.1565888Z   ---
test (18)	Coverage report (informational, not a gate)	2026-08-24T15:02:10.1566483Z   duration_ms: 37.119743
test (18)	Coverage report (informational, not a gate)	2026-08-24T15:02:10.1566989Z   ...
test (18)	Coverage report (informational, not a gate)	2026-08-24T15:02:10.1567682Z # Subtest: --list prints every entry in the filtered set
test (18)	Coverage report (informational, not a gate)	2026-08-24T15:02:10.1569272Z ok 33 - --list prints every entry in the filtered set
test (18)	Coverage report (informational, not a gate)	2026-08-24T15:02:10.1569948Z   ---
test (18)	Coverage report (informational, not a gate)	2026-08-24T15:02:10.1570434Z   duration_ms: 36.524241
test (18)	Coverage report (informational, not a gate)	2026-08-24T15:02:10.1570947Z   ...
test (18)	Coverage report (informational, not a gate)	2026-08-24T15:02:10.1571617Z # Subtest: --help prints usage to stdout and exits 0
test (18)	Coverage report (informational, not a gate)	2026-08-24T15:02:10.1572459Z ok 34 - --help prints usage to stdout and exits 0
test (18)	Coverage report (informational, not a gate)	2026-08-24T15:02:10.1573122Z   ---
test (18)	Coverage report (informational, not a gate)	2026-08-24T15:02:10.1573592Z   duration_ms: 36.999937
test (18)	Coverage report (informational, not a gate)	2026-08-24T15:02:10.1574102Z   ...
test (18)	Coverage report (informational, not a gate)	2026-08-24T15:02:10.1574848Z # Subtest: no match exits 1 with stderr only and zero bytes on stdout
test (18)	Coverage report (informational, not a gate)	2026-08-24T15:02:10.1575977Z ok 35 - no match exits 1 with stderr only and zero bytes on stdout
test (18)	Coverage report (informational, not a gate)	2026-08-24T15:02:10.1576895Z   ---
test (18)	Coverage report (informational, not a gate)	2026-08-24T15:02:10.1577364Z   duration_ms: 36.707068
test (18)	Coverage report (informational, not a gate)	2026-08-24T15:02:10.1577882Z   ...
test (18)	Coverage report (informational, not a gate)	2026-08-24T15:02:10.1578679Z # Subtest: unknown flag is a usage error, exit 2, stdout clean
test (18)	Coverage report (informational, not a gate)	2026-08-24T15:02:10.1579643Z ok 36 - unknown flag is a usage error, exit 2, stdout clean
test (18)	Coverage report (informational, not a gate)	2026-08-24T15:02:10.1580357Z   ---
test (18)	Coverage report (informational, not a gate)	2026-08-24T15:02:10.1580830Z   duration_ms: 36.617931
test (18)	Coverage report (informational, not a gate)	2026-08-24T15:02:10.1581346Z   ...
test (18)	Coverage report (informational, not a gate)	2026-08-24T15:02:10.1582014Z # Subtest: non-numeric seed is a usage error, exit 2
test (18)	Coverage report (informational, not a gate)	2026-08-24T15:02:10.1589686Z ok 37 - non-numeric seed is a usage error, exit 2
test (18)	Coverage report (informational, not a gate)	2026-08-24T15:02:10.1590358Z   ---
test (18)	Coverage report (informational, not a gate)	2026-08-24T15:02:10.1590987Z   duration_ms: 37.34568
test (18)	Coverage report (informational, not a gate)	2026-08-24T15:02:10.1591532Z   ...
test (18)	Coverage report (informational, not a gate)	2026-08-24T15:02:10.1594211Z # Subtest: author filter is case-insensitive and narrows the list
test (18)	Coverage report (informational, not a gate)	2026-08-24T15:02:10.1595633Z ok 38 - author filter is case-insensitive and narrows the list
test (18)	Coverage report (informational, not a gate)	2026-08-24T15:02:10.1596251Z   ---
test (18)	Coverage report (informational, not a gate)	2026-08-24T15:02:10.1646799Z   duration_ms: 73.673951
test (18)	Coverage report (informational, not a gate)	2026-08-24T15:02:10.1656906Z   ...
test (18)	Coverage report (informational, not a gate)	2026-08-24T15:02:10.1658424Z # Subtest: output is pipe-safe — no ANSI escapes when not a TTY
test (18)	Coverage report (informational, not a gate)	2026-08-24T15:02:10.1659497Z ok 39 - output is pipe-safe — no ANSI escapes when not a TTY
test (18)	Coverage report (informational, not a gate)	2026-08-24T15:02:10.1660039Z   ---
test (18)	Coverage report (informational, not a gate)	2026-08-24T15:02:10.1660387Z   duration_ms: 42.099586
test (18)	Coverage report (informational, not a gate)	2026-08-24T15:02:10.1660765Z   ...
test (18)	Coverage report (informational, not a gate)	2026-08-24T15:02:10.1661413Z # Subtest: --tag matches membership, not substring containment
test (18)	Coverage report (informational, not a gate)	2026-08-24T15:02:10.1662250Z ok 40 - --tag matches membership, not substring containment
test (18)	Coverage report (informational, not a gate)	2026-08-24T15:02:10.1662806Z   ---
test (18)	Coverage report (informational, not a gate)	2026-08-24T15:02:10.1663112Z   duration_ms: 77.080115
test (18)	Coverage report (informational, not a gate)	2026-08-24T15:02:10.1663471Z   ...
test (18)	Coverage report (informational, not a gate)	2026-08-24T15:02:10.1664108Z # Subtest: --list prints exactly one line per matching entry, no drops
test (18)	Coverage report (informational, not a gate)	2026-08-24T15:02:10.1664988Z ok 41 - --list prints exactly one line per matching entry, no drops
test (18)	Coverage report (informational, not a gate)	2026-08-24T15:02:10.1665935Z   ---
test (18)	Coverage report (informational, not a gate)	2026-08-24T15:02:10.1666397Z   duration_ms: 38.965135
test (18)	Coverage report (informational, not a gate)	2026-08-24T15:02:10.1666764Z   ...
test (18)	Coverage report (informational, not a gate)	2026-08-24T15:02:10.1667400Z # Subtest: --list preserves corpus order (first and last line match)
test (18)	Coverage report (informational, not a gate)	2026-08-24T15:02:10.1668315Z ok 42 - --list preserves corpus order (first and last line match)
test (18)	Coverage report (informational, not a gate)	2026-08-24T15:02:10.1668913Z   ---
test (18)	Coverage report (informational, not a gate)	2026-08-24T15:02:10.1669254Z   duration_ms: 37.070152
test (18)	Coverage report (informational, not a gate)	2026-08-24T15:02:10.1669621Z   ...
test (18)	Coverage report (informational, not a gate)	2026-08-24T15:02:10.1670214Z # Subtest: --json output is exactly one line, never pretty-printed
test (18)	Coverage report (informational, not a gate)	2026-08-24T15:02:10.1671086Z ok 43 - --json output is exactly one line, never pretty-printed
test (18)	Coverage report (informational, not a gate)	2026-08-24T15:02:10.1671671Z   ---
test (18)	Coverage report (informational, not a gate)	2026-08-24T15:02:10.1672023Z   duration_ms: 35.909606
test (18)	Coverage report (informational, not a gate)	2026-08-24T15:02:10.1672413Z   ...
test (18)	Coverage report (informational, not a gate)	2026-08-24T15:02:10.1673231Z # Subtest: --list --json emits newline-delimited JSON, one object per line, in corpus order
test (18)	Coverage report (informational, not a gate)	2026-08-24T15:02:10.1674598Z ok 44 - --list --json emits newline-delimited JSON, one object per line, in corpus order
test (18)	Coverage report (informational, not a gate)	2026-08-24T15:02:10.1675365Z   ---
test (18)	Coverage report (informational, not a gate)	2026-08-24T15:02:10.1675717Z   duration_ms: 36.917804
test (18)	Coverage report (informational, not a gate)	2026-08-24T15:02:10.1676109Z   ...
test (18)	Coverage report (informational, not a gate)	2026-08-24T15:02:10.1677305Z # Subtest: --json composes with --seed: the seeded JSON pick is reproducible AND is the same entry as the plain-text pick
test (18)	Coverage report (informational, not a gate)	2026-08-24T15:02:10.1679009Z ok 45 - --json composes with --seed: the seeded JSON pick is reproducible AND is the same entry as the plain-text pick
test (18)	Coverage report (informational, not a gate)	2026-08-24T15:02:10.1679927Z   ---
test (18)	Coverage report (informational, not a gate)	2026-08-24T15:02:10.1680270Z   duration_ms: 653.109007
test (18)	Coverage report (informational, not a gate)	2026-08-24T15:02:10.1680643Z   ...
test (18)	Coverage report (informational, not a gate)	2026-08-24T15:02:10.1681779Z # Subtest: --json composes with the filter flags: the JSON pick is always a member of the FILTERED set
test (18)	Coverage report (informational, not a gate)	2026-08-24T15:02:10.1683133Z ok 46 - --json composes with the filter flags: the JSON pick is always a member of the FILTERED set
test (18)	Coverage report (informational, not a gate)	2026-08-24T15:02:10.1683920Z   ---
test (18)	Coverage report (informational, not a gate)	2026-08-24T15:02:10.1684244Z   duration_ms: 873.32767
test (18)	Coverage report (informational, not a gate)	2026-08-24T15:02:10.1684600Z   ...
test (18)	Coverage report (informational, not a gate)	2026-08-24T15:02:10.1685417Z # Subtest: --list accepts a valid --seed and IGNORES it: output is byte-identical across seeds
test (18)	Coverage report (informational, not a gate)	2026-08-24T15:02:10.1686907Z ok 47 - --list accepts a valid --seed and IGNORES it: output is byte-identical across seeds
test (18)	Coverage report (informational, not a gate)	2026-08-24T15:02:10.1687628Z   ---
test (18)	Coverage report (informational, not a gate)	2026-08-24T15:02:10.1687961Z   duration_ms: 360.0357
test (18)	Coverage report (informational, not a gate)	2026-08-24T15:02:10.1688389Z   ...
test (18)	Coverage report (informational, not a gate)	2026-08-24T15:02:10.1689234Z # Subtest: --list --seed abc is a usage error, exit 2, stdout empty, stderr carries the diagnostic
test (18)	Coverage report (informational, not a gate)	2026-08-24T15:02:10.1690530Z ok 48 - --list --seed abc is a usage error, exit 2, stdout empty, stderr carries the diagnostic
test (18)	Coverage report (informational, not a gate)	2026-08-24T15:02:10.1691307Z   ---
test (18)	Coverage report (informational, not a gate)	2026-08-24T15:02:10.1691679Z   duration_ms: 36.219539
test (18)	Coverage report (informational, not a gate)	2026-08-24T15:02:10.1692076Z   ...
test (18)	Coverage report (informational, not a gate)	2026-08-24T15:02:10.1693002Z # Subtest: --seed abc --list (erroring flag BEFORE --list) is still a usage error, exit 2, stdout empty
test (18)	Coverage report (informational, not a gate)	2026-08-24T15:02:10.1694436Z ok 49 - --seed abc --list (erroring flag BEFORE --list) is still a usage error, exit 2, stdout empty
test (18)	Coverage report (informational, not a gate)	2026-08-24T15:02:10.1695198Z   ---
test (18)	Coverage report (informational, not a gate)	2026-08-24T15:02:10.1695524Z   duration_ms: 35.701675
test (18)	Coverage report (informational, not a gate)	2026-08-24T15:02:10.1695908Z   ...
test (18)	Coverage report (informational, not a gate)	2026-08-24T15:02:10.1696722Z # Subtest: --list --seed=  (empty seed value) is a usage error, exit 2, stdout empty
test (18)	Coverage report (informational, not a gate)	2026-08-24T15:02:10.1697723Z ok 50 - --list --seed=  (empty seed value) is a usage error, exit 2, stdout empty
test (18)	Coverage report (informational, not a gate)	2026-08-24T15:02:10.1698367Z   ---
test (18)	Coverage report (informational, not a gate)	2026-08-24T15:02:10.1698705Z   duration_ms: 37.178766
test (18)	Coverage report (informational, not a gate)	2026-08-24T15:02:10.1699081Z   ...
test (18)	Coverage report (informational, not a gate)	2026-08-24T15:02:10.1699840Z # Subtest: --list --seed "   " (whitespace-only seed value) is a usage error, exit 2, stdout empty
test (18)	Coverage report (informational, not a gate)	2026-08-24T15:02:10.1701138Z ok 51 - --list --seed "   " (whitespace-only seed value) is a usage error, exit 2, stdout empty
test (18)	Coverage report (informational, not a gate)	2026-08-24T15:02:10.1701902Z   ---
test (18)	Coverage report (informational, not a gate)	2026-08-24T15:02:10.1702264Z   duration_ms: 36.212984
test (18)	Coverage report (informational, not a gate)	2026-08-24T15:02:10.1702655Z   ...
test (18)	Coverage report (informational, not a gate)	2026-08-24T15:02:10.1704110Z # Subtest: --list --nosuchflag (unknown flag) is a usage error, exit 2, stdout empty — --list does not swallow it
test (18)	Coverage report (informational, not a gate)	2026-08-24T15:02:10.1705859Z ok 52 - --list --nosuchflag (unknown flag) is a usage error, exit 2, stdout empty — --list does not swallow it
test (18)	Coverage report (informational, not a gate)	2026-08-24T15:02:10.1706876Z   ---
test (18)	Coverage report (informational, not a gate)	2026-08-24T15:02:10.1707457Z   duration_ms: 36.55202
test (18)	Coverage report (informational, not a gate)	2026-08-24T15:02:10.1707837Z   ...
test (18)	Coverage report (informational, not a gate)	2026-08-24T15:02:10.1708755Z # Subtest: --nosuchflag --list (unknown flag BEFORE --list) is still a usage error, exit 2, stdout empty
test (18)	Coverage report (informational, not a gate)	2026-08-24T15:02:10.1710154Z ok 53 - --nosuchflag --list (unknown flag BEFORE --list) is still a usage error, exit 2, stdout empty
test (18)	Coverage report (informational, not a gate)	2026-08-24T15:02:10.1710967Z   ---
test (18)	Coverage report (informational, not a gate)	2026-08-24T15:02:10.1711308Z   duration_ms: 36.11554
test (18)	Coverage report (informational, not a gate)	2026-08-24T15:02:10.1711695Z   ...
test (18)	Coverage report (informational, not a gate)	2026-08-24T15:02:10.1712658Z # Subtest: plain single-pick output is TWO lines: text, newline, four-space indent, EM DASH, space, author
test (18)	Coverage report (informational, not a gate)	2026-08-24T15:02:10.1713983Z ok 54 - plain single-pick output is TWO lines: text, newline, four-space indent, EM DASH, space, author
test (18)	Coverage report (informational, not a gate)	2026-08-24T15:02:10.1714780Z   ---
test (18)	Coverage report (informational, not a gate)	2026-08-24T15:02:10.1715111Z   duration_ms: 35.603895
test (18)	Coverage report (informational, not a gate)	2026-08-24T15:02:10.1715490Z   ...
test (18)	Coverage report (informational, not a gate)	2026-08-24T15:02:10.1716531Z # Subtest: --seed Infinity and --seed -Infinity (typed as CLI strings) are accepted and deterministic
test (18)	Coverage report (informational, not a gate)	2026-08-24T15:02:10.1717922Z ok 55 - --seed Infinity and --seed -Infinity (typed as CLI strings) are accepted and deterministic
test (18)	Coverage report (informational, not a gate)	2026-08-24T15:02:10.1718723Z   ---
test (18)	Coverage report (informational, not a gate)	2026-08-24T15:02:10.1719070Z   duration_ms: 143.85174
test (18)	Coverage report (informational, not a gate)	2026-08-24T15:02:10.1719470Z   ...
test (18)	Coverage report (informational, not a gate)	2026-08-24T15:02:10.1720336Z # Subtest: --list with a filter that matches nothing is STILL exit 1, stderr only, stdout empty
test (18)	Coverage report (informational, not a gate)	2026-08-24T15:02:10.1721643Z ok 56 - --list with a filter that matches nothing is STILL exit 1, stderr only, stdout empty
test (18)	Coverage report (informational, not a gate)	2026-08-24T15:02:10.1722421Z   ---
test (18)	Coverage report (informational, not a gate)	2026-08-24T15:02:10.1722968Z   duration_ms: 75.039655
test (18)	Coverage report (informational, not a gate)	2026-08-24T15:02:10.1723343Z   ...
test (18)	Coverage report (informational, not a gate)	2026-08-24T15:02:10.1724449Z # Subtest: --tag "" (bare empty-string value) matches nothing: whole-tag equality against the literal "" is not a filter no-op
test (18)	Coverage report (informational, not a gate)	2026-08-24T15:02:10.1726365Z ok 57 - --tag "" (bare empty-string value) matches nothing: whole-tag equality against the literal "" is not a filter no-op
test (18)	Coverage report (informational, not a gate)	2026-08-24T15:02:10.1727264Z   ---
test (18)	Coverage report (informational, not a gate)	2026-08-24T15:02:10.1727604Z   duration_ms: 36.890544
test (18)	Coverage report (informational, not a gate)	2026-08-24T15:02:10.1727984Z   ...
test (18)	Coverage report (informational, not a gate)	2026-08-24T15:02:10.3211214Z # Subtest: README Node support citation: cited git diff must be empty (or the check must skip on a missing precondition)
test (18)	Coverage report (informational, not a gate)	2026-08-24T15:02:10.3214294Z ok 58 - README Node support citation: cited git diff must be empty (or the check must skip on a missing precondition) # SKIP cited base commit 7e50d6f is not reachable in this checkout (this is a shallow clone) -- cannot evaluate the README's Node support citation
test (18)	Coverage report (informational, not a gate)	2026-08-24T15:02:10.3224307Z   ---
test (18)	Coverage report (informational, not a gate)	2026-08-24T15:02:10.3224783Z   duration_ms: 15.682296
test (18)	Coverage report (informational, not a gate)	2026-08-24T15:02:10.3225282Z   ...
test (18)	Coverage report (informational, not a gate)	2026-08-24T15:02:10.3227125Z # Subtest: README Node support citation: base-to-working-tree diff must also be empty, so an uncommitted falsification is visible now (or the check must skip on a missing precondition)
test (18)	Coverage report (informational, not a gate)	2026-08-24T15:02:10.3230982Z ok 59 - README Node support citation: base-to-working-tree diff must also be empty, so an uncommitted falsification is visible now (or the check must skip on a missing precondition) # SKIP cited base commit 7e50d6f is not reachable in this checkout (this is a shallow clone) -- cannot evaluate the README's Node support citation
test (18)	Coverage report (informational, not a gate)	2026-08-24T15:02:10.3233191Z   ---
test (18)	Coverage report (informational, not a gate)	2026-08-24T15:02:10.3233625Z   duration_ms: 16.820401
test (18)	Coverage report (informational, not a gate)	2026-08-24T15:02:10.3234102Z   ...
test (18)	Coverage report (informational, not a gate)	2026-08-24T15:02:10.3234825Z # Subtest: --list | true: exits quietly, zero stderr, no crash banner
test (18)	Coverage report (informational, not a gate)	2026-08-24T15:02:10.3235804Z ok 60 - --list | true: exits quietly, zero stderr, no crash banner
test (18)	Coverage report (informational, not a gate)	2026-08-24T15:02:10.3236862Z   ---
test (18)	Coverage report (informational, not a gate)	2026-08-24T15:02:10.3237194Z   duration_ms: 63.521283
test (18)	Coverage report (informational, not a gate)	2026-08-24T15:02:10.3237591Z   ...
test (18)	Coverage report (informational, not a gate)	2026-08-24T15:02:10.3238239Z # Subtest: | true (no --list, single aphorism): exits quietly, zero stderr
test (18)	Coverage report (informational, not a gate)	2026-08-24T15:02:10.3239188Z ok 61 - | true (no --list, single aphorism): exits quietly, zero stderr
test (18)	Coverage report (informational, not a gate)	2026-08-24T15:02:10.3239786Z   ---
test (18)	Coverage report (informational, not a gate)	2026-08-24T15:02:10.3240107Z   duration_ms: 59.415578
test (18)	Coverage report (informational, not a gate)	2026-08-24T15:02:10.3240482Z   ...
test (18)	Coverage report (informational, not a gate)	2026-08-24T15:02:10.3241127Z # Subtest: --list | head -0: exits quietly, zero stderr, no crash banner
test (18)	Coverage report (informational, not a gate)	2026-08-24T15:02:10.3242340Z ok 62 - --list | head -0: exits quietly, zero stderr, no crash banner
test (18)	Coverage report (informational, not a gate)	2026-08-24T15:02:10.3242910Z   ---
test (18)	Coverage report (informational, not a gate)	2026-08-24T15:02:10.3243249Z   duration_ms: 53.901013
test (18)	Coverage report (informational, not a gate)	2026-08-24T15:02:10.3243628Z   ...
test (18)	Coverage report (informational, not a gate)	2026-08-24T15:02:10.3244323Z # Subtest: --list | /nonexistent-cmd-xyz: no crash banner from the CLI itself
test (18)	Coverage report (informational, not a gate)	2026-08-24T15:02:10.3245338Z ok 63 - --list | /nonexistent-cmd-xyz: no crash banner from the CLI itself
test (18)	Coverage report (informational, not a gate)	2026-08-24T15:02:10.3245968Z   ---
test (18)	Coverage report (informational, not a gate)	2026-08-24T15:02:10.3246483Z   duration_ms: 65.177807
test (18)	Coverage report (informational, not a gate)	2026-08-24T15:02:10.3246892Z   ...
test (18)	Coverage report (informational, not a gate)	2026-08-24T15:02:10.3247645Z # Subtest: non-EPIPE stdout write failure: reported, not silent, not exit 1, no stack trace
test (18)	Coverage report (informational, not a gate)	2026-08-24T15:02:10.3248845Z ok 64 - non-EPIPE stdout write failure: reported, not silent, not exit 1, no stack trace
test (18)	Coverage report (informational, not a gate)	2026-08-24T15:02:10.3249576Z   ---
test (18)	Coverage report (informational, not a gate)	2026-08-24T15:02:10.3249922Z   duration_ms: 51.410723
test (18)	Coverage report (informational, not a gate)	2026-08-24T15:02:10.3250322Z   ...
test (18)	Coverage report (informational, not a gate)	2026-08-24T15:02:10.3251284Z # Subtest: usage error survives a closed stderr reader: still exits 2, not clobbered to 1
test (18)	Coverage report (informational, not a gate)	2026-08-24T15:02:10.3253728Z ok 65 - usage error survives a closed stderr reader: still exits 2, not clobbered to 1
test (18)	Coverage report (informational, not a gate)	2026-08-24T15:02:10.3254475Z   ---
test (18)	Coverage report (informational, not a gate)	2026-08-24T15:02:10.3254801Z   duration_ms: 128.471249
test (18)	Coverage report (informational, not a gate)	2026-08-24T15:02:10.3255179Z   ...
test (18)	Coverage report (informational, not a gate)	2026-08-24T15:02:10.3255989Z # Subtest: no-match exit code survives a closed stderr reader: still exits 1, not misreported
test (18)	Coverage report (informational, not a gate)	2026-08-24T15:02:10.3257306Z ok 66 - no-match exit code survives a closed stderr reader: still exits 1, not misreported
test (18)	Coverage report (informational, not a gate)	2026-08-24T15:02:10.3258044Z   ---
test (18)	Coverage report (informational, not a gate)	2026-08-24T15:02:10.3258489Z   duration_ms: 147.823282
test (18)	Coverage report (informational, not a gate)	2026-08-24T15:02:10.3258859Z   ...
test (18)	Coverage report (informational, not a gate)	2026-08-24T15:02:10.3259314Z # Subtest: non-EPIPE stderr write failure: not silent, not the earned exit code, no stack trace
test (18)	Coverage report (informational, not a gate)	2026-08-24T15:02:10.3260047Z ok 67 - non-EPIPE stderr write failure: not silent, not the earned exit code, no stack trace
test (18)	Coverage report (informational, not a gate)	2026-08-24T15:02:10.3260488Z   ---
test (18)	Coverage report (informational, not a gate)	2026-08-24T15:02:10.3260698Z   duration_ms: 37.701172
test (18)	Coverage report (informational, not a gate)	2026-08-24T15:02:10.3260923Z   ...
test (18)	Coverage report (informational, not a gate)	2026-08-24T15:02:10.3261293Z # Subtest: control: --list | head -1 stays completely clean
test (18)	Coverage report (informational, not a gate)	2026-08-24T15:02:10.3261770Z ok 68 - control: --list | head -1 stays completely clean
test (18)	Coverage report (informational, not a gate)	2026-08-24T15:02:10.3262110Z   ---
test (18)	Coverage report (informational, not a gate)	2026-08-24T15:02:10.3262320Z   duration_ms: 37.360114
test (18)	Coverage report (informational, not a gate)	2026-08-24T15:02:10.3262577Z   ...
test (18)	Coverage report (informational, not a gate)	2026-08-24T15:02:10.3262896Z # Subtest: control: --list | head -5 stays completely clean
test (18)	Coverage report (informational, not a gate)	2026-08-24T15:02:10.3263489Z ok 69 - control: --list | head -5 stays completely clean
test (18)	Coverage report (informational, not a gate)	2026-08-24T15:02:10.3264062Z   ---
test (18)	Coverage report (informational, not a gate)	2026-08-24T15:02:10.3264418Z   duration_ms: 37.534406
test (18)	Coverage report (informational, not a gate)	2026-08-24T15:02:10.3264857Z   ...
test (18)	Coverage report (informational, not a gate)	2026-08-24T15:02:10.3265466Z # Subtest: control: --list | sed 1q stays completely clean
test (18)	Coverage report (informational, not a gate)	2026-08-24T15:02:10.3266423Z ok 70 - control: --list | sed 1q stays completely clean
test (18)	Coverage report (informational, not a gate)	2026-08-24T15:02:10.3267046Z   ---
test (18)	Coverage report (informational, not a gate)	2026-08-24T15:02:10.3267441Z   duration_ms: 37.489451
test (18)	Coverage report (informational, not a gate)	2026-08-24T15:02:10.3267871Z   ...
test (18)	Coverage report (informational, not a gate)	2026-08-24T15:02:10.3268546Z # Subtest: control: --list | grep -q . stays completely clean
test (18)	Coverage report (informational, not a gate)	2026-08-24T15:02:10.3269411Z ok 71 - control: --list | grep -q . stays completely clean
test (18)	Coverage report (informational, not a gate)	2026-08-24T15:02:10.3270042Z   ---
test (18)	Coverage report (informational, not a gate)	2026-08-24T15:02:10.3270442Z   duration_ms: 37.690514
test (18)	Coverage report (informational, not a gate)	2026-08-24T15:02:10.3270865Z   ...
test (18)	Coverage report (informational, not a gate)	2026-08-24T15:02:10.3271393Z # Subtest: control: | wc -l stays completely clean
test (18)	Coverage report (informational, not a gate)	2026-08-24T15:02:10.3272160Z ok 72 - control: | wc -l stays completely clean
test (18)	Coverage report (informational, not a gate)	2026-08-24T15:02:10.3272722Z   ---
test (18)	Coverage report (informational, not a gate)	2026-08-24T15:02:10.3273109Z   duration_ms: 37.319536
test (18)	Coverage report (informational, not a gate)	2026-08-24T15:02:10.3273579Z   ...
test (18)	Coverage report (informational, not a gate)	2026-08-24T15:02:10.3274230Z # Subtest: control: --list --json | head -2 stays completely clean
test (18)	Coverage report (informational, not a gate)	2026-08-24T15:02:10.3275187Z ok 73 - control: --list --json | head -2 stays completely clean
test (18)	Coverage report (informational, not a gate)	2026-08-24T15:02:10.3275824Z   ---
test (18)	Coverage report (informational, not a gate)	2026-08-24T15:02:10.3276537Z   duration_ms: 38.705411
test (18)	Coverage report (informational, not a gate)	2026-08-24T15:02:10.3276956Z   ...
test (18)	Coverage report (informational, not a gate)	2026-08-24T15:02:10.3277624Z # Subtest: control: exit 1 / exit 2 stderr messages and codes are unchanged
test (18)	Coverage report (informational, not a gate)	2026-08-24T15:02:10.3278585Z ok 74 - control: exit 1 / exit 2 stderr messages and codes are unchanged
test (18)	Coverage report (informational, not a gate)	2026-08-24T15:02:10.3279197Z   ---
test (18)	Coverage report (informational, not a gate)	2026-08-24T15:02:10.3279518Z   duration_ms: 74.034258
test (18)	Coverage report (informational, not a gate)	2026-08-24T15:02:10.3280131Z   ...
test (18)	Coverage report (informational, not a gate)	2026-08-24T15:02:10.3280786Z # Subtest: control: a normal (non-full) stdout target still exits 0 with empty stderr
test (18)	Coverage report (informational, not a gate)	2026-08-24T15:02:10.3281407Z ok 75 - control: a normal (non-full) stdout target still exits 0 with empty stderr
test (18)	Coverage report (informational, not a gate)	2026-08-24T15:02:10.3281937Z   ---
test (18)	Coverage report (informational, not a gate)	2026-08-24T15:02:10.3282221Z   duration_ms: 78.353131
test (18)	Coverage report (informational, not a gate)	2026-08-24T15:02:10.3282443Z   ...
test (18)	Coverage report (informational, not a gate)	2026-08-24T15:02:10.3282822Z # Subtest: README Node support matrix: table must be present and non-empty
test (18)	Coverage report (informational, not a gate)	2026-08-24T15:02:10.3283460Z ok 76 - README Node support matrix: table must be present and non-empty
test (18)	Coverage report (informational, not a gate)	2026-08-24T15:02:10.3283939Z   ---
test (18)	Coverage report (informational, not a gate)	2026-08-24T15:02:10.3284134Z   duration_ms: 2.21937
test (18)	Coverage report (informational, not a gate)	2026-08-24T15:02:10.3284418Z   ...
test (18)	Coverage report (informational, not a gate)	2026-08-24T15:02:10.3284893Z # Subtest: README Node support matrix: each row's own arithmetic must hold (tests = pass + fail + skipped)
test (18)	Coverage report (informational, not a gate)	2026-08-24T15:02:10.3285721Z ok 77 - README Node support matrix: each row's own arithmetic must hold (tests = pass + fail + skipped)
test (18)	Coverage report (informational, not a gate)	2026-08-24T15:02:10.3286450Z   ---
test (18)	Coverage report (informational, not a gate)	2026-08-24T15:02:10.3286761Z   duration_ms: 1.414188
test (18)	Coverage report (informational, not a gate)	2026-08-24T15:02:10.3287116Z   ...
test (18)	Coverage report (informational, not a gate)	2026-08-24T15:02:10.3287726Z # Subtest: README Node support matrix: all rows must agree with each other
test (18)	Coverage report (informational, not a gate)	2026-08-24T15:02:10.3288316Z ok 78 - README Node support matrix: all rows must agree with each other
test (18)	Coverage report (informational, not a gate)	2026-08-24T15:02:10.3288761Z   ---
test (18)	Coverage report (informational, not a gate)	2026-08-24T15:02:10.3289045Z   duration_ms: 0.455499
test (18)	Coverage report (informational, not a gate)	2026-08-24T15:02:10.3289251Z   ...
test (18)	Coverage report (informational, not a gate)	2026-08-24T15:02:10.3289830Z # Subtest: README Node support matrix: cited Actions run id must match between the link text and the link URL
test (18)	Coverage report (informational, not a gate)	2026-08-24T15:02:10.3290828Z ok 79 - README Node support matrix: cited Actions run id must match between the link text and the link URL
test (18)	Coverage report (informational, not a gate)	2026-08-24T15:02:10.3291360Z   ---
test (18)	Coverage report (informational, not a gate)	2026-08-24T15:02:10.3291548Z   duration_ms: 0.478467
test (18)	Coverage report (informational, not a gate)	2026-08-24T15:02:10.3291799Z   ...
test (18)	Coverage report (informational, not a gate)	2026-08-24T15:02:10.3292394Z # Subtest: README Node support matrix: cited commit must match between the prose and the falsification-condition command
test (18)	Coverage report (informational, not a gate)	2026-08-24T15:02:10.3293521Z ok 80 - README Node support matrix: cited commit must match between the prose and the falsification-condition command
test (18)	Coverage report (informational, not a gate)	2026-08-24T15:02:10.3294093Z   ---
test (18)	Coverage report (informational, not a gate)	2026-08-24T15:02:10.3294292Z   duration_ms: 0.551518
test (18)	Coverage report (informational, not a gate)	2026-08-24T15:02:10.3294501Z   ...
test (18)	Coverage report (informational, not a gate)	2026-08-24T15:02:10.3294867Z # Subtest: README tags must exist in corpus
test (18)	Coverage report (informational, not a gate)	2026-08-24T15:02:10.3295333Z ok 81 - README tags must exist in corpus
test (18)	Coverage report (informational, not a gate)	2026-08-24T15:02:10.3295603Z   ---
test (18)	Coverage report (informational, not a gate)	2026-08-24T15:02:10.3295795Z   duration_ms: 2.266138
test (18)	Coverage report (informational, not a gate)	2026-08-24T15:02:10.3296247Z   ...
test (18)	Coverage report (informational, not a gate)	2026-08-24T15:02:10.3296512Z # Subtest: README tag counts must match corpus
test (18)	Coverage report (informational, not a gate)	2026-08-24T15:02:10.3296950Z ok 82 - README tag counts must match corpus
test (18)	Coverage report (informational, not a gate)	2026-08-24T15:02:10.3297235Z   ---
test (18)	Coverage report (informational, not a gate)	2026-08-24T15:02:10.3297555Z   duration_ms: 0.494785
test (18)	Coverage report (informational, not a gate)	2026-08-24T15:02:10.3297763Z   ...
test (18)	Coverage report (informational, not a gate)	2026-08-24T15:02:10.3298082Z # Subtest: README must state total unique tags correctly
test (18)	Coverage report (informational, not a gate)	2026-08-24T15:02:10.3298596Z ok 83 - README must state total unique tags correctly
test (18)	Coverage report (informational, not a gate)	2026-08-24T15:02:10.3298945Z   ---
test (18)	Coverage report (informational, not a gate)	2026-08-24T15:02:10.3299194Z   duration_ms: 1.296043
test (18)	Coverage report (informational, not a gate)	2026-08-24T15:02:10.3299397Z   ...
test (18)	Coverage report (informational, not a gate)	2026-08-24T15:02:10.3299769Z # Subtest: README must list all single-entry tags
test (18)	Coverage report (informational, not a gate)	2026-08-24T15:02:10.3300386Z ok 84 - README must list all single-entry tags
test (18)	Coverage report (informational, not a gate)	2026-08-24T15:02:10.3300881Z   ---
test (18)	Coverage report (informational, not a gate)	2026-08-24T15:02:10.3301203Z   duration_ms: 0.432742
test (18)	Coverage report (informational, not a gate)	2026-08-24T15:02:10.3301551Z   ...
test (18)	Coverage report (informational, not a gate)	2026-08-24T15:02:10.3302616Z # Subtest: assertTagVocabCountsTableWellFormed fails loud on a DUPLICATED row label, whichever order the rows appear in (Q-4)
test (18)	Coverage report (informational, not a gate)	2026-08-24T15:02:10.3304394Z ok 85 - assertTagVocabCountsTableWellFormed fails loud on a DUPLICATED row label, whichever order the rows appear in (Q-4)
test (18)	Coverage report (informational, not a gate)	2026-08-24T15:02:10.3305344Z   ---
test (18)	Coverage report (informational, not a gate)	2026-08-24T15:02:10.3305666Z   duration_ms: 2.454176
test (18)	Coverage report (informational, not a gate)	2026-08-24T15:02:10.3306037Z   ...
test (18)	Coverage report (informational, not a gate)	2026-08-24T15:02:10.3307077Z # Subtest: assertTagVocabCountsTableWellFormed fails loud on a row label no guard in this file reads (Q-4)
test (18)	Coverage report (informational, not a gate)	2026-08-24T15:02:10.3308523Z ok 86 - assertTagVocabCountsTableWellFormed fails loud on a row label no guard in this file reads (Q-4)
test (18)	Coverage report (informational, not a gate)	2026-08-24T15:02:10.3309344Z   ---
test (18)	Coverage report (informational, not a gate)	2026-08-24T15:02:10.3309868Z   duration_ms: 1.181279
test (18)	Coverage report (informational, not a gate)	2026-08-24T15:02:10.3310212Z   ...
test (18)	Coverage report (informational, not a gate)	2026-08-24T15:02:10.3311213Z # Subtest: parseTagVocabCountsTable returns null when the counts table is missing or malformed, and both readers fail loud on that null (Q-4)
test (18)	Coverage report (informational, not a gate)	2026-08-24T15:02:10.3313051Z ok 87 - parseTagVocabCountsTable returns null when the counts table is missing or malformed, and both readers fail loud on that null (Q-4)
test (18)	Coverage report (informational, not a gate)	2026-08-24T15:02:10.3314073Z   ---
test (18)	Coverage report (informational, not a gate)	2026-08-24T15:02:10.3314429Z   duration_ms: 0.347334
test (18)	Coverage report (informational, not a gate)	2026-08-24T15:02:10.3314801Z   ...
test (18)	Coverage report (informational, not a gate)	2026-08-24T15:02:10.3315720Z # Subtest: readTagVocabCount fails loud when a row value is not a plain integer, or when its row is absent (Q-4)
test (18)	Coverage report (informational, not a gate)	2026-08-24T15:02:10.3317248Z ok 88 - readTagVocabCount fails loud when a row value is not a plain integer, or when its row is absent (Q-4)
test (18)	Coverage report (informational, not a gate)	2026-08-24T15:02:10.3318049Z   ---
test (18)	Coverage report (informational, not a gate)	2026-08-24T15:02:10.3318369Z   duration_ms: 0.61428
test (18)	Coverage report (informational, not a gate)	2026-08-24T15:02:10.3318717Z   ...
test (18)	Coverage report (informational, not a gate)	2026-08-24T15:02:10.3320097Z # Subtest: extractBandTablesFromReadme tolerates a prose sentence between a band heading and its table (T-025), without mis-attaching a table when the real one is missing
test (18)	Coverage report (informational, not a gate)	2026-08-24T15:02:10.3322363Z ok 89 - extractBandTablesFromReadme tolerates a prose sentence between a band heading and its table (T-025), without mis-attaching a table when the real one is missing
test (18)	Coverage report (informational, not a gate)	2026-08-24T15:02:10.3323524Z   ---
test (18)	Coverage report (informational, not a gate)	2026-08-24T15:02:10.3323844Z   duration_ms: 0.752358
test (18)	Coverage report (informational, not a gate)	2026-08-24T15:02:10.3324191Z   ...
test (18)	Coverage report (informational, not a gate)	2026-08-24T15:02:10.3324932Z # Subtest: extractBandTablesFromReadme does not let a band-shaped PROSE line steal a real heading's table (T-039)
test (18)	Coverage report (informational, not a gate)	2026-08-24T15:02:10.3326416Z ok 90 - extractBandTablesFromReadme does not let a band-shaped PROSE line steal a real heading's table (T-039)
test (18)	Coverage report (informational, not a gate)	2026-08-24T15:02:10.3327224Z   ---
test (18)	Coverage report (informational, not a gate)	2026-08-24T15:02:10.3327568Z   duration_ms: 0.234709
test (18)	Coverage report (informational, not a gate)	2026-08-24T15:02:10.3327935Z   ...
test (18)	Coverage report (informational, not a gate)	2026-08-24T15:02:10.3328729Z # Subtest: extractBandTablesFromReadme does not read a fenced example block as a second, real band table
test (18)	Coverage report (informational, not a gate)	2026-08-24T15:02:10.3330077Z ok 91 - extractBandTablesFromReadme does not read a fenced example block as a second, real band table
test (18)	Coverage report (informational, not a gate)	2026-08-24T15:02:10.3330859Z   ---
test (18)	Coverage report (informational, not a gate)	2026-08-24T15:02:10.3331166Z   duration_ms: 0.156296
test (18)	Coverage report (informational, not a gate)	2026-08-24T15:02:10.3331489Z   ...
test (18)	Coverage report (informational, not a gate)	2026-08-24T15:02:10.3332882Z # Subtest: extractBandTablesFromReadme's recognised bands account for every structural `| Tag | Count |` table -- a table under an unrecognised heading shape is a loud mismatch, not a silent miss
test (18)	Coverage report (informational, not a gate)	2026-08-24T15:02:10.3335210Z ok 92 - extractBandTablesFromReadme's recognised bands account for every structural `| Tag | Count |` table -- a table under an unrecognised heading shape is a loud mismatch, not a silent miss
test (18)	Coverage report (informational, not a gate)	2026-08-24T15:02:10.3336577Z   ---
test (18)	Coverage report (informational, not a gate)	2026-08-24T15:02:10.3336878Z   duration_ms: 0.276569
test (18)	Coverage report (informational, not a gate)	2026-08-24T15:02:10.3337217Z   ...
test (18)	Coverage report (informational, not a gate)	2026-08-24T15:02:10.3338395Z # Subtest: every `| Tag | Count |` table in the real README Tag vocabulary section is a recognised band table (no table may hide under an unrecognised heading shape)
test (18)	Coverage report (informational, not a gate)	2026-08-24T15:02:10.3340245Z ok 93 - every `| Tag | Count |` table in the real README Tag vocabulary section is a recognised band table (no table may hide under an unrecognised heading shape)
test (18)	Coverage report (informational, not a gate)	2026-08-24T15:02:10.3341240Z   ---
test (18)	Coverage report (informational, not a gate)	2026-08-24T15:02:10.3341534Z   duration_ms: 0.54553
test (18)	Coverage report (informational, not a gate)	2026-08-24T15:02:10.3341878Z   ...
test (18)	Coverage report (informational, not a gate)	2026-08-24T15:02:10.3342604Z # Subtest: every band table in README Tag vocabulary contains exactly the corpus tags whose count fits that band
test (18)	Coverage report (informational, not a gate)	2026-08-24T15:02:10.3343462Z ok 94 - every band table in README Tag vocabulary contains exactly the corpus tags whose count fits that band
test (18)	Coverage report (informational, not a gate)	2026-08-24T15:02:10.3344034Z   ---
test (18)	Coverage report (informational, not a gate)	2026-08-24T15:02:10.3344215Z   duration_ms: 0.376812
test (18)	Coverage report (informational, not a gate)	2026-08-24T15:02:10.3344512Z   ...
test (18)	Coverage report (informational, not a gate)	2026-08-24T15:02:10.3345532Z # Subtest: every corpus tag appearing on 2+ entries must have a row in some band table (no band table may be deleted wholesale) (T-019)
test (18)	Coverage report (informational, not a gate)	2026-08-24T15:02:10.3347430Z ok 95 - every corpus tag appearing on 2+ entries must have a row in some band table (no band table may be deleted wholesale) (T-019)
test (18)	Coverage report (informational, not a gate)	2026-08-24T15:02:10.3348367Z   ---
test (18)	Coverage report (informational, not a gate)	2026-08-24T15:02:10.3348936Z   duration_ms: 0.346642
test (18)	Coverage report (informational, not a gate)	2026-08-24T15:02:10.3349305Z   ...
test (18)	Coverage report (informational, not a gate)	2026-08-24T15:02:10.3350533Z # Subtest: extractBandTablesFromReadme derives a band's row count purely from its table, ignoring decoy "N tags" phrases in the heading line (T-024b)
test (18)	Coverage report (informational, not a gate)	2026-08-24T15:02:10.3352378Z ok 96 - extractBandTablesFromReadme derives a band's row count purely from its table, ignoring decoy "N tags" phrases in the heading line (T-024b)
test (18)	Coverage report (informational, not a gate)	2026-08-24T15:02:10.3352973Z   ---
test (18)	Coverage report (informational, not a gate)	2026-08-24T15:02:10.3353177Z   duration_ms: 0.151867
test (18)	Coverage report (informational, not a gate)	2026-08-24T15:02:10.3353401Z   ...
test (18)	Coverage report (informational, not a gate)	2026-08-24T15:02:10.3353772Z # Subtest: README must state correct multi-entry and single-entry tag counts
test (18)	Coverage report (informational, not a gate)	2026-08-24T15:02:10.3354318Z ok 97 - README must state correct multi-entry and single-entry tag counts
test (18)	Coverage report (informational, not a gate)	2026-08-24T15:02:10.3354654Z   ---
test (18)	Coverage report (informational, not a gate)	2026-08-24T15:02:10.3354843Z   duration_ms: 0.35234
test (18)	Coverage report (informational, not a gate)	2026-08-24T15:02:10.3355049Z   ...
test (18)	Coverage report (informational, not a gate)	2026-08-24T15:02:10.3355480Z # Subtest: README Tag vocabulary section must contain no unrecognised count-claim digits (J-5)
test (18)	Coverage report (informational, not a gate)	2026-08-24T15:02:10.3356320Z ok 98 - README Tag vocabulary section must contain no unrecognised count-claim digits (J-5)
test (18)	Coverage report (informational, not a gate)	2026-08-24T15:02:10.3356762Z   ---
test (18)	Coverage report (informational, not a gate)	2026-08-24T15:02:10.3356964Z   duration_ms: 0.443702
test (18)	Coverage report (informational, not a gate)	2026-08-24T15:02:10.3357187Z   ...
test (18)	Coverage report (informational, not a gate)	2026-08-24T15:02:10.3357674Z # Subtest: README Attribution table "Entries ranked" count must match corpus.length and the triage doc (C1)
test (18)	Coverage report (informational, not a gate)	2026-08-24T15:02:10.3358422Z ok 99 - README Attribution table "Entries ranked" count must match corpus.length and the triage doc (C1)
test (18)	Coverage report (informational, not a gate)	2026-08-24T15:02:10.3359010Z   ---
test (18)	Coverage report (informational, not a gate)	2026-08-24T15:02:10.3359205Z   duration_ms: 1.076129
test (18)	Coverage report (informational, not a gate)	2026-08-24T15:02:10.3359420Z   ...
test (18)	Coverage report (informational, not a gate)	2026-08-24T15:02:10.3359859Z # Subtest: README Attribution table "Rated HIGH risk" count must match the triage doc table (C2)
test (18)	Coverage report (informational, not a gate)	2026-08-24T15:02:10.3360517Z ok 100 - README Attribution table "Rated HIGH risk" count must match the triage doc table (C2)
test (18)	Coverage report (informational, not a gate)	2026-08-24T15:02:10.3360916Z   ---
test (18)	Coverage report (informational, not a gate)	2026-08-24T15:02:10.3361106Z   duration_ms: 1.011336
test (18)	Coverage report (informational, not a gate)	2026-08-24T15:02:10.3361312Z   ...
test (18)	Coverage report (informational, not a gate)	2026-08-24T15:02:10.3361736Z # Subtest: README Attribution section must contain no digit runs outside the counts table (C7)
test (18)	Coverage report (informational, not a gate)	2026-08-24T15:02:10.3362380Z ok 101 - README Attribution section must contain no digit runs outside the counts table (C7)
test (18)	Coverage report (informational, not a gate)	2026-08-24T15:02:10.3362773Z   ---
test (18)	Coverage report (informational, not a gate)	2026-08-24T15:02:10.3362952Z   duration_ms: 0.435676
test (18)	Coverage report (informational, not a gate)	2026-08-24T15:02:10.3363158Z   ...
test (18)	Coverage report (informational, not a gate)	2026-08-24T15:02:10.3363472Z # Subtest: README Layout section paths must exist on disk (C6)
test (18)	Coverage report (informational, not a gate)	2026-08-24T15:02:10.3363909Z ok 102 - README Layout section paths must exist on disk (C6)
test (18)	Coverage report (informational, not a gate)	2026-08-24T15:02:10.3364207Z   ---
test (18)	Coverage report (informational, not a gate)	2026-08-24T15:02:10.3364391Z   duration_ms: 0.614337
test (18)	Coverage report (informational, not a gate)	2026-08-24T15:02:10.3364593Z   ...
test (18)	Coverage report (informational, not a gate)	2026-08-24T15:02:10.3365111Z # Subtest: getListBehaviourSection tolerates a reformatted "--list behaviour" heading with no backticks (T-021)
test (18)	Coverage report (informational, not a gate)	2026-08-24T15:02:10.3365895Z ok 103 - getListBehaviourSection tolerates a reformatted "--list behaviour" heading with no backticks (T-021)
test (18)	Coverage report (informational, not a gate)	2026-08-24T15:02:10.3366612Z   ---
test (18)	Coverage report (informational, not a gate)	2026-08-24T15:02:10.3366916Z   duration_ms: 0.471943
test (18)	Coverage report (informational, not a gate)	2026-08-24T15:02:10.3367267Z   ...
test (18)	Coverage report (informational, not a gate)	2026-08-24T15:02:10.3368336Z # Subtest: getListBehaviourSection still fails on a SEPARATOR MISMATCH (not a heading-parse error) when a reformatted heading's literal is mutated (T-021)
test (18)	Coverage report (informational, not a gate)	2026-08-24T15:02:10.3369587Z ok 104 - getListBehaviourSection still fails on a SEPARATOR MISMATCH (not a heading-parse error) when a reformatted heading's literal is mutated (T-021)
test (18)	Coverage report (informational, not a gate)	2026-08-24T15:02:10.3370459Z   ---
test (18)	Coverage report (informational, not a gate)	2026-08-24T15:02:10.3370651Z   duration_ms: 0.452709
test (18)	Coverage report (informational, not a gate)	2026-08-24T15:02:10.3370857Z   ...
test (18)	Coverage report (informational, not a gate)	2026-08-24T15:02:10.3371761Z # Subtest: getListBehaviourSection reports ambiguity loudly instead of taking the first of two qualifying headings (T-021)
test (18)	Coverage report (informational, not a gate)	2026-08-24T15:02:10.3372962Z ok 105 - getListBehaviourSection reports ambiguity loudly instead of taking the first of two qualifying headings (T-021)
test (18)	Coverage report (informational, not a gate)	2026-08-24T15:02:10.3373627Z   ---
test (18)	Coverage report (informational, not a gate)	2026-08-24T15:02:10.3373820Z   duration_ms: 0.345496
test (18)	Coverage report (informational, not a gate)	2026-08-24T15:02:10.3374162Z   ...
test (18)	Coverage report (informational, not a gate)	2026-08-24T15:02:10.3374989Z # Subtest: getListBehaviourSection does not let "--list-only" satisfy the standalone `--list` token (T-021)
test (18)	Coverage report (informational, not a gate)	2026-08-24T15:02:10.3376249Z ok 106 - getListBehaviourSection does not let "--list-only" satisfy the standalone `--list` token (T-021)
test (18)	Coverage report (informational, not a gate)	2026-08-24T15:02:10.3376786Z   ---
test (18)	Coverage report (informational, not a gate)	2026-08-24T15:02:10.3377027Z   duration_ms: 0.192435
test (18)	Coverage report (informational, not a gate)	2026-08-24T15:02:10.3377340Z   ...
test (18)	Coverage report (informational, not a gate)	2026-08-24T15:02:10.3377920Z # Subtest: getListBehaviourSection tolerates the American spelling "behavior" in the heading (T-027)
test (18)	Coverage report (informational, not a gate)	2026-08-24T15:02:10.3378959Z ok 107 - getListBehaviourSection tolerates the American spelling "behavior" in the heading (T-027)
test (18)	Coverage report (informational, not a gate)	2026-08-24T15:02:10.3379544Z   ---
test (18)	Coverage report (informational, not a gate)	2026-08-24T15:02:10.3379736Z   duration_ms: 0.106692
test (18)	Coverage report (informational, not a gate)	2026-08-24T15:02:10.3380032Z   ...
test (18)	Coverage report (informational, not a gate)	2026-08-24T15:02:10.3380984Z # Subtest: getListBehaviourSection still fails on a SEPARATOR MISMATCH (not a heading-parse error) under an American-spelled heading (T-027)
test (18)	Coverage report (informational, not a gate)	2026-08-24T15:02:10.3382606Z ok 108 - getListBehaviourSection still fails on a SEPARATOR MISMATCH (not a heading-parse error) under an American-spelled heading (T-027)
test (18)	Coverage report (informational, not a gate)	2026-08-24T15:02:10.3383423Z   ---
test (18)	Coverage report (informational, not a gate)	2026-08-24T15:02:10.3383609Z   duration_ms: 0.160191
test (18)	Coverage report (informational, not a gate)	2026-08-24T15:02:10.3383814Z   ...
test (18)	Coverage report (informational, not a gate)	2026-08-24T15:02:10.3384483Z # Subtest: README `--list` format literal matches the shipped binary's actual --list output (T-017)
test (18)	Coverage report (informational, not a gate)	2026-08-24T15:02:10.3385494Z ok 109 - README `--list` format literal matches the shipped binary's actual --list output (T-017)
test (18)	Coverage report (informational, not a gate)	2026-08-24T15:02:10.3386011Z   ---
test (18)	Coverage report (informational, not a gate)	2026-08-24T15:02:10.3386376Z   duration_ms: 44.415199
test (18)	Coverage report (informational, not a gate)	2026-08-24T15:02:10.3386644Z   ...
test (18)	Coverage report (informational, not a gate)	2026-08-24T15:02:10.3387477Z # Subtest: README `--author` matching section must state the correct count of distinct corpus authors (Q-8)
test (18)	Coverage report (informational, not a gate)	2026-08-24T15:02:10.3388444Z ok 110 - README `--author` matching section must state the correct count of distinct corpus authors (Q-8)
test (18)	Coverage report (informational, not a gate)	2026-08-24T15:02:10.3389079Z   ---
test (18)	Coverage report (informational, not a gate)	2026-08-24T15:02:10.3389311Z   duration_ms: 0.523464
test (18)	Coverage report (informational, not a gate)	2026-08-24T15:02:10.3389520Z   ...
test (18)	Coverage report (informational, not a gate)	2026-08-24T15:02:10.3389807Z # Subtest: corpus has at least 40 entries
test (18)	Coverage report (informational, not a gate)	2026-08-24T15:02:10.3390344Z ok 111 - corpus has at least 40 entries
test (18)	Coverage report (informational, not a gate)	2026-08-24T15:02:10.3390651Z   ---
test (18)	Coverage report (informational, not a gate)	2026-08-24T15:02:10.3390953Z   duration_ms: 2.930188
test (18)	Coverage report (informational, not a gate)	2026-08-24T15:02:10.3391329Z   ...
test (18)	Coverage report (informational, not a gate)	2026-08-24T15:02:10.3391800Z # Subtest: every corpus entry has non-empty text, non-empty author, and an array of tags
test (18)	Coverage report (informational, not a gate)	2026-08-24T15:02:10.3392749Z ok 112 - every corpus entry has non-empty text, non-empty author, and an array of tags
test (18)	Coverage report (informational, not a gate)	2026-08-24T15:02:10.3393169Z   ---
test (18)	Coverage report (informational, not a gate)	2026-08-24T15:02:10.3393363Z   duration_ms: 0.403537
test (18)	Coverage report (informational, not a gate)	2026-08-24T15:02:10.3393601Z   ...
test (18)	Coverage report (informational, not a gate)	2026-08-24T15:02:10.3393893Z # Subtest: filter: author match is case-insensitive
test (18)	Coverage report (informational, not a gate)	2026-08-24T15:02:10.3394491Z ok 113 - filter: author match is case-insensitive
test (18)	Coverage report (informational, not a gate)	2026-08-24T15:02:10.3394968Z   ---
test (18)	Coverage report (informational, not a gate)	2026-08-24T15:02:10.3395284Z   duration_ms: 1.215982
test (18)	Coverage report (informational, not a gate)	2026-08-24T15:02:10.3395627Z   ...
test (18)	Coverage report (informational, not a gate)	2026-08-24T15:02:10.3396113Z # Subtest: filter: tag match is case-insensitive
test (18)	Coverage report (informational, not a gate)	2026-08-24T15:02:10.3396900Z ok 114 - filter: tag match is case-insensitive
test (18)	Coverage report (informational, not a gate)	2026-08-24T15:02:10.3397395Z   ---
test (18)	Coverage report (informational, not a gate)	2026-08-24T15:02:10.3397739Z   duration_ms: 0.335425
test (18)	Coverage report (informational, not a gate)	2026-08-24T15:02:10.3398098Z   ...
test (18)	Coverage report (informational, not a gate)	2026-08-24T15:02:10.3398788Z # Subtest: filter: author and tag together narrow to the intersection (AND)
test (18)	Coverage report (informational, not a gate)	2026-08-24T15:02:10.3399819Z ok 115 - filter: author and tag together narrow to the intersection (AND)
test (18)	Coverage report (informational, not a gate)	2026-08-24T15:02:10.3400458Z   ---
test (18)	Coverage report (informational, not a gate)	2026-08-24T15:02:10.3400783Z   duration_ms: 0.463317
test (18)	Coverage report (informational, not a gate)	2026-08-24T15:02:10.3401140Z   ...
test (18)	Coverage report (informational, not a gate)	2026-08-24T15:02:10.3401754Z # Subtest: filter: undefined/absent options do not filter
test (18)	Coverage report (informational, not a gate)	2026-08-24T15:02:10.3402565Z ok 116 - filter: undefined/absent options do not filter
test (18)	Coverage report (informational, not a gate)	2026-08-24T15:02:10.3403116Z   ---
test (18)	Coverage report (informational, not a gate)	2026-08-24T15:02:10.3403450Z   duration_ms: 0.204276
test (18)	Coverage report (informational, not a gate)	2026-08-24T15:02:10.3403817Z   ...
test (18)	Coverage report (informational, not a gate)	2026-08-24T15:02:10.3404561Z # Subtest: pick: same seed over the same candidates always returns the same element
test (18)	Coverage report (informational, not a gate)	2026-08-24T15:02:10.3405686Z ok 117 - pick: same seed over the same candidates always returns the same element
test (18)	Coverage report (informational, not a gate)	2026-08-24T15:02:10.3406525Z   ---
test (18)	Coverage report (informational, not a gate)	2026-08-24T15:02:10.3406858Z   duration_ms: 0.454741
test (18)	Coverage report (informational, not a gate)	2026-08-24T15:02:10.3407244Z   ...
test (18)	Coverage report (informational, not a gate)	2026-08-24T15:02:10.3408045Z # Subtest: pick: different seeds generally produce different results
test (18)	Coverage report (informational, not a gate)	2026-08-24T15:02:10.3408955Z ok 118 - pick: different seeds generally produce different results
test (18)	Coverage report (informational, not a gate)	2026-08-24T15:02:10.3409539Z   ---
test (18)	Coverage report (informational, not a gate)	2026-08-24T15:02:10.3409869Z   duration_ms: 0.325124
test (18)	Coverage report (informational, not a gate)	2026-08-24T15:02:10.3410250Z   ...
test (18)	Coverage report (informational, not a gate)	2026-08-24T15:02:10.3410890Z # Subtest: pick: undefined seed picks a valid member (random mode)
test (18)	Coverage report (informational, not a gate)	2026-08-24T15:02:10.3411757Z ok 119 - pick: undefined seed picks a valid member (random mode)
test (18)	Coverage report (informational, not a gate)	2026-08-24T15:02:10.3412328Z   ---
test (18)	Coverage report (informational, not a gate)	2026-08-24T15:02:10.3412658Z   duration_ms: 0.143233
test (18)	Coverage report (informational, not a gate)	2026-08-24T15:02:10.3413023Z   ...
test (18)	Coverage report (informational, not a gate)	2026-08-24T15:02:10.3413748Z # Subtest: pick: null seed also triggers random mode and returns a valid member
test (18)	Coverage report (informational, not a gate)	2026-08-24T15:02:10.3414806Z ok 120 - pick: null seed also triggers random mode and returns a valid member
test (18)	Coverage report (informational, not a gate)	2026-08-24T15:02:10.3415454Z   ---
test (18)	Coverage report (informational, not a gate)	2026-08-24T15:02:10.3415795Z   duration_ms: 0.149988
test (18)	Coverage report (informational, not a gate)	2026-08-24T15:02:10.3416307Z   ...
test (18)	Coverage report (informational, not a gate)	2026-08-24T15:02:10.3416843Z # Subtest: pick: throws RangeError on empty candidates array
test (18)	Coverage report (informational, not a gate)	2026-08-24T15:02:10.3417734Z ok 121 - pick: throws RangeError on empty candidates array
test (18)	Coverage report (informational, not a gate)	2026-08-24T15:02:10.3418291Z   ---
test (18)	Coverage report (informational, not a gate)	2026-08-24T15:02:10.3418613Z   duration_ms: 0.610892
test (18)	Coverage report (informational, not a gate)	2026-08-24T15:02:10.3418968Z   ...
test (18)	Coverage report (informational, not a gate)	2026-08-24T15:02:10.3419646Z # Subtest: pick: Infinity seed is deterministic and returns a valid member
test (18)	Coverage report (informational, not a gate)	2026-08-24T15:02:10.3420640Z ok 122 - pick: Infinity seed is deterministic and returns a valid member
test (18)	Coverage report (informational, not a gate)	2026-08-24T15:02:10.3421278Z   ---
test (18)	Coverage report (informational, not a gate)	2026-08-24T15:02:10.3446432Z   duration_ms: 0.22128
test (18)	Coverage report (informational, not a gate)	2026-08-24T15:02:10.3447090Z   ...
test (18)	Coverage report (informational, not a gate)	2026-08-24T15:02:10.3447513Z # Subtest: pick: -Infinity seed is deterministic and returns a valid member
test (18)	Coverage report (informational, not a gate)	2026-08-24T15:02:10.3448077Z ok 123 - pick: -Infinity seed is deterministic and returns a valid member
test (18)	Coverage report (informational, not a gate)	2026-08-24T15:02:10.3448433Z   ---
test (18)	Coverage report (informational, not a gate)	2026-08-24T15:02:10.3448638Z   duration_ms: 1.673904
test (18)	Coverage report (informational, not a gate)	2026-08-24T15:02:10.3448854Z   ...
test (18)	Coverage report (informational, not a gate)	2026-08-24T15:02:10.3449238Z # Subtest: pick: NaN seed still uses the random branch and returns a valid member
test (18)	Coverage report (informational, not a gate)	2026-08-24T15:02:10.3449792Z ok 124 - pick: NaN seed still uses the random branch and returns a valid member
test (18)	Coverage report (informational, not a gate)	2026-08-24T15:02:10.3450152Z   ---
test (18)	Coverage report (informational, not a gate)	2026-08-24T15:02:10.3450347Z   duration_ms: 0.15677
test (18)	Coverage report (informational, not a gate)	2026-08-24T15:02:10.3450560Z   ...
test (18)	Coverage report (informational, not a gate)	2026-08-24T15:02:10.3450945Z # Subtest: pick: finite seed determinism is unchanged by the non-finite-seed fix
test (18)	Coverage report (informational, not a gate)	2026-08-24T15:02:10.3451502Z ok 125 - pick: finite seed determinism is unchanged by the non-finite-seed fix
test (18)	Coverage report (informational, not a gate)	2026-08-24T15:02:10.3451858Z   ---
test (18)	Coverage report (informational, not a gate)	2026-08-24T15:02:10.3452059Z   duration_ms: 0.209544
test (18)	Coverage report (informational, not a gate)	2026-08-24T15:02:10.3452277Z   ...
test (18)	Coverage report (informational, not a gate)	2026-08-24T15:02:10.3452603Z # Subtest: pick: every candidate is REACHABLE by an unseeded draw
test (18)	Coverage report (informational, not a gate)	2026-08-24T15:02:10.3453064Z ok 126 - pick: every candidate is REACHABLE by an unseeded draw
test (18)	Coverage report (informational, not a gate)	2026-08-24T15:02:10.3453377Z   ---
test (18)	Coverage report (informational, not a gate)	2026-08-24T15:02:10.3453568Z   duration_ms: 2.468442
test (18)	Coverage report (informational, not a gate)	2026-08-24T15:02:10.3453789Z   ...
test (18)	Coverage report (informational, not a gate)	2026-08-24T15:02:10.3454194Z # Subtest: pick: unseeded draws split the interval EQUALLY across candidates (uniform)
test (18)	Coverage report (informational, not a gate)	2026-08-24T15:02:10.3454795Z ok 127 - pick: unseeded draws split the interval EQUALLY across candidates (uniform)
test (18)	Coverage report (informational, not a gate)	2026-08-24T15:02:10.3455171Z   ---
test (18)	Coverage report (informational, not a gate)	2026-08-24T15:02:10.3455363Z   duration_ms: 2.007754
test (18)	Coverage report (informational, not a gate)	2026-08-24T15:02:10.3455572Z   ...
test (18)	Coverage report (informational, not a gate)	2026-08-24T15:02:10.3455990Z # Subtest: pick: single-element candidates always returns that element regardless of seed
test (18)	Coverage report (informational, not a gate)	2026-08-24T15:02:10.3456719Z ok 128 - pick: single-element candidates always returns that element regardless of seed
test (18)	Coverage report (informational, not a gate)	2026-08-24T15:02:10.3457112Z   ---
test (18)	Coverage report (informational, not a gate)	2026-08-24T15:02:10.3457310Z   duration_ms: 0.170303
test (18)	Coverage report (informational, not a gate)	2026-08-24T15:02:10.3457527Z   ...
test (18)	Coverage report (informational, not a gate)	2026-08-24T15:02:10.3457715Z 1..128
test (18)	Coverage report (informational, not a gate)	2026-08-24T15:02:10.3457900Z # tests 128
test (18)	Coverage report (informational, not a gate)	2026-08-24T15:02:10.3458100Z # suites 0
test (18)	Coverage report (informational, not a gate)	2026-08-24T15:02:10.3458292Z # pass 126
test (18)	Coverage report (informational, not a gate)	2026-08-24T15:02:10.3458472Z # fail 0
test (18)	Coverage report (informational, not a gate)	2026-08-24T15:02:10.3458656Z # cancelled 0
test (18)	Coverage report (informational, not a gate)	2026-08-24T15:02:10.3458852Z # skipped 2
test (18)	Coverage report (informational, not a gate)	2026-08-24T15:02:10.3459039Z # todo 0
test (18)	Coverage report (informational, not a gate)	2026-08-24T15:02:10.3459242Z # duration_ms 3792.948349
test (18)	Coverage report (informational, not a gate)	2026-08-24T15:02:10.3459501Z # start of coverage report
test (18)	Coverage report (informational, not a gate)	2026-08-24T15:02:10.3459829Z # file | line % | branch % | funcs % | uncovered lines
test (18)	Coverage report (informational, not a gate)	2026-08-24T15:02:10.3460307Z # bin/aphorism.js | 100.00 | 85.71 | 100.00 | 
test (18)	Coverage report (informational, not a gate)	2026-08-24T15:02:10.3460641Z # src/args.js | 100.00 | 100.00 | 100.00 | 
test (18)	Coverage report (informational, not a gate)	2026-08-24T15:02:10.3460972Z # src/corpus.js | 100.00 | 100.00 | 100.00 | 
test (18)	Coverage report (informational, not a gate)	2026-08-24T15:02:10.3461303Z # src/select.js | 100.00 | 100.00 | 100.00 | 
test (18)	Coverage report (informational, not a gate)	2026-08-24T15:02:10.3461651Z # test/args.test.js | 100.00 | 100.00 | 100.00 | 
test (18)	Coverage report (informational, not a gate)	2026-08-24T15:02:10.3462001Z # test/cli.test.js | 100.00 | 100.00 | 100.00 | 
test (18)	Coverage report (informational, not a gate)	2026-08-24T15:02:10.3463552Z # test/node-support-citation.test.js | 69.26 | 40.00 | 100.00 | 128, 129, 130, 139, 140, 141, 162, 163, 164, 165, 166, 167, 168, 176, 177, 178, 179, 180, 181, 182, 183, 184, 196, 197, 198, 199, 200, 201, 202, 203, 204, 205, 207, 208, 209, 210, 211, 212, 213, 214, 215, 216, 217, 218, 219, 220, 221, 222, 234, 235, 236, 237, 238, 239, 240, 241, 242, 243, 244, 245, 246, 247, 248, 249, 251, 252, 253, 254, 255, 256, 257, 258, 259, 260, 261, 262, 263, 264, 265, 266, 267, 268, 269
test (18)	Coverage report (informational, not a gate)	2026-08-24T15:02:10.3464821Z # test/pipe.test.js | 96.73 | 83.33 | 100.00 | 50, 51, 89, 90, 91, 163, 164, 165
test (18)	Coverage report (informational, not a gate)	2026-08-24T15:02:10.3465335Z # test/readme-matrix-consistency.test.js | 100.00 | 91.67 | 100.00 | 
test (18)	Coverage report (informational, not a gate)	2026-08-24T15:02:10.3466307Z # test/readme-tags.test.js | 99.05 | 89.57 | 96.97 | 189, 190, 199, 200, 1079, 1080, 1082, 1083, 1097, 1098, 1099, 1100, 1924, 1925, 2275, 2276, 2475, 2476, 2477, 2478, 2479, 2480, 2481, 2482, 2483, 2484, 2485
test (18)	Coverage report (informational, not a gate)	2026-08-24T15:02:10.3466989Z # test/select.test.js | 100.00 | 97.92 | 100.00 | 
test (18)	Coverage report (informational, not a gate)	2026-08-24T15:02:10.3467384Z # all files | 97.76 | 91.74 | 98.80 |
test (18)	Coverage report (informational, not a gate)	2026-08-24T15:02:10.3467659Z # end of coverage report
test (18)	Post Run actions/setup-node@v7	﻿2026-08-24T15:02:10.3631101Z Post job cleanup.
test (18)	Post Run actions/checkout@v7	﻿2026-08-24T15:02:10.4850734Z Post job cleanup.
test (18)	Post Run actions/checkout@v7	2026-08-24T15:02:10.5660451Z [command]/usr/bin/git version
test (18)	Post Run actions/checkout@v7	2026-08-24T15:02:10.5696948Z git version 2.55.0
test (18)	Post Run actions/checkout@v7	2026-08-24T15:02:10.5739351Z Temporarily overriding HOME='/home/runner/work/_temp/83a82e45-bdac-487d-90d4-8f73071f3bbc' before making global git config changes
test (18)	Post Run actions/checkout@v7	2026-08-24T15:02:10.5741022Z Adding repository directory to the temporary git global config as a safe directory
test (18)	Post Run actions/checkout@v7	2026-08-24T15:02:10.5742387Z [command]/usr/bin/git config --global --add safe.directory /home/runner/work/aphorism-cli/aphorism-cli
test (18)	Post Run actions/checkout@v7	2026-08-24T15:02:10.5771599Z Removing SSH command configuration
test (18)	Post Run actions/checkout@v7	2026-08-24T15:02:10.5777405Z [command]/usr/bin/git config --local --name-only --get-regexp core\.sshCommand
test (18)	Post Run actions/checkout@v7	2026-08-24T15:02:10.5806806Z [command]/usr/bin/git submodule foreach --recursive sh -c "git config --local --name-only --get-regexp 'core\.sshCommand' && git config --local --unset-all 'core.sshCommand' || :"
test (18)	Post Run actions/checkout@v7	2026-08-24T15:02:10.5999956Z Removing HTTP extra header
test (18)	Post Run actions/checkout@v7	2026-08-24T15:02:10.6004723Z [command]/usr/bin/git config --local --name-only --get-regexp http\.https\:\/\/github\.com\/\.extraheader
test (18)	Post Run actions/checkout@v7	2026-08-24T15:02:10.6033023Z [command]/usr/bin/git submodule foreach --recursive sh -c "git config --local --name-only --get-regexp 'http\.https\:\/\/github\.com\/\.extraheader' && git config --local --unset-all 'http.https://github.com/.extraheader' || :"
test (18)	Post Run actions/checkout@v7	2026-08-24T15:02:10.6215238Z Removing includeIf entries pointing to credentials config files
test (18)	Post Run actions/checkout@v7	2026-08-24T15:02:10.6250155Z [command]/usr/bin/git config --local --name-only --get-regexp ^includeIf\.gitdir:
test (18)	Post Run actions/checkout@v7	2026-08-24T15:02:10.6289069Z includeif.gitdir:/home/runner/work/aphorism-cli/aphorism-cli/.git.path
test (18)	Post Run actions/checkout@v7	2026-08-24T15:02:10.6290371Z includeif.gitdir:/home/runner/work/aphorism-cli/aphorism-cli/.git/worktrees/*.path
test (18)	Post Run actions/checkout@v7	2026-08-24T15:02:10.6291371Z includeif.gitdir:/github/workspace/.git.path
test (18)	Post Run actions/checkout@v7	2026-08-24T15:02:10.6292216Z includeif.gitdir:/github/workspace/.git/worktrees/*.path
test (18)	Post Run actions/checkout@v7	2026-08-24T15:02:10.6305586Z [command]/usr/bin/git config --local --get-all includeif.gitdir:/home/runner/work/aphorism-cli/aphorism-cli/.git.path
test (18)	Post Run actions/checkout@v7	2026-08-24T15:02:10.6332766Z /home/runner/work/_temp/git-credentials-48bf6110-51d6-41f4-b345-9c1831dcbf59.config
test (18)	Post Run actions/checkout@v7	2026-08-24T15:02:10.6345616Z [command]/usr/bin/git config --local --unset includeif.gitdir:/home/runner/work/aphorism-cli/aphorism-cli/.git.path \/home\/runner\/work\/_temp\/git\-credentials\-48bf6110\-51d6\-41f4\-b345\-9c1831dcbf59\.config
test (18)	Post Run actions/checkout@v7	2026-08-24T15:02:10.6387694Z [command]/usr/bin/git config --local --get-all includeif.gitdir:/home/runner/work/aphorism-cli/aphorism-cli/.git/worktrees/*.path
test (18)	Post Run actions/checkout@v7	2026-08-24T15:02:10.6405105Z /home/runner/work/_temp/git-credentials-48bf6110-51d6-41f4-b345-9c1831dcbf59.config
test (18)	Post Run actions/checkout@v7	2026-08-24T15:02:10.6438708Z [command]/usr/bin/git config --local --unset includeif.gitdir:/home/runner/work/aphorism-cli/aphorism-cli/.git/worktrees/*.path \/home\/runner\/work\/_temp\/git\-credentials\-48bf6110\-51d6\-41f4\-b345\-9c1831dcbf59\.config
test (18)	Post Run actions/checkout@v7	2026-08-24T15:02:10.6468751Z [command]/usr/bin/git config --local --get-all includeif.gitdir:/github/workspace/.git.path
test (18)	Post Run actions/checkout@v7	2026-08-24T15:02:10.6494776Z /github/runner_temp/git-credentials-48bf6110-51d6-41f4-b345-9c1831dcbf59.config
test (18)	Post Run actions/checkout@v7	2026-08-24T15:02:10.6506055Z [command]/usr/bin/git config --local --unset includeif.gitdir:/github/workspace/.git.path \/github\/runner_temp\/git\-credentials\-48bf6110\-51d6\-41f4\-b345\-9c1831dcbf59\.config
test (18)	Post Run actions/checkout@v7	2026-08-24T15:02:10.6557725Z [command]/usr/bin/git config --local --get-all includeif.gitdir:/github/workspace/.git/worktrees/*.path
test (18)	Post Run actions/checkout@v7	2026-08-24T15:02:10.6577500Z /github/runner_temp/git-credentials-48bf6110-51d6-41f4-b345-9c1831dcbf59.config
test (18)	Post Run actions/checkout@v7	2026-08-24T15:02:10.6604789Z [command]/usr/bin/git config --local --unset includeif.gitdir:/github/workspace/.git/worktrees/*.path \/github\/runner_temp\/git\-credentials\-48bf6110\-51d6\-41f4\-b345\-9c1831dcbf59\.config
test (18)	Post Run actions/checkout@v7	2026-08-24T15:02:10.6627767Z [command]/usr/bin/git submodule foreach --recursive git config --local --show-origin --name-only --get-regexp remote.origin.url
test (18)	Post Run actions/checkout@v7	2026-08-24T15:02:10.6834407Z Removing credentials config '/home/runner/work/_temp/git-credentials-48bf6110-51d6-41f4-b345-9c1831dcbf59.config'
test (18)	Complete job	﻿2026-08-24T15:02:10.6982990Z Cleaning up orphan processes
test (24)	Set up job	﻿2026-08-24T15:01:56.4547502Z Current runner version: '2.336.0'
test (24)	Set up job	2026-08-24T15:01:56.4619477Z ##[group]Runner Image Provisioner
test (24)	Set up job	2026-08-24T15:01:56.4620846Z Hosted Compute Agent
test (24)	Set up job	2026-08-24T15:01:56.4621752Z Version: 20260729.566
test (24)	Set up job	2026-08-24T15:01:56.4622969Z Commit: cf7153fe6e25b664e8693c24944bf2b00355d109
test (24)	Set up job	2026-08-24T15:01:56.4624160Z Build Date: 2026-07-29T19:17:02Z
test (24)	Set up job	2026-08-24T15:01:56.4625596Z Worker ID: {2425970c-5f33-4289-b011-9236650a5042}
test (24)	Set up job	2026-08-24T15:01:56.4626739Z Azure Region: eastus2
test (24)	Set up job	2026-08-24T15:01:56.4627751Z ##[endgroup]
test (24)	Set up job	2026-08-24T15:01:56.4630489Z ##[group]Operating System
test (24)	Set up job	2026-08-24T15:01:56.4631528Z Ubuntu
test (24)	Set up job	2026-08-24T15:01:56.4632475Z 24.04.4
test (24)	Set up job	2026-08-24T15:01:56.4633277Z LTS
test (24)	Set up job	2026-08-24T15:01:56.4634697Z ##[endgroup]
test (24)	Set up job	2026-08-24T15:01:56.4635863Z ##[group]Runner Image
test (24)	Set up job	2026-08-24T15:01:56.4637027Z Image: ubuntu-24.04
test (24)	Set up job	2026-08-24T15:01:56.4638010Z Version: 20260816.277.1
test (24)	Set up job	2026-08-24T15:01:56.4639724Z Included Software: https://github.com/actions/runner-images/blob/ubuntu24/20260816.277/images/ubuntu/Ubuntu2404-Readme.md
test (24)	Set up job	2026-08-24T15:01:56.4642776Z Image Release: https://github.com/actions/runner-images/releases/tag/ubuntu24%2F20260816.277
test (24)	Set up job	2026-08-24T15:01:56.4644551Z ##[endgroup]
test (24)	Set up job	2026-08-24T15:01:56.4646787Z ##[group]GITHUB_TOKEN Permissions
test (24)	Set up job	2026-08-24T15:01:56.4649965Z Contents: read
test (24)	Set up job	2026-08-24T15:01:56.4650903Z Metadata: read
test (24)	Set up job	2026-08-24T15:01:56.4651819Z Packages: read
test (24)	Set up job	2026-08-24T15:01:56.4652707Z ##[endgroup]
test (24)	Set up job	2026-08-24T15:01:56.4656304Z Secret source: Actions
test (24)	Set up job	2026-08-24T15:01:56.4658654Z Prepare workflow directory
test (24)	Set up job	2026-08-24T15:01:56.5278772Z Prepare all required actions
test (24)	Set up job	2026-08-24T15:01:56.5348828Z Getting action download info
test (24)	Set up job	2026-08-24T15:01:56.7163836Z Download action repository 'actions/checkout@v7' (SHA:3d3c42e5aac5ba805825da76410c181273ba90b1)
test (24)	Set up job	2026-08-24T15:01:57.2718232Z Download action repository 'actions/setup-node@v7' (SHA:820762786026740c76f36085b0efc47a31fe5020)
test (24)	Set up job	2026-08-24T15:01:57.4660152Z Complete job name: test (24)
test (24)	Run actions/checkout@v7	﻿2026-08-24T15:01:57.5505765Z ##[group]Run actions/checkout@v7
test (24)	Run actions/checkout@v7	2026-08-24T15:01:57.5506754Z with:
test (24)	Run actions/checkout@v7	2026-08-24T15:01:57.5507298Z   repository: trmnmc/aphorism-cli
test (24)	Run actions/checkout@v7	2026-08-24T15:01:57.5511902Z   token: ***
test (24)	Run actions/checkout@v7	2026-08-24T15:01:57.5512408Z   ssh-strict: true
test (24)	Run actions/checkout@v7	2026-08-24T15:01:57.5512911Z   ssh-user: git
test (24)	Run actions/checkout@v7	2026-08-24T15:01:57.5513412Z   persist-credentials: true
test (24)	Run actions/checkout@v7	2026-08-24T15:01:57.5513961Z   clean: true
test (24)	Run actions/checkout@v7	2026-08-24T15:01:57.5514456Z   sparse-checkout-cone-mode: true
test (24)	Run actions/checkout@v7	2026-08-24T15:01:57.5515034Z   fetch-depth: 1
test (24)	Run actions/checkout@v7	2026-08-24T15:01:57.5515650Z   fetch-tags: false
test (24)	Run actions/checkout@v7	2026-08-24T15:01:57.5516147Z   show-progress: true
test (24)	Run actions/checkout@v7	2026-08-24T15:01:57.5516639Z   lfs: false
test (24)	Run actions/checkout@v7	2026-08-24T15:01:57.5517113Z   submodules: false
test (24)	Run actions/checkout@v7	2026-08-24T15:01:57.5517610Z   set-safe-directory: true
test (24)	Run actions/checkout@v7	2026-08-24T15:01:57.5518176Z   allow-unsafe-pr-checkout: false
test (24)	Run actions/checkout@v7	2026-08-24T15:01:57.5519096Z ##[endgroup]
test (24)	Run actions/checkout@v7	2026-08-24T15:01:57.6591641Z Syncing repository: trmnmc/aphorism-cli
test (24)	Run actions/checkout@v7	2026-08-24T15:01:57.6594692Z ##[group]Getting Git version info
test (24)	Run actions/checkout@v7	2026-08-24T15:01:57.6596355Z Working directory is '/home/runner/work/aphorism-cli/aphorism-cli'
test (24)	Run actions/checkout@v7	2026-08-24T15:01:57.6598458Z [command]/usr/bin/git version
test (24)	Run actions/checkout@v7	2026-08-24T15:01:57.6638824Z git version 2.55.0
test (24)	Run actions/checkout@v7	2026-08-24T15:01:57.6659809Z ##[endgroup]
test (24)	Run actions/checkout@v7	2026-08-24T15:01:57.6673187Z Temporarily overriding HOME='/home/runner/work/_temp/58a9d8b3-0d00-4863-86f6-41787b5cd7af' before making global git config changes
test (24)	Run actions/checkout@v7	2026-08-24T15:01:57.6676088Z Adding repository directory to the temporary git global config as a safe directory
test (24)	Run actions/checkout@v7	2026-08-24T15:01:57.6679367Z [command]/usr/bin/git config --global --add safe.directory /home/runner/work/aphorism-cli/aphorism-cli
test (24)	Run actions/checkout@v7	2026-08-24T15:01:57.6734101Z Deleting the contents of '/home/runner/work/aphorism-cli/aphorism-cli'
test (24)	Run actions/checkout@v7	2026-08-24T15:01:57.6738737Z ##[group]Determining repository object format
test (24)	Run actions/checkout@v7	2026-08-24T15:01:57.6740694Z ##[endgroup]
test (24)	Run actions/checkout@v7	2026-08-24T15:01:57.6742097Z ##[group]Initializing the repository
test (24)	Run actions/checkout@v7	2026-08-24T15:01:57.6746250Z [command]/usr/bin/git init /home/runner/work/aphorism-cli/aphorism-cli
test (24)	Run actions/checkout@v7	2026-08-24T15:01:57.6861319Z hint: Using 'master' as the name for the initial branch. This default branch name
test (24)	Run actions/checkout@v7	2026-08-24T15:01:57.6863227Z hint: will change to "main" in Git 3.0. To configure the initial branch name
test (24)	Run actions/checkout@v7	2026-08-24T15:01:57.6864306Z hint: to use in all of your new repositories, which will suppress this warning,
test (24)	Run actions/checkout@v7	2026-08-24T15:01:57.6865116Z hint: call:
test (24)	Run actions/checkout@v7	2026-08-24T15:01:57.6865825Z hint:
test (24)	Run actions/checkout@v7	2026-08-24T15:01:57.6866455Z hint: 	git config --global init.defaultBranch <name>
test (24)	Run actions/checkout@v7	2026-08-24T15:01:57.6867142Z hint:
test (24)	Run actions/checkout@v7	2026-08-24T15:01:57.6867775Z hint: Names commonly chosen instead of 'master' are 'main', 'trunk' and
test (24)	Run actions/checkout@v7	2026-08-24T15:01:57.6868773Z hint: 'development'. The just-created branch can be renamed via this command:
test (24)	Run actions/checkout@v7	2026-08-24T15:01:57.6869571Z hint:
test (24)	Run actions/checkout@v7	2026-08-24T15:01:57.6870029Z hint: 	git branch -m <name>
test (24)	Run actions/checkout@v7	2026-08-24T15:01:57.6870548Z hint:
test (24)	Run actions/checkout@v7	2026-08-24T15:01:57.6871227Z hint: Disable this message with "git config set advice.defaultBranchName false"
test (24)	Run actions/checkout@v7	2026-08-24T15:01:57.6876673Z Initialized empty Git repository in /home/runner/work/aphorism-cli/aphorism-cli/.git/
test (24)	Run actions/checkout@v7	2026-08-24T15:01:57.6889409Z [command]/usr/bin/git remote add origin https://github.com/trmnmc/aphorism-cli
test (24)	Run actions/checkout@v7	2026-08-24T15:01:57.6936820Z ##[endgroup]
test (24)	Run actions/checkout@v7	2026-08-24T15:01:57.6938200Z ##[group]Disabling automatic garbage collection
test (24)	Run actions/checkout@v7	2026-08-24T15:01:57.6940139Z [command]/usr/bin/git config --local gc.auto 0
test (24)	Run actions/checkout@v7	2026-08-24T15:01:57.6974112Z ##[endgroup]
test (24)	Run actions/checkout@v7	2026-08-24T15:01:57.6975566Z ##[group]Setting up auth
test (24)	Run actions/checkout@v7	2026-08-24T15:01:57.6976508Z Removing SSH command configuration
test (24)	Run actions/checkout@v7	2026-08-24T15:01:57.6979053Z [command]/usr/bin/git config --local --name-only --get-regexp core\.sshCommand
test (24)	Run actions/checkout@v7	2026-08-24T15:01:57.7020957Z [command]/usr/bin/git submodule foreach --recursive sh -c "git config --local --name-only --get-regexp 'core\.sshCommand' && git config --local --unset-all 'core.sshCommand' || :"
test (24)	Run actions/checkout@v7	2026-08-24T15:01:57.7394341Z Removing HTTP extra header
test (24)	Run actions/checkout@v7	2026-08-24T15:01:57.7401893Z [command]/usr/bin/git config --local --name-only --get-regexp http\.https\:\/\/github\.com\/\.extraheader
test (24)	Run actions/checkout@v7	2026-08-24T15:01:57.7443036Z [command]/usr/bin/git submodule foreach --recursive sh -c "git config --local --name-only --get-regexp 'http\.https\:\/\/github\.com\/\.extraheader' && git config --local --unset-all 'http.https://github.com/.extraheader' || :"
test (24)	Run actions/checkout@v7	2026-08-24T15:01:57.7687460Z Removing includeIf entries pointing to credentials config files
test (24)	Run actions/checkout@v7	2026-08-24T15:01:57.7693316Z [command]/usr/bin/git config --local --name-only --get-regexp ^includeIf\.gitdir:
test (24)	Run actions/checkout@v7	2026-08-24T15:01:57.7732653Z [command]/usr/bin/git submodule foreach --recursive git config --local --show-origin --name-only --get-regexp remote.origin.url
test (24)	Run actions/checkout@v7	2026-08-24T15:01:57.7977652Z [command]/usr/bin/git config --file /home/runner/work/_temp/git-credentials-cb177057-9bbd-41d0-ba50-4ec1e78d130b.config http.https://github.com/.extraheader AUTHORIZATION: basic ***
test (24)	Run actions/checkout@v7	2026-08-24T15:01:57.8021653Z [command]/usr/bin/git config --local includeIf.gitdir:/home/runner/work/aphorism-cli/aphorism-cli/.git.path /home/runner/work/_temp/git-credentials-cb177057-9bbd-41d0-ba50-4ec1e78d130b.config
test (24)	Run actions/checkout@v7	2026-08-24T15:01:57.8059410Z [command]/usr/bin/git config --local includeIf.gitdir:/home/runner/work/aphorism-cli/aphorism-cli/.git/worktrees/*.path /home/runner/work/_temp/git-credentials-cb177057-9bbd-41d0-ba50-4ec1e78d130b.config
test (24)	Run actions/checkout@v7	2026-08-24T15:01:57.8100190Z [command]/usr/bin/git config --local includeIf.gitdir:/github/workspace/.git.path /github/runner_temp/git-credentials-cb177057-9bbd-41d0-ba50-4ec1e78d130b.config
test (24)	Run actions/checkout@v7	2026-08-24T15:01:57.8139694Z [command]/usr/bin/git config --local includeIf.gitdir:/github/workspace/.git/worktrees/*.path /github/runner_temp/git-credentials-cb177057-9bbd-41d0-ba50-4ec1e78d130b.config
test (24)	Run actions/checkout@v7	2026-08-24T15:01:57.8174178Z ##[endgroup]
test (24)	Run actions/checkout@v7	2026-08-24T15:01:57.8175790Z ##[group]Fetching the repository
test (24)	Run actions/checkout@v7	2026-08-24T15:01:57.8182260Z [command]/usr/bin/git -c protocol.version=2 fetch --no-tags --prune --no-recurse-submodules --depth=1 origin +02f4668b70658d9d06ee562034e47bcd9ade55c5:refs/remotes/origin/master
test (24)	Run actions/checkout@v7	2026-08-24T15:01:58.8084816Z From https://github.com/trmnmc/aphorism-cli
test (24)	Run actions/checkout@v7	2026-08-24T15:01:58.8086702Z  * [new ref]         02f4668b70658d9d06ee562034e47bcd9ade55c5 -> origin/master
test (24)	Run actions/checkout@v7	2026-08-24T15:01:58.8096143Z [command]/usr/bin/git branch --list --remote origin/master
test (24)	Run actions/checkout@v7	2026-08-24T15:01:58.8129712Z   origin/master
test (24)	Run actions/checkout@v7	2026-08-24T15:01:58.8138255Z [command]/usr/bin/git rev-parse refs/remotes/origin/master
test (24)	Run actions/checkout@v7	2026-08-24T15:01:58.8167657Z 02f4668b70658d9d06ee562034e47bcd9ade55c5
test (24)	Run actions/checkout@v7	2026-08-24T15:01:58.8172265Z ##[endgroup]
test (24)	Run actions/checkout@v7	2026-08-24T15:01:58.8173704Z ##[group]Determining the checkout info
test (24)	Run actions/checkout@v7	2026-08-24T15:01:58.8175629Z ##[endgroup]
test (24)	Run actions/checkout@v7	2026-08-24T15:01:58.8177122Z [command]/usr/bin/git sparse-checkout disable
test (24)	Run actions/checkout@v7	2026-08-24T15:01:58.8233588Z [command]/usr/bin/git config --local --unset-all extensions.worktreeConfig
test (24)	Run actions/checkout@v7	2026-08-24T15:01:58.8270529Z ##[group]Checking out the ref
test (24)	Run actions/checkout@v7	2026-08-24T15:01:58.8274792Z [command]/usr/bin/git checkout --progress --force -B master refs/remotes/origin/master
test (24)	Run actions/checkout@v7	2026-08-24T15:01:58.9299877Z Reset branch 'master'
test (24)	Run actions/checkout@v7	2026-08-24T15:01:58.9310696Z branch 'master' set up to track 'origin/master'.
test (24)	Run actions/checkout@v7	2026-08-24T15:01:58.9317954Z ##[endgroup]
test (24)	Run actions/checkout@v7	2026-08-24T15:01:58.9374703Z [command]/usr/bin/git log -1 --format=%H
test (24)	Run actions/checkout@v7	2026-08-24T15:01:58.9409148Z 02f4668b70658d9d06ee562034e47bcd9ade55c5
test (24)	Run actions/setup-node@v7	﻿2026-08-24T15:01:58.9792695Z ##[group]Run actions/setup-node@v7
test (24)	Run actions/setup-node@v7	2026-08-24T15:01:58.9793877Z with:
test (24)	Run actions/setup-node@v7	2026-08-24T15:01:58.9794718Z   node-version: 24
test (24)	Run actions/setup-node@v7	2026-08-24T15:01:58.9795791Z   check-latest: false
test (24)	Run actions/setup-node@v7	2026-08-24T15:01:58.9805545Z   token: ***
test (24)	Run actions/setup-node@v7	2026-08-24T15:01:58.9806475Z   package-manager-cache: true
test (24)	Run actions/setup-node@v7	2026-08-24T15:01:58.9807545Z ##[endgroup]
test (24)	Run actions/setup-node@v7	2026-08-24T15:01:59.1156666Z Found in cache @ /opt/hostedtoolcache/node/24.19.0/x64
test (24)	Run actions/setup-node@v7	2026-08-24T15:01:59.1158906Z ##[group]Environment details
test (24)	Run actions/setup-node@v7	2026-08-24T15:02:01.8040845Z node: v24.19.0
test (24)	Run actions/setup-node@v7	2026-08-24T15:02:01.8041707Z npm: 11.17.0
test (24)	Run actions/setup-node@v7	2026-08-24T15:02:01.8042029Z yarn: 1.22.22
test (24)	Run actions/setup-node@v7	2026-08-24T15:02:01.8043101Z ##[endgroup]
test (24)	Assert the test glob matches at least one file	﻿2026-08-24T15:02:01.8266391Z ##[group]Run ls test/*.test.js
test (24)	Assert the test glob matches at least one file	2026-08-24T15:02:01.8266802Z [36;1mls test/*.test.js[0m
test (24)	Assert the test glob matches at least one file	2026-08-24T15:02:01.8321405Z shell: /usr/bin/bash -e {0}
test (24)	Assert the test glob matches at least one file	2026-08-24T15:02:01.8321713Z ##[endgroup]
test (24)	Assert the test glob matches at least one file	2026-08-24T15:02:01.8430776Z test/args.test.js
test (24)	Assert the test glob matches at least one file	2026-08-24T15:02:01.8431145Z test/cli.test.js
test (24)	Assert the test glob matches at least one file	2026-08-24T15:02:01.8431554Z test/node-support-citation.test.js
test (24)	Assert the test glob matches at least one file	2026-08-24T15:02:01.8431874Z test/pipe.test.js
test (24)	Assert the test glob matches at least one file	2026-08-24T15:02:01.8432212Z test/readme-matrix-consistency.test.js
test (24)	Assert the test glob matches at least one file	2026-08-24T15:02:01.8432544Z test/readme-tags.test.js
test (24)	Assert the test glob matches at least one file	2026-08-24T15:02:01.8432812Z test/select.test.js
test (24)	Run node --test test/*.test.js	﻿2026-08-24T15:02:01.8518656Z ##[group]Run node --test test/*.test.js
test (24)	Run node --test test/*.test.js	2026-08-24T15:02:01.8519038Z [36;1mnode --test test/*.test.js[0m
test (24)	Run node --test test/*.test.js	2026-08-24T15:02:01.8558824Z shell: /usr/bin/bash -e {0}
test (24)	Run node --test test/*.test.js	2026-08-24T15:02:01.8559126Z ##[endgroup]
test (24)	Run node --test test/*.test.js	2026-08-24T15:02:01.9918698Z ✔ zero args: no error, no filters set (2.195504ms)
test (24)	Run node --test test/*.test.js	2026-08-24T15:02:01.9920860Z ✔ --author <name> sets author string (0.210224ms)
test (24)	Run node --test test/*.test.js	2026-08-24T15:02:01.9922386Z ✔ --author=<name> equals form sets author string (0.138837ms)
test (24)	Run node --test test/*.test.js	2026-08-24T15:02:01.9924176Z ✔ --tag <tag> sets tag string (0.24794ms)
test (24)	Run node --test test/*.test.js	2026-08-24T15:02:01.9925476Z ✔ --tag=<tag> equals form sets tag string (0.214811ms)
test (24)	Run node --test test/*.test.js	2026-08-24T15:02:01.9930505Z ✔ combined --author X --tag Y sets both (0.181241ms)
test (24)	Run node --test test/*.test.js	2026-08-24T15:02:01.9956826Z ✔ --seed <n> parses as a number (0.300689ms)
test (24)	Run node --test test/*.test.js	2026-08-24T15:02:01.9957987Z ✔ --seed=<n> equals form parses as a number (0.139608ms)
test (24)	Run node --test test/*.test.js	2026-08-24T15:02:01.9959101Z ✔ --seed <n> accepts a negative number (0.609539ms)
test (24)	Run node --test test/*.test.js	2026-08-24T15:02:01.9960332Z ✔ --seed=<n> equals form accepts a negative number (0.368099ms)
test (24)	Run node --test test/*.test.js	2026-08-24T15:02:01.9961773Z ✔ non-numeric --seed is a usage error (0.327188ms)
test (24)	Run node --test test/*.test.js	2026-08-24T15:02:01.9963098Z ✔ non-numeric --seed= equals form is a usage error (0.202612ms)
test (24)	Run node --test test/*.test.js	2026-08-24T15:02:01.9975680Z ✔ --list sets list: true (0.169973ms)
test (24)	Run node --test test/*.test.js	2026-08-24T15:02:01.9976733Z ✔ --json sets json: true (0.143363ms)
test (24)	Run node --test test/*.test.js	2026-08-24T15:02:01.9977633Z ✔ --help sets help: true (0.145277ms)
test (24)	Run node --test test/*.test.js	2026-08-24T15:02:01.9978875Z ✔ -h sets help: true (0.151085ms)
test (24)	Run node --test test/*.test.js	2026-08-24T15:02:01.9996804Z ✔ unknown flag is a usage error (0.210233ms)
test (24)	Run node --test test/*.test.js	2026-08-24T15:02:02.0006923Z ✔ unknown short flag is a usage error (0.104927ms)
test (24)	Run node --test test/*.test.js	2026-08-24T15:02:02.0026352Z ✔ --author missing value at end of argv is a usage error (0.113689ms)
test (24)	Run node --test test/*.test.js	2026-08-24T15:02:02.0052378Z ✔ --tag missing value because next token is another flag is a usage error (0.175472ms)
test (24)	Run node --test test/*.test.js	2026-08-24T15:02:02.0053941Z ✔ --seed missing value at end of argv is a usage error (0.090595ms)
test (24)	Run node --test test/*.test.js	2026-08-24T15:02:02.0055110Z ✔ --author= with empty value is a usage error (0.124406ms)
test (24)	Run node --test test/*.test.js	2026-08-24T15:02:02.0056563Z ✔ a bare positional argument (not a flag) is a usage error (0.156884ms)
test (24)	Run node --test test/*.test.js	2026-08-24T15:02:02.0077247Z ✔ parseArgs never throws on malformed input (0.206628ms)
test (24)	Run node --test test/*.test.js	2026-08-24T15:02:02.0079087Z ✔ absent options are undefined/false, never null (0.12079ms)
test (24)	Run node --test test/*.test.js	2026-08-24T15:02:02.0080712Z ✔ HELP is a non-empty string mentioning every flag name (0.13427ms)
test (24)	Run node --test test/*.test.js	2026-08-24T15:02:02.0082299Z ✔ HELP fits comfortably on one 24-line terminal screen (0.084716ms)
test (24)	Run node --test test/*.test.js	2026-08-24T15:02:02.0083918Z ✔ --seed Infinity / --seed -Infinity parse to numbers, not a usage error (0.109733ms)
test (24)	Run node --test test/*.test.js	2026-08-24T15:02:05.2072143Z ✔ bare invocation prints one attributed aphorism and exits 0 (46.067639ms)
test (24)	Run node --test test/*.test.js	2026-08-24T15:02:05.2076024Z ✔ --seed is deterministic across separate processes (92.343359ms)
test (24)	Run node --test test/*.test.js	2026-08-24T15:02:05.2077036Z ✔ different seeds do not all collapse to one aphorism (475.020297ms)
test (24)	Run node --test test/*.test.js	2026-08-24T15:02:05.2082974Z ✔ --json emits a single-line JSON object with text/author/tags (35.811547ms)
test (24)	Run node --test test/*.test.js	2026-08-24T15:02:05.2084221Z ✔ --list prints every entry in the filtered set (35.090675ms)
test (24)	Run node --test test/*.test.js	2026-08-24T15:02:05.2085850Z ✔ --help prints usage to stdout and exits 0 (33.579322ms)
test (24)	Run node --test test/*.test.js	2026-08-24T15:02:05.2093339Z ✔ no match exits 1 with stderr only and zero bytes on stdout (43.522454ms)
test (24)	Run node --test test/*.test.js	2026-08-24T15:02:05.2098175Z ✔ unknown flag is a usage error, exit 2, stdout clean (44.090245ms)
test (24)	Run node --test test/*.test.js	2026-08-24T15:02:05.2099129Z ✔ non-numeric seed is a usage error, exit 2 (37.605221ms)
test (24)	Run node --test test/*.test.js	2026-08-24T15:02:05.2101680Z ✔ author filter is case-insensitive and narrows the list (67.047442ms)
test (24)	Run node --test test/*.test.js	2026-08-24T15:02:05.2104444Z ✔ output is pipe-safe — no ANSI escapes when not a TTY (34.636997ms)
test (24)	Run node --test test/*.test.js	2026-08-24T15:02:05.2106799Z ✔ --tag matches membership, not substring containment (68.885483ms)
test (24)	Run node --test test/*.test.js	2026-08-24T15:02:05.2109388Z ✔ --list prints exactly one line per matching entry, no drops (33.14721ms)
test (24)	Run node --test test/*.test.js	2026-08-24T15:02:05.2111444Z ✔ --list preserves corpus order (first and last line match) (31.090047ms)
test (24)	Run node --test test/*.test.js	2026-08-24T15:02:05.2114469Z ✔ --json output is exactly one line, never pretty-printed (29.403491ms)
test (24)	Run node --test test/*.test.js	2026-08-24T15:02:05.2116736Z ✔ --list --json emits newline-delimited JSON, one object per line, in corpus order (40.120471ms)
test (24)	Run node --test test/*.test.js	2026-08-24T15:02:05.2124079Z ✔ --json composes with --seed: the seeded JSON pick is reproducible AND is the same entry as the plain-text pick (560.510232ms)
test (24)	Run node --test test/*.test.js	2026-08-24T15:02:05.2126974Z ✔ --json composes with the filter flags: the JSON pick is always a member of the FILTERED set (745.926202ms)
test (24)	Run node --test test/*.test.js	2026-08-24T15:02:05.2130766Z ✔ --list accepts a valid --seed and IGNORES it: output is byte-identical across seeds (309.196292ms)
test (24)	Run node --test test/*.test.js	2026-08-24T15:02:05.2132335Z ✔ --list --seed abc is a usage error, exit 2, stdout empty, stderr carries the diagnostic (29.428479ms)
test (24)	Run node --test test/*.test.js	2026-08-24T15:02:05.2134943Z ✔ --seed abc --list (erroring flag BEFORE --list) is still a usage error, exit 2, stdout empty (31.853285ms)
test (24)	Run node --test test/*.test.js	2026-08-24T15:02:05.2137869Z ✔ --list --seed=  (empty seed value) is a usage error, exit 2, stdout empty (31.00455ms)
test (24)	Run node --test test/*.test.js	2026-08-24T15:02:05.2147769Z ✔ --list --seed "   " (whitespace-only seed value) is a usage error, exit 2, stdout empty (30.94436ms)
test (24)	Run node --test test/*.test.js	2026-08-24T15:02:05.2149624Z ✔ --list --nosuchflag (unknown flag) is a usage error, exit 2, stdout empty — --list does not swallow it (30.19308ms)
test (24)	Run node --test test/*.test.js	2026-08-24T15:02:05.2156489Z ✔ --nosuchflag --list (unknown flag BEFORE --list) is still a usage error, exit 2, stdout empty (32.407703ms)
test (24)	Run node --test test/*.test.js	2026-08-24T15:02:05.2158200Z ✔ plain single-pick output is TWO lines: text, newline, four-space indent, EM DASH, space, author (31.04827ms)
test (24)	Run node --test test/*.test.js	2026-08-24T15:02:05.2165690Z ✔ --seed Infinity and --seed -Infinity (typed as CLI strings) are accepted and deterministic (134.584802ms)
test (24)	Run node --test test/*.test.js	2026-08-24T15:02:05.2167456Z ✔ --list with a filter that matches nothing is STILL exit 1, stderr only, stdout empty (64.77538ms)
test (24)	Run node --test test/*.test.js	2026-08-24T15:02:05.2169779Z ✔ --tag "" (bare empty-string value) matches nothing: whole-tag equality against the literal "" is not a filter no-op (30.782633ms)
test (24)	Run node --test test/*.test.js	2026-08-24T15:02:05.2256529Z ﹣ README Node support citation: cited git diff must be empty (or the check must skip on a missing precondition) (21.281975ms) # cited base commit 7e50d6f is not reachable in this checkout (this is a shallow clone) -- cannot evaluate the README's Node support citation
test (24)	Run node --test test/*.test.js	2026-08-24T15:02:05.2260031Z ﹣ README Node support citation: base-to-working-tree diff must also be empty, so an uncommitted falsification is visible now (or the check must skip on a missing precondition) (13.59798ms) # cited base commit 7e50d6f is not reachable in this checkout (this is a shallow clone) -- cannot evaluate the README's Node support citation
test (24)	Run node --test test/*.test.js	2026-08-24T15:02:05.2263814Z ✔ --list | true: exits quietly, zero stderr, no crash banner (59.1195ms)
test (24)	Run node --test test/*.test.js	2026-08-24T15:02:05.2264733Z ✔ | true (no --list, single aphorism): exits quietly, zero stderr (47.077881ms)
test (24)	Run node --test test/*.test.js	2026-08-24T15:02:05.2265838Z ✔ --list | head -0: exits quietly, zero stderr, no crash banner (49.144042ms)
test (24)	Run node --test test/*.test.js	2026-08-24T15:02:05.2266601Z ✔ --list | /nonexistent-cmd-xyz: no crash banner from the CLI itself (47.048728ms)
test (24)	Run node --test test/*.test.js	2026-08-24T15:02:05.2267829Z ✔ non-EPIPE stdout write failure: reported, not silent, not exit 1, no stack trace (40.536726ms)
test (24)	Run node --test test/*.test.js	2026-08-24T15:02:05.2269021Z ✔ usage error survives a closed stderr reader: still exits 2, not clobbered to 1 (130.13069ms)
test (24)	Run node --test test/*.test.js	2026-08-24T15:02:05.2269838Z ✔ no-match exit code survives a closed stderr reader: still exits 1, not misreported (136.492498ms)
test (24)	Run node --test test/*.test.js	2026-08-24T15:02:05.2270735Z ✔ non-EPIPE stderr write failure: not silent, not the earned exit code, no stack trace (43.612222ms)
test (24)	Run node --test test/*.test.js	2026-08-24T15:02:05.2271835Z ✔ control: --list | head -1 stays completely clean (47.445748ms)
test (24)	Run node --test test/*.test.js	2026-08-24T15:02:05.2272442Z ✔ control: --list | head -5 stays completely clean (46.622808ms)
test (24)	Run node --test test/*.test.js	2026-08-24T15:02:05.2272977Z ✔ control: --list | sed 1q stays completely clean (33.994999ms)
test (24)	Run node --test test/*.test.js	2026-08-24T15:02:05.2273528Z ✔ control: --list | grep -q . stays completely clean (34.702774ms)
test (24)	Run node --test test/*.test.js	2026-08-24T15:02:05.2274024Z ✔ control: | wc -l stays completely clean (37.072146ms)
test (24)	Run node --test test/*.test.js	2026-08-24T15:02:05.2274571Z ✔ control: --list --json | head -2 stays completely clean (33.041589ms)
test (24)	Run node --test test/*.test.js	2026-08-24T15:02:05.2275392Z ✔ control: exit 1 / exit 2 stderr messages and codes are unchanged (66.613864ms)
test (24)	Run node --test test/*.test.js	2026-08-24T15:02:05.2276487Z ✔ control: a normal (non-full) stdout target still exits 0 with empty stderr (65.163566ms)
test (24)	Run node --test test/*.test.js	2026-08-24T15:02:05.2277188Z ✔ README Node support matrix: table must be present and non-empty (1.52253ms)
test (24)	Run node --test test/*.test.js	2026-08-24T15:02:05.2277988Z ✔ README Node support matrix: each row's own arithmetic must hold (tests = pass + fail + skipped) (0.556359ms)
test (24)	Run node --test test/*.test.js	2026-08-24T15:02:05.2279067Z ✔ README Node support matrix: all rows must agree with each other (0.425795ms)
test (24)	Run node --test test/*.test.js	2026-08-24T15:02:05.2280050Z ✔ README Node support matrix: cited Actions run id must match between the link text and the link URL (1.755088ms)
test (24)	Run node --test test/*.test.js	2026-08-24T15:02:05.2281046Z ✔ README Node support matrix: cited commit must match between the prose and the falsification-condition command (0.499565ms)
test (24)	Run node --test test/*.test.js	2026-08-24T15:02:05.2281892Z ✔ README tags must exist in corpus (3.175876ms)
test (24)	Run node --test test/*.test.js	2026-08-24T15:02:05.2282532Z ✔ README tag counts must match corpus (0.42243ms)
test (24)	Run node --test test/*.test.js	2026-08-24T15:02:05.2283046Z ✔ README must state total unique tags correctly (1.080251ms)
test (24)	Run node --test test/*.test.js	2026-08-24T15:02:05.2283533Z ✔ README must list all single-entry tags (0.397212ms)
test (24)	Run node --test test/*.test.js	2026-08-24T15:02:05.2284379Z ✔ assertTagVocabCountsTableWellFormed fails loud on a DUPLICATED row label, whichever order the rows appear in (Q-4) (1.3949ms)
test (24)	Run node --test test/*.test.js	2026-08-24T15:02:05.2285621Z ✔ assertTagVocabCountsTableWellFormed fails loud on a row label no guard in this file reads (Q-4) (6.742596ms)
test (24)	Run node --test test/*.test.js	2026-08-24T15:02:05.2286810Z ✔ parseTagVocabCountsTable returns null when the counts table is missing or malformed, and both readers fail loud on that null (Q-4) (0.495139ms)
test (24)	Run node --test test/*.test.js	2026-08-24T15:02:05.2287990Z ✔ readTagVocabCount fails loud when a row value is not a plain integer, or when its row is absent (Q-4) (1.730416ms)
test (24)	Run node --test test/*.test.js	2026-08-24T15:02:05.2289582Z ✔ extractBandTablesFromReadme tolerates a prose sentence between a band heading and its table (T-025), without mis-attaching a table when the real one is missing (2.573588ms)
test (24)	Run node --test test/*.test.js	2026-08-24T15:02:05.2290928Z ✔ extractBandTablesFromReadme does not let a band-shaped PROSE line steal a real heading's table (T-039) (0.49637ms)
test (24)	Run node --test test/*.test.js	2026-08-24T15:02:05.2291973Z ✔ extractBandTablesFromReadme does not read a fenced example block as a second, real band table (0.266077ms)
test (24)	Run node --test test/*.test.js	2026-08-24T15:02:05.2293442Z ✔ extractBandTablesFromReadme's recognised bands account for every structural `| Tag | Count |` table -- a table under an unrecognised heading shape is a loud mismatch, not a silent miss (0.431324ms)
test (24)	Run node --test test/*.test.js	2026-08-24T15:02:05.2294995Z ✔ every `| Tag | Count |` table in the real README Tag vocabulary section is a recognised band table (no table may hide under an unrecognised heading shape) (0.426496ms)
test (24)	Run node --test test/*.test.js	2026-08-24T15:02:05.2296802Z ✔ every band table in README Tag vocabulary contains exactly the corpus tags whose count fits that band (0.497802ms)
test (24)	Run node --test test/*.test.js	2026-08-24T15:02:05.2298106Z ✔ every corpus tag appearing on 2+ entries must have a row in some band table (no band table may be deleted wholesale) (T-019) (0.383813ms)
test (24)	Run node --test test/*.test.js	2026-08-24T15:02:05.2299392Z ✔ extractBandTablesFromReadme derives a band's row count purely from its table, ignoring decoy "N tags" phrases in the heading line (T-024b) (0.217684ms)
test (24)	Run node --test test/*.test.js	2026-08-24T15:02:05.2300349Z ✔ README must state correct multi-entry and single-entry tag counts (0.4357ms)
test (24)	Run node --test test/*.test.js	2026-08-24T15:02:05.2301553Z ✔ README Tag vocabulary section must contain no unrecognised count-claim digits (J-5) (0.485104ms)
test (24)	Run node --test test/*.test.js	2026-08-24T15:02:05.2302890Z ✔ README Attribution table "Entries ranked" count must match corpus.length and the triage doc (C1) (1.228883ms)
test (24)	Run node --test test/*.test.js	2026-08-24T15:02:05.2303970Z ✔ README Attribution table "Rated HIGH risk" count must match the triage doc table (C2) (0.680935ms)
test (24)	Run node --test test/*.test.js	2026-08-24T15:02:05.2304792Z ✔ README Attribution section must contain no digit runs outside the counts table (C7) (0.423111ms)
test (24)	Run node --test test/*.test.js	2026-08-24T15:02:05.2305695Z ✔ README Layout section paths must exist on disk (C6) (0.533156ms)
test (24)	Run node --test test/*.test.js	2026-08-24T15:02:05.2306501Z ✔ getListBehaviourSection tolerates a reformatted "--list behaviour" heading with no backticks (T-021) (0.545383ms)
test (24)	Run node --test test/*.test.js	2026-08-24T15:02:05.2307886Z ✔ getListBehaviourSection still fails on a SEPARATOR MISMATCH (not a heading-parse error) when a reformatted heading's literal is mutated (T-021) (0.326968ms)
test (24)	Run node --test test/*.test.js	2026-08-24T15:02:05.2309043Z ✔ getListBehaviourSection reports ambiguity loudly instead of taking the first of two qualifying headings (T-021) (0.37554ms)
test (24)	Run node --test test/*.test.js	2026-08-24T15:02:05.2310016Z ✔ getListBehaviourSection does not let "--list-only" satisfy the standalone `--list` token (T-021) (0.212837ms)
test (24)	Run node --test test/*.test.js	2026-08-24T15:02:05.2310910Z ✔ getListBehaviourSection tolerates the American spelling "behavior" in the heading (T-027) (0.173659ms)
test (24)	Run node --test test/*.test.js	2026-08-24T15:02:05.2311962Z ✔ getListBehaviourSection still fails on a SEPARATOR MISMATCH (not a heading-parse error) under an American-spelled heading (T-027) (0.188871ms)
test (24)	Run node --test test/*.test.js	2026-08-24T15:02:05.2312985Z ✔ README `--list` format literal matches the shipped binary's actual --list output (T-017) (37.085765ms)
test (24)	Run node --test test/*.test.js	2026-08-24T15:02:05.2313862Z ✔ README `--author` matching section must state the correct count of distinct corpus authors (Q-8) (0.50274ms)
test (24)	Run node --test test/*.test.js	2026-08-24T15:02:05.2314481Z ✔ corpus has at least 40 entries (1.368391ms)
test (24)	Run node --test test/*.test.js	2026-08-24T15:02:05.2315101Z ✔ every corpus entry has non-empty text, non-empty author, and an array of tags (1.439046ms)
test (24)	Run node --test test/*.test.js	2026-08-24T15:02:05.2316060Z ✔ filter: author match is case-insensitive (1.230626ms)
test (24)	Run node --test test/*.test.js	2026-08-24T15:02:05.2316541Z ✔ filter: tag match is case-insensitive (0.381579ms)
test (24)	Run node --test test/*.test.js	2026-08-24T15:02:05.2317113Z ✔ filter: author and tag together narrow to the intersection (AND) (0.331564ms)
test (24)	Run node --test test/*.test.js	2026-08-24T15:02:05.2317697Z ✔ filter: undefined/absent options do not filter (0.213078ms)
test (24)	Run node --test test/*.test.js	2026-08-24T15:02:05.2318320Z ✔ pick: same seed over the same candidates always returns the same element (0.586605ms)
test (24)	Run node --test test/*.test.js	2026-08-24T15:02:05.2319140Z ✔ pick: different seeds generally produce different results (0.258145ms)
test (24)	Run node --test test/*.test.js	2026-08-24T15:02:05.2319753Z ✔ pick: undefined seed picks a valid member (random mode) (0.219087ms)
test (24)	Run node --test test/*.test.js	2026-08-24T15:02:05.2320387Z ✔ pick: null seed also triggers random mode and returns a valid member (3.540411ms)
test (24)	Run node --test test/*.test.js	2026-08-24T15:02:05.2321002Z ✔ pick: throws RangeError on empty candidates array (0.492274ms)
test (24)	Run node --test test/*.test.js	2026-08-24T15:02:05.2321614Z ✔ pick: Infinity seed is deterministic and returns a valid member (0.250865ms)
test (24)	Run node --test test/*.test.js	2026-08-24T15:02:05.2322267Z ✔ pick: -Infinity seed is deterministic and returns a valid member (0.251345ms)
test (24)	Run node --test test/*.test.js	2026-08-24T15:02:05.2322940Z ✔ pick: NaN seed still uses the random branch and returns a valid member (0.163223ms)
test (24)	Run node --test test/*.test.js	2026-08-24T15:02:05.2323645Z ✔ pick: finite seed determinism is unchanged by the non-finite-seed fix (0.253818ms)
test (24)	Run node --test test/*.test.js	2026-08-24T15:02:05.2324315Z ✔ pick: every candidate is REACHABLE by an unseeded draw (2.722109ms)
test (24)	Run node --test test/*.test.js	2026-08-24T15:02:05.2325056Z ✔ pick: unseeded draws split the interval EQUALLY across candidates (uniform) (1.009095ms)
test (24)	Run node --test test/*.test.js	2026-08-24T15:02:05.2326050Z ✔ pick: single-element candidates always returns that element regardless of seed (0.214119ms)
test (24)	Run node --test test/*.test.js	2026-08-24T15:02:05.2326543Z ℹ tests 128
test (24)	Run node --test test/*.test.js	2026-08-24T15:02:05.2326776Z ℹ suites 0
test (24)	Run node --test test/*.test.js	2026-08-24T15:02:05.2326995Z ℹ pass 126
test (24)	Run node --test test/*.test.js	2026-08-24T15:02:05.2327217Z ℹ fail 0
test (24)	Run node --test test/*.test.js	2026-08-24T15:02:05.2327439Z ℹ cancelled 0
test (24)	Run node --test test/*.test.js	2026-08-24T15:02:05.2327670Z ℹ skipped 2
test (24)	Run node --test test/*.test.js	2026-08-24T15:02:05.2327918Z ℹ todo 0
test (24)	Run node --test test/*.test.js	2026-08-24T15:02:05.2328178Z ℹ duration_ms 3313.340442
test (24)	Coverage report (informational, not a gate)	﻿2026-08-24T15:02:05.2386205Z ##[group]Run node --test --experimental-test-coverage test/*.test.js \
test (24)	Coverage report (informational, not a gate)	2026-08-24T15:02:05.2386817Z [36;1mnode --test --experimental-test-coverage test/*.test.js \[0m
test (24)	Coverage report (informational, not a gate)	2026-08-24T15:02:05.2387623Z [36;1m  || echo "NOTE: --experimental-test-coverage exited non-zero on Node 24 (see output above). This step is informational only and does not affect job status."[0m
test (24)	Coverage report (informational, not a gate)	2026-08-24T15:02:05.2428623Z shell: /usr/bin/bash -e {0}
test (24)	Coverage report (informational, not a gate)	2026-08-24T15:02:05.2428893Z ##[endgroup]
test (24)	Coverage report (informational, not a gate)	2026-08-24T15:02:05.3815827Z ✔ zero args: no error, no filters set (2.23973ms)
test (24)	Coverage report (informational, not a gate)	2026-08-24T15:02:05.3851918Z ✔ --author <name> sets author string (0.179267ms)
test (24)	Coverage report (informational, not a gate)	2026-08-24T15:02:05.3857731Z ✔ --author=<name> equals form sets author string (0.122543ms)
test (24)	Coverage report (informational, not a gate)	2026-08-24T15:02:05.3860079Z ✔ --tag <tag> sets tag string (0.164725ms)
test (24)	Coverage report (informational, not a gate)	2026-08-24T15:02:05.3861365Z ✔ --tag=<tag> equals form sets tag string (0.320788ms)
test (24)	Coverage report (informational, not a gate)	2026-08-24T15:02:05.3862469Z ✔ combined --author X --tag Y sets both (0.190414ms)
test (24)	Coverage report (informational, not a gate)	2026-08-24T15:02:05.3863478Z ✔ --seed <n> parses as a number (0.321389ms)
test (24)	Coverage report (informational, not a gate)	2026-08-24T15:02:05.3864663Z ✔ --seed=<n> equals form parses as a number (0.193188ms)
test (24)	Coverage report (informational, not a gate)	2026-08-24T15:02:05.3865967Z ✔ --seed <n> accepts a negative number (0.337754ms)
test (24)	Coverage report (informational, not a gate)	2026-08-24T15:02:05.3867246Z ✔ --seed=<n> equals form accepts a negative number (0.148781ms)
test (24)	Coverage report (informational, not a gate)	2026-08-24T15:02:05.3868467Z ✔ non-numeric --seed is a usage error (0.370462ms)
test (24)	Coverage report (informational, not a gate)	2026-08-24T15:02:05.3869519Z ✔ non-numeric --seed= equals form is a usage error (0.49609ms)
test (24)	Coverage report (informational, not a gate)	2026-08-24T15:02:05.3870492Z ✔ --list sets list: true (0.133729ms)
test (24)	Coverage report (informational, not a gate)	2026-08-24T15:02:05.3871340Z ✔ --json sets json: true (0.151566ms)
test (24)	Coverage report (informational, not a gate)	2026-08-24T15:02:05.3872184Z ✔ --help sets help: true (0.160269ms)
test (24)	Coverage report (informational, not a gate)	2026-08-24T15:02:05.3873049Z ✔ -h sets help: true (0.143734ms)
test (24)	Coverage report (informational, not a gate)	2026-08-24T15:02:05.3873964Z ✔ unknown flag is a usage error (0.216232ms)
test (24)	Coverage report (informational, not a gate)	2026-08-24T15:02:05.3875815Z ✔ unknown short flag is a usage error (0.124255ms)
test (24)	Coverage report (informational, not a gate)	2026-08-24T15:02:05.3920209Z ✔ --author missing value at end of argv is a usage error (0.158547ms)
test (24)	Coverage report (informational, not a gate)	2026-08-24T15:02:05.3928570Z ✔ --tag missing value because next token is another flag is a usage error (0.110344ms)
test (24)	Coverage report (informational, not a gate)	2026-08-24T15:02:05.3957041Z ✔ --seed missing value at end of argv is a usage error (0.083785ms)
test (24)	Coverage report (informational, not a gate)	2026-08-24T15:02:05.3968558Z ✔ --author= with empty value is a usage error (0.089763ms)
test (24)	Coverage report (informational, not a gate)	2026-08-24T15:02:05.3976074Z ✔ a bare positional argument (not a flag) is a usage error (0.072819ms)
test (24)	Coverage report (informational, not a gate)	2026-08-24T15:02:05.3996439Z ✔ parseArgs never throws on malformed input (0.321961ms)
test (24)	Coverage report (informational, not a gate)	2026-08-24T15:02:05.4026240Z ✔ absent options are undefined/false, never null (0.16783ms)
test (24)	Coverage report (informational, not a gate)	2026-08-24T15:02:05.4036367Z ✔ HELP is a non-empty string mentioning every flag name (0.170685ms)
test (24)	Coverage report (informational, not a gate)	2026-08-24T15:02:05.4057196Z ✔ HELP fits comfortably on one 24-line terminal screen (0.130935ms)
test (24)	Coverage report (informational, not a gate)	2026-08-24T15:02:05.4086557Z ✔ --seed Infinity / --seed -Infinity parse to numbers, not a usage error (0.212978ms)
test (24)	Coverage report (informational, not a gate)	2026-08-24T15:02:09.2038412Z ✔ bare invocation prints one attributed aphorism and exits 0 (59.031708ms)
test (24)	Coverage report (informational, not a gate)	2026-08-24T15:02:09.2040028Z ✔ --seed is deterministic across separate processes (91.899538ms)
test (24)	Coverage report (informational, not a gate)	2026-08-24T15:02:09.2041431Z ✔ different seeds do not all collapse to one aphorism (568.087185ms)
test (24)	Coverage report (informational, not a gate)	2026-08-24T15:02:09.2042822Z ✔ --json emits a single-line JSON object with text/author/tags (41.274817ms)
test (24)	Coverage report (informational, not a gate)	2026-08-24T15:02:09.2045060Z ✔ --list prints every entry in the filtered set (39.259691ms)
test (24)	Coverage report (informational, not a gate)	2026-08-24T15:02:09.2052295Z ✔ --help prints usage to stdout and exits 0 (39.595472ms)
test (24)	Coverage report (informational, not a gate)	2026-08-24T15:02:09.2055175Z ✔ no match exits 1 with stderr only and zero bytes on stdout (37.915436ms)
test (24)	Coverage report (informational, not a gate)	2026-08-24T15:02:09.2057740Z ✔ unknown flag is a usage error, exit 2, stdout clean (37.635088ms)
test (24)	Coverage report (informational, not a gate)	2026-08-24T15:02:09.2058724Z ✔ non-numeric seed is a usage error, exit 2 (40.36477ms)
test (24)	Coverage report (informational, not a gate)	2026-08-24T15:02:09.2059677Z ✔ author filter is case-insensitive and narrows the list (87.720294ms)
test (24)	Coverage report (informational, not a gate)	2026-08-24T15:02:09.2064429Z ✔ output is pipe-safe — no ANSI escapes when not a TTY (38.729721ms)
test (24)	Coverage report (informational, not a gate)	2026-08-24T15:02:09.2066158Z ✔ --tag matches membership, not substring containment (82.486184ms)
test (24)	Coverage report (informational, not a gate)	2026-08-24T15:02:09.2067640Z ✔ --list prints exactly one line per matching entry, no drops (39.62082ms)
test (24)	Coverage report (informational, not a gate)	2026-08-24T15:02:09.2072907Z ✔ --list preserves corpus order (first and last line match) (38.449332ms)
test (24)	Coverage report (informational, not a gate)	2026-08-24T15:02:09.2080313Z ✔ --json output is exactly one line, never pretty-printed (36.602178ms)
test (24)	Coverage report (informational, not a gate)	2026-08-24T15:02:09.2087214Z ✔ --list --json emits newline-delimited JSON, one object per line, in corpus order (40.376462ms)
test (24)	Coverage report (informational, not a gate)	2026-08-24T15:02:09.2101817Z ✔ --json composes with --seed: the seeded JSON pick is reproducible AND is the same entry as the plain-text pick (702.075738ms)
test (24)	Coverage report (informational, not a gate)	2026-08-24T15:02:09.2103604Z ✔ --json composes with the filter flags: the JSON pick is always a member of the FILTERED set (911.020744ms)
test (24)	Coverage report (informational, not a gate)	2026-08-24T15:02:09.2105064Z ✔ --list accepts a valid --seed and IGNORES it: output is byte-identical across seeds (379.950751ms)
test (24)	Coverage report (informational, not a gate)	2026-08-24T15:02:09.2106694Z ✔ --list --seed abc is a usage error, exit 2, stdout empty, stderr carries the diagnostic (38.355162ms)
test (24)	Coverage report (informational, not a gate)	2026-08-24T15:02:09.2108226Z ✔ --seed abc --list (erroring flag BEFORE --list) is still a usage error, exit 2, stdout empty (37.768397ms)
test (24)	Coverage report (informational, not a gate)	2026-08-24T15:02:09.2109575Z ✔ --list --seed=  (empty seed value) is a usage error, exit 2, stdout empty (36.654596ms)
test (24)	Coverage report (informational, not a gate)	2026-08-24T15:02:09.2148392Z ✔ --list --seed "   " (whitespace-only seed value) is a usage error, exit 2, stdout empty (37.152414ms)
test (24)	Coverage report (informational, not a gate)	2026-08-24T15:02:09.2150059Z ✔ --list --nosuchflag (unknown flag) is a usage error, exit 2, stdout empty — --list does not swallow it (37.515705ms)
test (24)	Coverage report (informational, not a gate)	2026-08-24T15:02:09.2151678Z ✔ --nosuchflag --list (unknown flag BEFORE --list) is still a usage error, exit 2, stdout empty (39.983942ms)
test (24)	Coverage report (informational, not a gate)	2026-08-24T15:02:09.2153270Z ✔ plain single-pick output is TWO lines: text, newline, four-space indent, EM DASH, space, author (38.303956ms)
test (24)	Coverage report (informational, not a gate)	2026-08-24T15:02:09.2154749Z ✔ --seed Infinity and --seed -Infinity (typed as CLI strings) are accepted and deterministic (150.689816ms)
test (24)	Coverage report (informational, not a gate)	2026-08-24T15:02:09.2156426Z ✔ --list with a filter that matches nothing is STILL exit 1, stderr only, stdout empty (73.46883ms)
test (24)	Coverage report (informational, not a gate)	2026-08-24T15:02:09.2157987Z ✔ --tag "" (bare empty-string value) matches nothing: whole-tag equality against the literal "" is not a filter no-op (35.719357ms)
test (24)	Coverage report (informational, not a gate)	2026-08-24T15:02:09.2323281Z ﹣ README Node support citation: cited git diff must be empty (or the check must skip on a missing precondition) (20.073417ms) # cited base commit 7e50d6f is not reachable in this checkout (this is a shallow clone) -- cannot evaluate the README's Node support citation
test (24)	Coverage report (informational, not a gate)	2026-08-24T15:02:09.2326298Z ﹣ README Node support citation: base-to-working-tree diff must also be empty, so an uncommitted falsification is visible now (or the check must skip on a missing precondition) (17.130704ms) # cited base commit 7e50d6f is not reachable in this checkout (this is a shallow clone) -- cannot evaluate the README's Node support citation
test (24)	Coverage report (informational, not a gate)	2026-08-24T15:02:09.2328114Z ✔ --list | true: exits quietly, zero stderr, no crash banner (58.277344ms)
test (24)	Coverage report (informational, not a gate)	2026-08-24T15:02:09.2328847Z ✔ | true (no --list, single aphorism): exits quietly, zero stderr (58.383482ms)
test (24)	Coverage report (informational, not a gate)	2026-08-24T15:02:09.2329601Z ✔ --list | head -0: exits quietly, zero stderr, no crash banner (61.740018ms)
test (24)	Coverage report (informational, not a gate)	2026-08-24T15:02:09.2330312Z ✔ --list | /nonexistent-cmd-xyz: no crash banner from the CLI itself (57.857587ms)
test (24)	Coverage report (informational, not a gate)	2026-08-24T15:02:09.2331067Z ✔ non-EPIPE stdout write failure: reported, not silent, not exit 1, no stack trace (57.232466ms)
test (24)	Coverage report (informational, not a gate)	2026-08-24T15:02:09.2331868Z ✔ usage error survives a closed stderr reader: still exits 2, not clobbered to 1 (136.798359ms)
test (24)	Coverage report (informational, not a gate)	2026-08-24T15:02:09.2332682Z ✔ no-match exit code survives a closed stderr reader: still exits 1, not misreported (128.890976ms)
test (24)	Coverage report (informational, not a gate)	2026-08-24T15:02:09.2333503Z ✔ non-EPIPE stderr write failure: not silent, not the earned exit code, no stack trace (42.506363ms)
test (24)	Coverage report (informational, not a gate)	2026-08-24T15:02:09.2336067Z ✔ control: --list | head -1 stays completely clean (40.779423ms)
test (24)	Coverage report (informational, not a gate)	2026-08-24T15:02:09.2366663Z ✔ control: --list | head -5 stays completely clean (41.46849ms)
test (24)	Coverage report (informational, not a gate)	2026-08-24T15:02:09.2367676Z ✔ control: --list | sed 1q stays completely clean (39.239ms)
test (24)	Coverage report (informational, not a gate)	2026-08-24T15:02:09.2368607Z ✔ control: --list | grep -q . stays completely clean (42.483228ms)
test (24)	Coverage report (informational, not a gate)	2026-08-24T15:02:09.2369888Z ✔ control: | wc -l stays completely clean (40.805757ms)
test (24)	Coverage report (informational, not a gate)	2026-08-24T15:02:09.2370829Z ✔ control: --list --json | head -2 stays completely clean (39.657745ms)
test (24)	Coverage report (informational, not a gate)	2026-08-24T15:02:09.2371886Z ✔ control: exit 1 / exit 2 stderr messages and codes are unchanged (77.741959ms)
test (24)	Coverage report (informational, not a gate)	2026-08-24T15:02:09.2373090Z ✔ control: a normal (non-full) stdout target still exits 0 with empty stderr (79.260347ms)
test (24)	Coverage report (informational, not a gate)	2026-08-24T15:02:09.2374301Z ✔ README Node support matrix: table must be present and non-empty (1.87074ms)
test (24)	Coverage report (informational, not a gate)	2026-08-24T15:02:09.2375832Z ✔ README Node support matrix: each row's own arithmetic must hold (tests = pass + fail + skipped) (0.42892ms)
test (24)	Coverage report (informational, not a gate)	2026-08-24T15:02:09.2377149Z ✔ README Node support matrix: all rows must agree with each other (0.412876ms)
test (24)	Coverage report (informational, not a gate)	2026-08-24T15:02:09.2378536Z ✔ README Node support matrix: cited Actions run id must match between the link text and the link URL (0.463421ms)
test (24)	Coverage report (informational, not a gate)	2026-08-24T15:02:09.2380333Z ✔ README Node support matrix: cited commit must match between the prose and the falsification-condition command (0.421088ms)
test (24)	Coverage report (informational, not a gate)	2026-08-24T15:02:09.2381513Z ✔ README tags must exist in corpus (2.512517ms)
test (24)	Coverage report (informational, not a gate)	2026-08-24T15:02:09.2382249Z ✔ README tag counts must match corpus (0.620736ms)
test (24)	Coverage report (informational, not a gate)	2026-08-24T15:02:09.2383038Z ✔ README must state total unique tags correctly (1.35439ms)
test (24)	Coverage report (informational, not a gate)	2026-08-24T15:02:09.2383832Z ✔ README must list all single-entry tags (0.419746ms)
test (24)	Coverage report (informational, not a gate)	2026-08-24T15:02:09.2385587Z ✔ assertTagVocabCountsTableWellFormed fails loud on a DUPLICATED row label, whichever order the rows appear in (Q-4) (2.173942ms)
test (24)	Coverage report (informational, not a gate)	2026-08-24T15:02:09.2387454Z ✔ assertTagVocabCountsTableWellFormed fails loud on a row label no guard in this file reads (Q-4) (1.822018ms)
test (24)	Coverage report (informational, not a gate)	2026-08-24T15:02:09.2389344Z ✔ parseTagVocabCountsTable returns null when the counts table is missing or malformed, and both readers fail loud on that null (Q-4) (1.775468ms)
test (24)	Coverage report (informational, not a gate)	2026-08-24T15:02:09.2391207Z ✔ readTagVocabCount fails loud when a row value is not a plain integer, or when its row is absent (Q-4) (1.008494ms)
test (24)	Coverage report (informational, not a gate)	2026-08-24T15:02:09.2393416Z ✔ extractBandTablesFromReadme tolerates a prose sentence between a band heading and its table (T-025), without mis-attaching a table when the real one is missing (1.189444ms)
test (24)	Coverage report (informational, not a gate)	2026-08-24T15:02:09.2395674Z ✔ extractBandTablesFromReadme does not let a band-shaped PROSE line steal a real heading's table (T-039) (0.203053ms)
test (24)	Coverage report (informational, not a gate)	2026-08-24T15:02:09.2397410Z ✔ extractBandTablesFromReadme does not read a fenced example block as a second, real band table (0.377694ms)
test (24)	Coverage report (informational, not a gate)	2026-08-24T15:02:09.2400091Z ✔ extractBandTablesFromReadme's recognised bands account for every structural `| Tag | Count |` table -- a table under an unrecognised heading shape is a loud mismatch, not a silent miss (0.418854ms)
test (24)	Coverage report (informational, not a gate)	2026-08-24T15:02:09.2402696Z ✔ every `| Tag | Count |` table in the real README Tag vocabulary section is a recognised band table (no table may hide under an unrecognised heading shape) (0.535699ms)
test (24)	Coverage report (informational, not a gate)	2026-08-24T15:02:09.2404637Z ✔ every band table in README Tag vocabulary contains exactly the corpus tags whose count fits that band (0.629939ms)
test (24)	Coverage report (informational, not a gate)	2026-08-24T15:02:09.2406717Z ✔ every corpus tag appearing on 2+ entries must have a row in some band table (no band table may be deleted wholesale) (T-019) (0.387568ms)
test (24)	Coverage report (informational, not a gate)	2026-08-24T15:02:09.2408791Z ✔ extractBandTablesFromReadme derives a band's row count purely from its table, ignoring decoy "N tags" phrases in the heading line (T-024b) (0.18754ms)
test (24)	Coverage report (informational, not a gate)	2026-08-24T15:02:09.2410397Z ✔ README must state correct multi-entry and single-entry tag counts (0.374558ms)
test (24)	Coverage report (informational, not a gate)	2026-08-24T15:02:09.2411730Z ✔ README Tag vocabulary section must contain no unrecognised count-claim digits (J-5) (0.367969ms)
test (24)	Coverage report (informational, not a gate)	2026-08-24T15:02:09.2413259Z ✔ README Attribution table "Entries ranked" count must match corpus.length and the triage doc (C1) (1.510703ms)
test (24)	Coverage report (informational, not a gate)	2026-08-24T15:02:09.2414737Z ✔ README Attribution table "Rated HIGH risk" count must match the triage doc table (C2) (0.606295ms)
test (24)	Coverage report (informational, not a gate)	2026-08-24T15:02:09.2416360Z ✔ README Attribution section must contain no digit runs outside the counts table (C7) (1.245998ms)
test (24)	Coverage report (informational, not a gate)	2026-08-24T15:02:09.2417819Z ✔ README Layout section paths must exist on disk (C6) (0.562839ms)
test (24)	Coverage report (informational, not a gate)	2026-08-24T15:02:09.2419192Z ✔ getListBehaviourSection tolerates a reformatted "--list behaviour" heading with no backticks (T-021) (0.55636ms)
test (24)	Coverage report (informational, not a gate)	2026-08-24T15:02:09.2421266Z ✔ getListBehaviourSection still fails on a SEPARATOR MISMATCH (not a heading-parse error) when a reformatted heading's literal is mutated (T-021) (0.329011ms)
test (24)	Coverage report (informational, not a gate)	2026-08-24T15:02:09.2423322Z ✔ getListBehaviourSection reports ambiguity loudly instead of taking the first of two qualifying headings (T-021) (0.45564ms)
test (24)	Coverage report (informational, not a gate)	2026-08-24T15:02:09.2424973Z ✔ getListBehaviourSection does not let "--list-only" satisfy the standalone `--list` token (T-021) (0.246738ms)
test (24)	Coverage report (informational, not a gate)	2026-08-24T15:02:09.2426735Z ✔ getListBehaviourSection tolerates the American spelling "behavior" in the heading (T-027) (0.176663ms)
test (24)	Coverage report (informational, not a gate)	2026-08-24T15:02:09.2428524Z ✔ getListBehaviourSection still fails on a SEPARATOR MISMATCH (not a heading-parse error) under an American-spelled heading (T-027) (0.266888ms)
test (24)	Coverage report (informational, not a gate)	2026-08-24T15:02:09.2430146Z ✔ README `--list` format literal matches the shipped binary's actual --list output (T-017) (58.574897ms)
test (24)	Coverage report (informational, not a gate)	2026-08-24T15:02:09.2431361Z ✔ README `--author` matching section must state the correct count of distinct corpus authors (Q-8) (0.568929ms)
test (24)	Coverage report (informational, not a gate)	2026-08-24T15:02:09.2432402Z ✔ corpus has at least 40 entries (2.214412ms)
test (24)	Coverage report (informational, not a gate)	2026-08-24T15:02:09.2433463Z ✔ every corpus entry has non-empty text, non-empty author, and an array of tags (0.385915ms)
test (24)	Coverage report (informational, not a gate)	2026-08-24T15:02:09.2434504Z ✔ filter: author match is case-insensitive (1.174792ms)
test (24)	Coverage report (informational, not a gate)	2026-08-24T15:02:09.2435449Z ✔ filter: tag match is case-insensitive (0.448559ms)
test (24)	Coverage report (informational, not a gate)	2026-08-24T15:02:09.2436440Z ✔ filter: author and tag together narrow to the intersection (AND) (0.539324ms)
test (24)	Coverage report (informational, not a gate)	2026-08-24T15:02:09.2437423Z ✔ filter: undefined/absent options do not filter (0.171366ms)
test (24)	Coverage report (informational, not a gate)	2026-08-24T15:02:09.2438486Z ✔ pick: same seed over the same candidates always returns the same element (0.449501ms)
test (24)	Coverage report (informational, not a gate)	2026-08-24T15:02:09.2439557Z ✔ pick: different seeds generally produce different results (0.987092ms)
test (24)	Coverage report (informational, not a gate)	2026-08-24T15:02:09.2440568Z ✔ pick: undefined seed picks a valid member (random mode) (0.200869ms)
test (24)	Coverage report (informational, not a gate)	2026-08-24T15:02:09.2441647Z ✔ pick: null seed also triggers random mode and returns a valid member (0.128101ms)
test (24)	Coverage report (informational, not a gate)	2026-08-24T15:02:09.2442678Z ✔ pick: throws RangeError on empty candidates array (0.739784ms)
test (24)	Coverage report (informational, not a gate)	2026-08-24T15:02:09.2443716Z ✔ pick: Infinity seed is deterministic and returns a valid member (0.234589ms)
test (24)	Coverage report (informational, not a gate)	2026-08-24T15:02:09.2445057Z ✔ pick: -Infinity seed is deterministic and returns a valid member (1.18721ms)
test (24)	Coverage report (informational, not a gate)	2026-08-24T15:02:09.2446424Z ✔ pick: NaN seed still uses the random branch and returns a valid member (0.123274ms)
test (24)	Coverage report (informational, not a gate)	2026-08-24T15:02:09.2447629Z ✔ pick: finite seed determinism is unchanged by the non-finite-seed fix (0.234339ms)
test (24)	Coverage report (informational, not a gate)	2026-08-24T15:02:09.2448710Z ✔ pick: every candidate is REACHABLE by an unseeded draw (2.852173ms)
test (24)	Coverage report (informational, not a gate)	2026-08-24T15:02:09.2449855Z ✔ pick: unseeded draws split the interval EQUALLY across candidates (uniform) (2.171188ms)
test (24)	Coverage report (informational, not a gate)	2026-08-24T15:02:09.2451226Z ✔ pick: single-element candidates always returns that element regardless of seed (0.162212ms)
test (24)	Coverage report (informational, not a gate)	2026-08-24T15:02:09.4771200Z ℹ tests 128
test (24)	Coverage report (informational, not a gate)	2026-08-24T15:02:09.4771642Z ℹ suites 0
test (24)	Coverage report (informational, not a gate)	2026-08-24T15:02:09.4771993Z ℹ pass 126
test (24)	Coverage report (informational, not a gate)	2026-08-24T15:02:09.4772323Z ℹ fail 0
test (24)	Coverage report (informational, not a gate)	2026-08-24T15:02:09.4772649Z ℹ cancelled 0
test (24)	Coverage report (informational, not a gate)	2026-08-24T15:02:09.4773019Z ℹ skipped 2
test (24)	Coverage report (informational, not a gate)	2026-08-24T15:02:09.4773343Z ℹ todo 0
test (24)	Coverage report (informational, not a gate)	2026-08-24T15:02:09.4773732Z ℹ duration_ms 3952.166605
test (24)	Coverage report (informational, not a gate)	2026-08-24T15:02:09.4782001Z ℹ start of coverage report
test (24)	Coverage report (informational, not a gate)	2026-08-24T15:02:09.4782694Z ℹ -------------------------------------------------------------
test (24)	Coverage report (informational, not a gate)	2026-08-24T15:02:09.4783499Z ℹ file         | line % | branch % | funcs % | uncovered lines
test (24)	Coverage report (informational, not a gate)	2026-08-24T15:02:09.4784157Z ℹ -------------------------------------------------------------
test (24)	Coverage report (informational, not a gate)	2026-08-24T15:02:09.4784820Z ℹ bin          |        |          |         | 
test (24)	Coverage report (informational, not a gate)	2026-08-24T15:02:09.4785637Z ℹ  aphorism.js | 100.00 |    85.71 |  100.00 | 
test (24)	Coverage report (informational, not a gate)	2026-08-24T15:02:09.4786032Z ℹ src          |        |          |         | 
test (24)	Coverage report (informational, not a gate)	2026-08-24T15:02:09.4786771Z ℹ  args.js     | 100.00 |   100.00 |  100.00 | 
test (24)	Coverage report (informational, not a gate)	2026-08-24T15:02:09.4787169Z ℹ  corpus.js   | 100.00 |   100.00 |  100.00 | 
test (24)	Coverage report (informational, not a gate)	2026-08-24T15:02:09.4787552Z ℹ  select.js   | 100.00 |   100.00 |  100.00 | 
test (24)	Coverage report (informational, not a gate)	2026-08-24T15:02:09.4787984Z ℹ -------------------------------------------------------------
test (24)	Coverage report (informational, not a gate)	2026-08-24T15:02:09.4788402Z ℹ all files    | 100.00 |    98.44 |  100.00 | 
test (24)	Coverage report (informational, not a gate)	2026-08-24T15:02:09.4788815Z ℹ -------------------------------------------------------------
test (24)	Coverage report (informational, not a gate)	2026-08-24T15:02:09.4789183Z ℹ end of coverage report
test (24)	Post Run actions/setup-node@v7	﻿2026-08-24T15:02:09.4962430Z Post job cleanup.
test (24)	Post Run actions/checkout@v7	﻿2026-08-24T15:02:09.6410887Z Post job cleanup.
test (24)	Post Run actions/checkout@v7	2026-08-24T15:02:09.7324160Z [command]/usr/bin/git version
test (24)	Post Run actions/checkout@v7	2026-08-24T15:02:09.7378642Z git version 2.55.0
test (24)	Post Run actions/checkout@v7	2026-08-24T15:02:09.7415653Z Temporarily overriding HOME='/home/runner/work/_temp/fc4f528a-cebc-429c-a718-2c2037915b61' before making global git config changes
test (24)	Post Run actions/checkout@v7	2026-08-24T15:02:09.7417251Z Adding repository directory to the temporary git global config as a safe directory
test (24)	Post Run actions/checkout@v7	2026-08-24T15:02:09.7420796Z [command]/usr/bin/git config --global --add safe.directory /home/runner/work/aphorism-cli/aphorism-cli
test (24)	Post Run actions/checkout@v7	2026-08-24T15:02:09.7454480Z Removing SSH command configuration
test (24)	Post Run actions/checkout@v7	2026-08-24T15:02:09.7460765Z [command]/usr/bin/git config --local --name-only --get-regexp core\.sshCommand
test (24)	Post Run actions/checkout@v7	2026-08-24T15:02:09.7499515Z [command]/usr/bin/git submodule foreach --recursive sh -c "git config --local --name-only --get-regexp 'core\.sshCommand' && git config --local --unset-all 'core.sshCommand' || :"
test (24)	Post Run actions/checkout@v7	2026-08-24T15:02:09.7763521Z Removing HTTP extra header
test (24)	Post Run actions/checkout@v7	2026-08-24T15:02:09.7769738Z [command]/usr/bin/git config --local --name-only --get-regexp http\.https\:\/\/github\.com\/\.extraheader
test (24)	Post Run actions/checkout@v7	2026-08-24T15:02:09.7809416Z [command]/usr/bin/git submodule foreach --recursive sh -c "git config --local --name-only --get-regexp 'http\.https\:\/\/github\.com\/\.extraheader' && git config --local --unset-all 'http.https://github.com/.extraheader' || :"
test (24)	Post Run actions/checkout@v7	2026-08-24T15:02:09.8072982Z Removing includeIf entries pointing to credentials config files
test (24)	Post Run actions/checkout@v7	2026-08-24T15:02:09.8086490Z [command]/usr/bin/git config --local --name-only --get-regexp ^includeIf\.gitdir:
test (24)	Post Run actions/checkout@v7	2026-08-24T15:02:09.8119571Z includeif.gitdir:/home/runner/work/aphorism-cli/aphorism-cli/.git.path
test (24)	Post Run actions/checkout@v7	2026-08-24T15:02:09.8120995Z includeif.gitdir:/home/runner/work/aphorism-cli/aphorism-cli/.git/worktrees/*.path
test (24)	Post Run actions/checkout@v7	2026-08-24T15:02:09.8122331Z includeif.gitdir:/github/workspace/.git.path
test (24)	Post Run actions/checkout@v7	2026-08-24T15:02:09.8123353Z includeif.gitdir:/github/workspace/.git/worktrees/*.path
test (24)	Post Run actions/checkout@v7	2026-08-24T15:02:09.8130630Z [command]/usr/bin/git config --local --get-all includeif.gitdir:/home/runner/work/aphorism-cli/aphorism-cli/.git.path
test (24)	Post Run actions/checkout@v7	2026-08-24T15:02:09.8161413Z /home/runner/work/_temp/git-credentials-cb177057-9bbd-41d0-ba50-4ec1e78d130b.config
test (24)	Post Run actions/checkout@v7	2026-08-24T15:02:09.8173486Z [command]/usr/bin/git config --local --unset includeif.gitdir:/home/runner/work/aphorism-cli/aphorism-cli/.git.path \/home\/runner\/work\/_temp\/git\-credentials\-cb177057\-9bbd\-41d0\-ba50\-4ec1e78d130b\.config
test (24)	Post Run actions/checkout@v7	2026-08-24T15:02:09.8220635Z [command]/usr/bin/git config --local --get-all includeif.gitdir:/home/runner/work/aphorism-cli/aphorism-cli/.git/worktrees/*.path
test (24)	Post Run actions/checkout@v7	2026-08-24T15:02:09.8253513Z /home/runner/work/_temp/git-credentials-cb177057-9bbd-41d0-ba50-4ec1e78d130b.config
test (24)	Post Run actions/checkout@v7	2026-08-24T15:02:09.8274165Z [command]/usr/bin/git config --local --unset includeif.gitdir:/home/runner/work/aphorism-cli/aphorism-cli/.git/worktrees/*.path \/home\/runner\/work\/_temp\/git\-credentials\-cb177057\-9bbd\-41d0\-ba50\-4ec1e78d130b\.config
test (24)	Post Run actions/checkout@v7	2026-08-24T15:02:09.8318713Z [command]/usr/bin/git config --local --get-all includeif.gitdir:/github/workspace/.git.path
test (24)	Post Run actions/checkout@v7	2026-08-24T15:02:09.8352971Z /github/runner_temp/git-credentials-cb177057-9bbd-41d0-ba50-4ec1e78d130b.config
test (24)	Post Run actions/checkout@v7	2026-08-24T15:02:09.8371473Z [command]/usr/bin/git config --local --unset includeif.gitdir:/github/workspace/.git.path \/github\/runner_temp\/git\-credentials\-cb177057\-9bbd\-41d0\-ba50\-4ec1e78d130b\.config
test (24)	Post Run actions/checkout@v7	2026-08-24T15:02:09.8409673Z [command]/usr/bin/git config --local --get-all includeif.gitdir:/github/workspace/.git/worktrees/*.path
test (24)	Post Run actions/checkout@v7	2026-08-24T15:02:09.8438090Z /github/runner_temp/git-credentials-cb177057-9bbd-41d0-ba50-4ec1e78d130b.config
test (24)	Post Run actions/checkout@v7	2026-08-24T15:02:09.8446899Z [command]/usr/bin/git config --local --unset includeif.gitdir:/github/workspace/.git/worktrees/*.path \/github\/runner_temp\/git\-credentials\-cb177057\-9bbd\-41d0\-ba50\-4ec1e78d130b\.config
test (24)	Post Run actions/checkout@v7	2026-08-24T15:02:09.8487948Z [command]/usr/bin/git submodule foreach --recursive git config --local --show-origin --name-only --get-regexp remote.origin.url
test (24)	Post Run actions/checkout@v7	2026-08-24T15:02:09.8727859Z Removing credentials config '/home/runner/work/_temp/git-credentials-cb177057-9bbd-41d0-ba50-4ec1e78d130b.config'
test (24)	Complete job	﻿2026-08-24T15:02:09.8879655Z Cleaning up orphan processes
